pt_id,treatment,days_from_rand,visit_label,va_letters,cst_um,oct_machine,injected,laser
1,Bevacizumab,0,baseline,77.0,345.0,Zeiss Cirrus,1,0
1,Bevacizumab,25,wk4,79.0,234.0,Zeiss Cirrus,1,0
1,Bevacizumab,54,wk8,74.0,316.0,Zeiss Cirrus,1,0
1,Bevacizumab,87,wk12,84.0,,,1,0
1,Bevacizumab,119,wk16,85.0,215.0,Zeiss Cirrus,1,0
1,Bevacizumab,135,wk20,79.0,169.0,Zeiss Cirrus,0,0
1,Bevacizumab,169,wk24,78.0,202.0,Zeiss Cirrus,0,0
1,Bevacizumab,199,wk28,83.0,247.0,Zeiss Cirrus,0,0
1,Bevacizumab,230,wk32,78.0,211.0,Zeiss Cirrus,0,0
1,Bevacizumab,250,wk36,82.0,168.0,Zeiss Cirrus,0,0
1,Bevacizumab,280,wk40,77.0,180.0,Zeiss Cirrus,0,0
1,Bevacizumab,304,wk44,89.0,198.0,Zeiss Cirrus,1,1
1,Bevacizumab,342,wk48,86.0,150.0,Zeiss Cirrus,1,0
1,Bevacizumab,368,wk52,81.0,196.0,Zeiss Cirrus,0,0
1,Bevacizumab,413,wk60,82.0,224.0,Zeiss Cirrus,1,0
1,Bevacizumab,444,wk64,87.0,180.0,Zeiss Cirrus,0,0
1,Bevacizumab,477,wk68,79.0,179.0,Zeiss Cirrus,0,0
1,Bevacizumab,504,wk72,79.0,242.0,Zeiss Cirrus,0,0
1,Bevacizumab,532,wk76,79.0,179.0,Zeiss Cirrus,0,0
1,Bevacizumab,618,wk88,91.0,209.0,Zeiss Cirrus,1,0
1,Bevacizumab,721,wk104,87.0,210.0,Zeiss Cirrus,0,0
2,Ranibizumab,0,baseline,67.0,423.0,Heidelberg Spectralis,1,0
2,Ranibizumab,25,wk4,67.0,,,1,0
2,Ranibizumab,59,wk8,70.0,318.0,Heidelberg Spectralis,1,0
2,Ranibizumab,91,wk12,74.0,366.0,Heidelberg Spectralis,1,0
2,Ranibizumab,116,wk16,75.0,359.0,Heidelberg Spectralis,0,0
2,Ranibizumab,137,wk20,68.0,307.0,Heidelberg Spectralis,0,0
2,Ranibizumab,163,wk24,71.0,356.0,Heidelberg Spectralis,0,0
2,Ranibizumab,197,wk28,78.0,340.0,Heidelberg Spectralis,1,0
2,Ranibizumab,229,wk32,74.0,337.0,Heidelberg Spectralis,0,0
2,Ranibizumab,259,wk36,74.0,359.0,Heidelberg Spectralis,1,0
2,Ranibizumab,273,wk40,77.0,357.0,Heidelberg Spectralis,1,0
2,Ranibizumab,315,wk44,72.0,312.0,Heidelberg Spectralis,0,0
2,Ranibizumab,336,wk48,72.0,,,0,0
2,Ranibizumab,368,wk52,76.0,332.0,Heidelberg Spectralis,1,0
2,Ranibizumab,474,wk68,78.0,,,0,0
2,Ranibizumab,508,wk72,79.0,316.0,Heidelberg Spectralis,1,0
2,Ranibizumab,618,wk88,76.0,311.0,Heidelberg Spectralis,1,0
2,Ranibizumab,667,wk96,78.0,296.0,Heidelberg Spectralis,0,0
2,Ranibizumab,727,wk104,77.0,304.0,Heidelberg Spectralis,0,0
3,Ranibizumab,0,baseline,61.0,380.0,Heidelberg Spectralis,1,0
3,Ranibizumab,24,wk4,66.0,,,1,0
3,Ranibizumab,56,wk8,68.0,,,1,0
3,Ranibizumab,82,wk12,73.0,,,1,0
3,Ranibizumab,113,wk16,71.0,296.0,Heidelberg Spectralis,0,0
3,Ranibizumab,147,wk20,81.0,301.0,Heidelberg Spectralis,0,0
3,Ranibizumab,171,wk24,76.0,,,0,0
3,Ranibizumab,192,wk28,84.0,293.0,Heidelberg Spectralis,0,0
3,Ranibizumab,221,wk32,73.0,302.0,Heidelberg Spectralis,0,0
3,Ranibizumab,253,wk36,81.0,301.0,Heidelberg Spectralis,1,0
3,Ranibizumab,275,wk40,81.0,271.0,Heidelberg Spectralis,1,0
3,Ranibizumab,305,wk44,80.0,297.0,Heidelberg Spectralis,0,0
3,Ranibizumab,341,wk48,79.0,249.0,Heidelberg Spectralis,0,0
3,Ranibizumab,369,wk52,78.0,253.0,Heidelberg Spectralis,1,0
3,Ranibizumab,483,wk68,73.0,,,0,0
3,Ranibizumab,507,wk72,75.0,289.0,Heidelberg Spectralis,1,0
3,Ranibizumab,532,wk76,81.0,248.0,Heidelberg Spectralis,1,0
3,Ranibizumab,564,wk80,76.0,294.0,Heidelberg Spectralis,0,0
3,Ranibizumab,614,wk88,79.0,,,1,0
3,Ranibizumab,647,wk92,78.0,276.0,Heidelberg Spectralis,1,0
3,Ranibizumab,677,wk96,78.0,251.0,Heidelberg Spectralis,1,0
3,Ranibizumab,729,wk104,74.0,266.0,Heidelberg Spectralis,0,0
4,Bevacizumab,0,baseline,74.0,378.0,Zeiss Stratus,1,0
4,Bevacizumab,35,wk4,73.0,376.0,Zeiss Stratus,1,0
4,Bevacizumab,58,wk8,83.0,,,1,0
4,Bevacizumab,86,wk12,82.0,349.0,Zeiss Stratus,1,0
4,Bevacizumab,116,wk16,82.0,375.0,Zeiss Stratus,1,0
4,Bevacizumab,145,wk20,87.0,337.0,Zeiss Stratus,1,0
4,Bevacizumab,174,wk24,89.0,320.0,Zeiss Stratus,1,0
4,Bevacizumab,192,wk28,81.0,362.0,Zeiss Stratus,1,1
4,Bevacizumab,226,wk32,84.0,364.0,Zeiss Stratus,1,0
4,Bevacizumab,257,wk36,88.0,243.0,Zeiss Stratus,1,0
4,Bevacizumab,279,wk40,86.0,356.0,Zeiss Stratus,1,0
4,Bevacizumab,307,wk44,85.0,,,1,0
4,Bevacizumab,336,wk48,88.0,332.0,Zeiss Stratus,1,0
4,Bevacizumab,371,wk52,88.0,335.0,Zeiss Stratus,1,0
4,Bevacizumab,426,wk60,90.0,327.0,Zeiss Stratus,0,0
4,Bevacizumab,444,wk64,85.0,396.0,Zeiss Stratus,0,0
4,Bevacizumab,475,wk68,88.0,349.0,Zeiss Stratus,0,0
4,Bevacizumab,506,wk72,81.0,341.0,Zeiss Stratus,1,0
4,Bevacizumab,534,wk76,82.0,,,1,0
4,Bevacizumab,565,wk80,82.0,352.0,Zeiss Stratus,0,0
4,Bevacizumab,638,wk92,87.0,365.0,Zeiss Stratus,0,0
4,Bevacizumab,699,wk100,88.0,371.0,Zeiss Stratus,0,0
4,Bevacizumab,728,wk104,88.0,362.0,Zeiss Stratus,0,0
5,Aflibercept,0,baseline,77.0,328.0,Heidelberg Spectralis,1,0
5,Aflibercept,21,wk4,81.0,367.0,Heidelberg Spectralis,1,0
5,Aflibercept,52,wk8,79.0,385.0,Heidelberg Spectralis,1,0
5,Aflibercept,78,wk12,85.0,336.0,Heidelberg Spectralis,1,0
5,Aflibercept,119,wk16,86.0,324.0,Heidelberg Spectralis,1,0
5,Aflibercept,136,wk20,86.0,346.0,Heidelberg Spectralis,1,0
5,Aflibercept,170,wk24,80.0,369.0,Heidelberg Spectralis,1,0
5,Aflibercept,189,wk28,85.0,352.0,Heidelberg Spectralis,1,0
5,Aflibercept,225,wk32,94.0,336.0,Heidelberg Spectralis,1,0
5,Aflibercept,252,wk36,88.0,368.0,Heidelberg Spectralis,1,0
5,Aflibercept,285,wk40,92.0,361.0,Heidelberg Spectralis,1,0
5,Aflibercept,305,wk44,98.0,308.0,Heidelberg Spectralis,1,0
5,Aflibercept,331,wk48,90.0,329.0,Heidelberg Spectralis,1,0
5,Aflibercept,362,wk52,89.0,345.0,Heidelberg Spectralis,0,0
5,Aflibercept,419,wk60,83.0,325.0,Heidelberg Spectralis,0,0
5,Aflibercept,453,wk64,88.0,283.0,Heidelberg Spectralis,0,0
5,Aflibercept,557,wk80,86.0,303.0,Heidelberg Spectralis,0,0
5,Aflibercept,583,wk84,93.0,,,0,0
5,Aflibercept,614,wk88,94.0,,,1,0
5,Aflibercept,676,wk96,94.0,334.0,Heidelberg Spectralis,0,0
5,Aflibercept,693,wk100,85.0,269.0,Heidelberg Spectralis,0,0
5,Aflibercept,732,wk104,88.0,298.0,Heidelberg Spectralis,0,0
6,Bevacizumab,0,baseline,77.0,531.0,Heidelberg Spectralis,1,0
6,Bevacizumab,23,wk4,78.0,402.0,Heidelberg Spectralis,1,0
6,Bevacizumab,50,wk8,76.0,412.0,Heidelberg Spectralis,1,0
6,Bevacizumab,90,wk12,76.0,,,1,0
6,Bevacizumab,112,wk16,78.0,364.0,Heidelberg Spectralis,0,0
6,Bevacizumab,147,wk20,85.0,466.0,Heidelberg Spectralis,0,0
6,Bevacizumab,172,wk24,76.0,438.0,Heidelberg Spectralis,0,0
6,Bevacizumab,195,wk28,73.0,328.0,Heidelberg Spectralis,0,0
6,Bevacizumab,218,wk32,81.0,397.0,Heidelberg Spectralis,1,0
6,Bevacizumab,254,wk36,84.0,376.0,Heidelberg Spectralis,1,0
6,Bevacizumab,284,wk40,80.0,410.0,Heidelberg Spectralis,1,0
6,Bevacizumab,315,wk44,79.0,378.0,Heidelberg Spectralis,0,1
6,Bevacizumab,336,wk48,77.0,436.0,Heidelberg Spectralis,1,0
6,Bevacizumab,367,wk52,79.0,390.0,Heidelberg Spectralis,1,0
6,Bevacizumab,397,wk56,78.0,394.0,Heidelberg Spectralis,0,0
6,Bevacizumab,420,wk60,81.0,305.0,Heidelberg Spectralis,0,0
6,Bevacizumab,441,wk64,82.0,351.0,Heidelberg Spectralis,1,0
6,Bevacizumab,555,wk80,88.0,436.0,Heidelberg Spectralis,1,0
6,Bevacizumab,591,wk84,86.0,440.0,Heidelberg Spectralis,0,0
6,Bevacizumab,618,wk88,85.0,444.0,Heidelberg Spectralis,0,0
6,Bevacizumab,637,wk92,83.0,440.0,Heidelberg Spectralis,0,0
6,Bevacizumab,668,wk96,93.0,413.0,Heidelberg Spectralis,1,0
6,Bevacizumab,722,wk104,88.0,433.0,Heidelberg Spectralis,0,0
7,Aflibercept,0,baseline,77.0,376.0,Zeiss Cirrus,1,0
7,Aflibercept,24,wk4,82.0,,,1,0
7,Aflibercept,63,wk8,82.0,,,1,0
7,Aflibercept,77,wk12,89.0,,,1,0
7,Aflibercept,107,wk16,85.0,341.0,Zeiss Cirrus,0,0
7,Aflibercept,134,wk20,93.0,355.0,Zeiss Cirrus,1,0
7,Aflibercept,165,wk24,100.0,389.0,Zeiss Cirrus,0,0
7,Aflibercept,202,wk28,91.0,400.0,Zeiss Cirrus,0,0
7,Aflibercept,224,wk32,89.0,,,1,0
7,Aflibercept,253,wk36,94.0,406.0,Zeiss Cirrus,1,0
7,Aflibercept,285,wk40,94.0,331.0,Zeiss Cirrus,1,0
7,Aflibercept,308,wk44,94.0,373.0,Zeiss Cirrus,1,0
7,Aflibercept,332,wk48,94.0,396.0,Zeiss Cirrus,0,1
7,Aflibercept,371,wk52,93.0,376.0,Zeiss Cirrus,0,0
7,Aflibercept,398,wk56,93.0,368.0,Zeiss Cirrus,0,0
7,Aflibercept,421,wk60,93.0,415.0,Zeiss Cirrus,1,0
7,Aflibercept,445,wk64,92.0,375.0,Zeiss Cirrus,0,0
7,Aflibercept,506,wk72,84.0,394.0,Zeiss Cirrus,0,0
7,Aflibercept,563,wk80,97.0,395.0,Zeiss Cirrus,1,0
7,Aflibercept,617,wk88,91.0,445.0,Zeiss Cirrus,1,0
7,Aflibercept,668,wk96,86.0,436.0,Zeiss Cirrus,1,0
7,Aflibercept,733,wk104,93.0,406.0,Zeiss Cirrus,0,0
8,Aflibercept,0,baseline,67.0,468.0,Zeiss Cirrus,1,0
8,Aflibercept,32,wk4,79.0,429.0,Zeiss Cirrus,1,0
8,Aflibercept,51,wk8,67.0,330.0,Zeiss Cirrus,1,0
8,Aflibercept,85,wk12,69.0,330.0,Zeiss Cirrus,1,0
8,Aflibercept,113,wk16,74.0,281.0,Zeiss Cirrus,1,0
8,Aflibercept,136,wk20,75.0,289.0,Zeiss Cirrus,0,0
8,Aflibercept,161,wk24,71.0,,,0,0
8,Aflibercept,201,wk28,72.0,321.0,Zeiss Cirrus,0,0
8,Aflibercept,225,wk32,70.0,271.0,Zeiss Cirrus,0,0
8,Aflibercept,253,wk36,71.0,305.0,Zeiss Cirrus,0,0
8,Aflibercept,286,wk40,79.0,244.0,Zeiss Cirrus,0,0
8,Aflibercept,303,wk44,72.0,290.0,Zeiss Cirrus,0,0
8,Aflibercept,343,wk48,76.0,310.0,Zeiss Cirrus,1,0
8,Aflibercept,370,wk52,75.0,295.0,Zeiss Cirrus,0,0
8,Aflibercept,399,wk56,76.0,291.0,Zeiss Cirrus,0,0
8,Aflibercept,454,wk64,76.0,,,0,0
8,Aflibercept,558,wk80,67.0,287.0,Zeiss Cirrus,0,0
8,Aflibercept,620,wk88,67.0,,,1,0
8,Aflibercept,637,wk92,57.0,268.0,Zeiss Cirrus,0,0
8,Aflibercept,735,wk104,67.0,255.0,Zeiss Cirrus,0,0
9,Ranibizumab,0,baseline,77.0,528.0,Zeiss Cirrus,1,0
9,Ranibizumab,21,wk4,67.0,508.0,Zeiss Cirrus,1,0
9,Ranibizumab,49,wk8,75.0,490.0,Zeiss Cirrus,1,0
9,Ranibizumab,77,wk12,74.0,,,1,0
9,Ranibizumab,113,wk16,78.0,467.0,Zeiss Cirrus,1,0
9,Ranibizumab,135,wk20,73.0,,,1,0
9,Ranibizumab,172,wk24,75.0,371.0,Zeiss Cirrus,1,0
9,Ranibizumab,199,wk28,75.0,,,1,0
9,Ranibizumab,220,wk32,77.0,416.0,Zeiss Cirrus,1,0
9,Ranibizumab,256,wk36,77.0,422.0,Zeiss Cirrus,1,0
9,Ranibizumab,281,wk40,75.0,446.0,Zeiss Cirrus,1,0
9,Ranibizumab,314,wk44,72.0,470.0,Zeiss Cirrus,1,1
9,Ranibizumab,341,wk48,79.0,411.0,Zeiss Cirrus,0,0
9,Ranibizumab,357,wk52,77.0,415.0,Zeiss Cirrus,0,0
9,Ranibizumab,396,wk56,76.0,429.0,Zeiss Cirrus,1,0
9,Ranibizumab,507,wk72,81.0,421.0,Zeiss Cirrus,0,0
9,Ranibizumab,528,wk76,71.0,,,1,0
9,Ranibizumab,592,wk84,77.0,419.0,Zeiss Cirrus,0,0
9,Ranibizumab,615,wk88,78.0,359.0,Zeiss Cirrus,0,0
9,Ranibizumab,645,wk92,84.0,408.0,Zeiss Cirrus,0,0
9,Ranibizumab,721,wk104,80.0,442.0,Zeiss Cirrus,0,0
10,Bevacizumab,0,baseline,54.0,488.0,Heidelberg Spectralis,1,0
10,Bevacizumab,35,wk4,58.0,,,1,0
10,Bevacizumab,50,wk8,62.0,414.0,Heidelberg Spectralis,1,0
10,Bevacizumab,90,wk12,65.0,,,1,0
10,Bevacizumab,118,wk16,67.0,,,1,0
10,Bevacizumab,146,wk20,65.0,,,0,0
10,Bevacizumab,174,wk24,60.0,,,0,0
10,Bevacizumab,196,wk28,72.0,391.0,Heidelberg Spectralis,0,0
10,Bevacizumab,224,wk32,64.0,375.0,Heidelberg Spectralis,1,0
10,Bevacizumab,255,wk36,66.0,309.0,Heidelberg Spectralis,0,0
10,Bevacizumab,276,wk40,63.0,320.0,Heidelberg Spectralis,1,0
10,Bevacizumab,305,wk44,66.0,396.0,Heidelberg Spectralis,0,0
10,Bevacizumab,341,wk48,64.0,368.0,Heidelberg Spectralis,1,0
10,Bevacizumab,360,wk52,65.0,333.0,Heidelberg Spectralis,1,0
10,Bevacizumab,479,wk68,70.0,357.0,Heidelberg Spectralis,1,0
10,Bevacizumab,510,wk72,64.0,336.0,Heidelberg Spectralis,1,0
10,Bevacizumab,525,wk76,71.0,293.0,Heidelberg Spectralis,0,0
10,Bevacizumab,557,wk80,74.0,338.0,Heidelberg Spectralis,0,0
10,Bevacizumab,584,wk84,70.0,319.0,Heidelberg Spectralis,1,0
10,Bevacizumab,640,wk92,73.0,374.0,Heidelberg Spectralis,0,0
10,Bevacizumab,677,wk96,76.0,353.0,Heidelberg Spectralis,0,0
10,Bevacizumab,704,wk100,78.0,326.0,Heidelberg Spectralis,0,0
10,Bevacizumab,728,wk104,76.0,356.0,Heidelberg Spectralis,0,0
11,Bevacizumab,0,baseline,59.0,517.0,Zeiss Cirrus,1,0
11,Bevacizumab,24,wk4,66.0,463.0,Zeiss Cirrus,1,0
11,Bevacizumab,55,wk8,63.0,455.0,Zeiss Cirrus,1,0
11,Bevacizumab,83,wk12,78.0,491.0,Zeiss Cirrus,1,0
11,Bevacizumab,118,wk16,73.0,427.0,Zeiss Cirrus,0,0
11,Bevacizumab,135,wk20,75.0,423.0,Zeiss Cirrus,1,0
11,Bevacizumab,170,wk24,77.0,395.0,Zeiss Cirrus,0,0
11,Bevacizumab,189,wk28,78.0,371.0,Zeiss Cirrus,1,0
11,Bevacizumab,226,wk32,77.0,336.0,Zeiss Cirrus,0,0
11,Bevacizumab,249,wk36,83.0,359.0,Zeiss Cirrus,1,0
11,Bevacizumab,280,wk40,80.0,,,0,1
11,Bevacizumab,311,wk44,86.0,362.0,Zeiss Cirrus,1,0
11,Bevacizumab,334,wk48,78.0,398.0,Zeiss Cirrus,1,0
11,Bevacizumab,368,wk52,80.0,388.0,Zeiss Cirrus,1,0
11,Bevacizumab,386,wk56,83.0,418.0,Zeiss Cirrus,1,0
11,Bevacizumab,444,wk64,77.0,370.0,Zeiss Cirrus,0,0
11,Bevacizumab,555,wk80,81.0,395.0,Zeiss Cirrus,1,0
11,Bevacizumab,620,wk88,84.0,,,0,0
11,Bevacizumab,648,wk92,86.0,428.0,Zeiss Cirrus,1,1
11,Bevacizumab,674,wk96,89.0,397.0,Zeiss Cirrus,0,0
11,Bevacizumab,732,wk104,87.0,412.0,Zeiss Cirrus,0,0
12,Bevacizumab,0,baseline,64.0,294.0,Heidelberg Spectralis,1,0
12,Bevacizumab,34,wk4,63.0,,,1,0
12,Bevacizumab,50,wk8,61.0,280.0,Heidelberg Spectralis,1,0
12,Bevacizumab,91,wk12,64.0,253.0,Heidelberg Spectralis,1,0
12,Bevacizumab,113,wk16,61.0,190.0,Heidelberg Spectralis,0,0
12,Bevacizumab,138,wk20,63.0,,,0,0
12,Bevacizumab,167,wk24,56.0,299.0,Heidelberg Spectralis,0,0
12,Bevacizumab,191,wk28,66.0,223.0,Heidelberg Spectralis,0,0
12,Bevacizumab,217,wk32,50.0,245.0,Heidelberg Spectralis,0,0
12,Bevacizumab,259,wk36,56.0,250.0,Heidelberg Spectralis,0,0
12,Bevacizumab,281,wk40,64.0,258.0,Heidelberg Spectralis,0,0
12,Bevacizumab,301,wk44,64.0,266.0,Heidelberg Spectralis,0,1
12,Bevacizumab,342,wk48,57.0,237.0,Heidelberg Spectralis,0,0
12,Bevacizumab,365,wk52,60.0,244.0,Heidelberg Spectralis,1,0
12,Bevacizumab,417,wk60,54.0,235.0,Heidelberg Spectralis,0,0
12,Bevacizumab,534,wk76,58.0,216.0,Heidelberg Spectralis,0,0
12,Bevacizumab,560,wk80,61.0,272.0,Heidelberg Spectralis,0,0
12,Bevacizumab,612,wk88,56.0,,,0,0
12,Bevacizumab,668,wk96,52.0,263.0,Heidelberg Spectralis,0,0
12,Bevacizumab,735,wk104,54.0,297.0,Heidelberg Spectralis,0,0
13,Bevacizumab,0,baseline,63.0,408.0,Heidelberg Spectralis,1,0
13,Bevacizumab,27,wk4,78.0,,,1,0
13,Bevacizumab,63,wk8,75.0,399.0,Heidelberg Spectralis,1,0
13,Bevacizumab,87,wk12,67.0,,,1,0
13,Bevacizumab,112,wk16,78.0,312.0,Heidelberg Spectralis,0,0
13,Bevacizumab,136,wk20,80.0,250.0,Heidelberg Spectralis,1,0
13,Bevacizumab,166,wk24,73.0,321.0,Heidelberg Spectralis,0,1
13,Bevacizumab,203,wk28,76.0,264.0,Heidelberg Spectralis,1,0
13,Bevacizumab,223,wk32,87.0,,,0,0
13,Bevacizumab,257,wk36,84.0,293.0,Heidelberg Spectralis,1,0
13,Bevacizumab,273,wk40,78.0,,,0,0
13,Bevacizumab,311,wk44,76.0,262.0,Heidelberg Spectralis,0,0
13,Bevacizumab,338,wk48,72.0,267.0,Heidelberg Spectralis,1,0
13,Bevacizumab,369,wk52,79.0,289.0,Heidelberg Spectralis,0,0
13,Bevacizumab,394,wk56,86.0,287.0,Heidelberg Spectralis,0,1
13,Bevacizumab,421,wk60,82.0,359.0,Heidelberg Spectralis,1,0
13,Bevacizumab,447,wk64,78.0,336.0,Heidelberg Spectralis,1,0
13,Bevacizumab,498,wk72,84.0,322.0,Heidelberg Spectralis,1,0
13,Bevacizumab,612,wk88,79.0,289.0,Heidelberg Spectralis,0,0
13,Bevacizumab,642,wk92,86.0,258.0,Heidelberg Spectralis,0,0
13,Bevacizumab,721,wk104,78.0,279.0,Heidelberg Spectralis,0,0
14,Ranibizumab,0,baseline,73.0,556.0,Zeiss Cirrus,1,0
14,Ranibizumab,27,wk4,77.0,474.0,Zeiss Cirrus,1,0
14,Ranibizumab,52,wk8,85.0,429.0,Zeiss Cirrus,1,0
14,Ranibizumab,78,wk12,77.0,375.0,Zeiss Cirrus,1,0
14,Ranibizumab,114,wk16,87.0,405.0,Zeiss Cirrus,1,0
14,Ranibizumab,137,wk20,70.0,398.0,Zeiss Cirrus,1,0
14,Ranibizumab,162,wk24,83.0,397.0,Zeiss Cirrus,1,0
14,Ranibizumab,200,wk28,84.0,294.0,Zeiss Cirrus,1,0
14,Ranibizumab,221,wk32,88.0,374.0,Zeiss Cirrus,1,0
14,Ranibizumab,254,wk36,81.0,385.0,Zeiss Cirrus,1,0
14,Ranibizumab,276,wk40,78.0,342.0,Zeiss Cirrus,1,0
14,Ranibizumab,307,wk44,75.0,335.0,Zeiss Cirrus,0,0
14,Ranibizumab,342,wk48,73.0,379.0,Zeiss Cirrus,0,0
14,Ranibizumab,358,wk52,81.0,338.0,Zeiss Cirrus,0,0
14,Ranibizumab,475,wk68,81.0,377.0,Zeiss Cirrus,1,0
14,Ranibizumab,536,wk76,83.0,,,1,0
14,Ranibizumab,559,wk80,84.0,378.0,Zeiss Cirrus,1,0
14,Ranibizumab,595,wk84,81.0,343.0,Zeiss Cirrus,1,0
14,Ranibizumab,612,wk88,88.0,,,0,0
14,Ranibizumab,726,wk104,81.0,341.0,Zeiss Cirrus,0,0
15,Aflibercept,0,baseline,52.0,508.0,Heidelberg Spectralis,1,0
15,Aflibercept,27,wk4,64.0,439.0,Heidelberg Spectralis,1,0
15,Aflibercept,52,wk8,62.0,,,1,0
15,Aflibercept,88,wk12,61.0,,,1,0
15,Aflibercept,107,wk16,66.0,,,1,0
15,Aflibercept,143,wk20,63.0,255.0,Heidelberg Spectralis,0,0
15,Aflibercept,167,wk24,66.0,,,0,0
15,Aflibercept,190,wk28,65.0,,,1,0
15,Aflibercept,231,wk32,72.0,269.0,Heidelberg Spectralis,0,0
15,Aflibercept,251,wk36,63.0,211.0,Heidelberg Spectralis,0,0
15,Aflibercept,280,wk40,64.0,,,0,0
15,Aflibercept,301,wk44,68.0,222.0,Heidelberg Spectralis,0,0
15,Aflibercept,337,wk48,79.0,,,1,0
15,Aflibercept,370,wk52,69.0,220.0,Heidelberg Spectralis,0,0
15,Aflibercept,397,wk56,69.0,154.0,Heidelberg Spectralis,1,1
15,Aflibercept,482,wk68,63.0,,,0,0
15,Aflibercept,509,wk72,76.0,228.0,Heidelberg Spectralis,1,0
15,Aflibercept,528,wk76,61.0,,,0,0
15,Aflibercept,592,wk84,70.0,,,1,0
15,Aflibercept,621,wk88,69.0,201.0,Heidelberg Spectralis,0,0
15,Aflibercept,728,wk104,69.0,150.0,Heidelberg Spectralis,0,0
16,Aflibercept,0,baseline,74.0,691.0,Heidelberg Spectralis,1,0
16,Aflibercept,35,wk4,80.0,604.0,Heidelberg Spectralis,1,0
16,Aflibercept,55,wk8,81.0,569.0,Heidelberg Spectralis,1,0
16,Aflibercept,79,wk12,84.0,408.0,Heidelberg Spectralis,1,0
16,Aflibercept,105,wk16,90.0,408.0,Heidelberg Spectralis,1,0
16,Aflibercept,147,wk20,89.0,474.0,Heidelberg Spectralis,1,0
16,Aflibercept,168,wk24,94.0,409.0,Heidelberg Spectralis,0,0
16,Aflibercept,201,wk28,92.0,407.0,Heidelberg Spectralis,0,0
16,Aflibercept,227,wk32,87.0,420.0,Heidelberg Spectralis,1,0
16,Aflibercept,251,wk36,88.0,412.0,Heidelberg Spectralis,0,0
16,Aflibercept,286,wk40,91.0,,,1,0
16,Aflibercept,306,wk44,94.0,393.0,Heidelberg Spectralis,0,0
16,Aflibercept,329,wk48,94.0,390.0,Heidelberg Spectralis,0,1
16,Aflibercept,359,wk52,94.0,383.0,Heidelberg Spectralis,1,0
16,Aflibercept,452,wk64,93.0,378.0,Heidelberg Spectralis,1,0
16,Aflibercept,509,wk72,92.0,450.0,Heidelberg Spectralis,1,0
16,Aflibercept,566,wk80,94.0,389.0,Heidelberg Spectralis,0,0
16,Aflibercept,589,wk84,97.0,392.0,Heidelberg Spectralis,0,0
16,Aflibercept,665,wk96,100.0,394.0,Heidelberg Spectralis,0,0
16,Aflibercept,726,wk104,97.0,418.0,Heidelberg Spectralis,0,0
17,Bevacizumab,0,baseline,53.0,668.0,Heidelberg Spectralis,1,0
17,Bevacizumab,35,wk4,59.0,609.0,Heidelberg Spectralis,1,0
17,Bevacizumab,50,wk8,62.0,602.0,Heidelberg Spectralis,1,0
17,Bevacizumab,85,wk12,62.0,487.0,Heidelberg Spectralis,1,0
17,Bevacizumab,114,wk16,56.0,454.0,Heidelberg Spectralis,0,0
17,Bevacizumab,147,wk20,61.0,402.0,Heidelberg Spectralis,1,0
17,Bevacizumab,172,wk24,66.0,479.0,Heidelberg Spectralis,1,0
17,Bevacizumab,194,wk28,58.0,430.0,Heidelberg Spectralis,0,0
17,Bevacizumab,230,wk32,61.0,465.0,Heidelberg Spectralis,0,0
17,Bevacizumab,258,wk36,61.0,,,1,0
18,Aflibercept,0,baseline,59.0,460.0,Zeiss Cirrus,1,0
18,Aflibercept,26,wk4,71.0,419.0,Zeiss Cirrus,1,0
18,Aflibercept,63,wk8,84.0,381.0,Zeiss Cirrus,1,0
18,Aflibercept,78,wk12,90.0,395.0,Zeiss Cirrus,1,0
18,Aflibercept,114,wk16,96.0,298.0,Zeiss Cirrus,0,0
18,Aflibercept,138,wk20,92.0,300.0,Zeiss Cirrus,1,0
18,Aflibercept,165,wk24,88.0,283.0,Zeiss Cirrus,1,0
18,Aflibercept,196,wk28,98.0,,,0,0
18,Aflibercept,229,wk32,93.0,297.0,Zeiss Cirrus,1,0
18,Aflibercept,253,wk36,97.0,,,1,0
18,Aflibercept,285,wk40,100.0,284.0,Zeiss Cirrus,0,0
18,Aflibercept,308,wk44,100.0,310.0,Zeiss Cirrus,1,0
18,Aflibercept,337,wk48,100.0,329.0,Zeiss Cirrus,0,0
18,Aflibercept,359,wk52,98.0,314.0,Zeiss Cirrus,1,0
18,Aflibercept,399,wk56,96.0,305.0,Zeiss Cirrus,0,0
18,Aflibercept,421,wk60,97.0,,,0,0
18,Aflibercept,474,wk68,100.0,369.0,Zeiss Cirrus,0,0
18,Aflibercept,538,wk76,98.0,,,0,0
18,Aflibercept,581,wk84,89.0,320.0,Zeiss Cirrus,1,0
18,Aflibercept,651,wk92,92.0,319.0,Zeiss Cirrus,0,0
18,Aflibercept,674,wk96,95.0,342.0,Zeiss Cirrus,1,0
18,Aflibercept,699,wk100,96.0,347.0,Zeiss Cirrus,1,0
18,Aflibercept,723,wk104,93.0,358.0,Zeiss Cirrus,0,0
19,Ranibizumab,0,baseline,71.0,404.0,Zeiss Cirrus,1,0
19,Ranibizumab,27,wk4,71.0,349.0,Zeiss Cirrus,1,0
19,Ranibizumab,54,wk8,67.0,327.0,Zeiss Cirrus,1,0
19,Ranibizumab,89,wk12,72.0,234.0,Zeiss Cirrus,1,0
19,Ranibizumab,116,wk16,75.0,232.0,Zeiss Cirrus,1,0
19,Ranibizumab,138,wk20,76.0,280.0,Zeiss Cirrus,1,0
19,Ranibizumab,169,wk24,75.0,185.0,Zeiss Cirrus,1,0
19,Ranibizumab,196,wk28,74.0,184.0,Zeiss Cirrus,1,0
19,Ranibizumab,228,wk32,78.0,,,1,0
19,Ranibizumab,256,wk36,75.0,199.0,Zeiss Cirrus,1,0
19,Ranibizumab,277,wk40,72.0,221.0,Zeiss Cirrus,1,0
19,Ranibizumab,307,wk44,77.0,269.0,Zeiss Cirrus,1,0
19,Ranibizumab,331,wk48,77.0,226.0,Zeiss Cirrus,1,0
19,Ranibizumab,361,wk52,76.0,213.0,Zeiss Cirrus,1,1
19,Ranibizumab,447,wk64,77.0,232.0,Zeiss Cirrus,1,0
19,Ranibizumab,511,wk72,70.0,,,0,0
19,Ranibizumab,533,wk76,79.0,232.0,Zeiss Cirrus,0,0
19,Ranibizumab,588,wk84,83.0,,,1,0
19,Ranibizumab,672,wk96,78.0,222.0,Zeiss Cirrus,1,0
19,Ranibizumab,698,wk100,83.0,182.0,Zeiss Cirrus,0,0
19,Ranibizumab,721,wk104,82.0,166.0,Zeiss Cirrus,0,0
20,Ranibizumab,0,baseline,77.0,344.0,Zeiss Cirrus,1,0
20,Ranibizumab,27,wk4,76.0,298.0,Zeiss Cirrus,1,0
20,Ranibizumab,63,wk8,79.0,374.0,Zeiss Cirrus,1,0
20,Ranibizumab,79,wk12,82.0,339.0,Zeiss Cirrus,1,0
20,Ranibizumab,114,wk16,82.0,379.0,Zeiss Cirrus,1,0
20,Ranibizumab,136,wk20,91.0,324.0,Zeiss Cirrus,1,0
20,Ranibizumab,174,wk24,79.0,357.0,Zeiss Cirrus,1,0
20,Ranibizumab,194,wk28,85.0,316.0,Zeiss Cirrus,0,0
20,Ranibizumab,227,wk32,91.0,378.0,Zeiss Cirrus,1,0
20,Ranibizumab,256,wk36,80.0,,,1,0
20,Ranibizumab,279,wk40,80.0,308.0,Zeiss Cirrus,1,0
20,Ranibizumab,312,wk44,82.0,354.0,Zeiss Cirrus,0,0
20,Ranibizumab,335,wk48,89.0,,,0,0
20,Ranibizumab,358,wk52,83.0,335.0,Zeiss Cirrus,1,0
20,Ranibizumab,396,wk56,77.0,371.0,Zeiss Cirrus,1,0
20,Ranibizumab,424,wk60,91.0,323.0,Zeiss Cirrus,1,0
20,Ranibizumab,527,wk76,82.0,324.0,Zeiss Cirrus,1,0
20,Ranibizumab,558,wk80,80.0,386.0,Zeiss Cirrus,1,0
20,Ranibizumab,618,wk88,78.0,,,1,0
20,Ranibizumab,641,wk92,67.0,363.0,Zeiss Cirrus,1,0
20,Ranibizumab,671,wk96,78.0,362.0,Zeiss Cirrus,1,0
20,Ranibizumab,700,wk100,75.0,359.0,Zeiss Cirrus,1,0
21,Ranibizumab,0,baseline,76.0,409.0,Heidelberg Spectralis,1,0
21,Ranibizumab,28,wk4,90.0,434.0,Heidelberg Spectralis,1,0
22,Ranibizumab,0,baseline,70.0,415.0,Heidelberg Spectralis,1,0
22,Ranibizumab,34,wk4,76.0,448.0,Heidelberg Spectralis,1,0
22,Ranibizumab,54,wk8,70.0,405.0,Heidelberg Spectralis,1,0
22,Ranibizumab,81,wk12,77.0,441.0,Heidelberg Spectralis,1,0
22,Ranibizumab,109,wk16,76.0,408.0,Heidelberg Spectralis,0,0
22,Ranibizumab,135,wk20,82.0,401.0,Heidelberg Spectralis,0,0
22,Ranibizumab,172,wk24,77.0,417.0,Heidelberg Spectralis,1,0
22,Ranibizumab,201,wk28,73.0,,,1,0
22,Ranibizumab,221,wk32,85.0,,,0,0
22,Ranibizumab,256,wk36,78.0,447.0,Heidelberg Spectralis,1,0
22,Ranibizumab,278,wk40,79.0,448.0,Heidelberg Spectralis,1,0
22,Ranibizumab,305,wk44,81.0,412.0,Heidelberg Spectralis,1,0
22,Ranibizumab,331,wk48,83.0,,,0,0
22,Ranibizumab,368,wk52,79.0,412.0,Heidelberg Spectralis,0,0
22,Ranibizumab,394,wk56,82.0,445.0,Heidelberg Spectralis,0,0
22,Ranibizumab,419,wk60,78.0,395.0,Heidelberg Spectralis,1,0
22,Ranibizumab,538,wk76,72.0,415.0,Heidelberg Spectralis,0,0
22,Ranibizumab,591,wk84,79.0,388.0,Heidelberg Spectralis,1,0
22,Ranibizumab,621,wk88,74.0,395.0,Heidelberg Spectralis,1,0
22,Ranibizumab,670,wk96,74.0,,,1,0
22,Ranibizumab,707,wk100,67.0,,,1,0
22,Ranibizumab,729,wk104,73.0,376.0,Heidelberg Spectralis,0,0
23,Aflibercept,0,baseline,46.0,329.0,Zeiss Stratus,1,0
23,Aflibercept,30,wk4,57.0,364.0,Zeiss Stratus,1,0
23,Aflibercept,52,wk8,66.0,323.0,Zeiss Stratus,1,0
23,Aflibercept,85,wk12,68.0,374.0,Zeiss Stratus,1,0
23,Aflibercept,115,wk16,72.0,412.0,Zeiss Stratus,0,0
23,Aflibercept,136,wk20,74.0,341.0,Zeiss Stratus,0,0
23,Aflibercept,164,wk24,76.0,407.0,Zeiss Stratus,0,0
23,Aflibercept,201,wk28,78.0,393.0,Zeiss Stratus,1,0
23,Aflibercept,225,wk32,79.0,319.0,Zeiss Stratus,0,0
23,Aflibercept,254,wk36,80.0,372.0,Zeiss Stratus,1,0
23,Aflibercept,275,wk40,77.0,,,0,0
23,Aflibercept,310,wk44,73.0,357.0,Zeiss Stratus,0,1
23,Aflibercept,335,wk48,77.0,400.0,Zeiss Stratus,0,0
23,Aflibercept,367,wk52,77.0,389.0,Zeiss Stratus,0,0
23,Aflibercept,390,wk56,73.0,454.0,Zeiss Stratus,0,0
23,Aflibercept,422,wk60,78.0,380.0,Zeiss Stratus,0,0
23,Aflibercept,497,wk72,80.0,410.0,Zeiss Stratus,0,0
23,Aflibercept,590,wk84,82.0,388.0,Zeiss Stratus,1,0
23,Aflibercept,643,wk92,70.0,463.0,Zeiss Stratus,1,0
23,Aflibercept,695,wk100,70.0,435.0,Zeiss Stratus,1,0
23,Aflibercept,732,wk104,81.0,421.0,Zeiss Stratus,0,0
24,Aflibercept,0,baseline,76.0,372.0,Heidelberg Spectralis,1,0
24,Aflibercept,32,wk4,74.0,302.0,Heidelberg Spectralis,1,0
24,Aflibercept,54,wk8,66.0,366.0,Heidelberg Spectralis,1,0
24,Aflibercept,77,wk12,63.0,325.0,Heidelberg Spectralis,1,0
24,Aflibercept,116,wk16,71.0,313.0,Heidelberg Spectralis,0,0
24,Aflibercept,141,wk20,62.0,284.0,Heidelberg Spectralis,0,0
24,Aflibercept,169,wk24,66.0,285.0,Heidelberg Spectralis,1,0
24,Aflibercept,192,wk28,63.0,335.0,Heidelberg Spectralis,1,0
24,Aflibercept,224,wk32,63.0,,,0,0
24,Aflibercept,255,wk36,71.0,265.0,Heidelberg Spectralis,0,0
24,Aflibercept,280,wk40,56.0,311.0,Heidelberg Spectralis,1,0
24,Aflibercept,306,wk44,68.0,283.0,Heidelberg Spectralis,0,0
24,Aflibercept,341,wk48,64.0,288.0,Heidelberg Spectralis,0,0
24,Aflibercept,371,wk52,63.0,272.0,Heidelberg Spectralis,0,0
24,Aflibercept,388,wk56,65.0,284.0,Heidelberg Spectralis,0,0
24,Aflibercept,427,wk60,64.0,326.0,Heidelberg Spectralis,1,0
24,Aflibercept,443,wk64,65.0,294.0,Heidelberg Spectralis,0,0
24,Aflibercept,510,wk72,55.0,298.0,Heidelberg Spectralis,0,0
25,Bevacizumab,0,baseline,70.0,471.0,Zeiss Cirrus,1,0
25,Bevacizumab,27,wk4,70.0,408.0,Zeiss Cirrus,1,0
25,Bevacizumab,51,wk8,74.0,390.0,Zeiss Cirrus,1,0
25,Bevacizumab,82,wk12,68.0,421.0,Zeiss Cirrus,1,0
25,Bevacizumab,108,wk16,78.0,426.0,Zeiss Cirrus,1,0
25,Bevacizumab,134,wk20,69.0,326.0,Zeiss Cirrus,0,0
25,Bevacizumab,168,wk24,74.0,333.0,Zeiss Cirrus,1,0
25,Bevacizumab,194,wk28,68.0,379.0,Zeiss Cirrus,0,0
25,Bevacizumab,225,wk32,80.0,366.0,Zeiss Cirrus,0,0
25,Bevacizumab,255,wk36,70.0,336.0,Zeiss Cirrus,0,0
25,Bevacizumab,279,wk40,75.0,349.0,Zeiss Cirrus,1,1
25,Bevacizumab,303,wk44,68.0,351.0,Zeiss Cirrus,1,0
25,Bevacizumab,330,wk48,69.0,387.0,Zeiss Cirrus,0,0
25,Bevacizumab,359,wk52,73.0,341.0,Zeiss Cirrus,1,0
25,Bevacizumab,444,wk64,76.0,337.0,Zeiss Cirrus,0,0
25,Bevacizumab,477,wk68,74.0,,,1,0
25,Bevacizumab,509,wk72,73.0,342.0,Zeiss Cirrus,0,0
25,Bevacizumab,553,wk80,71.0,251.0,Zeiss Cirrus,0,0
25,Bevacizumab,675,wk96,85.0,215.0,Zeiss Cirrus,0,0
25,Bevacizumab,732,wk104,79.0,263.0,Zeiss Cirrus,0,0
26,Aflibercept,0,baseline,55.0,597.0,Zeiss Stratus,1,0
26,Aflibercept,27,wk4,68.0,562.0,Zeiss Stratus,1,0
26,Aflibercept,53,wk8,66.0,489.0,Zeiss Stratus,1,0
26,Aflibercept,91,wk12,82.0,441.0,Zeiss Stratus,1,0
26,Aflibercept,119,wk16,76.0,,,0,0
26,Aflibercept,146,wk20,80.0,451.0,Zeiss Stratus,1,0
26,Aflibercept,162,wk24,79.0,390.0,Zeiss Stratus,1,0
26,Aflibercept,203,wk28,80.0,335.0,Zeiss Stratus,0,0
26,Aflibercept,223,wk32,84.0,397.0,Zeiss Stratus,0,0
26,Aflibercept,246,wk36,84.0,410.0,Zeiss Stratus,0,1
26,Aflibercept,287,wk40,82.0,401.0,Zeiss Stratus,0,0
26,Aflibercept,307,wk44,75.0,364.0,Zeiss Stratus,1,0
26,Aflibercept,337,wk48,76.0,388.0,Zeiss Stratus,1,0
26,Aflibercept,357,wk52,80.0,376.0,Zeiss Stratus,1,0
26,Aflibercept,421,wk60,84.0,,,0,0
26,Aflibercept,535,wk76,72.0,350.0,Zeiss Stratus,0,0
26,Aflibercept,557,wk80,83.0,434.0,Zeiss Stratus,1,0
26,Aflibercept,591,wk84,83.0,353.0,Zeiss Stratus,0,0
26,Aflibercept,623,wk88,77.0,385.0,Zeiss Stratus,1,0
26,Aflibercept,735,wk104,76.0,389.0,Zeiss Stratus,0,0
27,Aflibercept,0,baseline,77.0,534.0,Zeiss Cirrus,1,0
27,Aflibercept,22,wk4,82.0,,,1,0
27,Aflibercept,52,wk8,90.0,356.0,Zeiss Cirrus,1,0
27,Aflibercept,77,wk12,87.0,,,1,0
27,Aflibercept,116,wk16,90.0,321.0,Zeiss Cirrus,1,0
27,Aflibercept,144,wk20,90.0,368.0,Zeiss Cirrus,1,0
27,Aflibercept,171,wk24,90.0,338.0,Zeiss Cirrus,0,0
27,Aflibercept,198,wk28,88.0,,,1,0
27,Aflibercept,223,wk32,96.0,263.0,Zeiss Cirrus,0,0
27,Aflibercept,248,wk36,96.0,,,0,0
27,Aflibercept,286,wk40,98.0,323.0,Zeiss Cirrus,1,0
27,Aflibercept,314,wk44,96.0,331.0,Zeiss Cirrus,1,0
27,Aflibercept,339,wk48,93.0,348.0,Zeiss Cirrus,0,0
27,Aflibercept,371,wk52,94.0,305.0,Zeiss Cirrus,0,0
27,Aflibercept,421,wk60,97.0,328.0,Zeiss Cirrus,1,0
27,Aflibercept,500,wk72,88.0,286.0,Zeiss Cirrus,1,1
28,Bevacizumab,0,baseline,44.0,398.0,Zeiss Cirrus,1,0
28,Bevacizumab,23,wk4,51.0,346.0,Zeiss Cirrus,1,0
28,Bevacizumab,58,wk8,53.0,,,1,0
28,Bevacizumab,89,wk12,56.0,,,1,0
28,Bevacizumab,115,wk16,61.0,286.0,Zeiss Cirrus,0,0
28,Bevacizumab,137,wk20,64.0,244.0,Zeiss Cirrus,0,0
28,Bevacizumab,173,wk24,58.0,,,1,0
28,Bevacizumab,194,wk28,63.0,190.0,Zeiss Cirrus,1,0
28,Bevacizumab,220,wk32,60.0,202.0,Zeiss Cirrus,0,0
28,Bevacizumab,258,wk36,65.0,258.0,Zeiss Cirrus,1,0
28,Bevacizumab,283,wk40,60.0,201.0,Zeiss Cirrus,0,0
28,Bevacizumab,304,wk44,63.0,259.0,Zeiss Cirrus,1,0
28,Bevacizumab,338,wk48,62.0,212.0,Zeiss Cirrus,1,0
28,Bevacizumab,364,wk52,65.0,221.0,Zeiss Cirrus,1,1
28,Bevacizumab,394,wk56,64.0,210.0,Zeiss Cirrus,0,0
28,Bevacizumab,443,wk64,66.0,162.0,Zeiss Cirrus,1,0
28,Bevacizumab,472,wk68,58.0,231.0,Zeiss Cirrus,0,0
28,Bevacizumab,506,wk72,58.0,163.0,Zeiss Cirrus,0,0
28,Bevacizumab,534,wk76,61.0,200.0,Zeiss Cirrus,1,0
28,Bevacizumab,554,wk80,64.0,217.0,Zeiss Cirrus,0,0
28,Bevacizumab,590,wk84,67.0,,,1,0
28,Bevacizumab,675,wk96,61.0,150.0,Zeiss Cirrus,1,0
28,Bevacizumab,693,wk100,64.0,,,0,0
28,Bevacizumab,729,wk104,63.0,150.0,Zeiss Cirrus,0,0
29,Aflibercept,0,baseline,62.0,570.0,Heidelberg Spectralis,1,0
29,Aflibercept,22,wk4,71.0,540.0,Heidelberg Spectralis,1,0
29,Aflibercept,60,wk8,73.0,447.0,Heidelberg Spectralis,1,0
29,Aflibercept,90,wk12,81.0,458.0,Heidelberg Spectralis,1,0
29,Aflibercept,117,wk16,75.0,439.0,Heidelberg Spectralis,1,0
30,Aflibercept,0,baseline,77.0,490.0,Heidelberg Spectralis,1,0
30,Aflibercept,33,wk4,85.0,,,1,0
30,Aflibercept,51,wk8,90.0,424.0,Heidelberg Spectralis,1,0
30,Aflibercept,88,wk12,88.0,335.0,Heidelberg Spectralis,1,0
30,Aflibercept,106,wk16,93.0,334.0,Heidelberg Spectralis,0,0
30,Aflibercept,147,wk20,89.0,292.0,Heidelberg Spectralis,0,0
30,Aflibercept,174,wk24,82.0,312.0,Heidelberg Spectralis,0,0
30,Aflibercept,201,wk28,96.0,293.0,Heidelberg Spectralis,1,0
30,Aflibercept,219,wk32,86.0,297.0,Heidelberg Spectralis,0,0
30,Aflibercept,248,wk36,91.0,306.0,Heidelberg Spectralis,0,0
30,Aflibercept,278,wk40,93.0,299.0,Heidelberg Spectralis,0,0
31,Ranibizumab,0,baseline,78.0,450.0,Heidelberg Spectralis,1,0
31,Ranibizumab,31,wk4,85.0,374.0,Heidelberg Spectralis,1,0
31,Ranibizumab,51,wk8,85.0,286.0,Heidelberg Spectralis,1,0
31,Ranibizumab,80,wk12,86.0,274.0,Heidelberg Spectralis,1,0
31,Ranibizumab,114,wk16,84.0,252.0,Heidelberg Spectralis,0,0
31,Ranibizumab,139,wk20,91.0,213.0,Heidelberg Spectralis,1,0
31,Ranibizumab,164,wk24,82.0,231.0,Heidelberg Spectralis,1,0
31,Ranibizumab,193,wk28,91.0,178.0,Heidelberg Spectralis,0,0
31,Ranibizumab,225,wk32,83.0,,,0,0
31,Ranibizumab,249,wk36,86.0,289.0,Heidelberg Spectralis,0,0
31,Ranibizumab,285,wk40,81.0,224.0,Heidelberg Spectralis,1,0
31,Ranibizumab,303,wk44,88.0,204.0,Heidelberg Spectralis,0,0
31,Ranibizumab,339,wk48,93.0,201.0,Heidelberg Spectralis,0,0
31,Ranibizumab,360,wk52,88.0,217.0,Heidelberg Spectralis,0,0
31,Ranibizumab,423,wk60,90.0,191.0,Heidelberg Spectralis,0,0
31,Ranibizumab,469,wk68,89.0,182.0,Heidelberg Spectralis,1,0
31,Ranibizumab,504,wk72,89.0,218.0,Heidelberg Spectralis,0,0
31,Ranibizumab,537,wk76,83.0,261.0,Heidelberg Spectralis,0,0
31,Ranibizumab,567,wk80,76.0,200.0,Heidelberg Spectralis,1,0
31,Ranibizumab,588,wk84,84.0,255.0,Heidelberg Spectralis,0,0
31,Ranibizumab,621,wk88,72.0,280.0,Heidelberg Spectralis,0,0
31,Ranibizumab,723,wk104,78.0,263.0,Heidelberg Spectralis,0,0
32,Bevacizumab,0,baseline,59.0,444.0,Heidelberg Spectralis,1,0
32,Bevacizumab,28,wk4,58.0,384.0,Heidelberg Spectralis,1,0
32,Bevacizumab,60,wk8,61.0,367.0,Heidelberg Spectralis,1,0
32,Bevacizumab,87,wk12,52.0,,,1,0
32,Bevacizumab,114,wk16,54.0,322.0,Heidelberg Spectralis,1,0
32,Bevacizumab,134,wk20,55.0,346.0,Heidelberg Spectralis,1,0
32,Bevacizumab,175,wk24,52.0,290.0,Heidelberg Spectralis,0,0
32,Bevacizumab,199,wk28,50.0,265.0,Heidelberg Spectralis,1,0
32,Bevacizumab,230,wk32,45.0,308.0,Heidelberg Spectralis,1,0
32,Bevacizumab,256,wk36,49.0,341.0,Heidelberg Spectralis,0,0
32,Bevacizumab,281,wk40,49.0,317.0,Heidelberg Spectralis,1,0
32,Bevacizumab,307,wk44,56.0,,,0,1
32,Bevacizumab,336,wk48,46.0,313.0,Heidelberg Spectralis,1,0
32,Bevacizumab,371,wk52,50.0,322.0,Heidelberg Spectralis,0,0
32,Bevacizumab,396,wk56,47.0,358.0,Heidelberg Spectralis,1,0
32,Bevacizumab,418,wk60,51.0,291.0,Heidelberg Spectralis,1,0
32,Bevacizumab,475,wk68,48.0,316.0,Heidelberg Spectralis,0,0
32,Bevacizumab,593,wk84,51.0,382.0,Heidelberg Spectralis,0,0
32,Bevacizumab,646,wk92,50.0,,,0,0
32,Bevacizumab,667,wk96,60.0,,,1,0
32,Bevacizumab,722,wk104,53.0,319.0,Heidelberg Spectralis,0,0
33,Ranibizumab,0,baseline,69.0,409.0,Zeiss Cirrus,1,0
33,Ranibizumab,21,wk4,81.0,379.0,Zeiss Cirrus,1,0
33,Ranibizumab,63,wk8,79.0,351.0,Zeiss Cirrus,1,0
33,Ranibizumab,86,wk12,82.0,,,1,0
33,Ranibizumab,107,wk16,88.0,241.0,Zeiss Cirrus,0,0
33,Ranibizumab,134,wk20,85.0,,,1,0
33,Ranibizumab,168,wk24,83.0,292.0,Zeiss Cirrus,1,0
33,Ranibizumab,194,wk28,87.0,295.0,Zeiss Cirrus,0,0
33,Ranibizumab,227,wk32,88.0,305.0,Zeiss Cirrus,1,0
33,Ranibizumab,252,wk36,90.0,,,0,0
33,Ranibizumab,283,wk40,91.0,291.0,Zeiss Cirrus,0,0
33,Ranibizumab,305,wk44,90.0,270.0,Zeiss Cirrus,0,0
33,Ranibizumab,332,wk48,92.0,301.0,Zeiss Cirrus,1,0
33,Ranibizumab,359,wk52,90.0,291.0,Zeiss Cirrus,1,0
33,Ranibizumab,470,wk68,84.0,298.0,Zeiss Cirrus,1,0
33,Ranibizumab,561,wk80,88.0,274.0,Zeiss Cirrus,1,0
33,Ranibizumab,615,wk88,88.0,302.0,Zeiss Cirrus,0,0
33,Ranibizumab,638,wk92,86.0,,,1,0
33,Ranibizumab,678,wk96,86.0,335.0,Zeiss Cirrus,0,0
33,Ranibizumab,705,wk100,88.0,,,1,0
33,Ranibizumab,723,wk104,85.0,312.0,Zeiss Cirrus,0,0
34,Bevacizumab,0,baseline,59.0,500.0,Zeiss Cirrus,1,0
34,Bevacizumab,34,wk4,67.0,485.0,Zeiss Cirrus,1,0
34,Bevacizumab,57,wk8,68.0,400.0,Zeiss Cirrus,1,0
34,Bevacizumab,81,wk12,62.0,382.0,Zeiss Cirrus,1,0
34,Bevacizumab,118,wk16,61.0,436.0,Zeiss Cirrus,1,0
34,Bevacizumab,147,wk20,67.0,417.0,Zeiss Cirrus,1,0
34,Bevacizumab,168,wk24,62.0,398.0,Zeiss Cirrus,1,0
34,Bevacizumab,203,wk28,62.0,,,1,0
34,Bevacizumab,220,wk32,60.0,358.0,Zeiss Cirrus,1,0
34,Bevacizumab,251,wk36,61.0,354.0,Zeiss Cirrus,1,0
34,Bevacizumab,278,wk40,56.0,,,0,0
34,Bevacizumab,309,wk44,62.0,371.0,Zeiss Cirrus,1,0
34,Bevacizumab,337,wk48,63.0,,,1,0
34,Bevacizumab,367,wk52,62.0,376.0,Zeiss Cirrus,0,0
34,Bevacizumab,481,wk68,62.0,401.0,Zeiss Cirrus,1,0
34,Bevacizumab,535,wk76,63.0,390.0,Zeiss Cirrus,0,0
34,Bevacizumab,559,wk80,63.0,380.0,Zeiss Cirrus,0,0
34,Bevacizumab,616,wk88,57.0,413.0,Zeiss Cirrus,1,0
34,Bevacizumab,640,wk92,65.0,,,0,0
34,Bevacizumab,670,wk96,56.0,354.0,Zeiss Cirrus,1,0
34,Bevacizumab,705,wk100,54.0,411.0,Zeiss Cirrus,0,0
34,Bevacizumab,735,wk104,58.0,386.0,Zeiss Cirrus,0,0
35,Bevacizumab,0,baseline,45.0,443.0,Zeiss Cirrus,1,0
35,Bevacizumab,21,wk4,52.0,427.0,Zeiss Cirrus,1,0
35,Bevacizumab,55,wk8,52.0,,,1,0
35,Bevacizumab,77,wk12,55.0,389.0,Zeiss Cirrus,1,0
35,Bevacizumab,116,wk16,66.0,377.0,Zeiss Cirrus,1,0
35,Bevacizumab,133,wk20,54.0,371.0,Zeiss Cirrus,0,0
35,Bevacizumab,174,wk24,64.0,,,1,0
35,Bevacizumab,198,wk28,61.0,399.0,Zeiss Cirrus,0,0
35,Bevacizumab,228,wk32,65.0,340.0,Zeiss Cirrus,1,0
35,Bevacizumab,254,wk36,61.0,376.0,Zeiss Cirrus,0,0
35,Bevacizumab,283,wk40,64.0,,,1,0
35,Bevacizumab,311,wk44,59.0,324.0,Zeiss Cirrus,1,0
35,Bevacizumab,331,wk48,68.0,428.0,Zeiss Cirrus,1,0
35,Bevacizumab,368,wk52,62.0,359.0,Zeiss Cirrus,1,1
35,Bevacizumab,399,wk56,65.0,351.0,Zeiss Cirrus,1,0
35,Bevacizumab,480,wk68,68.0,392.0,Zeiss Cirrus,1,0
35,Bevacizumab,566,wk80,67.0,366.0,Zeiss Cirrus,0,0
35,Bevacizumab,583,wk84,73.0,443.0,Zeiss Cirrus,0,0
35,Bevacizumab,707,wk100,67.0,367.0,Zeiss Cirrus,0,0
35,Bevacizumab,721,wk104,69.0,390.0,Zeiss Cirrus,0,0
36,Bevacizumab,0,baseline,63.0,388.0,Heidelberg Spectralis,1,0
36,Bevacizumab,21,wk4,59.0,395.0,Heidelberg Spectralis,1,0
36,Bevacizumab,50,wk8,67.0,429.0,Heidelberg Spectralis,1,0
36,Bevacizumab,77,wk12,77.0,397.0,Heidelberg Spectralis,1,0
36,Bevacizumab,115,wk16,74.0,437.0,Heidelberg Spectralis,0,0
36,Bevacizumab,140,wk20,81.0,391.0,Heidelberg Spectralis,0,0
36,Bevacizumab,173,wk24,73.0,431.0,Heidelberg Spectralis,0,0
36,Bevacizumab,193,wk28,73.0,422.0,Heidelberg Spectralis,1,0
36,Bevacizumab,231,wk32,74.0,425.0,Heidelberg Spectralis,0,0
36,Bevacizumab,257,wk36,69.0,,,0,0
36,Bevacizumab,285,wk40,68.0,438.0,Heidelberg Spectralis,1,0
36,Bevacizumab,307,wk44,70.0,438.0,Heidelberg Spectralis,0,1
36,Bevacizumab,331,wk48,67.0,471.0,Heidelberg Spectralis,1,0
36,Bevacizumab,361,wk52,73.0,435.0,Heidelberg Spectralis,0,0
36,Bevacizumab,399,wk56,80.0,382.0,Heidelberg Spectralis,1,0
36,Bevacizumab,413,wk60,74.0,437.0,Heidelberg Spectralis,0,0
36,Bevacizumab,441,wk64,78.0,514.0,Heidelberg Spectralis,1,0
36,Bevacizumab,470,wk68,69.0,412.0,Heidelberg Spectralis,0,0
36,Bevacizumab,554,wk80,67.0,399.0,Heidelberg Spectralis,1,0
36,Bevacizumab,590,wk84,70.0,365.0,Heidelberg Spectralis,1,0
36,Bevacizumab,642,wk92,64.0,428.0,Heidelberg Spectralis,0,0
36,Bevacizumab,730,wk104,60.0,390.0,Heidelberg Spectralis,0,0
37,Aflibercept,0,baseline,70.0,359.0,Zeiss Cirrus,1,0
37,Aflibercept,22,wk4,70.0,,,1,0
37,Aflibercept,55,wk8,78.0,287.0,Zeiss Cirrus,1,0
37,Aflibercept,84,wk12,77.0,221.0,Zeiss Cirrus,1,0
37,Aflibercept,119,wk16,81.0,,,1,0
37,Aflibercept,133,wk20,72.0,151.0,Zeiss Cirrus,0,0
37,Aflibercept,165,wk24,76.0,224.0,Zeiss Cirrus,1,0
37,Aflibercept,193,wk28,74.0,,,0,0
37,Aflibercept,219,wk32,76.0,150.0,Zeiss Cirrus,1,0
37,Aflibercept,259,wk36,77.0,,,0,0
37,Aflibercept,279,wk40,79.0,,,0,0
37,Aflibercept,307,wk44,71.0,,,0,0
37,Aflibercept,329,wk48,77.0,212.0,Zeiss Cirrus,0,0
37,Aflibercept,359,wk52,77.0,175.0,Zeiss Cirrus,1,0
37,Aflibercept,385,wk56,78.0,200.0,Zeiss Cirrus,1,0
37,Aflibercept,427,wk60,74.0,150.0,Zeiss Cirrus,0,0
37,Aflibercept,477,wk68,77.0,172.0,Zeiss Cirrus,0,0
37,Aflibercept,562,wk80,85.0,171.0,Zeiss Cirrus,1,0
37,Aflibercept,589,wk84,79.0,156.0,Zeiss Cirrus,1,0
37,Aflibercept,672,wk96,80.0,188.0,Zeiss Cirrus,0,0
37,Aflibercept,726,wk104,79.0,173.0,Zeiss Cirrus,0,0
38,Bevacizumab,0,baseline,76.0,461.0,Zeiss Cirrus,1,0
38,Bevacizumab,26,wk4,79.0,,,1,0
38,Bevacizumab,53,wk8,75.0,386.0,Zeiss Cirrus,1,0
38,Bevacizumab,78,wk12,77.0,341.0,Zeiss Cirrus,1,0
38,Bevacizumab,111,wk16,65.0,416.0,Zeiss Cirrus,1,0
38,Bevacizumab,145,wk20,76.0,323.0,Zeiss Cirrus,0,0
38,Bevacizumab,167,wk24,67.0,403.0,Zeiss Cirrus,1,0
38,Bevacizumab,201,wk28,77.0,291.0,Zeiss Cirrus,1,0
38,Bevacizumab,219,wk32,76.0,345.0,Zeiss Cirrus,1,0
38,Bevacizumab,248,wk36,69.0,,,1,0
38,Bevacizumab,273,wk40,79.0,329.0,Zeiss Cirrus,0,0
38,Bevacizumab,309,wk44,64.0,348.0,Zeiss Cirrus,1,0
38,Bevacizumab,330,wk48,74.0,391.0,Zeiss Cirrus,0,0
38,Bevacizumab,359,wk52,71.0,352.0,Zeiss Cirrus,1,0
38,Bevacizumab,416,wk60,74.0,377.0,Zeiss Cirrus,0,0
38,Bevacizumab,445,wk64,62.0,323.0,Zeiss Cirrus,0,0
38,Bevacizumab,479,wk68,77.0,318.0,Zeiss Cirrus,1,0
38,Bevacizumab,538,wk76,70.0,313.0,Zeiss Cirrus,1,0
38,Bevacizumab,609,wk88,73.0,316.0,Zeiss Cirrus,0,0
38,Bevacizumab,646,wk92,69.0,332.0,Zeiss Cirrus,0,0
38,Bevacizumab,722,wk104,73.0,336.0,Zeiss Cirrus,0,0
39,Aflibercept,0,baseline,74.0,474.0,Zeiss Cirrus,1,0
39,Aflibercept,27,wk4,72.0,392.0,Zeiss Cirrus,1,0
39,Aflibercept,59,wk8,68.0,348.0,Zeiss Cirrus,1,0
39,Aflibercept,79,wk12,66.0,340.0,Zeiss Cirrus,1,0
39,Aflibercept,119,wk16,72.0,287.0,Zeiss Cirrus,0,0
39,Aflibercept,147,wk20,67.0,260.0,Zeiss Cirrus,0,0
39,Aflibercept,161,wk24,65.0,,,0,0
39,Aflibercept,192,wk28,61.0,269.0,Zeiss Cirrus,1,0
39,Aflibercept,229,wk32,66.0,290.0,Zeiss Cirrus,1,0
39,Aflibercept,251,wk36,60.0,220.0,Zeiss Cirrus,0,0
39,Aflibercept,287,wk40,60.0,220.0,Zeiss Cirrus,0,0
39,Aflibercept,304,wk44,68.0,274.0,Zeiss Cirrus,0,0
39,Aflibercept,338,wk48,58.0,282.0,Zeiss Cirrus,0,0
39,Aflibercept,357,wk52,64.0,241.0,Zeiss Cirrus,1,0
39,Aflibercept,395,wk56,69.0,270.0,Zeiss Cirrus,0,0
39,Aflibercept,427,wk60,66.0,,,1,0
39,Aflibercept,447,wk64,60.0,,,0,0
39,Aflibercept,483,wk68,64.0,,,0,0
39,Aflibercept,562,wk80,61.0,256.0,Zeiss Cirrus,1,0
39,Aflibercept,583,wk84,61.0,150.0,Zeiss Cirrus,0,0
39,Aflibercept,618,wk88,62.0,262.0,Zeiss Cirrus,1,0
39,Aflibercept,639,wk92,60.0,262.0,Zeiss Cirrus,1,0
39,Aflibercept,693,wk100,61.0,,,0,0
39,Aflibercept,733,wk104,59.0,257.0,Zeiss Cirrus,0,0
40,Aflibercept,0,baseline,67.0,424.0,Heidelberg Spectralis,1,0
40,Aflibercept,30,wk4,60.0,401.0,Heidelberg Spectralis,1,0
40,Aflibercept,61,wk8,70.0,421.0,Heidelberg Spectralis,1,0
40,Aflibercept,81,wk12,65.0,377.0,Heidelberg Spectralis,1,0
40,Aflibercept,109,wk16,76.0,388.0,Heidelberg Spectralis,1,0
40,Aflibercept,136,wk20,73.0,335.0,Heidelberg Spectralis,1,0
40,Aflibercept,165,wk24,71.0,370.0,Heidelberg Spectralis,0,0
40,Aflibercept,199,wk28,71.0,375.0,Heidelberg Spectralis,0,0
40,Aflibercept,231,wk32,75.0,366.0,Heidelberg Spectralis,1,0
40,Aflibercept,257,wk36,73.0,451.0,Heidelberg Spectralis,1,1
40,Aflibercept,276,wk40,69.0,383.0,Heidelberg Spectralis,1,0
40,Aflibercept,311,wk44,74.0,,,1,0
40,Aflibercept,340,wk48,74.0,410.0,Heidelberg Spectralis,0,0
40,Aflibercept,360,wk52,73.0,374.0,Heidelberg Spectralis,1,0
40,Aflibercept,479,wk68,75.0,381.0,Heidelberg Spectralis,0,0
40,Aflibercept,503,wk72,72.0,338.0,Heidelberg Spectralis,1,0
40,Aflibercept,535,wk76,67.0,331.0,Heidelberg Spectralis,0,0
40,Aflibercept,585,wk84,72.0,445.0,Heidelberg Spectralis,0,0
40,Aflibercept,609,wk88,69.0,,,0,0
40,Aflibercept,640,wk92,80.0,406.0,Heidelberg Spectralis,0,0
40,Aflibercept,706,wk100,66.0,356.0,Heidelberg Spectralis,1,0
40,Aflibercept,721,wk104,71.0,374.0,Heidelberg Spectralis,0,0
41,Aflibercept,0,baseline,61.0,356.0,Heidelberg Spectralis,1,0
41,Aflibercept,33,wk4,71.0,288.0,Heidelberg Spectralis,1,0
41,Aflibercept,54,wk8,73.0,341.0,Heidelberg Spectralis,1,0
41,Aflibercept,79,wk12,82.0,266.0,Heidelberg Spectralis,1,0
41,Aflibercept,106,wk16,75.0,273.0,Heidelberg Spectralis,1,0
41,Aflibercept,145,wk20,82.0,179.0,Heidelberg Spectralis,0,0
41,Aflibercept,168,wk24,81.0,228.0,Heidelberg Spectralis,1,0
41,Aflibercept,197,wk28,84.0,,,1,0
41,Aflibercept,217,wk32,86.0,220.0,Heidelberg Spectralis,1,0
41,Aflibercept,254,wk36,87.0,194.0,Heidelberg Spectralis,1,0
41,Aflibercept,283,wk40,83.0,,,1,0
41,Aflibercept,308,wk44,91.0,291.0,Heidelberg Spectralis,1,0
41,Aflibercept,338,wk48,84.0,230.0,Heidelberg Spectralis,0,0
41,Aflibercept,362,wk52,85.0,225.0,Heidelberg Spectralis,1,0
41,Aflibercept,386,wk56,82.0,201.0,Heidelberg Spectralis,0,0
41,Aflibercept,505,wk72,92.0,216.0,Heidelberg Spectralis,0,0
41,Aflibercept,594,wk84,92.0,,,1,0
41,Aflibercept,615,wk88,83.0,150.0,Heidelberg Spectralis,1,0
41,Aflibercept,727,wk104,93.0,190.0,Heidelberg Spectralis,0,0
42,Ranibizumab,0,baseline,69.0,576.0,Zeiss Cirrus,1,0
42,Ranibizumab,30,wk4,76.0,475.0,Zeiss Cirrus,1,0
42,Ranibizumab,59,wk8,65.0,416.0,Zeiss Cirrus,1,0
42,Ranibizumab,87,wk12,73.0,374.0,Zeiss Cirrus,1,0
42,Ranibizumab,109,wk16,70.0,324.0,Zeiss Cirrus,0,0
42,Ranibizumab,133,wk20,64.0,,,1,0
42,Ranibizumab,162,wk24,67.0,,,0,0
42,Ranibizumab,191,wk28,64.0,,,1,0
42,Ranibizumab,217,wk32,70.0,353.0,Zeiss Cirrus,0,0
42,Ranibizumab,258,wk36,61.0,325.0,Zeiss Cirrus,1,0
42,Ranibizumab,282,wk40,67.0,361.0,Zeiss Cirrus,0,0
42,Ranibizumab,312,wk44,73.0,355.0,Zeiss Cirrus,0,0
42,Ranibizumab,336,wk48,66.0,335.0,Zeiss Cirrus,1,0
42,Ranibizumab,367,wk52,66.0,336.0,Zeiss Cirrus,0,0
42,Ranibizumab,396,wk56,67.0,307.0,Zeiss Cirrus,0,0
42,Ranibizumab,422,wk60,66.0,343.0,Zeiss Cirrus,1,0
42,Ranibizumab,450,wk64,70.0,316.0,Zeiss Cirrus,1,0
42,Ranibizumab,469,wk68,67.0,,,0,0
42,Ranibizumab,539,wk76,73.0,,,0,0
42,Ranibizumab,557,wk80,78.0,295.0,Zeiss Cirrus,1,0
42,Ranibizumab,589,wk84,77.0,269.0,Zeiss Cirrus,0,0
42,Ranibizumab,619,wk88,62.0,287.0,Zeiss Cirrus,1,0
42,Ranibizumab,647,wk92,76.0,365.0,Zeiss Cirrus,0,0
42,Ranibizumab,702,wk100,73.0,284.0,Zeiss Cirrus,1,0
42,Ranibizumab,725,wk104,78.0,312.0,Zeiss Cirrus,0,0
43,Ranibizumab,0,baseline,61.0,548.0,Zeiss Cirrus,1,0
43,Ranibizumab,27,wk4,60.0,525.0,Zeiss Cirrus,1,0
43,Ranibizumab,52,wk8,64.0,514.0,Zeiss Cirrus,1,0
43,Ranibizumab,82,wk12,74.0,465.0,Zeiss Cirrus,1,0
43,Ranibizumab,107,wk16,65.0,,,1,0
43,Ranibizumab,135,wk20,66.0,443.0,Zeiss Cirrus,0,0
43,Ranibizumab,164,wk24,72.0,493.0,Zeiss Cirrus,1,0
43,Ranibizumab,195,wk28,67.0,435.0,Zeiss Cirrus,0,0
43,Ranibizumab,230,wk32,63.0,483.0,Zeiss Cirrus,0,0
43,Ranibizumab,253,wk36,65.0,471.0,Zeiss Cirrus,1,0
43,Ranibizumab,282,wk40,66.0,416.0,Zeiss Cirrus,1,0
43,Ranibizumab,311,wk44,72.0,404.0,Zeiss Cirrus,0,0
43,Ranibizumab,341,wk48,68.0,438.0,Zeiss Cirrus,0,1
43,Ranibizumab,359,wk52,68.0,424.0,Zeiss Cirrus,0,0
43,Ranibizumab,453,wk64,68.0,432.0,Zeiss Cirrus,0,0
43,Ranibizumab,560,wk80,65.0,470.0,Zeiss Cirrus,0,0
43,Ranibizumab,640,wk92,73.0,440.0,Zeiss Cirrus,0,0
43,Ranibizumab,696,wk100,75.0,485.0,Zeiss Cirrus,1,0
43,Ranibizumab,724,wk104,75.0,480.0,Zeiss Cirrus,0,0
44,Ranibizumab,0,baseline,77.0,299.0,Heidelberg Spectralis,1,0
44,Ranibizumab,33,wk4,85.0,254.0,Heidelberg Spectralis,1,0
44,Ranibizumab,51,wk8,82.0,325.0,Heidelberg Spectralis,1,0
44,Ranibizumab,79,wk12,79.0,,,1,0
44,Ranibizumab,106,wk16,84.0,287.0,Heidelberg Spectralis,1,0
44,Ranibizumab,139,wk20,85.0,343.0,Heidelberg Spectralis,0,0
44,Ranibizumab,169,wk24,89.0,347.0,Heidelberg Spectralis,0,1
44,Ranibizumab,195,wk28,87.0,,,1,0
44,Ranibizumab,228,wk32,80.0,370.0,Heidelberg Spectralis,0,0
44,Ranibizumab,250,wk36,76.0,375.0,Heidelberg Spectralis,1,0
44,Ranibizumab,285,wk40,90.0,359.0,Heidelberg Spectralis,0,0
44,Ranibizumab,311,wk44,81.0,374.0,Heidelberg Spectralis,1,0
44,Ranibizumab,334,wk48,79.0,358.0,Heidelberg Spectralis,1,0
44,Ranibizumab,368,wk52,84.0,364.0,Heidelberg Spectralis,1,0
44,Ranibizumab,396,wk56,79.0,319.0,Heidelberg Spectralis,0,0
44,Ranibizumab,502,wk72,92.0,384.0,Heidelberg Spectralis,1,0
44,Ranibizumab,561,wk80,90.0,,,1,0
44,Ranibizumab,645,wk92,93.0,,,0,0
44,Ranibizumab,673,wk96,94.0,281.0,Heidelberg Spectralis,1,0
44,Ranibizumab,693,wk100,89.0,262.0,Heidelberg Spectralis,0,0
44,Ranibizumab,729,wk104,96.0,286.0,Heidelberg Spectralis,0,0
45,Ranibizumab,0,baseline,68.0,614.0,Heidelberg Spectralis,1,0
45,Ranibizumab,23,wk4,65.0,604.0,Heidelberg Spectralis,1,0
45,Ranibizumab,53,wk8,65.0,517.0,Heidelberg Spectralis,1,0
45,Ranibizumab,82,wk12,73.0,514.0,Heidelberg Spectralis,1,0
45,Ranibizumab,107,wk16,70.0,484.0,Heidelberg Spectralis,1,0
45,Ranibizumab,144,wk20,78.0,,,1,0
45,Ranibizumab,161,wk24,70.0,503.0,Heidelberg Spectralis,1,0
45,Ranibizumab,194,wk28,66.0,474.0,Heidelberg Spectralis,1,0
45,Ranibizumab,225,wk32,81.0,479.0,Heidelberg Spectralis,1,0
45,Ranibizumab,247,wk36,72.0,452.0,Heidelberg Spectralis,1,0
45,Ranibizumab,275,wk40,77.0,483.0,Heidelberg Spectralis,1,0
45,Ranibizumab,311,wk44,72.0,425.0,Heidelberg Spectralis,1,0
45,Ranibizumab,333,wk48,71.0,467.0,Heidelberg Spectralis,1,1
45,Ranibizumab,360,wk52,72.0,475.0,Heidelberg Spectralis,1,0
45,Ranibizumab,392,wk56,72.0,499.0,Heidelberg Spectralis,0,0
45,Ranibizumab,446,wk64,71.0,,,1,0
45,Ranibizumab,479,wk68,76.0,524.0,Heidelberg Spectralis,0,0
45,Ranibizumab,509,wk72,67.0,480.0,Heidelberg Spectralis,0,0
45,Ranibizumab,526,wk76,65.0,532.0,Heidelberg Spectralis,0,0
45,Ranibizumab,582,wk84,75.0,462.0,Heidelberg Spectralis,0,0
45,Ranibizumab,695,wk100,62.0,504.0,Heidelberg Spectralis,1,1
45,Ranibizumab,731,wk104,68.0,493.0,Heidelberg Spectralis,0,0
46,Aflibercept,0,baseline,61.0,408.0,Zeiss Cirrus,1,0
46,Aflibercept,22,wk4,72.0,329.0,Zeiss Cirrus,1,0
46,Aflibercept,54,wk8,72.0,238.0,Zeiss Cirrus,1,0
46,Aflibercept,85,wk12,74.0,257.0,Zeiss Cirrus,1,0
46,Aflibercept,112,wk16,76.0,242.0,Zeiss Cirrus,0,0
46,Aflibercept,146,wk20,76.0,197.0,Zeiss Cirrus,1,0
46,Aflibercept,175,wk24,71.0,209.0,Zeiss Cirrus,1,0
46,Aflibercept,190,wk28,68.0,191.0,Zeiss Cirrus,0,0
46,Aflibercept,226,wk32,75.0,150.0,Zeiss Cirrus,0,0
46,Aflibercept,254,wk36,77.0,202.0,Zeiss Cirrus,1,0
46,Aflibercept,275,wk40,76.0,,,1,0
46,Aflibercept,310,wk44,77.0,176.0,Zeiss Cirrus,1,0
46,Aflibercept,336,wk48,80.0,,,0,0
46,Aflibercept,367,wk52,73.0,166.0,Zeiss Cirrus,0,0
46,Aflibercept,386,wk56,70.0,207.0,Zeiss Cirrus,0,0
46,Aflibercept,425,wk60,69.0,,,1,0
46,Aflibercept,446,wk64,73.0,209.0,Zeiss Cirrus,1,1
46,Aflibercept,473,wk68,68.0,,,1,0
46,Aflibercept,535,wk76,74.0,158.0,Zeiss Cirrus,1,0
46,Aflibercept,585,wk84,65.0,184.0,Zeiss Cirrus,1,0
46,Aflibercept,703,wk100,68.0,241.0,Zeiss Cirrus,0,0
46,Aflibercept,729,wk104,64.0,206.0,Zeiss Cirrus,0,0
47,Aflibercept,0,baseline,54.0,448.0,Zeiss Cirrus,1,0
47,Aflibercept,28,wk4,64.0,393.0,Zeiss Cirrus,1,0
47,Aflibercept,60,wk8,66.0,344.0,Zeiss Cirrus,1,0
47,Aflibercept,88,wk12,63.0,316.0,Zeiss Cirrus,1,0
47,Aflibercept,114,wk16,67.0,386.0,Zeiss Cirrus,0,0
47,Aflibercept,139,wk20,67.0,327.0,Zeiss Cirrus,1,0
47,Aflibercept,174,wk24,74.0,312.0,Zeiss Cirrus,1,1
47,Aflibercept,195,wk28,71.0,346.0,Zeiss Cirrus,1,0
47,Aflibercept,225,wk32,77.0,380.0,Zeiss Cirrus,1,0
47,Aflibercept,248,wk36,82.0,312.0,Zeiss Cirrus,0,0
47,Aflibercept,273,wk40,69.0,,,1,0
47,Aflibercept,302,wk44,81.0,273.0,Zeiss Cirrus,1,0
47,Aflibercept,343,wk48,76.0,307.0,Zeiss Cirrus,1,0
47,Aflibercept,369,wk52,74.0,328.0,Zeiss Cirrus,0,0
47,Aflibercept,424,wk60,83.0,325.0,Zeiss Cirrus,1,0
47,Aflibercept,455,wk64,78.0,264.0,Zeiss Cirrus,1,0
47,Aflibercept,473,wk68,74.0,332.0,Zeiss Cirrus,0,0
47,Aflibercept,504,wk72,77.0,375.0,Zeiss Cirrus,1,0
47,Aflibercept,533,wk76,75.0,326.0,Zeiss Cirrus,0,0
47,Aflibercept,644,wk92,68.0,326.0,Zeiss Cirrus,0,1
47,Aflibercept,722,wk104,74.0,341.0,Zeiss Cirrus,0,0
48,Bevacizumab,0,baseline,68.0,586.0,Heidelberg Spectralis,1,0
48,Bevacizumab,26,wk4,69.0,519.0,Heidelberg Spectralis,1,0
48,Bevacizumab,63,wk8,76.0,484.0,Heidelberg Spectralis,1,0
48,Bevacizumab,77,wk12,79.0,497.0,Heidelberg Spectralis,1,0
48,Bevacizumab,105,wk16,74.0,473.0,Heidelberg Spectralis,0,0
48,Bevacizumab,144,wk20,73.0,,,1,0
48,Bevacizumab,169,wk24,76.0,492.0,Heidelberg Spectralis,0,0
48,Bevacizumab,201,wk28,77.0,431.0,Heidelberg Spectralis,0,0
48,Bevacizumab,224,wk32,83.0,412.0,Heidelberg Spectralis,0,0
48,Bevacizumab,253,wk36,75.0,409.0,Heidelberg Spectralis,0,0
48,Bevacizumab,274,wk40,81.0,405.0,Heidelberg Spectralis,0,0
48,Bevacizumab,302,wk44,77.0,401.0,Heidelberg Spectralis,1,0
48,Bevacizumab,333,wk48,83.0,387.0,Heidelberg Spectralis,0,0
48,Bevacizumab,366,wk52,80.0,422.0,Heidelberg Spectralis,0,0
48,Bevacizumab,397,wk56,83.0,473.0,Heidelberg Spectralis,1,0
48,Bevacizumab,500,wk72,84.0,450.0,Heidelberg Spectralis,1,0
48,Bevacizumab,590,wk84,85.0,,,1,0
48,Bevacizumab,616,wk88,81.0,,,0,0
48,Bevacizumab,637,wk92,81.0,505.0,Heidelberg Spectralis,1,0
48,Bevacizumab,706,wk100,87.0,472.0,Heidelberg Spectralis,0,0
48,Bevacizumab,725,wk104,85.0,491.0,Heidelberg Spectralis,0,0
49,Aflibercept,0,baseline,69.0,660.0,Heidelberg Spectralis,1,0
49,Aflibercept,34,wk4,64.0,550.0,Heidelberg Spectralis,1,0
49,Aflibercept,57,wk8,72.0,475.0,Heidelberg Spectralis,1,0
49,Aflibercept,84,wk12,68.0,438.0,Heidelberg Spectralis,1,0
49,Aflibercept,113,wk16,73.0,466.0,Heidelberg Spectralis,0,0
49,Aflibercept,136,wk20,72.0,381.0,Heidelberg Spectralis,0,0
49,Aflibercept,167,wk24,72.0,378.0,Heidelberg Spectralis,0,0
49,Aflibercept,200,wk28,72.0,358.0,Heidelberg Spectralis,1,0
49,Aflibercept,217,wk32,71.0,346.0,Heidelberg Spectralis,0,0
49,Aflibercept,248,wk36,69.0,396.0,Heidelberg Spectralis,0,0
49,Aflibercept,276,wk40,69.0,,,0,0
49,Aflibercept,311,wk44,68.0,339.0,Heidelberg Spectralis,0,0
49,Aflibercept,341,wk48,79.0,375.0,Heidelberg Spectralis,0,0
49,Aflibercept,359,wk52,71.0,358.0,Heidelberg Spectralis,1,0
49,Aflibercept,416,wk60,70.0,335.0,Heidelberg Spectralis,0,0
49,Aflibercept,444,wk64,73.0,411.0,Heidelberg Spectralis,0,0
49,Aflibercept,502,wk72,69.0,355.0,Heidelberg Spectralis,1,0
49,Aflibercept,586,wk84,68.0,412.0,Heidelberg Spectralis,1,0
49,Aflibercept,612,wk88,68.0,394.0,Heidelberg Spectralis,1,0
49,Aflibercept,639,wk92,62.0,343.0,Heidelberg Spectralis,0,0
50,Aflibercept,0,baseline,72.0,543.0,Zeiss Cirrus,1,0
50,Aflibercept,24,wk4,75.0,491.0,Zeiss Cirrus,1,0
50,Aflibercept,57,wk8,73.0,,,1,0
50,Aflibercept,81,wk12,79.0,381.0,Zeiss Cirrus,1,0
50,Aflibercept,114,wk16,82.0,334.0,Zeiss Cirrus,0,0
50,Aflibercept,133,wk20,87.0,379.0,Zeiss Cirrus,1,0
50,Aflibercept,162,wk24,84.0,341.0,Zeiss Cirrus,1,0
50,Aflibercept,189,wk28,89.0,348.0,Zeiss Cirrus,1,0
50,Aflibercept,222,wk32,81.0,299.0,Zeiss Cirrus,1,0
50,Aflibercept,253,wk36,84.0,330.0,Zeiss Cirrus,1,0
50,Aflibercept,284,wk40,79.0,359.0,Zeiss Cirrus,1,1
50,Aflibercept,302,wk44,86.0,340.0,Zeiss Cirrus,0,0
50,Aflibercept,338,wk48,82.0,328.0,Zeiss Cirrus,0,0
50,Aflibercept,367,wk52,82.0,329.0,Zeiss Cirrus,1,0
50,Aflibercept,418,wk60,85.0,322.0,Zeiss Cirrus,1,0
50,Aflibercept,453,wk64,79.0,291.0,Zeiss Cirrus,1,0
50,Aflibercept,501,wk72,86.0,333.0,Zeiss Cirrus,0,0
50,Aflibercept,535,wk76,73.0,339.0,Zeiss Cirrus,0,0
50,Aflibercept,566,wk80,72.0,330.0,Zeiss Cirrus,0,0
50,Aflibercept,613,wk88,74.0,330.0,Zeiss Cirrus,0,0
50,Aflibercept,694,wk100,76.0,362.0,Zeiss Cirrus,0,0
50,Aflibercept,724,wk104,77.0,334.0,Zeiss Cirrus,0,0
51,Ranibizumab,0,baseline,55.0,479.0,Heidelberg Spectralis,1,0
51,Ranibizumab,33,wk4,65.0,490.0,Heidelberg Spectralis,1,0
51,Ranibizumab,60,wk8,64.0,438.0,Heidelberg Spectralis,1,0
51,Ranibizumab,86,wk12,72.0,408.0,Heidelberg Spectralis,1,0
51,Ranibizumab,107,wk16,67.0,374.0,Heidelberg Spectralis,0,0
51,Ranibizumab,145,wk20,72.0,417.0,Heidelberg Spectralis,0,0
51,Ranibizumab,161,wk24,70.0,375.0,Heidelberg Spectralis,0,0
51,Ranibizumab,203,wk28,74.0,406.0,Heidelberg Spectralis,0,0
51,Ranibizumab,218,wk32,76.0,516.0,Heidelberg Spectralis,1,0
51,Ranibizumab,255,wk36,75.0,410.0,Heidelberg Spectralis,1,0
51,Ranibizumab,277,wk40,80.0,367.0,Heidelberg Spectralis,0,0
51,Ranibizumab,313,wk44,73.0,374.0,Heidelberg Spectralis,0,0
51,Ranibizumab,335,wk48,74.0,,,0,0
51,Ranibizumab,359,wk52,74.0,419.0,Heidelberg Spectralis,0,0
51,Ranibizumab,385,wk56,77.0,412.0,Heidelberg Spectralis,0,0
51,Ranibizumab,413,wk60,75.0,392.0,Heidelberg Spectralis,0,0
51,Ranibizumab,472,wk68,79.0,457.0,Heidelberg Spectralis,1,1
51,Ranibizumab,502,wk72,73.0,402.0,Heidelberg Spectralis,0,0
51,Ranibizumab,528,wk76,68.0,422.0,Heidelberg Spectralis,0,0
51,Ranibizumab,585,wk84,71.0,445.0,Heidelberg Spectralis,0,0
51,Ranibizumab,673,wk96,73.0,363.0,Heidelberg Spectralis,0,0
51,Ranibizumab,730,wk104,69.0,390.0,Heidelberg Spectralis,0,0
52,Aflibercept,0,baseline,71.0,338.0,Heidelberg Spectralis,1,0
52,Aflibercept,27,wk4,68.0,307.0,Heidelberg Spectralis,1,0
52,Aflibercept,58,wk8,65.0,297.0,Heidelberg Spectralis,1,0
52,Aflibercept,88,wk12,69.0,337.0,Heidelberg Spectralis,1,0
52,Aflibercept,115,wk16,60.0,296.0,Heidelberg Spectralis,0,0
52,Aflibercept,138,wk20,64.0,352.0,Heidelberg Spectralis,0,0
52,Aflibercept,167,wk24,62.0,,,1,0
52,Aflibercept,198,wk28,66.0,,,0,0
52,Aflibercept,219,wk32,66.0,343.0,Heidelberg Spectralis,0,0
52,Aflibercept,250,wk36,62.0,376.0,Heidelberg Spectralis,0,1
52,Aflibercept,282,wk40,69.0,,,0,0
52,Aflibercept,313,wk44,68.0,333.0,Heidelberg Spectralis,0,0
52,Aflibercept,338,wk48,64.0,280.0,Heidelberg Spectralis,1,0
52,Aflibercept,362,wk52,66.0,331.0,Heidelberg Spectralis,0,0
52,Aflibercept,444,wk64,74.0,326.0,Heidelberg Spectralis,0,0
52,Aflibercept,502,wk72,67.0,320.0,Heidelberg Spectralis,0,0
52,Aflibercept,588,wk84,66.0,348.0,Heidelberg Spectralis,0,0
52,Aflibercept,623,wk88,74.0,261.0,Heidelberg Spectralis,1,0
52,Aflibercept,671,wk96,64.0,339.0,Heidelberg Spectralis,0,0
52,Aflibercept,702,wk100,69.0,339.0,Heidelberg Spectralis,0,0
52,Aflibercept,730,wk104,68.0,337.0,Heidelberg Spectralis,0,0
53,Bevacizumab,0,baseline,47.0,272.0,Zeiss Cirrus,1,0
53,Bevacizumab,23,wk4,56.0,283.0,Zeiss Cirrus,1,0
53,Bevacizumab,50,wk8,50.0,381.0,Zeiss Cirrus,1,0
53,Bevacizumab,89,wk12,52.0,323.0,Zeiss Cirrus,1,0
53,Bevacizumab,105,wk16,55.0,,,1,0
53,Bevacizumab,133,wk20,59.0,330.0,Zeiss Cirrus,0,0
53,Bevacizumab,162,wk24,53.0,358.0,Zeiss Cirrus,1,0
53,Bevacizumab,198,wk28,62.0,350.0,Zeiss Cirrus,1,0
53,Bevacizumab,224,wk32,56.0,384.0,Zeiss Cirrus,1,0
53,Bevacizumab,256,wk36,54.0,397.0,Zeiss Cirrus,1,0
53,Bevacizumab,281,wk40,63.0,,,0,0
53,Bevacizumab,314,wk44,63.0,362.0,Zeiss Cirrus,1,0
53,Bevacizumab,329,wk48,59.0,378.0,Zeiss Cirrus,0,0
53,Bevacizumab,367,wk52,60.0,365.0,Zeiss Cirrus,0,0
53,Bevacizumab,393,wk56,59.0,,,0,0
53,Bevacizumab,503,wk72,64.0,338.0,Zeiss Cirrus,0,0
53,Bevacizumab,532,wk76,57.0,382.0,Zeiss Cirrus,0,0
53,Bevacizumab,609,wk88,65.0,389.0,Zeiss Cirrus,1,0
53,Bevacizumab,651,wk92,66.0,351.0,Zeiss Cirrus,1,0
53,Bevacizumab,698,wk100,62.0,423.0,Zeiss Cirrus,0,0
53,Bevacizumab,723,wk104,62.0,382.0,Zeiss Cirrus,0,0
54,Ranibizumab,0,baseline,73.0,527.0,Zeiss Cirrus,1,0
54,Ranibizumab,22,wk4,67.0,505.0,Zeiss Cirrus,1,0
54,Ranibizumab,51,wk8,75.0,424.0,Zeiss Cirrus,1,0
54,Ranibizumab,84,wk12,81.0,388.0,Zeiss Cirrus,1,0
54,Ranibizumab,106,wk16,74.0,432.0,Zeiss Cirrus,0,0
54,Ranibizumab,136,wk20,73.0,430.0,Zeiss Cirrus,1,0
54,Ranibizumab,168,wk24,69.0,,,1,0
54,Ranibizumab,202,wk28,75.0,374.0,Zeiss Cirrus,1,0
54,Ranibizumab,229,wk32,76.0,368.0,Zeiss Cirrus,1,0
54,Ranibizumab,256,wk36,73.0,347.0,Zeiss Cirrus,1,0
54,Ranibizumab,286,wk40,71.0,332.0,Zeiss Cirrus,1,0
54,Ranibizumab,307,wk44,73.0,401.0,Zeiss Cirrus,0,0
54,Ranibizumab,331,wk48,74.0,337.0,Zeiss Cirrus,0,0
54,Ranibizumab,371,wk52,75.0,359.0,Zeiss Cirrus,1,1
54,Ranibizumab,417,wk60,78.0,352.0,Zeiss Cirrus,1,0
54,Ranibizumab,444,wk64,75.0,,,1,0
54,Ranibizumab,503,wk72,70.0,356.0,Zeiss Cirrus,1,0
54,Ranibizumab,565,wk80,75.0,323.0,Zeiss Cirrus,1,0
54,Ranibizumab,619,wk88,72.0,400.0,Zeiss Cirrus,1,0
54,Ranibizumab,641,wk92,70.0,336.0,Zeiss Cirrus,1,0
54,Ranibizumab,700,wk100,71.0,342.0,Zeiss Cirrus,0,0
54,Ranibizumab,723,wk104,71.0,349.0,Zeiss Cirrus,0,0
55,Aflibercept,0,baseline,65.0,614.0,Heidelberg Spectralis,1,0
55,Aflibercept,28,wk4,70.0,520.0,Heidelberg Spectralis,1,0
55,Aflibercept,63,wk8,74.0,522.0,Heidelberg Spectralis,1,0
55,Aflibercept,82,wk12,80.0,547.0,Heidelberg Spectralis,1,0
55,Aflibercept,109,wk16,82.0,,,0,0
55,Aflibercept,143,wk20,81.0,561.0,Heidelberg Spectralis,0,0
55,Aflibercept,172,wk24,83.0,533.0,Heidelberg Spectralis,0,0
55,Aflibercept,198,wk28,87.0,,,1,0
55,Aflibercept,226,wk32,78.0,504.0,Heidelberg Spectralis,0,1
55,Aflibercept,257,wk36,86.0,556.0,Heidelberg Spectralis,1,0
55,Aflibercept,281,wk40,78.0,488.0,Heidelberg Spectralis,0,0
55,Aflibercept,314,wk44,89.0,472.0,Heidelberg Spectralis,0,0
55,Aflibercept,343,wk48,88.0,453.0,Heidelberg Spectralis,0,0
55,Aflibercept,365,wk52,85.0,506.0,Heidelberg Spectralis,0,0
55,Aflibercept,421,wk60,88.0,477.0,Heidelberg Spectralis,0,0
55,Aflibercept,451,wk64,88.0,,,0,0
55,Aflibercept,506,wk72,79.0,549.0,Heidelberg Spectralis,0,0
55,Aflibercept,526,wk76,84.0,476.0,Heidelberg Spectralis,0,0
55,Aflibercept,595,wk84,89.0,461.0,Heidelberg Spectralis,1,0
55,Aflibercept,637,wk92,91.0,462.0,Heidelberg Spectralis,1,0
55,Aflibercept,674,wk96,88.0,427.0,Heidelberg Spectralis,0,0
55,Aflibercept,721,wk104,86.0,466.0,Heidelberg Spectralis,0,0
56,Aflibercept,0,baseline,58.0,381.0,Heidelberg Spectralis,1,0
56,Aflibercept,22,wk4,71.0,298.0,Heidelberg Spectralis,1,0
56,Aflibercept,62,wk8,78.0,326.0,Heidelberg Spectralis,1,0
56,Aflibercept,91,wk12,74.0,,,1,0
56,Aflibercept,107,wk16,79.0,277.0,Heidelberg Spectralis,0,0
56,Aflibercept,143,wk20,82.0,258.0,Heidelberg Spectralis,1,0
56,Aflibercept,162,wk24,78.0,270.0,Heidelberg Spectralis,0,0
56,Aflibercept,194,wk28,85.0,234.0,Heidelberg Spectralis,1,0
56,Aflibercept,219,wk32,79.0,265.0,Heidelberg Spectralis,1,0
56,Aflibercept,257,wk36,76.0,251.0,Heidelberg Spectralis,1,0
56,Aflibercept,282,wk40,76.0,257.0,Heidelberg Spectralis,0,0
56,Aflibercept,309,wk44,77.0,213.0,Heidelberg Spectralis,0,0
56,Aflibercept,334,wk48,77.0,263.0,Heidelberg Spectralis,1,0
56,Aflibercept,361,wk52,82.0,244.0,Heidelberg Spectralis,1,0
56,Aflibercept,387,wk56,80.0,241.0,Heidelberg Spectralis,1,0
56,Aflibercept,447,wk64,79.0,281.0,Heidelberg Spectralis,1,1
56,Aflibercept,480,wk68,85.0,210.0,Heidelberg Spectralis,1,0
56,Aflibercept,509,wk72,78.0,222.0,Heidelberg Spectralis,0,0
56,Aflibercept,587,wk84,76.0,186.0,Heidelberg Spectralis,0,0
56,Aflibercept,651,wk92,77.0,,,1,0
56,Aflibercept,696,wk100,75.0,164.0,Heidelberg Spectralis,1,0
56,Aflibercept,721,wk104,75.0,186.0,Heidelberg Spectralis,0,0
57,Ranibizumab,0,baseline,73.0,403.0,Zeiss Cirrus,1,0
57,Ranibizumab,32,wk4,75.0,332.0,Zeiss Cirrus,1,0
57,Ranibizumab,49,wk8,85.0,300.0,Zeiss Cirrus,1,0
57,Ranibizumab,87,wk12,73.0,239.0,Zeiss Cirrus,1,0
57,Ranibizumab,106,wk16,70.0,263.0,Zeiss Cirrus,1,0
57,Ranibizumab,140,wk20,73.0,191.0,Zeiss Cirrus,1,0
57,Ranibizumab,171,wk24,72.0,,,0,0
57,Ranibizumab,196,wk28,78.0,276.0,Zeiss Cirrus,0,0
57,Ranibizumab,229,wk32,67.0,182.0,Zeiss Cirrus,0,0
57,Ranibizumab,249,wk36,85.0,,,0,0
57,Ranibizumab,280,wk40,74.0,185.0,Zeiss Cirrus,0,0
57,Ranibizumab,309,wk44,84.0,235.0,Zeiss Cirrus,0,0
57,Ranibizumab,339,wk48,71.0,178.0,Zeiss Cirrus,0,1
57,Ranibizumab,371,wk52,78.0,191.0,Zeiss Cirrus,1,0
57,Ranibizumab,392,wk56,74.0,210.0,Zeiss Cirrus,1,0
57,Ranibizumab,413,wk60,78.0,214.0,Zeiss Cirrus,1,0
57,Ranibizumab,450,wk64,77.0,160.0,Zeiss Cirrus,0,0
57,Ranibizumab,476,wk68,80.0,166.0,Zeiss Cirrus,1,0
57,Ranibizumab,539,wk76,78.0,190.0,Zeiss Cirrus,1,0
57,Ranibizumab,567,wk80,73.0,176.0,Zeiss Cirrus,1,0
57,Ranibizumab,612,wk88,73.0,166.0,Zeiss Cirrus,0,0
57,Ranibizumab,731,wk104,76.0,188.0,Zeiss Cirrus,0,0
58,Aflibercept,0,baseline,66.0,402.0,Heidelberg Spectralis,1,0
58,Aflibercept,23,wk4,89.0,339.0,Heidelberg Spectralis,1,0
58,Aflibercept,60,wk8,88.0,337.0,Heidelberg Spectralis,1,0
58,Aflibercept,80,wk12,81.0,,,1,0
58,Aflibercept,109,wk16,82.0,307.0,Heidelberg Spectralis,0,0
58,Aflibercept,137,wk20,94.0,274.0,Heidelberg Spectralis,0,0
58,Aflibercept,172,wk24,88.0,267.0,Heidelberg Spectralis,1,0
58,Aflibercept,200,wk28,79.0,264.0,Heidelberg Spectralis,1,0
58,Aflibercept,230,wk32,86.0,330.0,Heidelberg Spectralis,0,0
58,Aflibercept,247,wk36,91.0,327.0,Heidelberg Spectralis,1,0
58,Aflibercept,285,wk40,92.0,284.0,Heidelberg Spectralis,0,0
58,Aflibercept,305,wk44,85.0,320.0,Heidelberg Spectralis,1,0
58,Aflibercept,337,wk48,81.0,275.0,Heidelberg Spectralis,0,0
58,Aflibercept,360,wk52,90.0,260.0,Heidelberg Spectralis,1,0
58,Aflibercept,453,wk64,94.0,240.0,Heidelberg Spectralis,1,0
58,Aflibercept,470,wk68,85.0,223.0,Heidelberg Spectralis,0,0
58,Aflibercept,591,wk84,80.0,234.0,Heidelberg Spectralis,1,0
58,Aflibercept,611,wk88,83.0,,,1,0
58,Aflibercept,640,wk92,86.0,,,1,0
58,Aflibercept,699,wk100,76.0,175.0,Heidelberg Spectralis,1,0
58,Aflibercept,730,wk104,83.0,191.0,Heidelberg Spectralis,0,0
59,Bevacizumab,0,baseline,67.0,375.0,Zeiss Cirrus,1,0
59,Bevacizumab,23,wk4,72.0,303.0,Zeiss Cirrus,1,0
59,Bevacizumab,63,wk8,77.0,352.0,Zeiss Cirrus,1,0
59,Bevacizumab,85,wk12,78.0,376.0,Zeiss Cirrus,1,0
59,Bevacizumab,107,wk16,83.0,333.0,Zeiss Cirrus,1,0
59,Bevacizumab,134,wk20,85.0,370.0,Zeiss Cirrus,1,0
59,Bevacizumab,175,wk24,77.0,310.0,Zeiss Cirrus,1,0
59,Bevacizumab,197,wk28,79.0,,,1,0
59,Bevacizumab,226,wk32,83.0,340.0,Zeiss Cirrus,1,0
59,Bevacizumab,250,wk36,79.0,,,1,0
59,Bevacizumab,284,wk40,83.0,357.0,Zeiss Cirrus,1,1
59,Bevacizumab,308,wk44,79.0,354.0,Zeiss Cirrus,1,0
59,Bevacizumab,341,wk48,81.0,342.0,Zeiss Cirrus,1,0
59,Bevacizumab,365,wk52,81.0,339.0,Zeiss Cirrus,1,0
59,Bevacizumab,417,wk60,75.0,380.0,Zeiss Cirrus,0,0
59,Bevacizumab,446,wk64,82.0,359.0,Zeiss Cirrus,1,0
59,Bevacizumab,505,wk72,83.0,359.0,Zeiss Cirrus,1,0
59,Bevacizumab,614,wk88,76.0,323.0,Zeiss Cirrus,0,0
59,Bevacizumab,643,wk92,77.0,353.0,Zeiss Cirrus,1,0
59,Bevacizumab,665,wk96,80.0,316.0,Zeiss Cirrus,1,0
59,Bevacizumab,733,wk104,80.0,310.0,Zeiss Cirrus,0,0
60,Aflibercept,0,baseline,75.0,577.0,Heidelberg Spectralis,1,0
60,Aflibercept,35,wk4,89.0,534.0,Heidelberg Spectralis,1,0
60,Aflibercept,51,wk8,82.0,529.0,Heidelberg Spectralis,1,0
60,Aflibercept,90,wk12,89.0,508.0,Heidelberg Spectralis,1,0
60,Aflibercept,112,wk16,84.0,483.0,Heidelberg Spectralis,1,0
60,Aflibercept,137,wk20,87.0,495.0,Heidelberg Spectralis,1,0
60,Aflibercept,171,wk24,92.0,410.0,Heidelberg Spectralis,1,0
60,Aflibercept,189,wk28,88.0,428.0,Heidelberg Spectralis,0,0
60,Aflibercept,230,wk32,94.0,,,0,0
60,Aflibercept,249,wk36,91.0,449.0,Heidelberg Spectralis,0,1
60,Aflibercept,276,wk40,97.0,,,0,0
60,Aflibercept,309,wk44,89.0,462.0,Heidelberg Spectralis,1,0
60,Aflibercept,340,wk48,92.0,406.0,Heidelberg Spectralis,0,0
60,Aflibercept,396,wk56,87.0,423.0,Heidelberg Spectralis,0,0
60,Aflibercept,504,wk72,88.0,417.0,Heidelberg Spectralis,0,0
60,Aflibercept,584,wk84,85.0,384.0,Heidelberg Spectralis,1,0
60,Aflibercept,612,wk88,89.0,358.0,Heidelberg Spectralis,1,0
60,Aflibercept,669,wk96,84.0,340.0,Heidelberg Spectralis,1,0
60,Aflibercept,722,wk104,86.0,319.0,Heidelberg Spectralis,0,0
61,Ranibizumab,0,baseline,59.0,451.0,Zeiss Cirrus,1,0
61,Ranibizumab,21,wk4,67.0,,,1,0
61,Ranibizumab,55,wk8,66.0,375.0,Zeiss Cirrus,1,0
61,Ranibizumab,90,wk12,69.0,,,1,0
61,Ranibizumab,115,wk16,70.0,331.0,Zeiss Cirrus,1,0
61,Ranibizumab,140,wk20,69.0,273.0,Zeiss Cirrus,1,0
61,Ranibizumab,172,wk24,72.0,,,1,0
61,Ranibizumab,200,wk28,68.0,292.0,Zeiss Cirrus,1,0
61,Ranibizumab,225,wk32,83.0,306.0,Zeiss Cirrus,1,0
61,Ranibizumab,253,wk36,75.0,296.0,Zeiss Cirrus,1,0
61,Ranibizumab,282,wk40,76.0,260.0,Zeiss Cirrus,0,0
61,Ranibizumab,305,wk44,78.0,,,0,0
61,Ranibizumab,341,wk48,81.0,255.0,Zeiss Cirrus,0,0
61,Ranibizumab,366,wk52,76.0,284.0,Zeiss Cirrus,1,0
61,Ranibizumab,418,wk60,78.0,,,1,0
61,Ranibizumab,526,wk76,78.0,237.0,Zeiss Cirrus,1,0
61,Ranibizumab,566,wk80,75.0,345.0,Zeiss Cirrus,1,0
61,Ranibizumab,616,wk88,72.0,,,1,0
61,Ranibizumab,677,wk96,78.0,,,1,0
61,Ranibizumab,730,wk104,80.0,307.0,Zeiss Cirrus,0,0
62,Ranibizumab,0,baseline,77.0,407.0,Zeiss Cirrus,1,0
62,Ranibizumab,26,wk4,85.0,412.0,Zeiss Cirrus,1,0
62,Ranibizumab,52,wk8,91.0,369.0,Zeiss Cirrus,1,0
62,Ranibizumab,86,wk12,83.0,307.0,Zeiss Cirrus,1,0
62,Ranibizumab,112,wk16,87.0,,,0,0
62,Ranibizumab,144,wk20,84.0,367.0,Zeiss Cirrus,1,0
62,Ranibizumab,170,wk24,97.0,376.0,Zeiss Cirrus,0,0
62,Ranibizumab,198,wk28,92.0,,,0,0
62,Ranibizumab,231,wk32,94.0,,,0,0
62,Ranibizumab,245,wk36,89.0,376.0,Zeiss Cirrus,0,0
62,Ranibizumab,282,wk40,94.0,338.0,Zeiss Cirrus,1,0
62,Ranibizumab,301,wk44,95.0,310.0,Zeiss Cirrus,1,0
62,Ranibizumab,332,wk48,94.0,349.0,Zeiss Cirrus,1,0
62,Ranibizumab,365,wk52,92.0,340.0,Zeiss Cirrus,0,0
62,Ranibizumab,386,wk56,92.0,321.0,Zeiss Cirrus,0,0
62,Ranibizumab,421,wk60,91.0,340.0,Zeiss Cirrus,0,0
62,Ranibizumab,534,wk76,91.0,330.0,Zeiss Cirrus,1,0
62,Ranibizumab,594,wk84,92.0,400.0,Zeiss Cirrus,0,0
62,Ranibizumab,672,wk96,92.0,382.0,Zeiss Cirrus,1,0
62,Ranibizumab,698,wk100,98.0,382.0,Zeiss Cirrus,1,0
62,Ranibizumab,734,wk104,92.0,376.0,Zeiss Cirrus,0,0
63,Aflibercept,0,baseline,74.0,811.0,Zeiss Cirrus,1,0
63,Aflibercept,34,wk4,77.0,685.0,Zeiss Cirrus,1,0
63,Aflibercept,49,wk8,85.0,581.0,Zeiss Cirrus,1,0
63,Aflibercept,79,wk12,80.0,499.0,Zeiss Cirrus,1,0
63,Aflibercept,117,wk16,90.0,393.0,Zeiss Cirrus,0,0
63,Aflibercept,144,wk20,87.0,402.0,Zeiss Cirrus,0,0
63,Aflibercept,173,wk24,89.0,,,0,0
63,Aflibercept,194,wk28,91.0,299.0,Zeiss Cirrus,1,0
63,Aflibercept,228,wk32,95.0,,,0,0
63,Aflibercept,249,wk36,89.0,328.0,Zeiss Cirrus,0,0
63,Aflibercept,285,wk40,86.0,,,0,0
63,Aflibercept,303,wk44,89.0,307.0,Zeiss Cirrus,1,0
63,Aflibercept,333,wk48,89.0,294.0,Zeiss Cirrus,1,0
63,Aflibercept,366,wk52,89.0,,,1,0
63,Aflibercept,414,wk60,79.0,309.0,Zeiss Cirrus,1,0
63,Aflibercept,449,wk64,89.0,309.0,Zeiss Cirrus,0,0
63,Aflibercept,476,wk68,89.0,271.0,Zeiss Cirrus,0,0
63,Aflibercept,506,wk72,92.0,296.0,Zeiss Cirrus,0,0
63,Aflibercept,533,wk76,88.0,318.0,Zeiss Cirrus,1,0
63,Aflibercept,644,wk92,89.0,316.0,Zeiss Cirrus,1,0
63,Aflibercept,679,wk96,87.0,321.0,Zeiss Cirrus,0,0
63,Aflibercept,699,wk100,94.0,298.0,Zeiss Cirrus,1,0
63,Aflibercept,727,wk104,88.0,300.0,Zeiss Cirrus,0,0
64,Aflibercept,0,baseline,73.0,264.0,Zeiss Stratus,1,0
64,Aflibercept,35,wk4,71.0,293.0,Zeiss Stratus,1,0
64,Aflibercept,56,wk8,67.0,318.0,Zeiss Stratus,1,0
64,Aflibercept,88,wk12,62.0,308.0,Zeiss Stratus,1,0
64,Aflibercept,109,wk16,66.0,299.0,Zeiss Stratus,1,0
64,Aflibercept,143,wk20,64.0,279.0,Zeiss Stratus,1,0
64,Aflibercept,164,wk24,59.0,,,1,0
64,Aflibercept,198,wk28,62.0,305.0,Zeiss Stratus,1,0
64,Aflibercept,224,wk32,64.0,,,1,0
64,Aflibercept,248,wk36,66.0,363.0,Zeiss Stratus,1,0
64,Aflibercept,279,wk40,60.0,335.0,Zeiss Stratus,1,0
64,Aflibercept,308,wk44,67.0,,,1,0
64,Aflibercept,340,wk48,71.0,342.0,Zeiss Stratus,1,0
64,Aflibercept,365,wk52,62.0,311.0,Zeiss Stratus,0,0
64,Aflibercept,398,wk56,65.0,341.0,Zeiss Stratus,1,0
64,Aflibercept,445,wk64,52.0,308.0,Zeiss Stratus,1,0
64,Aflibercept,497,wk72,65.0,365.0,Zeiss Stratus,0,0
64,Aflibercept,589,wk84,67.0,,,0,0
64,Aflibercept,618,wk88,76.0,351.0,Zeiss Stratus,0,0
64,Aflibercept,645,wk92,68.0,366.0,Zeiss Stratus,0,0
64,Aflibercept,673,wk96,65.0,350.0,Zeiss Stratus,0,0
64,Aflibercept,729,wk104,73.0,374.0,Zeiss Stratus,0,0
65,Bevacizumab,0,baseline,56.0,513.0,Heidelberg Spectralis,1,0
65,Bevacizumab,29,wk4,60.0,438.0,Heidelberg Spectralis,1,0
65,Bevacizumab,50,wk8,54.0,,,1,0
65,Bevacizumab,77,wk12,57.0,,,1,0
65,Bevacizumab,106,wk16,61.0,423.0,Heidelberg Spectralis,1,0
65,Bevacizumab,144,wk20,60.0,410.0,Heidelberg Spectralis,1,0
65,Bevacizumab,173,wk24,62.0,407.0,Heidelberg Spectralis,1,1
65,Bevacizumab,193,wk28,59.0,380.0,Heidelberg Spectralis,0,0
65,Bevacizumab,221,wk32,60.0,353.0,Heidelberg Spectralis,1,0
65,Bevacizumab,246,wk36,66.0,366.0,Heidelberg Spectralis,1,0
65,Bevacizumab,279,wk40,67.0,321.0,Heidelberg Spectralis,1,0
65,Bevacizumab,309,wk44,67.0,369.0,Heidelberg Spectralis,0,0
65,Bevacizumab,338,wk48,60.0,368.0,Heidelberg Spectralis,0,0
65,Bevacizumab,370,wk52,61.0,384.0,Heidelberg Spectralis,1,0
65,Bevacizumab,394,wk56,66.0,420.0,Heidelberg Spectralis,0,0
65,Bevacizumab,441,wk64,60.0,329.0,Heidelberg Spectralis,0,0
65,Bevacizumab,556,wk80,63.0,462.0,Heidelberg Spectralis,0,0
65,Bevacizumab,648,wk92,66.0,417.0,Heidelberg Spectralis,1,0
65,Bevacizumab,728,wk104,64.0,428.0,Heidelberg Spectralis,0,0
66,Aflibercept,0,baseline,42.0,362.0,Heidelberg Spectralis,1,0
66,Aflibercept,27,wk4,47.0,290.0,Heidelberg Spectralis,1,0
66,Aflibercept,53,wk8,51.0,246.0,Heidelberg Spectralis,1,0
66,Aflibercept,88,wk12,52.0,289.0,Heidelberg Spectralis,1,0
66,Aflibercept,106,wk16,60.0,257.0,Heidelberg Spectralis,1,0
66,Aflibercept,147,wk20,56.0,249.0,Heidelberg Spectralis,1,0
66,Aflibercept,175,wk24,63.0,251.0,Heidelberg Spectralis,1,0
66,Aflibercept,199,wk28,61.0,192.0,Heidelberg Spectralis,1,0
66,Aflibercept,227,wk32,61.0,267.0,Heidelberg Spectralis,0,0
66,Aflibercept,246,wk36,61.0,276.0,Heidelberg Spectralis,1,0
66,Aflibercept,282,wk40,58.0,291.0,Heidelberg Spectralis,0,1
66,Aflibercept,303,wk44,58.0,252.0,Heidelberg Spectralis,0,0
66,Aflibercept,329,wk48,62.0,275.0,Heidelberg Spectralis,1,0
66,Aflibercept,358,wk52,62.0,247.0,Heidelberg Spectralis,0,0
66,Aflibercept,386,wk56,66.0,222.0,Heidelberg Spectralis,1,0
66,Aflibercept,469,wk68,57.0,310.0,Heidelberg Spectralis,1,0
66,Aflibercept,591,wk84,61.0,260.0,Heidelberg Spectralis,0,0
66,Aflibercept,620,wk88,58.0,240.0,Heidelberg Spectralis,0,0
66,Aflibercept,639,wk92,63.0,,,0,0
66,Aflibercept,669,wk96,61.0,236.0,Heidelberg Spectralis,1,0
66,Aflibercept,701,wk100,58.0,230.0,Heidelberg Spectralis,0,0
66,Aflibercept,729,wk104,60.0,256.0,Heidelberg Spectralis,0,0
67,Bevacizumab,0,baseline,69.0,413.0,Zeiss Cirrus,1,0
67,Bevacizumab,22,wk4,68.0,421.0,Zeiss Cirrus,1,0
67,Bevacizumab,56,wk8,68.0,,,1,0
67,Bevacizumab,79,wk12,69.0,442.0,Zeiss Cirrus,1,0
67,Bevacizumab,118,wk16,73.0,445.0,Zeiss Cirrus,0,0
67,Bevacizumab,143,wk20,81.0,442.0,Zeiss Cirrus,1,0
67,Bevacizumab,165,wk24,69.0,482.0,Zeiss Cirrus,0,0
67,Bevacizumab,197,wk28,79.0,509.0,Zeiss Cirrus,1,0
67,Bevacizumab,227,wk32,66.0,522.0,Zeiss Cirrus,0,0
67,Bevacizumab,255,wk36,80.0,492.0,Zeiss Cirrus,0,1
67,Bevacizumab,273,wk40,82.0,504.0,Zeiss Cirrus,1,0
67,Bevacizumab,304,wk44,75.0,470.0,Zeiss Cirrus,1,0
67,Bevacizumab,333,wk48,76.0,454.0,Zeiss Cirrus,0,0
67,Bevacizumab,367,wk52,75.0,497.0,Zeiss Cirrus,1,0
67,Bevacizumab,483,wk68,70.0,475.0,Zeiss Cirrus,1,0
67,Bevacizumab,527,wk76,73.0,504.0,Zeiss Cirrus,1,0
67,Bevacizumab,582,wk84,79.0,444.0,Zeiss Cirrus,1,0
67,Bevacizumab,623,wk88,74.0,,,1,0
67,Bevacizumab,648,wk92,68.0,489.0,Zeiss Cirrus,0,0
67,Bevacizumab,699,wk100,67.0,466.0,Zeiss Cirrus,0,0
67,Bevacizumab,728,wk104,72.0,482.0,Zeiss Cirrus,0,0
68,Bevacizumab,0,baseline,56.0,469.0,Heidelberg Spectralis,1,0
68,Bevacizumab,27,wk4,65.0,443.0,Heidelberg Spectralis,1,0
68,Bevacizumab,52,wk8,64.0,451.0,Heidelberg Spectralis,1,0
68,Bevacizumab,82,wk12,64.0,447.0,Heidelberg Spectralis,1,0
68,Bevacizumab,118,wk16,71.0,394.0,Heidelberg Spectralis,1,0
68,Bevacizumab,143,wk20,70.0,492.0,Heidelberg Spectralis,1,0
68,Bevacizumab,175,wk24,66.0,414.0,Heidelberg Spectralis,1,0
68,Bevacizumab,195,wk28,76.0,442.0,Heidelberg Spectralis,0,0
68,Bevacizumab,217,wk32,76.0,479.0,Heidelberg Spectralis,0,0
68,Bevacizumab,255,wk36,70.0,447.0,Heidelberg Spectralis,1,0
68,Bevacizumab,287,wk40,70.0,460.0,Heidelberg Spectralis,0,0
68,Bevacizumab,305,wk44,79.0,429.0,Heidelberg Spectralis,1,0
68,Bevacizumab,332,wk48,74.0,464.0,Heidelberg Spectralis,1,0
68,Bevacizumab,367,wk52,71.0,440.0,Heidelberg Spectralis,0,0
68,Bevacizumab,473,wk68,63.0,465.0,Heidelberg Spectralis,0,0
68,Bevacizumab,502,wk72,69.0,422.0,Heidelberg Spectralis,1,0
68,Bevacizumab,528,wk76,64.0,451.0,Heidelberg Spectralis,1,0
68,Bevacizumab,562,wk80,68.0,433.0,Heidelberg Spectralis,0,0
68,Bevacizumab,640,wk92,60.0,424.0,Heidelberg Spectralis,1,0
68,Bevacizumab,702,wk100,70.0,462.0,Heidelberg Spectralis,0,0
68,Bevacizumab,724,wk104,64.0,416.0,Heidelberg Spectralis,0,0
69,Aflibercept,0,baseline,64.0,,,1,0
69,Aflibercept,26,wk4,62.0,394.0,Zeiss Cirrus,1,0
69,Aflibercept,61,wk8,71.0,334.0,Zeiss Cirrus,1,0
69,Aflibercept,85,wk12,71.0,292.0,Zeiss Cirrus,1,0
69,Aflibercept,116,wk16,73.0,307.0,Zeiss Cirrus,0,0
69,Aflibercept,140,wk20,75.0,290.0,Zeiss Cirrus,1,0
69,Aflibercept,174,wk24,68.0,259.0,Zeiss Cirrus,1,0
69,Aflibercept,196,wk28,76.0,,,0,0
69,Aflibercept,231,wk32,69.0,240.0,Zeiss Cirrus,0,0
69,Aflibercept,253,wk36,77.0,253.0,Zeiss Cirrus,1,0
69,Aflibercept,279,wk40,74.0,194.0,Zeiss Cirrus,1,0
69,Aflibercept,308,wk44,72.0,262.0,Zeiss Cirrus,1,0
69,Aflibercept,342,wk48,77.0,205.0,Zeiss Cirrus,1,0
69,Aflibercept,367,wk52,74.0,245.0,Zeiss Cirrus,1,0
69,Aflibercept,386,wk56,74.0,,,0,0
69,Aflibercept,509,wk72,77.0,,,1,0
69,Aflibercept,536,wk76,72.0,249.0,Zeiss Cirrus,0,0
69,Aflibercept,556,wk80,72.0,233.0,Zeiss Cirrus,1,0
69,Aflibercept,641,wk92,75.0,258.0,Zeiss Cirrus,0,0
69,Aflibercept,674,wk96,74.0,284.0,Zeiss Cirrus,0,0
69,Aflibercept,705,wk100,80.0,203.0,Zeiss Cirrus,1,0
69,Aflibercept,725,wk104,74.0,257.0,Zeiss Cirrus,0,0
70,Aflibercept,0,baseline,68.0,429.0,Heidelberg Spectralis,1,0
70,Aflibercept,27,wk4,78.0,388.0,Heidelberg Spectralis,1,0
70,Aflibercept,53,wk8,83.0,340.0,Heidelberg Spectralis,1,0
70,Aflibercept,88,wk12,92.0,349.0,Heidelberg Spectralis,1,0
70,Aflibercept,108,wk16,99.0,291.0,Heidelberg Spectralis,0,0
70,Aflibercept,147,wk20,99.0,299.0,Heidelberg Spectralis,0,0
70,Aflibercept,167,wk24,94.0,310.0,Heidelberg Spectralis,1,0
70,Aflibercept,198,wk28,89.0,272.0,Heidelberg Spectralis,0,0
70,Aflibercept,218,wk32,100.0,255.0,Heidelberg Spectralis,0,0
70,Aflibercept,249,wk36,98.0,283.0,Heidelberg Spectralis,1,0
70,Aflibercept,281,wk40,100.0,283.0,Heidelberg Spectralis,0,0
70,Aflibercept,310,wk44,100.0,300.0,Heidelberg Spectralis,1,0
70,Aflibercept,331,wk48,94.0,281.0,Heidelberg Spectralis,0,0
70,Aflibercept,359,wk52,100.0,280.0,Heidelberg Spectralis,0,0
70,Aflibercept,387,wk56,98.0,256.0,Heidelberg Spectralis,1,0
70,Aflibercept,417,wk60,100.0,252.0,Heidelberg Spectralis,1,0
70,Aflibercept,441,wk64,100.0,262.0,Heidelberg Spectralis,1,0
70,Aflibercept,479,wk68,100.0,278.0,Heidelberg Spectralis,0,0
70,Aflibercept,526,wk76,100.0,235.0,Heidelberg Spectralis,0,0
70,Aflibercept,562,wk80,100.0,253.0,Heidelberg Spectralis,0,0
70,Aflibercept,611,wk88,98.0,214.0,Heidelberg Spectralis,1,0
70,Aflibercept,676,wk96,100.0,224.0,Heidelberg Spectralis,1,0
70,Aflibercept,722,wk104,100.0,264.0,Heidelberg Spectralis,0,0
71,Aflibercept,0,baseline,71.0,394.0,Zeiss Cirrus,1,0
71,Aflibercept,24,wk4,81.0,423.0,Zeiss Cirrus,1,0
71,Aflibercept,63,wk8,74.0,469.0,Zeiss Cirrus,1,0
71,Aflibercept,90,wk12,74.0,448.0,Zeiss Cirrus,1,0
71,Aflibercept,115,wk16,74.0,468.0,Zeiss Cirrus,1,0
71,Aflibercept,135,wk20,80.0,489.0,Zeiss Cirrus,0,0
71,Aflibercept,172,wk24,75.0,399.0,Zeiss Cirrus,1,0
71,Aflibercept,200,wk28,70.0,437.0,Zeiss Cirrus,0,0
71,Aflibercept,220,wk32,75.0,478.0,Zeiss Cirrus,0,0
71,Aflibercept,257,wk36,77.0,450.0,Zeiss Cirrus,0,0
71,Aflibercept,287,wk40,76.0,498.0,Zeiss Cirrus,0,0
71,Aflibercept,309,wk44,80.0,458.0,Zeiss Cirrus,0,0
71,Aflibercept,329,wk48,69.0,447.0,Zeiss Cirrus,0,0
71,Aflibercept,370,wk52,77.0,468.0,Zeiss Cirrus,0,0
71,Aflibercept,442,wk64,75.0,487.0,Zeiss Cirrus,1,0
71,Aflibercept,531,wk76,76.0,435.0,Zeiss Cirrus,0,0
71,Aflibercept,589,wk84,63.0,440.0,Zeiss Cirrus,1,0
71,Aflibercept,614,wk88,66.0,492.0,Zeiss Cirrus,1,0
71,Aflibercept,640,wk92,70.0,550.0,Zeiss Cirrus,0,0
71,Aflibercept,672,wk96,69.0,504.0,Zeiss Cirrus,1,0
71,Aflibercept,734,wk104,66.0,480.0,Zeiss Cirrus,0,0
72,Ranibizumab,0,baseline,76.0,427.0,Heidelberg Spectralis,1,0
72,Ranibizumab,32,wk4,79.0,467.0,Heidelberg Spectralis,1,0
72,Ranibizumab,63,wk8,77.0,,,1,0
72,Ranibizumab,90,wk12,77.0,453.0,Heidelberg Spectralis,1,0
72,Ranibizumab,112,wk16,81.0,461.0,Heidelberg Spectralis,1,0
72,Ranibizumab,142,wk20,83.0,,,0,0
72,Ranibizumab,173,wk24,86.0,456.0,Heidelberg Spectralis,0,0
72,Ranibizumab,203,wk28,80.0,464.0,Heidelberg Spectralis,0,0
72,Ranibizumab,218,wk32,86.0,429.0,Heidelberg Spectralis,1,0
72,Ranibizumab,252,wk36,83.0,470.0,Heidelberg Spectralis,1,0
72,Ranibizumab,278,wk40,76.0,508.0,Heidelberg Spectralis,0,0
72,Ranibizumab,305,wk44,80.0,,,0,1
72,Ranibizumab,334,wk48,82.0,468.0,Heidelberg Spectralis,1,0
72,Ranibizumab,367,wk52,82.0,451.0,Heidelberg Spectralis,0,0
72,Ranibizumab,482,wk68,80.0,457.0,Heidelberg Spectralis,1,0
72,Ranibizumab,591,wk84,73.0,436.0,Heidelberg Spectralis,0,0
72,Ranibizumab,622,wk88,79.0,479.0,Heidelberg Spectralis,1,0
72,Ranibizumab,647,wk92,74.0,493.0,Heidelberg Spectralis,1,0
72,Ranibizumab,666,wk96,78.0,422.0,Heidelberg Spectralis,1,0
72,Ranibizumab,696,wk100,74.0,440.0,Heidelberg Spectralis,0,0
72,Ranibizumab,721,wk104,74.0,466.0,Heidelberg Spectralis,0,0
73,Ranibizumab,0,baseline,66.0,335.0,Zeiss Cirrus,1,0
73,Ranibizumab,32,wk4,69.0,315.0,Zeiss Cirrus,1,0
73,Ranibizumab,57,wk8,69.0,333.0,Zeiss Cirrus,1,0
73,Ranibizumab,81,wk12,67.0,,,1,0
73,Ranibizumab,112,wk16,72.0,380.0,Zeiss Cirrus,1,0
73,Ranibizumab,141,wk20,70.0,338.0,Zeiss Cirrus,1,0
73,Ranibizumab,163,wk24,65.0,357.0,Zeiss Cirrus,1,0
73,Ranibizumab,197,wk28,73.0,313.0,Zeiss Cirrus,0,0
73,Ranibizumab,217,wk32,73.0,372.0,Zeiss Cirrus,0,0
73,Ranibizumab,259,wk36,77.0,359.0,Zeiss Cirrus,0,0
73,Ranibizumab,273,wk40,73.0,298.0,Zeiss Cirrus,0,0
73,Ranibizumab,304,wk44,78.0,,,1,0
73,Ranibizumab,339,wk48,72.0,,,1,0
73,Ranibizumab,366,wk52,70.0,347.0,Zeiss Cirrus,0,0
73,Ranibizumab,392,wk56,70.0,352.0,Zeiss Cirrus,0,0
73,Ranibizumab,455,wk64,74.0,375.0,Zeiss Cirrus,1,0
73,Ranibizumab,470,wk68,68.0,305.0,Zeiss Cirrus,0,0
73,Ranibizumab,498,wk72,68.0,356.0,Zeiss Cirrus,0,0
73,Ranibizumab,534,wk76,67.0,331.0,Zeiss Cirrus,1,0
73,Ranibizumab,588,wk84,79.0,356.0,Zeiss Cirrus,1,0
73,Ranibizumab,639,wk92,69.0,,,0,0
73,Ranibizumab,679,wk96,71.0,,,1,0
73,Ranibizumab,697,wk100,68.0,,,0,0
73,Ranibizumab,735,wk104,67.0,328.0,Zeiss Cirrus,0,0
74,Aflibercept,0,baseline,73.0,497.0,Zeiss Cirrus,1,0
74,Aflibercept,30,wk4,71.0,361.0,Zeiss Cirrus,1,0
74,Aflibercept,63,wk8,71.0,299.0,Zeiss Cirrus,1,0
74,Aflibercept,81,wk12,73.0,272.0,Zeiss Cirrus,1,0
74,Aflibercept,111,wk16,73.0,,,0,0
74,Aflibercept,143,wk20,76.0,239.0,Zeiss Cirrus,1,0
74,Aflibercept,171,wk24,77.0,166.0,Zeiss Cirrus,1,0
74,Aflibercept,197,wk28,76.0,203.0,Zeiss Cirrus,1,0
74,Aflibercept,230,wk32,65.0,193.0,Zeiss Cirrus,0,0
74,Aflibercept,252,wk36,75.0,,,1,0
74,Aflibercept,278,wk40,64.0,175.0,Zeiss Cirrus,1,0
74,Aflibercept,306,wk44,78.0,150.0,Zeiss Cirrus,1,0
74,Aflibercept,331,wk48,66.0,,,0,0
74,Aflibercept,365,wk52,72.0,180.0,Zeiss Cirrus,1,0
74,Aflibercept,387,wk56,76.0,236.0,Zeiss Cirrus,1,0
74,Aflibercept,469,wk68,74.0,,,1,0
74,Aflibercept,508,wk72,65.0,197.0,Zeiss Cirrus,1,0
74,Aflibercept,529,wk76,66.0,202.0,Zeiss Cirrus,0,0
74,Aflibercept,567,wk80,74.0,182.0,Zeiss Cirrus,0,0
74,Aflibercept,620,wk88,70.0,187.0,Zeiss Cirrus,0,0
74,Aflibercept,679,wk96,72.0,188.0,Zeiss Cirrus,0,0
74,Aflibercept,733,wk104,66.0,214.0,Zeiss Cirrus,0,0
75,Aflibercept,0,baseline,75.0,,,1,0
75,Aflibercept,27,wk4,83.0,,,1,0
75,Aflibercept,59,wk8,75.0,408.0,Heidelberg Spectralis,1,0
75,Aflibercept,82,wk12,79.0,450.0,Heidelberg Spectralis,1,0
75,Aflibercept,117,wk16,92.0,422.0,Heidelberg Spectralis,1,0
75,Aflibercept,135,wk20,81.0,394.0,Heidelberg Spectralis,1,0
75,Aflibercept,174,wk24,78.0,386.0,Heidelberg Spectralis,0,0
75,Aflibercept,202,wk28,80.0,379.0,Heidelberg Spectralis,1,0
75,Aflibercept,229,wk32,83.0,377.0,Heidelberg Spectralis,1,1
75,Aflibercept,246,wk36,77.0,,,1,0
75,Aflibercept,273,wk40,81.0,,,0,0
75,Aflibercept,306,wk44,83.0,401.0,Heidelberg Spectralis,1,0
75,Aflibercept,342,wk48,74.0,,,0,0
75,Aflibercept,357,wk52,81.0,398.0,Heidelberg Spectralis,0,0
75,Aflibercept,450,wk64,82.0,455.0,Heidelberg Spectralis,1,0
75,Aflibercept,469,wk68,86.0,,,0,0
75,Aflibercept,499,wk72,79.0,380.0,Heidelberg Spectralis,0,0
75,Aflibercept,563,wk80,84.0,406.0,Heidelberg Spectralis,0,0
75,Aflibercept,619,wk88,84.0,318.0,Heidelberg Spectralis,0,0
75,Aflibercept,696,wk100,83.0,372.0,Heidelberg Spectralis,1,0
75,Aflibercept,726,wk104,82.0,379.0,Heidelberg Spectralis,0,0
76,Aflibercept,0,baseline,68.0,475.0,Zeiss Cirrus,1,0
76,Aflibercept,25,wk4,68.0,,,1,0
76,Aflibercept,61,wk8,74.0,340.0,Zeiss Cirrus,1,0
76,Aflibercept,89,wk12,74.0,332.0,Zeiss Cirrus,1,0
76,Aflibercept,112,wk16,82.0,302.0,Zeiss Cirrus,0,0
76,Aflibercept,138,wk20,79.0,313.0,Zeiss Cirrus,0,0
76,Aflibercept,162,wk24,80.0,,,0,0
76,Aflibercept,194,wk28,81.0,,,1,0
76,Aflibercept,218,wk32,84.0,276.0,Zeiss Cirrus,1,0
76,Aflibercept,250,wk36,90.0,272.0,Zeiss Cirrus,1,0
76,Aflibercept,285,wk40,81.0,,,1,0
76,Aflibercept,314,wk44,80.0,234.0,Zeiss Cirrus,0,0
76,Aflibercept,340,wk48,83.0,227.0,Zeiss Cirrus,0,0
76,Aflibercept,370,wk52,84.0,258.0,Zeiss Cirrus,1,0
76,Aflibercept,388,wk56,90.0,254.0,Zeiss Cirrus,1,0
76,Aflibercept,420,wk60,87.0,264.0,Zeiss Cirrus,0,0
76,Aflibercept,482,wk68,84.0,,,0,0
76,Aflibercept,539,wk76,81.0,,,0,0
76,Aflibercept,554,wk80,85.0,275.0,Zeiss Cirrus,0,0
76,Aflibercept,587,wk84,81.0,251.0,Zeiss Cirrus,0,0
76,Aflibercept,665,wk96,84.0,237.0,Zeiss Cirrus,1,0
76,Aflibercept,732,wk104,85.0,249.0,Zeiss Cirrus,0,0
77,Aflibercept,0,baseline,68.0,422.0,Zeiss Cirrus,1,0
77,Aflibercept,34,wk4,73.0,401.0,Zeiss Cirrus,1,0
77,Aflibercept,51,wk8,75.0,376.0,Zeiss Cirrus,1,0
77,Aflibercept,82,wk12,78.0,386.0,Zeiss Cirrus,1,0
77,Aflibercept,105,wk16,77.0,432.0,Zeiss Cirrus,0,0
77,Aflibercept,146,wk20,77.0,330.0,Zeiss Cirrus,0,0
77,Aflibercept,174,wk24,81.0,390.0,Zeiss Cirrus,0,0
77,Aflibercept,202,wk28,76.0,369.0,Zeiss Cirrus,1,0
77,Aflibercept,225,wk32,80.0,391.0,Zeiss Cirrus,0,0
77,Aflibercept,255,wk36,86.0,384.0,Zeiss Cirrus,0,0
77,Aflibercept,283,wk40,80.0,378.0,Zeiss Cirrus,0,0
77,Aflibercept,314,wk44,79.0,372.0,Zeiss Cirrus,0,1
77,Aflibercept,336,wk48,80.0,396.0,Zeiss Cirrus,1,0
77,Aflibercept,371,wk52,82.0,378.0,Zeiss Cirrus,1,0
77,Aflibercept,472,wk68,83.0,387.0,Zeiss Cirrus,1,0
77,Aflibercept,562,wk80,85.0,344.0,Zeiss Cirrus,0,0
77,Aflibercept,610,wk88,78.0,,,0,0
77,Aflibercept,667,wk96,81.0,323.0,Zeiss Cirrus,1,0
77,Aflibercept,725,wk104,82.0,329.0,Zeiss Cirrus,0,0
78,Aflibercept,0,baseline,30.0,435.0,Heidelberg Spectralis,1,0
78,Aflibercept,35,wk4,49.0,393.0,Heidelberg Spectralis,1,0
78,Aflibercept,50,wk8,53.0,342.0,Heidelberg Spectralis,1,0
78,Aflibercept,79,wk12,57.0,313.0,Heidelberg Spectralis,1,0
78,Aflibercept,118,wk16,56.0,282.0,Heidelberg Spectralis,1,0
78,Aflibercept,134,wk20,68.0,,,1,0
78,Aflibercept,171,wk24,68.0,267.0,Heidelberg Spectralis,1,0
78,Aflibercept,198,wk28,70.0,226.0,Heidelberg Spectralis,1,0
78,Aflibercept,218,wk32,70.0,262.0,Heidelberg Spectralis,1,0
78,Aflibercept,256,wk36,71.0,,,1,0
78,Aflibercept,282,wk40,71.0,,,0,0
78,Aflibercept,308,wk44,72.0,206.0,Heidelberg Spectralis,1,0
78,Aflibercept,330,wk48,75.0,253.0,Heidelberg Spectralis,0,0
78,Aflibercept,367,wk52,72.0,239.0,Heidelberg Spectralis,0,0
78,Aflibercept,399,wk56,72.0,168.0,Heidelberg Spectralis,0,0
78,Aflibercept,414,wk60,70.0,279.0,Heidelberg Spectralis,0,0
78,Aflibercept,508,wk72,77.0,236.0,Heidelberg Spectralis,1,0
78,Aflibercept,567,wk80,76.0,212.0,Heidelberg Spectralis,0,0
78,Aflibercept,591,wk84,78.0,271.0,Heidelberg Spectralis,0,0
78,Aflibercept,616,wk88,69.0,217.0,Heidelberg Spectralis,0,0
78,Aflibercept,706,wk100,79.0,238.0,Heidelberg Spectralis,1,0
78,Aflibercept,734,wk104,76.0,218.0,Heidelberg Spectralis,0,0
79,Ranibizumab,0,baseline,62.0,566.0,Zeiss Cirrus,1,0
79,Ranibizumab,22,wk4,60.0,482.0,Zeiss Cirrus,1,0
79,Ranibizumab,54,wk8,73.0,456.0,Zeiss Cirrus,1,0
79,Ranibizumab,83,wk12,70.0,464.0,Zeiss Cirrus,1,0
79,Ranibizumab,114,wk16,72.0,490.0,Zeiss Cirrus,1,0
79,Ranibizumab,144,wk20,68.0,408.0,Zeiss Cirrus,1,0
79,Ranibizumab,161,wk24,71.0,429.0,Zeiss Cirrus,0,0
79,Ranibizumab,189,wk28,77.0,361.0,Zeiss Cirrus,1,0
79,Ranibizumab,227,wk32,83.0,383.0,Zeiss Cirrus,0,0
79,Ranibizumab,246,wk36,75.0,406.0,Zeiss Cirrus,0,0
79,Ranibizumab,284,wk40,79.0,,,1,0
79,Ranibizumab,306,wk44,79.0,440.0,Zeiss Cirrus,0,0
79,Ranibizumab,334,wk48,73.0,371.0,Zeiss Cirrus,0,1
79,Ranibizumab,370,wk52,75.0,391.0,Zeiss Cirrus,1,0
79,Ranibizumab,391,wk56,69.0,372.0,Zeiss Cirrus,1,0
79,Ranibizumab,473,wk68,69.0,414.0,Zeiss Cirrus,1,0
79,Ranibizumab,535,wk76,71.0,521.0,Zeiss Cirrus,0,0
79,Ranibizumab,554,wk80,78.0,481.0,Zeiss Cirrus,1,0
79,Ranibizumab,642,wk92,72.0,447.0,Zeiss Cirrus,1,0
79,Ranibizumab,697,wk100,78.0,488.0,Zeiss Cirrus,1,0
79,Ranibizumab,721,wk104,72.0,467.0,Zeiss Cirrus,0,0
80,Aflibercept,0,baseline,71.0,571.0,Heidelberg Spectralis,1,0
80,Aflibercept,31,wk4,76.0,521.0,Heidelberg Spectralis,1,0
80,Aflibercept,53,wk8,74.0,410.0,Heidelberg Spectralis,1,0
80,Aflibercept,81,wk12,79.0,371.0,Heidelberg Spectralis,1,0
80,Aflibercept,119,wk16,77.0,306.0,Heidelberg Spectralis,0,0
80,Aflibercept,138,wk20,79.0,353.0,Heidelberg Spectralis,0,0
80,Aflibercept,170,wk24,80.0,306.0,Heidelberg Spectralis,0,0
80,Aflibercept,203,wk28,78.0,303.0,Heidelberg Spectralis,1,0
80,Aflibercept,224,wk32,81.0,330.0,Heidelberg Spectralis,1,0
80,Aflibercept,252,wk36,74.0,291.0,Heidelberg Spectralis,0,0
80,Aflibercept,282,wk40,81.0,,,1,0
80,Aflibercept,302,wk44,83.0,,,1,0
80,Aflibercept,335,wk48,85.0,,,1,0
80,Aflibercept,366,wk52,80.0,288.0,Heidelberg Spectralis,0,0
80,Aflibercept,418,wk60,78.0,262.0,Heidelberg Spectralis,0,0
80,Aflibercept,453,wk64,81.0,248.0,Heidelberg Spectralis,1,0
80,Aflibercept,503,wk72,78.0,354.0,Heidelberg Spectralis,0,0
80,Aflibercept,538,wk76,76.0,287.0,Heidelberg Spectralis,0,0
80,Aflibercept,561,wk80,75.0,,,1,0
80,Aflibercept,667,wk96,79.0,277.0,Heidelberg Spectralis,0,0
80,Aflibercept,700,wk100,77.0,,,0,0
80,Aflibercept,735,wk104,80.0,242.0,Heidelberg Spectralis,0,0
81,Bevacizumab,0,baseline,58.0,624.0,Heidelberg Spectralis,1,0
81,Bevacizumab,33,wk4,61.0,538.0,Heidelberg Spectralis,1,0
81,Bevacizumab,50,wk8,76.0,498.0,Heidelberg Spectralis,1,0
81,Bevacizumab,91,wk12,71.0,473.0,Heidelberg Spectralis,1,0
81,Bevacizumab,112,wk16,76.0,458.0,Heidelberg Spectralis,0,0
81,Bevacizumab,134,wk20,78.0,383.0,Heidelberg Spectralis,1,0
81,Bevacizumab,168,wk24,72.0,453.0,Heidelberg Spectralis,0,0
81,Bevacizumab,196,wk28,76.0,,,1,0
81,Bevacizumab,221,wk32,76.0,406.0,Heidelberg Spectralis,0,0
81,Bevacizumab,257,wk36,74.0,396.0,Heidelberg Spectralis,1,0
81,Bevacizumab,287,wk40,81.0,422.0,Heidelberg Spectralis,0,0
81,Bevacizumab,311,wk44,81.0,347.0,Heidelberg Spectralis,0,0
81,Bevacizumab,332,wk48,80.0,390.0,Heidelberg Spectralis,1,0
81,Bevacizumab,361,wk52,78.0,390.0,Heidelberg Spectralis,0,0
81,Bevacizumab,396,wk56,73.0,382.0,Heidelberg Spectralis,0,0
81,Bevacizumab,419,wk60,78.0,408.0,Heidelberg Spectralis,0,0
81,Bevacizumab,505,wk72,78.0,,,1,0
81,Bevacizumab,560,wk80,76.0,394.0,Heidelberg Spectralis,0,0
81,Bevacizumab,587,wk84,73.0,397.0,Heidelberg Spectralis,1,0
81,Bevacizumab,617,wk88,74.0,345.0,Heidelberg Spectralis,1,0
81,Bevacizumab,651,wk92,75.0,438.0,Heidelberg Spectralis,1,0
81,Bevacizumab,669,wk96,71.0,428.0,Heidelberg Spectralis,1,0
81,Bevacizumab,724,wk104,72.0,398.0,Heidelberg Spectralis,0,0
82,Ranibizumab,0,baseline,71.0,493.0,Heidelberg Spectralis,1,0
82,Ranibizumab,25,wk4,75.0,495.0,Heidelberg Spectralis,1,0
82,Ranibizumab,56,wk8,78.0,406.0,Heidelberg Spectralis,1,0
82,Ranibizumab,91,wk12,73.0,440.0,Heidelberg Spectralis,1,0
82,Ranibizumab,107,wk16,78.0,409.0,Heidelberg Spectralis,1,0
82,Ranibizumab,141,wk20,79.0,402.0,Heidelberg Spectralis,1,0
82,Ranibizumab,162,wk24,77.0,365.0,Heidelberg Spectralis,1,0
82,Ranibizumab,189,wk28,73.0,340.0,Heidelberg Spectralis,1,0
82,Ranibizumab,221,wk32,74.0,,,0,0
82,Ranibizumab,245,wk36,80.0,324.0,Heidelberg Spectralis,1,0
82,Ranibizumab,282,wk40,73.0,382.0,Heidelberg Spectralis,1,0
82,Ranibizumab,307,wk44,72.0,380.0,Heidelberg Spectralis,0,0
82,Ranibizumab,335,wk48,84.0,408.0,Heidelberg Spectralis,1,0
82,Ranibizumab,366,wk52,78.0,377.0,Heidelberg Spectralis,0,0
82,Ranibizumab,390,wk56,78.0,354.0,Heidelberg Spectralis,1,0
82,Ranibizumab,482,wk68,77.0,379.0,Heidelberg Spectralis,1,0
82,Ranibizumab,511,wk72,73.0,410.0,Heidelberg Spectralis,0,0
82,Ranibizumab,564,wk80,76.0,395.0,Heidelberg Spectralis,1,0
82,Ranibizumab,673,wk96,79.0,362.0,Heidelberg Spectralis,0,0
82,Ranibizumab,694,wk100,86.0,364.0,Heidelberg Spectralis,1,0
82,Ranibizumab,726,wk104,80.0,349.0,Heidelberg Spectralis,0,0
83,Aflibercept,0,baseline,66.0,590.0,Zeiss Cirrus,1,0
83,Aflibercept,32,wk4,80.0,459.0,Zeiss Cirrus,1,0
83,Aflibercept,56,wk8,77.0,364.0,Zeiss Cirrus,1,0
83,Aflibercept,78,wk12,90.0,321.0,Zeiss Cirrus,1,0
83,Aflibercept,116,wk16,88.0,300.0,Zeiss Cirrus,0,0
83,Aflibercept,137,wk20,76.0,329.0,Zeiss Cirrus,1,0
83,Aflibercept,166,wk24,85.0,318.0,Zeiss Cirrus,0,0
83,Aflibercept,203,wk28,99.0,303.0,Zeiss Cirrus,1,0
83,Aflibercept,228,wk32,82.0,,,0,0
83,Aflibercept,250,wk36,92.0,249.0,Zeiss Cirrus,1,0
83,Aflibercept,278,wk40,84.0,232.0,Zeiss Cirrus,1,0
83,Aflibercept,303,wk44,85.0,228.0,Zeiss Cirrus,1,0
83,Aflibercept,335,wk48,89.0,263.0,Zeiss Cirrus,0,0
83,Aflibercept,364,wk52,89.0,247.0,Zeiss Cirrus,0,0
83,Aflibercept,413,wk60,88.0,260.0,Zeiss Cirrus,0,0
83,Aflibercept,539,wk76,90.0,205.0,Zeiss Cirrus,0,0
83,Aflibercept,558,wk80,89.0,151.0,Zeiss Cirrus,1,0
83,Aflibercept,589,wk84,93.0,220.0,Zeiss Cirrus,1,0
83,Aflibercept,665,wk96,88.0,180.0,Zeiss Cirrus,0,0
83,Aflibercept,703,wk100,90.0,199.0,Zeiss Cirrus,0,0
83,Aflibercept,727,wk104,90.0,150.0,Zeiss Cirrus,0,0
84,Ranibizumab,0,baseline,78.0,414.0,Heidelberg Spectralis,1,0
84,Ranibizumab,23,wk4,77.0,434.0,Heidelberg Spectralis,1,0
84,Ranibizumab,60,wk8,73.0,454.0,Heidelberg Spectralis,1,0
84,Ranibizumab,79,wk12,77.0,452.0,Heidelberg Spectralis,1,0
84,Ranibizumab,112,wk16,72.0,437.0,Heidelberg Spectralis,1,0
84,Ranibizumab,141,wk20,66.0,436.0,Heidelberg Spectralis,1,0
84,Ranibizumab,165,wk24,68.0,467.0,Heidelberg Spectralis,1,0
84,Ranibizumab,194,wk28,71.0,458.0,Heidelberg Spectralis,1,0
84,Ranibizumab,226,wk32,76.0,452.0,Heidelberg Spectralis,1,0
84,Ranibizumab,258,wk36,75.0,513.0,Heidelberg Spectralis,0,0
84,Ranibizumab,275,wk40,66.0,464.0,Heidelberg Spectralis,1,0
84,Ranibizumab,308,wk44,74.0,464.0,Heidelberg Spectralis,0,0
84,Ranibizumab,341,wk48,71.0,444.0,Heidelberg Spectralis,0,0
84,Ranibizumab,370,wk52,71.0,474.0,Heidelberg Spectralis,0,0
84,Ranibizumab,422,wk60,74.0,464.0,Heidelberg Spectralis,1,0
84,Ranibizumab,470,wk68,72.0,489.0,Heidelberg Spectralis,1,0
84,Ranibizumab,581,wk84,62.0,471.0,Heidelberg Spectralis,0,0
84,Ranibizumab,706,wk100,67.0,,,0,0
84,Ranibizumab,724,wk104,64.0,486.0,Heidelberg Spectralis,0,0
85,Ranibizumab,0,baseline,63.0,434.0,Heidelberg Spectralis,1,0
85,Ranibizumab,29,wk4,63.0,388.0,Heidelberg Spectralis,1,0
85,Ranibizumab,59,wk8,68.0,307.0,Heidelberg Spectralis,1,0
85,Ranibizumab,86,wk12,62.0,322.0,Heidelberg Spectralis,1,0
85,Ranibizumab,111,wk16,60.0,245.0,Heidelberg Spectralis,0,0
85,Ranibizumab,147,wk20,67.0,278.0,Heidelberg Spectralis,1,0
85,Ranibizumab,167,wk24,65.0,261.0,Heidelberg Spectralis,1,0
85,Ranibizumab,191,wk28,66.0,231.0,Heidelberg Spectralis,1,0
85,Ranibizumab,230,wk32,61.0,,,1,0
85,Ranibizumab,250,wk36,63.0,278.0,Heidelberg Spectralis,1,0
85,Ranibizumab,273,wk40,62.0,264.0,Heidelberg Spectralis,1,0
85,Ranibizumab,310,wk44,64.0,,,0,0
85,Ranibizumab,336,wk48,66.0,302.0,Heidelberg Spectralis,0,1
85,Ranibizumab,357,wk52,64.0,242.0,Heidelberg Spectralis,0,0
85,Ranibizumab,389,wk56,66.0,251.0,Heidelberg Spectralis,1,0
85,Ranibizumab,414,wk60,59.0,255.0,Heidelberg Spectralis,1,0
85,Ranibizumab,479,wk68,65.0,218.0,Heidelberg Spectralis,0,0
85,Ranibizumab,500,wk72,65.0,220.0,Heidelberg Spectralis,0,0
85,Ranibizumab,527,wk76,57.0,244.0,Heidelberg Spectralis,1,0
85,Ranibizumab,621,wk88,71.0,189.0,Heidelberg Spectralis,1,0
85,Ranibizumab,700,wk100,63.0,202.0,Heidelberg Spectralis,0,0
85,Ranibizumab,722,wk104,63.0,210.0,Heidelberg Spectralis,0,0
86,Ranibizumab,0,baseline,47.0,569.0,Zeiss Cirrus,1,0
86,Ranibizumab,34,wk4,52.0,,,1,0
86,Ranibizumab,52,wk8,60.0,407.0,Zeiss Cirrus,1,0
86,Ranibizumab,88,wk12,67.0,,,1,0
86,Ranibizumab,116,wk16,68.0,290.0,Zeiss Cirrus,1,0
86,Ranibizumab,143,wk20,67.0,285.0,Zeiss Cirrus,1,0
86,Ranibizumab,169,wk24,69.0,,,1,0
86,Ranibizumab,198,wk28,69.0,,,1,0
86,Ranibizumab,231,wk32,66.0,282.0,Zeiss Cirrus,1,0
86,Ranibizumab,256,wk36,68.0,325.0,Zeiss Cirrus,1,0
86,Ranibizumab,284,wk40,64.0,253.0,Zeiss Cirrus,1,0
86,Ranibizumab,301,wk44,67.0,301.0,Zeiss Cirrus,1,0
86,Ranibizumab,340,wk48,66.0,,,1,0
86,Ranibizumab,365,wk52,67.0,282.0,Zeiss Cirrus,1,0
86,Ranibizumab,393,wk56,65.0,,,1,0
86,Ranibizumab,419,wk60,73.0,253.0,Zeiss Cirrus,0,0
86,Ranibizumab,446,wk64,64.0,303.0,Zeiss Cirrus,1,0
86,Ranibizumab,507,wk72,67.0,,,0,0
86,Ranibizumab,529,wk76,66.0,,,1,0
86,Ranibizumab,560,wk80,70.0,293.0,Zeiss Cirrus,1,0
86,Ranibizumab,590,wk84,58.0,293.0,Zeiss Cirrus,1,0
86,Ranibizumab,649,wk92,66.0,,,0,0
86,Ranibizumab,704,wk100,64.0,327.0,Zeiss Cirrus,0,0
86,Ranibizumab,735,wk104,67.0,285.0,Zeiss Cirrus,0,0
87,Aflibercept,0,baseline,61.0,548.0,Heidelberg Spectralis,1,0
87,Aflibercept,33,wk4,64.0,477.0,Heidelberg Spectralis,1,0
87,Aflibercept,63,wk8,59.0,,,1,0
87,Aflibercept,77,wk12,72.0,412.0,Heidelberg Spectralis,1,0
87,Aflibercept,119,wk16,68.0,429.0,Heidelberg Spectralis,1,0
87,Aflibercept,144,wk20,78.0,417.0,Heidelberg Spectralis,1,0
87,Aflibercept,169,wk24,79.0,392.0,Heidelberg Spectralis,1,0
87,Aflibercept,201,wk28,76.0,427.0,Heidelberg Spectralis,1,0
87,Aflibercept,230,wk32,68.0,367.0,Heidelberg Spectralis,0,0
87,Aflibercept,252,wk36,72.0,347.0,Heidelberg Spectralis,1,0
87,Aflibercept,285,wk40,81.0,319.0,Heidelberg Spectralis,1,0
87,Aflibercept,309,wk44,84.0,374.0,Heidelberg Spectralis,1,0
87,Aflibercept,342,wk48,80.0,354.0,Heidelberg Spectralis,1,0
87,Aflibercept,358,wk52,78.0,370.0,Heidelberg Spectralis,0,0
87,Aflibercept,414,wk60,78.0,381.0,Heidelberg Spectralis,1,0
87,Aflibercept,442,wk64,84.0,383.0,Heidelberg Spectralis,0,0
87,Aflibercept,532,wk76,78.0,355.0,Heidelberg Spectralis,0,0
87,Aflibercept,586,wk84,77.0,360.0,Heidelberg Spectralis,0,0
87,Aflibercept,643,wk92,78.0,389.0,Heidelberg Spectralis,0,0
87,Aflibercept,671,wk96,80.0,431.0,Heidelberg Spectralis,0,0
87,Aflibercept,730,wk104,80.0,400.0,Heidelberg Spectralis,0,0
88,Aflibercept,0,baseline,67.0,356.0,Zeiss Stratus,1,0
88,Aflibercept,22,wk4,70.0,418.0,Zeiss Stratus,1,0
88,Aflibercept,63,wk8,75.0,,,1,0
88,Aflibercept,91,wk12,70.0,,,1,0
88,Aflibercept,107,wk16,70.0,356.0,Zeiss Stratus,0,0
88,Aflibercept,146,wk20,75.0,350.0,Zeiss Stratus,1,0
88,Aflibercept,167,wk24,72.0,,,0,0
88,Aflibercept,196,wk28,75.0,301.0,Zeiss Stratus,0,0
88,Aflibercept,230,wk32,71.0,383.0,Zeiss Stratus,0,0
88,Aflibercept,247,wk36,74.0,374.0,Zeiss Stratus,1,0
88,Aflibercept,280,wk40,77.0,358.0,Zeiss Stratus,1,0
88,Aflibercept,308,wk44,74.0,,,0,0
88,Aflibercept,339,wk48,74.0,,,0,0
88,Aflibercept,366,wk52,74.0,355.0,Zeiss Stratus,0,0
88,Aflibercept,419,wk60,75.0,,,1,0
88,Aflibercept,447,wk64,76.0,,,1,0
88,Aflibercept,478,wk68,69.0,306.0,Zeiss Stratus,0,0
88,Aflibercept,563,wk80,77.0,375.0,Zeiss Stratus,1,0
88,Aflibercept,586,wk84,77.0,361.0,Zeiss Stratus,0,0
88,Aflibercept,610,wk88,76.0,327.0,Zeiss Stratus,0,0
88,Aflibercept,645,wk92,78.0,368.0,Zeiss Stratus,0,0
88,Aflibercept,724,wk104,76.0,354.0,Zeiss Stratus,0,0
89,Ranibizumab,0,baseline,78.0,337.0,Zeiss Cirrus,1,0
89,Ranibizumab,23,wk4,84.0,353.0,Zeiss Cirrus,1,0
89,Ranibizumab,54,wk8,80.0,289.0,Zeiss Cirrus,1,0
89,Ranibizumab,89,wk12,80.0,287.0,Zeiss Cirrus,1,0
89,Ranibizumab,119,wk16,81.0,313.0,Zeiss Cirrus,1,0
89,Ranibizumab,142,wk20,83.0,256.0,Zeiss Cirrus,1,0
89,Ranibizumab,166,wk24,83.0,303.0,Zeiss Cirrus,1,0
89,Ranibizumab,197,wk28,89.0,270.0,Zeiss Cirrus,1,0
89,Ranibizumab,230,wk32,79.0,235.0,Zeiss Cirrus,1,0
89,Ranibizumab,256,wk36,84.0,201.0,Zeiss Cirrus,1,0
89,Ranibizumab,283,wk40,92.0,270.0,Zeiss Cirrus,1,0
89,Ranibizumab,302,wk44,87.0,239.0,Zeiss Cirrus,1,0
89,Ranibizumab,335,wk48,85.0,249.0,Zeiss Cirrus,1,0
89,Ranibizumab,366,wk52,83.0,261.0,Zeiss Cirrus,0,0
89,Ranibizumab,385,wk56,89.0,243.0,Zeiss Cirrus,1,0
89,Ranibizumab,419,wk60,74.0,231.0,Zeiss Cirrus,1,0
89,Ranibizumab,477,wk68,80.0,,,0,0
89,Ranibizumab,537,wk76,77.0,,,1,0
89,Ranibizumab,622,wk88,70.0,,,1,0
89,Ranibizumab,645,wk92,76.0,,,1,0
89,Ranibizumab,726,wk104,79.0,264.0,Zeiss Cirrus,0,0
90,Aflibercept,0,baseline,47.0,409.0,Zeiss Cirrus,1,0
90,Aflibercept,29,wk4,60.0,395.0,Zeiss Cirrus,1,0
90,Aflibercept,61,wk8,57.0,300.0,Zeiss Cirrus,1,0
90,Aflibercept,83,wk12,70.0,332.0,Zeiss Cirrus,1,0
90,Aflibercept,114,wk16,66.0,231.0,Zeiss Cirrus,1,0
90,Aflibercept,136,wk20,76.0,262.0,Zeiss Cirrus,1,0
90,Aflibercept,171,wk24,70.0,202.0,Zeiss Cirrus,1,0
90,Aflibercept,189,wk28,67.0,,,0,0
90,Aflibercept,223,wk32,70.0,209.0,Zeiss Cirrus,1,0
90,Aflibercept,258,wk36,72.0,175.0,Zeiss Cirrus,1,0
90,Aflibercept,275,wk40,73.0,249.0,Zeiss Cirrus,1,0
90,Aflibercept,315,wk44,75.0,199.0,Zeiss Cirrus,0,0
90,Aflibercept,333,wk48,66.0,220.0,Zeiss Cirrus,1,0
90,Aflibercept,358,wk52,70.0,206.0,Zeiss Cirrus,0,0
90,Aflibercept,416,wk60,75.0,167.0,Zeiss Cirrus,1,0
90,Aflibercept,448,wk64,72.0,258.0,Zeiss Cirrus,0,0
90,Aflibercept,481,wk68,78.0,184.0,Zeiss Cirrus,1,0
90,Aflibercept,505,wk72,71.0,203.0,Zeiss Cirrus,1,0
90,Aflibercept,527,wk76,67.0,199.0,Zeiss Cirrus,1,0
90,Aflibercept,555,wk80,67.0,217.0,Zeiss Cirrus,0,0
90,Aflibercept,610,wk88,75.0,,,0,0
90,Aflibercept,679,wk96,77.0,150.0,Zeiss Cirrus,0,0
90,Aflibercept,730,wk104,75.0,161.0,Zeiss Cirrus,0,0
91,Aflibercept,0,baseline,68.0,391.0,Heidelberg Spectralis,1,0
91,Aflibercept,21,wk4,67.0,,,1,0
91,Aflibercept,61,wk8,80.0,317.0,Heidelberg Spectralis,1,0
91,Aflibercept,86,wk12,73.0,257.0,Heidelberg Spectralis,1,0
91,Aflibercept,119,wk16,79.0,293.0,Heidelberg Spectralis,1,0
91,Aflibercept,138,wk20,84.0,296.0,Heidelberg Spectralis,0,0
91,Aflibercept,166,wk24,73.0,287.0,Heidelberg Spectralis,1,0
91,Aflibercept,190,wk28,78.0,,,1,0
91,Aflibercept,217,wk32,72.0,222.0,Heidelberg Spectralis,0,0
91,Aflibercept,253,wk36,68.0,202.0,Heidelberg Spectralis,1,0
91,Aflibercept,278,wk40,81.0,218.0,Heidelberg Spectralis,1,0
91,Aflibercept,314,wk44,79.0,228.0,Heidelberg Spectralis,0,0
91,Aflibercept,335,wk48,79.0,178.0,Heidelberg Spectralis,0,0
91,Aflibercept,361,wk52,76.0,211.0,Heidelberg Spectralis,1,0
91,Aflibercept,391,wk56,75.0,260.0,Heidelberg Spectralis,0,0
91,Aflibercept,418,wk60,73.0,211.0,Heidelberg Spectralis,1,0
91,Aflibercept,505,wk72,80.0,204.0,Heidelberg Spectralis,0,0
91,Aflibercept,590,wk84,74.0,236.0,Heidelberg Spectralis,0,0
91,Aflibercept,623,wk88,74.0,251.0,Heidelberg Spectralis,1,0
91,Aflibercept,648,wk92,80.0,198.0,Heidelberg Spectralis,1,0
91,Aflibercept,701,wk100,85.0,263.0,Heidelberg Spectralis,1,0
91,Aflibercept,731,wk104,79.0,229.0,Heidelberg Spectralis,0,0
92,Aflibercept,0,baseline,65.0,646.0,Zeiss Cirrus,1,0
92,Aflibercept,28,wk4,73.0,,,1,0
92,Aflibercept,50,wk8,76.0,467.0,Zeiss Cirrus,1,0
92,Aflibercept,88,wk12,77.0,365.0,Zeiss Cirrus,1,0
92,Aflibercept,105,wk16,80.0,,,1,0
92,Aflibercept,134,wk20,75.0,305.0,Zeiss Cirrus,1,0
92,Aflibercept,168,wk24,84.0,,,0,0
92,Aflibercept,193,wk28,79.0,256.0,Zeiss Cirrus,0,0
92,Aflibercept,222,wk32,80.0,290.0,Zeiss Cirrus,1,1
92,Aflibercept,249,wk36,81.0,312.0,Zeiss Cirrus,0,0
93,Bevacizumab,0,baseline,68.0,538.0,Heidelberg Spectralis,1,0
93,Bevacizumab,22,wk4,68.0,532.0,Heidelberg Spectralis,1,0
93,Bevacizumab,59,wk8,79.0,,,1,0
93,Bevacizumab,86,wk12,75.0,428.0,Heidelberg Spectralis,1,0
93,Bevacizumab,119,wk16,79.0,424.0,Heidelberg Spectralis,0,0
93,Bevacizumab,141,wk20,79.0,425.0,Heidelberg Spectralis,0,0
93,Bevacizumab,173,wk24,77.0,465.0,Heidelberg Spectralis,0,0
93,Bevacizumab,193,wk28,83.0,450.0,Heidelberg Spectralis,1,0
93,Bevacizumab,219,wk32,79.0,,,1,0
93,Bevacizumab,258,wk36,82.0,399.0,Heidelberg Spectralis,1,0
93,Bevacizumab,287,wk40,82.0,415.0,Heidelberg Spectralis,1,1
93,Bevacizumab,314,wk44,80.0,382.0,Heidelberg Spectralis,0,0
93,Bevacizumab,334,wk48,78.0,,,0,0
93,Bevacizumab,362,wk52,79.0,409.0,Heidelberg Spectralis,1,0
93,Bevacizumab,388,wk56,77.0,407.0,Heidelberg Spectralis,1,0
93,Bevacizumab,418,wk60,73.0,337.0,Heidelberg Spectralis,1,0
93,Bevacizumab,481,wk68,84.0,,,1,0
93,Bevacizumab,567,wk80,80.0,380.0,Heidelberg Spectralis,1,0
94,Aflibercept,0,baseline,76.0,359.0,Zeiss Cirrus,1,0
94,Aflibercept,23,wk4,73.0,335.0,Zeiss Cirrus,1,0
94,Aflibercept,60,wk8,72.0,316.0,Zeiss Cirrus,1,0
94,Aflibercept,89,wk12,74.0,345.0,Zeiss Cirrus,1,0
94,Aflibercept,106,wk16,71.0,253.0,Zeiss Cirrus,1,0
94,Aflibercept,134,wk20,68.0,246.0,Zeiss Cirrus,1,0
94,Aflibercept,175,wk24,70.0,283.0,Zeiss Cirrus,1,0
94,Aflibercept,196,wk28,75.0,,,0,0
94,Aflibercept,227,wk32,69.0,,,0,0
94,Aflibercept,257,wk36,74.0,265.0,Zeiss Cirrus,0,1
94,Aflibercept,275,wk40,67.0,244.0,Zeiss Cirrus,0,0
94,Aflibercept,313,wk44,72.0,238.0,Zeiss Cirrus,0,0
94,Aflibercept,337,wk48,69.0,252.0,Zeiss Cirrus,0,0
94,Aflibercept,365,wk52,72.0,260.0,Zeiss Cirrus,1,0
94,Aflibercept,416,wk60,73.0,317.0,Zeiss Cirrus,0,0
94,Aflibercept,442,wk64,74.0,276.0,Zeiss Cirrus,0,0
94,Aflibercept,472,wk68,70.0,325.0,Zeiss Cirrus,1,0
94,Aflibercept,538,wk76,70.0,292.0,Zeiss Cirrus,0,0
94,Aflibercept,554,wk80,72.0,216.0,Zeiss Cirrus,1,0
94,Aflibercept,594,wk84,75.0,265.0,Zeiss Cirrus,0,0
94,Aflibercept,643,wk92,61.0,261.0,Zeiss Cirrus,1,0
94,Aflibercept,673,wk96,75.0,254.0,Zeiss Cirrus,1,0
94,Aflibercept,703,wk100,58.0,243.0,Zeiss Cirrus,1,0
94,Aflibercept,724,wk104,68.0,283.0,Zeiss Cirrus,0,0
95,Ranibizumab,0,baseline,46.0,337.0,Zeiss Cirrus,1,0
95,Ranibizumab,23,wk4,56.0,375.0,Zeiss Cirrus,1,0
95,Ranibizumab,61,wk8,53.0,288.0,Zeiss Cirrus,1,0
95,Ranibizumab,78,wk12,51.0,303.0,Zeiss Cirrus,1,0
95,Ranibizumab,105,wk16,56.0,317.0,Zeiss Cirrus,1,0
95,Ranibizumab,138,wk20,52.0,289.0,Zeiss Cirrus,1,0
95,Ranibizumab,171,wk24,51.0,,,0,0
95,Ranibizumab,194,wk28,54.0,319.0,Zeiss Cirrus,1,0
95,Ranibizumab,218,wk32,60.0,309.0,Zeiss Cirrus,1,0
95,Ranibizumab,256,wk36,54.0,308.0,Zeiss Cirrus,1,0
95,Ranibizumab,280,wk40,57.0,282.0,Zeiss Cirrus,0,0
95,Ranibizumab,310,wk44,60.0,349.0,Zeiss Cirrus,1,0
95,Ranibizumab,335,wk48,64.0,303.0,Zeiss Cirrus,0,0
95,Ranibizumab,366,wk52,57.0,313.0,Zeiss Cirrus,1,0
95,Ranibizumab,415,wk60,62.0,348.0,Zeiss Cirrus,0,0
95,Ranibizumab,452,wk64,59.0,327.0,Zeiss Cirrus,0,0
95,Ranibizumab,499,wk72,49.0,314.0,Zeiss Cirrus,0,0
95,Ranibizumab,611,wk88,50.0,300.0,Zeiss Cirrus,0,0
95,Ranibizumab,724,wk104,48.0,348.0,Zeiss Cirrus,0,0
96,Ranibizumab,0,baseline,70.0,383.0,Heidelberg Spectralis,1,0
96,Ranibizumab,22,wk4,78.0,355.0,Heidelberg Spectralis,1,0
96,Ranibizumab,59,wk8,78.0,366.0,Heidelberg Spectralis,1,0
96,Ranibizumab,79,wk12,86.0,314.0,Heidelberg Spectralis,1,0
96,Ranibizumab,116,wk16,85.0,,,1,0
96,Ranibizumab,144,wk20,82.0,357.0,Heidelberg Spectralis,0,0
96,Ranibizumab,172,wk24,81.0,309.0,Heidelberg Spectralis,0,0
96,Ranibizumab,195,wk28,85.0,330.0,Heidelberg Spectralis,0,0
96,Ranibizumab,223,wk32,81.0,325.0,Heidelberg Spectralis,1,0
96,Ranibizumab,251,wk36,77.0,296.0,Heidelberg Spectralis,1,0
96,Ranibizumab,285,wk40,74.0,323.0,Heidelberg Spectralis,1,0
96,Ranibizumab,305,wk44,74.0,291.0,Heidelberg Spectralis,0,1
96,Ranibizumab,330,wk48,80.0,293.0,Heidelberg Spectralis,0,0
96,Ranibizumab,368,wk52,82.0,324.0,Heidelberg Spectralis,0,0
96,Ranibizumab,395,wk56,86.0,394.0,Heidelberg Spectralis,1,0
96,Ranibizumab,442,wk64,80.0,339.0,Heidelberg Spectralis,0,0
96,Ranibizumab,506,wk72,80.0,364.0,Heidelberg Spectralis,1,0
96,Ranibizumab,566,wk80,75.0,308.0,Heidelberg Spectralis,1,0
96,Ranibizumab,583,wk84,85.0,341.0,Heidelberg Spectralis,1,0
96,Ranibizumab,678,wk96,84.0,340.0,Heidelberg Spectralis,1,0
96,Ranibizumab,702,wk100,78.0,,,0,0
96,Ranibizumab,730,wk104,84.0,373.0,Heidelberg Spectralis,0,0
97,Aflibercept,0,baseline,70.0,332.0,Zeiss Stratus,1,0
97,Aflibercept,35,wk4,73.0,341.0,Zeiss Stratus,1,0
97,Aflibercept,49,wk8,68.0,340.0,Zeiss Stratus,1,0
97,Aflibercept,84,wk12,74.0,,,1,0
97,Aflibercept,109,wk16,79.0,270.0,Zeiss Stratus,1,0
97,Aflibercept,141,wk20,83.0,,,0,0
97,Aflibercept,174,wk24,75.0,263.0,Zeiss Stratus,1,0
97,Aflibercept,199,wk28,71.0,,,1,0
97,Aflibercept,220,wk32,84.0,332.0,Zeiss Stratus,1,0
97,Aflibercept,250,wk36,75.0,384.0,Zeiss Stratus,1,0
97,Aflibercept,282,wk40,69.0,295.0,Zeiss Stratus,0,0
97,Aflibercept,314,wk44,79.0,290.0,Zeiss Stratus,1,1
97,Aflibercept,336,wk48,70.0,335.0,Zeiss Stratus,1,0
97,Aflibercept,365,wk52,76.0,314.0,Zeiss Stratus,1,0
97,Aflibercept,387,wk56,76.0,348.0,Zeiss Stratus,0,0
97,Aflibercept,415,wk60,68.0,333.0,Zeiss Stratus,1,0
97,Aflibercept,453,wk64,73.0,325.0,Zeiss Stratus,1,0
97,Aflibercept,474,wk68,75.0,355.0,Zeiss Stratus,0,0
97,Aflibercept,554,wk80,77.0,,,1,0
97,Aflibercept,589,wk84,73.0,373.0,Zeiss Stratus,0,0
97,Aflibercept,693,wk100,84.0,353.0,Zeiss Stratus,0,0
97,Aflibercept,730,wk104,83.0,391.0,Zeiss Stratus,0,0
98,Aflibercept,0,baseline,75.0,412.0,Zeiss Cirrus,1,0
98,Aflibercept,27,wk4,78.0,,,1,0
98,Aflibercept,62,wk8,72.0,,,1,0
98,Aflibercept,91,wk12,76.0,295.0,Zeiss Cirrus,1,0
98,Aflibercept,106,wk16,78.0,,,1,0
98,Aflibercept,137,wk20,72.0,253.0,Zeiss Cirrus,1,0
98,Aflibercept,164,wk24,72.0,310.0,Zeiss Cirrus,1,0
98,Aflibercept,202,wk28,83.0,209.0,Zeiss Cirrus,0,0
98,Aflibercept,224,wk32,77.0,290.0,Zeiss Cirrus,0,0
98,Aflibercept,257,wk36,80.0,239.0,Zeiss Cirrus,1,0
98,Aflibercept,274,wk40,72.0,299.0,Zeiss Cirrus,0,0
98,Aflibercept,301,wk44,77.0,255.0,Zeiss Cirrus,0,0
98,Aflibercept,342,wk48,81.0,269.0,Zeiss Cirrus,0,0
98,Aflibercept,366,wk52,77.0,254.0,Zeiss Cirrus,1,0
98,Aflibercept,425,wk60,76.0,312.0,Zeiss Cirrus,1,0
98,Aflibercept,441,wk64,74.0,308.0,Zeiss Cirrus,0,0
98,Aflibercept,471,wk68,78.0,273.0,Zeiss Cirrus,1,0
98,Aflibercept,504,wk72,80.0,275.0,Zeiss Cirrus,1,1
98,Aflibercept,532,wk76,84.0,219.0,Zeiss Cirrus,0,0
98,Aflibercept,553,wk80,86.0,290.0,Zeiss Cirrus,0,0
98,Aflibercept,595,wk84,90.0,255.0,Zeiss Cirrus,1,0
98,Aflibercept,642,wk92,82.0,294.0,Zeiss Cirrus,0,0
98,Aflibercept,678,wk96,88.0,219.0,Zeiss Cirrus,0,0
98,Aflibercept,705,wk100,91.0,271.0,Zeiss Cirrus,0,0
98,Aflibercept,725,wk104,86.0,275.0,Zeiss Cirrus,0,0
99,Ranibizumab,0,baseline,58.0,583.0,Heidelberg Spectralis,1,0
99,Ranibizumab,24,wk4,52.0,,,1,0
99,Ranibizumab,57,wk8,56.0,400.0,Heidelberg Spectralis,1,0
99,Ranibizumab,86,wk12,61.0,,,1,0
99,Ranibizumab,112,wk16,65.0,325.0,Heidelberg Spectralis,1,0
99,Ranibizumab,133,wk20,73.0,328.0,Heidelberg Spectralis,1,0
99,Ranibizumab,172,wk24,61.0,361.0,Heidelberg Spectralis,1,0
99,Ranibizumab,189,wk28,63.0,316.0,Heidelberg Spectralis,1,0
99,Ranibizumab,229,wk32,70.0,358.0,Heidelberg Spectralis,1,0
99,Ranibizumab,255,wk36,57.0,322.0,Heidelberg Spectralis,1,0
99,Ranibizumab,277,wk40,69.0,273.0,Heidelberg Spectralis,1,1
99,Ranibizumab,310,wk44,58.0,,,1,0
99,Ranibizumab,329,wk48,70.0,318.0,Heidelberg Spectralis,1,0
99,Ranibizumab,358,wk52,66.0,310.0,Heidelberg Spectralis,0,0
99,Ranibizumab,396,wk56,67.0,306.0,Heidelberg Spectralis,0,0
99,Ranibizumab,422,wk60,64.0,,,1,0
99,Ranibizumab,507,wk72,68.0,282.0,Heidelberg Spectralis,0,0
99,Ranibizumab,619,wk88,67.0,321.0,Heidelberg Spectralis,0,0
99,Ranibizumab,651,wk92,53.0,269.0,Heidelberg Spectralis,1,0
99,Ranibizumab,672,wk96,58.0,303.0,Heidelberg Spectralis,0,0
99,Ranibizumab,704,wk100,58.0,332.0,Heidelberg Spectralis,0,0
99,Ranibizumab,727,wk104,60.0,321.0,Heidelberg Spectralis,0,0
100,Aflibercept,0,baseline,56.0,343.0,Zeiss Cirrus,1,0
100,Aflibercept,23,wk4,62.0,322.0,Zeiss Cirrus,1,0
100,Aflibercept,58,wk8,61.0,307.0,Zeiss Cirrus,1,0
100,Aflibercept,86,wk12,62.0,246.0,Zeiss Cirrus,1,0
100,Aflibercept,118,wk16,66.0,295.0,Zeiss Cirrus,1,0
100,Aflibercept,144,wk20,59.0,273.0,Zeiss Cirrus,1,0
100,Aflibercept,164,wk24,56.0,316.0,Zeiss Cirrus,0,0
100,Aflibercept,191,wk28,61.0,276.0,Zeiss Cirrus,1,0
100,Aflibercept,217,wk32,64.0,301.0,Zeiss Cirrus,1,0
100,Aflibercept,256,wk36,69.0,269.0,Zeiss Cirrus,1,0
100,Aflibercept,284,wk40,62.0,301.0,Zeiss Cirrus,0,0
100,Aflibercept,308,wk44,59.0,305.0,Zeiss Cirrus,1,0
100,Aflibercept,337,wk48,63.0,292.0,Zeiss Cirrus,1,0
100,Aflibercept,363,wk52,64.0,271.0,Zeiss Cirrus,1,0
100,Aflibercept,426,wk60,66.0,,,1,0
100,Aflibercept,538,wk76,65.0,240.0,Zeiss Cirrus,0,0
100,Aflibercept,639,wk92,70.0,311.0,Zeiss Cirrus,1,0
100,Aflibercept,667,wk96,69.0,338.0,Zeiss Cirrus,1,0
100,Aflibercept,728,wk104,69.0,305.0,Zeiss Cirrus,0,0
101,Bevacizumab,0,baseline,72.0,741.0,Zeiss Cirrus,1,0
101,Bevacizumab,26,wk4,78.0,669.0,Zeiss Cirrus,1,0
101,Bevacizumab,61,wk8,78.0,517.0,Zeiss Cirrus,1,0
101,Bevacizumab,77,wk12,79.0,489.0,Zeiss Cirrus,1,0
101,Bevacizumab,109,wk16,77.0,492.0,Zeiss Cirrus,1,0
101,Bevacizumab,140,wk20,78.0,510.0,Zeiss Cirrus,1,0
101,Bevacizumab,164,wk24,72.0,461.0,Zeiss Cirrus,1,0
101,Bevacizumab,189,wk28,80.0,441.0,Zeiss Cirrus,1,0
101,Bevacizumab,219,wk32,80.0,,,1,0
101,Bevacizumab,259,wk36,80.0,455.0,Zeiss Cirrus,1,0
101,Bevacizumab,283,wk40,82.0,472.0,Zeiss Cirrus,1,0
101,Bevacizumab,311,wk44,77.0,432.0,Zeiss Cirrus,1,0
101,Bevacizumab,336,wk48,83.0,,,1,0
101,Bevacizumab,371,wk52,81.0,449.0,Zeiss Cirrus,0,0
101,Bevacizumab,476,wk68,84.0,392.0,Zeiss Cirrus,1,0
101,Bevacizumab,526,wk76,82.0,447.0,Zeiss Cirrus,1,0
101,Bevacizumab,590,wk84,74.0,416.0,Zeiss Cirrus,1,0
101,Bevacizumab,616,wk88,74.0,,,0,1
101,Bevacizumab,721,wk104,82.0,404.0,Zeiss Cirrus,0,0
102,Aflibercept,0,baseline,77.0,370.0,Heidelberg Spectralis,1,0
102,Aflibercept,26,wk4,84.0,332.0,Heidelberg Spectralis,1,0
102,Aflibercept,54,wk8,90.0,322.0,Heidelberg Spectralis,1,0
102,Aflibercept,88,wk12,90.0,280.0,Heidelberg Spectralis,1,0
102,Aflibercept,119,wk16,87.0,,,0,0
102,Aflibercept,138,wk20,96.0,294.0,Heidelberg Spectralis,0,0
102,Aflibercept,169,wk24,100.0,336.0,Heidelberg Spectralis,0,0
102,Aflibercept,199,wk28,95.0,342.0,Heidelberg Spectralis,0,0
102,Aflibercept,219,wk32,97.0,277.0,Heidelberg Spectralis,0,0
102,Aflibercept,258,wk36,100.0,296.0,Heidelberg Spectralis,0,1
102,Aflibercept,278,wk40,100.0,350.0,Heidelberg Spectralis,0,0
102,Aflibercept,307,wk44,100.0,245.0,Heidelberg Spectralis,0,0
102,Aflibercept,335,wk48,93.0,322.0,Heidelberg Spectralis,0,0
102,Aflibercept,358,wk52,100.0,287.0,Heidelberg Spectralis,0,0
102,Aflibercept,399,wk56,95.0,281.0,Heidelberg Spectralis,0,0
102,Aflibercept,417,wk60,93.0,295.0,Heidelberg Spectralis,0,0
102,Aflibercept,443,wk64,99.0,238.0,Heidelberg Spectralis,0,0
102,Aflibercept,557,wk80,93.0,236.0,Heidelberg Spectralis,0,0
102,Aflibercept,645,wk92,91.0,169.0,Heidelberg Spectralis,1,0
102,Aflibercept,699,wk100,84.0,,,1,0
102,Aflibercept,723,wk104,86.0,210.0,Heidelberg Spectralis,0,0
103,Bevacizumab,0,baseline,62.0,311.0,Zeiss Cirrus,1,0
103,Bevacizumab,24,wk4,66.0,297.0,Zeiss Cirrus,1,0
103,Bevacizumab,50,wk8,65.0,,,1,0
103,Bevacizumab,78,wk12,72.0,267.0,Zeiss Cirrus,1,0
103,Bevacizumab,117,wk16,68.0,249.0,Zeiss Cirrus,1,0
103,Bevacizumab,134,wk20,75.0,256.0,Zeiss Cirrus,0,0
103,Bevacizumab,170,wk24,67.0,258.0,Zeiss Cirrus,1,0
103,Bevacizumab,193,wk28,75.0,260.0,Zeiss Cirrus,1,0
103,Bevacizumab,219,wk32,72.0,,,1,0
103,Bevacizumab,258,wk36,75.0,275.0,Zeiss Cirrus,1,0
103,Bevacizumab,283,wk40,80.0,226.0,Zeiss Cirrus,1,0
103,Bevacizumab,314,wk44,68.0,,,1,0
103,Bevacizumab,333,wk48,74.0,248.0,Zeiss Cirrus,0,1
103,Bevacizumab,370,wk52,74.0,265.0,Zeiss Cirrus,1,0
103,Bevacizumab,418,wk60,78.0,216.0,Zeiss Cirrus,1,0
103,Bevacizumab,505,wk72,72.0,199.0,Zeiss Cirrus,0,0
103,Bevacizumab,615,wk88,74.0,265.0,Zeiss Cirrus,1,0
103,Bevacizumab,694,wk100,72.0,285.0,Zeiss Cirrus,0,0
103,Bevacizumab,722,wk104,72.0,236.0,Zeiss Cirrus,0,0
104,Bevacizumab,0,baseline,75.0,665.0,Heidelberg Spectralis,1,0
104,Bevacizumab,32,wk4,68.0,,,1,0
104,Bevacizumab,60,wk8,69.0,602.0,Heidelberg Spectralis,1,0
104,Bevacizumab,91,wk12,70.0,549.0,Heidelberg Spectralis,1,0
104,Bevacizumab,118,wk16,68.0,502.0,Heidelberg Spectralis,0,0
104,Bevacizumab,139,wk20,67.0,501.0,Heidelberg Spectralis,1,0
104,Bevacizumab,173,wk24,68.0,470.0,Heidelberg Spectralis,1,0
104,Bevacizumab,191,wk28,71.0,433.0,Heidelberg Spectralis,1,1
104,Bevacizumab,226,wk32,72.0,476.0,Heidelberg Spectralis,0,0
104,Bevacizumab,253,wk36,70.0,441.0,Heidelberg Spectralis,1,0
104,Bevacizumab,278,wk40,74.0,468.0,Heidelberg Spectralis,1,0
104,Bevacizumab,302,wk44,71.0,485.0,Heidelberg Spectralis,0,0
104,Bevacizumab,333,wk48,67.0,439.0,Heidelberg Spectralis,1,0
104,Bevacizumab,365,wk52,71.0,473.0,Heidelberg Spectralis,1,0
104,Bevacizumab,396,wk56,66.0,514.0,Heidelberg Spectralis,0,0
104,Bevacizumab,453,wk64,66.0,454.0,Heidelberg Spectralis,0,0
104,Bevacizumab,556,wk80,60.0,,,1,0
104,Bevacizumab,643,wk92,68.0,479.0,Heidelberg Spectralis,0,0
104,Bevacizumab,675,wk96,68.0,502.0,Heidelberg Spectralis,0,0
104,Bevacizumab,729,wk104,69.0,514.0,Heidelberg Spectralis,0,0
105,Aflibercept,0,baseline,58.0,586.0,Zeiss Cirrus,1,0
105,Aflibercept,25,wk4,69.0,444.0,Zeiss Cirrus,1,0
105,Aflibercept,62,wk8,73.0,438.0,Zeiss Cirrus,1,0
105,Aflibercept,85,wk12,81.0,351.0,Zeiss Cirrus,1,0
105,Aflibercept,108,wk16,84.0,339.0,Zeiss Cirrus,1,0
105,Aflibercept,147,wk20,86.0,273.0,Zeiss Cirrus,1,0
105,Aflibercept,169,wk24,85.0,321.0,Zeiss Cirrus,1,0
105,Aflibercept,196,wk28,82.0,256.0,Zeiss Cirrus,1,0
105,Aflibercept,220,wk32,83.0,,,1,0
105,Aflibercept,248,wk36,95.0,243.0,Zeiss Cirrus,0,1
105,Aflibercept,286,wk40,83.0,278.0,Zeiss Cirrus,1,0
105,Aflibercept,312,wk44,87.0,258.0,Zeiss Cirrus,0,0
105,Aflibercept,334,wk48,87.0,,,1,0
105,Aflibercept,359,wk52,85.0,255.0,Zeiss Cirrus,0,0
105,Aflibercept,391,wk56,81.0,262.0,Zeiss Cirrus,0,0
105,Aflibercept,418,wk60,86.0,247.0,Zeiss Cirrus,0,0
105,Aflibercept,442,wk64,81.0,250.0,Zeiss Cirrus,0,0
105,Aflibercept,474,wk68,97.0,245.0,Zeiss Cirrus,1,0
105,Aflibercept,555,wk80,92.0,216.0,Zeiss Cirrus,0,0
105,Aflibercept,581,wk84,86.0,208.0,Zeiss Cirrus,0,0
105,Aflibercept,612,wk88,91.0,,,1,0
105,Aflibercept,700,wk100,98.0,215.0,Zeiss Cirrus,1,0
105,Aflibercept,723,wk104,93.0,219.0,Zeiss Cirrus,0,0
106,Bevacizumab,0,baseline,73.0,411.0,Zeiss Cirrus,1,0
106,Bevacizumab,27,wk4,71.0,385.0,Zeiss Cirrus,1,0
106,Bevacizumab,53,wk8,66.0,334.0,Zeiss Cirrus,1,0
106,Bevacizumab,85,wk12,78.0,334.0,Zeiss Cirrus,1,0
106,Bevacizumab,112,wk16,72.0,349.0,Zeiss Cirrus,0,0
106,Bevacizumab,144,wk20,74.0,287.0,Zeiss Cirrus,1,0
106,Bevacizumab,171,wk24,73.0,289.0,Zeiss Cirrus,0,0
106,Bevacizumab,198,wk28,72.0,332.0,Zeiss Cirrus,1,0
106,Bevacizumab,226,wk32,74.0,342.0,Zeiss Cirrus,1,0
106,Bevacizumab,256,wk36,70.0,341.0,Zeiss Cirrus,0,0
106,Bevacizumab,273,wk40,71.0,362.0,Zeiss Cirrus,1,0
106,Bevacizumab,312,wk44,71.0,299.0,Zeiss Cirrus,0,0
106,Bevacizumab,338,wk48,73.0,276.0,Zeiss Cirrus,1,0
106,Bevacizumab,364,wk52,72.0,316.0,Zeiss Cirrus,0,0
106,Bevacizumab,393,wk56,75.0,313.0,Zeiss Cirrus,1,0
106,Bevacizumab,470,wk68,76.0,319.0,Zeiss Cirrus,0,0
106,Bevacizumab,508,wk72,79.0,,,1,0
106,Bevacizumab,581,wk84,72.0,302.0,Zeiss Cirrus,0,0
106,Bevacizumab,622,wk88,64.0,320.0,Zeiss Cirrus,0,0
106,Bevacizumab,694,wk100,67.0,322.0,Zeiss Cirrus,0,0
106,Bevacizumab,727,wk104,67.0,325.0,Zeiss Cirrus,0,0
107,Aflibercept,0,baseline,54.0,469.0,Zeiss Cirrus,1,0
107,Aflibercept,32,wk4,58.0,432.0,Zeiss Cirrus,1,0
107,Aflibercept,51,wk8,65.0,382.0,Zeiss Cirrus,1,0
107,Aflibercept,80,wk12,66.0,423.0,Zeiss Cirrus,1,0
107,Aflibercept,108,wk16,77.0,452.0,Zeiss Cirrus,0,0
107,Aflibercept,138,wk20,74.0,413.0,Zeiss Cirrus,1,0
107,Aflibercept,163,wk24,69.0,376.0,Zeiss Cirrus,1,0
107,Aflibercept,190,wk28,73.0,397.0,Zeiss Cirrus,0,0
107,Aflibercept,230,wk32,68.0,408.0,Zeiss Cirrus,1,0
107,Aflibercept,250,wk36,69.0,351.0,Zeiss Cirrus,0,1
107,Aflibercept,281,wk40,77.0,362.0,Zeiss Cirrus,1,0
107,Aflibercept,301,wk44,72.0,387.0,Zeiss Cirrus,1,0
107,Aflibercept,340,wk48,75.0,355.0,Zeiss Cirrus,0,0
107,Aflibercept,367,wk52,74.0,380.0,Zeiss Cirrus,1,0
107,Aflibercept,418,wk60,71.0,,,0,0
107,Aflibercept,499,wk72,82.0,403.0,Zeiss Cirrus,0,0
107,Aflibercept,588,wk84,79.0,,,0,0
107,Aflibercept,613,wk88,75.0,369.0,Zeiss Cirrus,0,0
107,Aflibercept,645,wk92,84.0,403.0,Zeiss Cirrus,1,0
107,Aflibercept,677,wk96,82.0,,,1,0
107,Aflibercept,727,wk104,78.0,393.0,Zeiss Cirrus,0,0
108,Aflibercept,0,baseline,71.0,497.0,Heidelberg Spectralis,1,0
108,Aflibercept,30,wk4,65.0,450.0,Heidelberg Spectralis,1,0
108,Aflibercept,62,wk8,76.0,360.0,Heidelberg Spectralis,1,0
108,Aflibercept,82,wk12,78.0,353.0,Heidelberg Spectralis,1,0
108,Aflibercept,112,wk16,67.0,,,0,0
108,Aflibercept,145,wk20,79.0,243.0,Heidelberg Spectralis,0,0
108,Aflibercept,172,wk24,72.0,236.0,Heidelberg Spectralis,0,1
108,Aflibercept,202,wk28,72.0,219.0,Heidelberg Spectralis,0,0
108,Aflibercept,231,wk32,71.0,223.0,Heidelberg Spectralis,0,0
108,Aflibercept,248,wk36,76.0,218.0,Heidelberg Spectralis,0,0
108,Aflibercept,279,wk40,70.0,208.0,Heidelberg Spectralis,0,0
108,Aflibercept,307,wk44,78.0,237.0,Heidelberg Spectralis,0,0
108,Aflibercept,330,wk48,66.0,188.0,Heidelberg Spectralis,0,0
108,Aflibercept,397,wk56,78.0,234.0,Heidelberg Spectralis,0,1
108,Aflibercept,483,wk68,75.0,204.0,Heidelberg Spectralis,1,0
108,Aflibercept,501,wk72,75.0,,,1,0
108,Aflibercept,527,wk76,70.0,210.0,Heidelberg Spectralis,0,0
108,Aflibercept,566,wk80,70.0,,,0,0
108,Aflibercept,672,wk96,79.0,193.0,Heidelberg Spectralis,0,0
108,Aflibercept,702,wk100,81.0,239.0,Heidelberg Spectralis,0,0
108,Aflibercept,726,wk104,74.0,230.0,Heidelberg Spectralis,0,0
109,Ranibizumab,0,baseline,78.0,468.0,Heidelberg Spectralis,1,0
109,Ranibizumab,26,wk4,89.0,523.0,Heidelberg Spectralis,1,0
109,Ranibizumab,60,wk8,87.0,423.0,Heidelberg Spectralis,1,0
109,Ranibizumab,88,wk12,97.0,432.0,Heidelberg Spectralis,1,0
109,Ranibizumab,114,wk16,96.0,359.0,Heidelberg Spectralis,1,0
109,Ranibizumab,137,wk20,98.0,368.0,Heidelberg Spectralis,0,0
109,Ranibizumab,168,wk24,96.0,415.0,Heidelberg Spectralis,0,0
109,Ranibizumab,199,wk28,100.0,450.0,Heidelberg Spectralis,0,0
109,Ranibizumab,225,wk32,91.0,,,1,0
109,Ranibizumab,254,wk36,100.0,437.0,Heidelberg Spectralis,1,0
109,Ranibizumab,278,wk40,95.0,423.0,Heidelberg Spectralis,1,0
109,Ranibizumab,314,wk44,100.0,359.0,Heidelberg Spectralis,0,0
109,Ranibizumab,341,wk48,100.0,,,1,0
109,Ranibizumab,360,wk52,100.0,399.0,Heidelberg Spectralis,0,0
109,Ranibizumab,414,wk60,98.0,419.0,Heidelberg Spectralis,0,0
109,Ranibizumab,447,wk64,100.0,424.0,Heidelberg Spectralis,0,0
109,Ranibizumab,530,wk76,100.0,417.0,Heidelberg Spectralis,0,0
109,Ranibizumab,582,wk84,90.0,332.0,Heidelberg Spectralis,1,0
109,Ranibizumab,618,wk88,100.0,295.0,Heidelberg Spectralis,1,0
109,Ranibizumab,705,wk100,89.0,362.0,Heidelberg Spectralis,1,0
109,Ranibizumab,728,wk104,92.0,338.0,Heidelberg Spectralis,0,0
110,Ranibizumab,0,baseline,66.0,319.0,Zeiss Cirrus,1,0
110,Ranibizumab,22,wk4,64.0,273.0,Zeiss Cirrus,1,0
110,Ranibizumab,55,wk8,61.0,278.0,Zeiss Cirrus,1,0
110,Ranibizumab,85,wk12,65.0,200.0,Zeiss Cirrus,1,0
110,Ranibizumab,119,wk16,65.0,197.0,Zeiss Cirrus,0,0
110,Ranibizumab,137,wk20,69.0,,,1,0
110,Ranibizumab,175,wk24,64.0,207.0,Zeiss Cirrus,0,0
110,Ranibizumab,201,wk28,60.0,199.0,Zeiss Cirrus,1,0
110,Ranibizumab,217,wk32,69.0,,,0,0
110,Ranibizumab,245,wk36,64.0,150.0,Zeiss Cirrus,1,0
110,Ranibizumab,281,wk40,66.0,150.0,Zeiss Cirrus,1,0
110,Ranibizumab,308,wk44,68.0,150.0,Zeiss Cirrus,1,0
110,Ranibizumab,336,wk48,59.0,150.0,Zeiss Cirrus,1,0
110,Ranibizumab,369,wk52,66.0,179.0,Zeiss Cirrus,0,0
110,Ranibizumab,396,wk56,61.0,150.0,Zeiss Cirrus,1,0
110,Ranibizumab,445,wk64,62.0,185.0,Zeiss Cirrus,0,0
110,Ranibizumab,471,wk68,69.0,202.0,Zeiss Cirrus,1,0
110,Ranibizumab,566,wk80,62.0,171.0,Zeiss Cirrus,0,0
110,Ranibizumab,583,wk84,68.0,154.0,Zeiss Cirrus,0,0
110,Ranibizumab,637,wk92,66.0,,,0,0
110,Ranibizumab,676,wk96,67.0,150.0,Zeiss Cirrus,1,0
110,Ranibizumab,721,wk104,63.0,183.0,Zeiss Cirrus,0,0
111,Ranibizumab,0,baseline,61.0,248.0,Zeiss Cirrus,1,0
111,Ranibizumab,32,wk4,63.0,209.0,Zeiss Cirrus,1,0
111,Ranibizumab,60,wk8,71.0,150.0,Zeiss Cirrus,1,0
111,Ranibizumab,84,wk12,74.0,176.0,Zeiss Cirrus,1,0
111,Ranibizumab,111,wk16,79.0,150.0,Zeiss Cirrus,1,0
111,Ranibizumab,141,wk20,73.0,172.0,Zeiss Cirrus,1,0
111,Ranibizumab,173,wk24,77.0,150.0,Zeiss Cirrus,1,0
111,Ranibizumab,194,wk28,68.0,150.0,Zeiss Cirrus,0,0
111,Ranibizumab,221,wk32,73.0,164.0,Zeiss Cirrus,0,0
111,Ranibizumab,251,wk36,71.0,154.0,Zeiss Cirrus,0,0
111,Ranibizumab,281,wk40,73.0,150.0,Zeiss Cirrus,0,0
111,Ranibizumab,304,wk44,79.0,184.0,Zeiss Cirrus,1,0
111,Ranibizumab,332,wk48,75.0,,,0,0
111,Ranibizumab,362,wk52,74.0,150.0,Zeiss Cirrus,0,0
111,Ranibizumab,476,wk68,72.0,,,0,0
111,Ranibizumab,525,wk76,79.0,169.0,Zeiss Cirrus,1,0
111,Ranibizumab,637,wk92,80.0,,,1,0
111,Ranibizumab,729,wk104,83.0,150.0,Zeiss Cirrus,0,0
112,Ranibizumab,0,baseline,74.0,308.0,Zeiss Stratus,1,0
112,Ranibizumab,33,wk4,66.0,268.0,Zeiss Stratus,1,0
112,Ranibizumab,59,wk8,74.0,,,1,0
112,Ranibizumab,91,wk12,79.0,178.0,Zeiss Stratus,1,0
112,Ranibizumab,108,wk16,79.0,192.0,Zeiss Stratus,0,0
112,Ranibizumab,143,wk20,72.0,,,0,0
112,Ranibizumab,174,wk24,67.0,,,0,0
112,Ranibizumab,189,wk28,70.0,150.0,Zeiss Stratus,0,0
112,Ranibizumab,219,wk32,76.0,150.0,Zeiss Stratus,0,0
112,Ranibizumab,250,wk36,73.0,158.0,Zeiss Stratus,1,0
112,Ranibizumab,278,wk40,72.0,172.0,Zeiss Stratus,1,0
112,Ranibizumab,310,wk44,72.0,,,1,0
112,Ranibizumab,337,wk48,69.0,,,0,0
112,Ranibizumab,368,wk52,72.0,169.0,Zeiss Stratus,1,0
112,Ranibizumab,474,wk68,75.0,176.0,Zeiss Stratus,1,0
112,Ranibizumab,562,wk80,76.0,268.0,Zeiss Stratus,0,0
112,Ranibizumab,613,wk88,72.0,194.0,Zeiss Stratus,1,0
112,Ranibizumab,735,wk104,71.0,227.0,Zeiss Stratus,0,0
113,Bevacizumab,0,baseline,68.0,660.0,Zeiss Cirrus,1,0
113,Bevacizumab,34,wk4,73.0,574.0,Zeiss Cirrus,1,0
113,Bevacizumab,50,wk8,82.0,594.0,Zeiss Cirrus,1,0
113,Bevacizumab,81,wk12,82.0,493.0,Zeiss Cirrus,1,0
113,Bevacizumab,107,wk16,88.0,486.0,Zeiss Cirrus,0,0
113,Bevacizumab,139,wk20,79.0,454.0,Zeiss Cirrus,1,0
113,Bevacizumab,161,wk24,83.0,436.0,Zeiss Cirrus,1,0
113,Bevacizumab,195,wk28,88.0,465.0,Zeiss Cirrus,0,0
113,Bevacizumab,222,wk32,76.0,416.0,Zeiss Cirrus,1,0
113,Bevacizumab,257,wk36,86.0,426.0,Zeiss Cirrus,1,0
113,Bevacizumab,279,wk40,86.0,448.0,Zeiss Cirrus,0,0
113,Bevacizumab,314,wk44,82.0,,,0,0
113,Bevacizumab,342,wk48,83.0,427.0,Zeiss Cirrus,1,0
113,Bevacizumab,358,wk52,85.0,435.0,Zeiss Cirrus,1,0
113,Bevacizumab,386,wk56,89.0,423.0,Zeiss Cirrus,0,0
113,Bevacizumab,502,wk72,91.0,449.0,Zeiss Cirrus,0,1
113,Bevacizumab,591,wk84,88.0,436.0,Zeiss Cirrus,0,0
113,Bevacizumab,699,wk100,94.0,485.0,Zeiss Cirrus,1,0
113,Bevacizumab,729,wk104,91.0,470.0,Zeiss Cirrus,0,0
114,Bevacizumab,0,baseline,73.0,692.0,Heidelberg Spectralis,1,0
114,Bevacizumab,34,wk4,77.0,631.0,Heidelberg Spectralis,1,0
114,Bevacizumab,61,wk8,81.0,559.0,Heidelberg Spectralis,1,0
114,Bevacizumab,78,wk12,79.0,564.0,Heidelberg Spectralis,1,0
114,Bevacizumab,108,wk16,80.0,,,1,0
114,Bevacizumab,136,wk20,91.0,467.0,Heidelberg Spectralis,1,0
114,Bevacizumab,172,wk24,86.0,480.0,Heidelberg Spectralis,0,0
114,Bevacizumab,201,wk28,81.0,453.0,Heidelberg Spectralis,0,0
114,Bevacizumab,231,wk32,85.0,464.0,Heidelberg Spectralis,0,0
114,Bevacizumab,252,wk36,89.0,498.0,Heidelberg Spectralis,1,0
114,Bevacizumab,276,wk40,85.0,457.0,Heidelberg Spectralis,1,1
114,Bevacizumab,315,wk44,82.0,588.0,Heidelberg Spectralis,1,0
114,Bevacizumab,336,wk48,88.0,491.0,Heidelberg Spectralis,0,0
114,Bevacizumab,359,wk52,85.0,488.0,Heidelberg Spectralis,0,0
114,Bevacizumab,390,wk56,78.0,499.0,Heidelberg Spectralis,1,0
114,Bevacizumab,421,wk60,90.0,,,0,0
114,Bevacizumab,446,wk64,82.0,498.0,Heidelberg Spectralis,1,0
114,Bevacizumab,474,wk68,83.0,489.0,Heidelberg Spectralis,1,0
114,Bevacizumab,508,wk72,86.0,490.0,Heidelberg Spectralis,0,0
114,Bevacizumab,618,wk88,96.0,424.0,Heidelberg Spectralis,0,0
114,Bevacizumab,668,wk96,91.0,505.0,Heidelberg Spectralis,1,0
114,Bevacizumab,726,wk104,90.0,463.0,Heidelberg Spectralis,0,0
115,Ranibizumab,0,baseline,71.0,428.0,Heidelberg Spectralis,1,0
115,Ranibizumab,34,wk4,79.0,443.0,Heidelberg Spectralis,1,0
115,Ranibizumab,54,wk8,85.0,346.0,Heidelberg Spectralis,1,0
115,Ranibizumab,90,wk12,85.0,385.0,Heidelberg Spectralis,1,0
115,Ranibizumab,106,wk16,86.0,435.0,Heidelberg Spectralis,1,0
115,Ranibizumab,133,wk20,89.0,374.0,Heidelberg Spectralis,0,0
115,Ranibizumab,164,wk24,75.0,446.0,Heidelberg Spectralis,1,0
115,Ranibizumab,203,wk28,92.0,350.0,Heidelberg Spectralis,1,0
115,Ranibizumab,231,wk32,90.0,369.0,Heidelberg Spectralis,1,0
115,Ranibizumab,255,wk36,91.0,383.0,Heidelberg Spectralis,0,0
115,Ranibizumab,281,wk40,84.0,432.0,Heidelberg Spectralis,0,0
115,Ranibizumab,308,wk44,94.0,432.0,Heidelberg Spectralis,1,0
115,Ranibizumab,334,wk48,87.0,436.0,Heidelberg Spectralis,1,0
115,Ranibizumab,358,wk52,90.0,403.0,Heidelberg Spectralis,1,0
115,Ranibizumab,442,wk64,87.0,376.0,Heidelberg Spectralis,0,0
115,Ranibizumab,472,wk68,84.0,390.0,Heidelberg Spectralis,0,0
115,Ranibizumab,525,wk76,95.0,386.0,Heidelberg Spectralis,0,0
115,Ranibizumab,554,wk80,90.0,412.0,Heidelberg Spectralis,0,0
115,Ranibizumab,583,wk84,93.0,391.0,Heidelberg Spectralis,0,0
115,Ranibizumab,675,wk96,90.0,501.0,Heidelberg Spectralis,1,0
115,Ranibizumab,702,wk100,88.0,409.0,Heidelberg Spectralis,0,0
115,Ranibizumab,725,wk104,88.0,464.0,Heidelberg Spectralis,0,0
116,Aflibercept,0,baseline,73.0,369.0,Heidelberg Spectralis,1,0
116,Aflibercept,30,wk4,81.0,396.0,Heidelberg Spectralis,1,0
116,Aflibercept,62,wk8,82.0,,,1,0
116,Aflibercept,83,wk12,83.0,314.0,Heidelberg Spectralis,1,0
116,Aflibercept,111,wk16,84.0,399.0,Heidelberg Spectralis,1,0
116,Aflibercept,142,wk20,86.0,,,1,0
116,Aflibercept,164,wk24,87.0,344.0,Heidelberg Spectralis,1,0
116,Aflibercept,189,wk28,88.0,352.0,Heidelberg Spectralis,0,0
116,Aflibercept,226,wk32,88.0,326.0,Heidelberg Spectralis,0,0
116,Aflibercept,259,wk36,84.0,,,0,0
116,Aflibercept,283,wk40,91.0,260.0,Heidelberg Spectralis,0,0
116,Aflibercept,306,wk44,90.0,355.0,Heidelberg Spectralis,1,0
116,Aflibercept,339,wk48,84.0,,,0,0
116,Aflibercept,368,wk52,85.0,353.0,Heidelberg Spectralis,0,0
116,Aflibercept,420,wk60,86.0,403.0,Heidelberg Spectralis,1,0
116,Aflibercept,499,wk72,84.0,381.0,Heidelberg Spectralis,0,0
116,Aflibercept,614,wk88,86.0,,,0,0
116,Aflibercept,677,wk96,78.0,375.0,Heidelberg Spectralis,1,0
116,Aflibercept,724,wk104,78.0,357.0,Heidelberg Spectralis,0,0
117,Bevacizumab,0,baseline,53.0,458.0,Zeiss Cirrus,1,0
117,Bevacizumab,26,wk4,57.0,432.0,Zeiss Cirrus,1,0
117,Bevacizumab,50,wk8,54.0,404.0,Zeiss Cirrus,1,0
117,Bevacizumab,87,wk12,58.0,514.0,Zeiss Cirrus,1,0
117,Bevacizumab,105,wk16,63.0,370.0,Zeiss Cirrus,0,0
117,Bevacizumab,139,wk20,57.0,501.0,Zeiss Cirrus,0,0
117,Bevacizumab,171,wk24,56.0,419.0,Zeiss Cirrus,0,1
117,Bevacizumab,191,wk28,58.0,505.0,Zeiss Cirrus,0,0
117,Bevacizumab,226,wk32,66.0,456.0,Zeiss Cirrus,0,0
117,Bevacizumab,259,wk36,55.0,464.0,Zeiss Cirrus,1,0
117,Bevacizumab,276,wk40,56.0,410.0,Zeiss Cirrus,0,0
117,Bevacizumab,315,wk44,62.0,465.0,Zeiss Cirrus,0,0
117,Bevacizumab,338,wk48,56.0,436.0,Zeiss Cirrus,1,0
117,Bevacizumab,362,wk52,59.0,422.0,Zeiss Cirrus,0,0
117,Bevacizumab,390,wk56,62.0,399.0,Zeiss Cirrus,0,0
117,Bevacizumab,426,wk60,57.0,388.0,Zeiss Cirrus,1,0
117,Bevacizumab,528,wk76,60.0,348.0,Zeiss Cirrus,0,0
117,Bevacizumab,582,wk84,57.0,376.0,Zeiss Cirrus,0,0
117,Bevacizumab,613,wk88,55.0,429.0,Zeiss Cirrus,1,0
117,Bevacizumab,672,wk96,43.0,334.0,Zeiss Cirrus,1,0
117,Bevacizumab,700,wk100,53.0,352.0,Zeiss Cirrus,0,0
117,Bevacizumab,733,wk104,52.0,345.0,Zeiss Cirrus,0,0
118,Aflibercept,0,baseline,66.0,475.0,Zeiss Cirrus,1,0
118,Aflibercept,29,wk4,74.0,345.0,Zeiss Cirrus,1,0
118,Aflibercept,58,wk8,85.0,347.0,Zeiss Cirrus,1,0
118,Aflibercept,85,wk12,88.0,276.0,Zeiss Cirrus,1,0
118,Aflibercept,109,wk16,95.0,290.0,Zeiss Cirrus,1,0
118,Aflibercept,143,wk20,96.0,224.0,Zeiss Cirrus,0,0
118,Aflibercept,170,wk24,95.0,281.0,Zeiss Cirrus,0,0
118,Aflibercept,202,wk28,94.0,307.0,Zeiss Cirrus,0,0
118,Aflibercept,230,wk32,100.0,,,0,0
118,Aflibercept,259,wk36,99.0,247.0,Zeiss Cirrus,0,0
118,Aflibercept,279,wk40,95.0,239.0,Zeiss Cirrus,1,0
118,Aflibercept,303,wk44,100.0,169.0,Zeiss Cirrus,1,0
118,Aflibercept,341,wk48,100.0,252.0,Zeiss Cirrus,1,0
118,Aflibercept,358,wk52,100.0,244.0,Zeiss Cirrus,0,0
118,Aflibercept,444,wk64,100.0,281.0,Zeiss Cirrus,1,0
118,Aflibercept,560,wk80,100.0,249.0,Zeiss Cirrus,0,0
118,Aflibercept,623,wk88,93.0,242.0,Zeiss Cirrus,1,0
118,Aflibercept,722,wk104,100.0,231.0,Zeiss Cirrus,0,0
119,Ranibizumab,0,baseline,59.0,494.0,Zeiss Cirrus,1,0
119,Ranibizumab,34,wk4,70.0,422.0,Zeiss Cirrus,1,0
119,Ranibizumab,58,wk8,60.0,392.0,Zeiss Cirrus,1,0
119,Ranibizumab,82,wk12,74.0,347.0,Zeiss Cirrus,1,0
119,Ranibizumab,112,wk16,80.0,279.0,Zeiss Cirrus,0,0
119,Ranibizumab,136,wk20,77.0,,,0,0
119,Ranibizumab,164,wk24,70.0,,,1,0
119,Ranibizumab,190,wk28,76.0,262.0,Zeiss Cirrus,0,0
119,Ranibizumab,228,wk32,75.0,244.0,Zeiss Cirrus,0,0
119,Ranibizumab,258,wk36,77.0,258.0,Zeiss Cirrus,1,0
119,Ranibizumab,276,wk40,76.0,,,1,0
119,Ranibizumab,311,wk44,77.0,227.0,Zeiss Cirrus,1,0
119,Ranibizumab,338,wk48,79.0,264.0,Zeiss Cirrus,1,0
119,Ranibizumab,371,wk52,78.0,275.0,Zeiss Cirrus,1,0
119,Ranibizumab,454,wk64,78.0,338.0,Zeiss Cirrus,0,0
119,Ranibizumab,509,wk72,77.0,222.0,Zeiss Cirrus,1,0
119,Ranibizumab,531,wk76,86.0,323.0,Zeiss Cirrus,0,0
119,Ranibizumab,637,wk92,78.0,,,0,1
119,Ranibizumab,703,wk100,80.0,,,1,0
119,Ranibizumab,723,wk104,79.0,330.0,Zeiss Cirrus,0,0
120,Aflibercept,0,baseline,71.0,248.0,Zeiss Cirrus,1,0
120,Aflibercept,33,wk4,73.0,261.0,Zeiss Cirrus,1,0
120,Aflibercept,50,wk8,71.0,244.0,Zeiss Cirrus,1,0
120,Aflibercept,86,wk12,71.0,274.0,Zeiss Cirrus,1,0
120,Aflibercept,106,wk16,69.0,265.0,Zeiss Cirrus,0,0
120,Aflibercept,135,wk20,74.0,245.0,Zeiss Cirrus,0,0
120,Aflibercept,170,wk24,69.0,259.0,Zeiss Cirrus,0,0
120,Aflibercept,194,wk28,88.0,285.0,Zeiss Cirrus,1,0
120,Aflibercept,230,wk32,75.0,264.0,Zeiss Cirrus,0,0
120,Aflibercept,254,wk36,73.0,275.0,Zeiss Cirrus,0,0
120,Aflibercept,277,wk40,78.0,308.0,Zeiss Cirrus,1,0
120,Aflibercept,310,wk44,63.0,230.0,Zeiss Cirrus,1,0
120,Aflibercept,337,wk48,62.0,320.0,Zeiss Cirrus,0,0
120,Aflibercept,370,wk52,71.0,285.0,Zeiss Cirrus,0,0
120,Aflibercept,390,wk56,69.0,273.0,Zeiss Cirrus,0,0
120,Aflibercept,442,wk64,74.0,217.0,Zeiss Cirrus,0,0
120,Aflibercept,483,wk68,62.0,264.0,Zeiss Cirrus,0,0
120,Aflibercept,500,wk72,69.0,199.0,Zeiss Cirrus,0,0
120,Aflibercept,531,wk76,68.0,261.0,Zeiss Cirrus,1,0
120,Aflibercept,564,wk80,73.0,257.0,Zeiss Cirrus,0,0
120,Aflibercept,592,wk84,66.0,250.0,Zeiss Cirrus,0,0
120,Aflibercept,642,wk92,70.0,250.0,Zeiss Cirrus,1,0
120,Aflibercept,665,wk96,59.0,277.0,Zeiss Cirrus,0,0
120,Aflibercept,697,wk100,71.0,204.0,Zeiss Cirrus,0,0
120,Aflibercept,726,wk104,61.0,242.0,Zeiss Cirrus,0,0
121,Bevacizumab,0,baseline,75.0,917.0,Zeiss Cirrus,1,0
121,Bevacizumab,30,wk4,78.0,,,1,0
121,Bevacizumab,60,wk8,78.0,,,1,0
121,Bevacizumab,85,wk12,85.0,708.0,Zeiss Cirrus,1,0
121,Bevacizumab,113,wk16,85.0,671.0,Zeiss Cirrus,0,0
121,Bevacizumab,137,wk20,88.0,642.0,Zeiss Cirrus,0,0
121,Bevacizumab,173,wk24,88.0,680.0,Zeiss Cirrus,0,0
121,Bevacizumab,191,wk28,86.0,598.0,Zeiss Cirrus,1,0
121,Bevacizumab,225,wk32,92.0,623.0,Zeiss Cirrus,0,0
121,Bevacizumab,251,wk36,87.0,605.0,Zeiss Cirrus,1,1
121,Bevacizumab,275,wk40,87.0,580.0,Zeiss Cirrus,1,0
121,Bevacizumab,310,wk44,85.0,625.0,Zeiss Cirrus,1,0
121,Bevacizumab,337,wk48,93.0,641.0,Zeiss Cirrus,0,0
121,Bevacizumab,361,wk52,89.0,608.0,Zeiss Cirrus,0,0
121,Bevacizumab,422,wk60,96.0,604.0,Zeiss Cirrus,0,0
121,Bevacizumab,531,wk76,96.0,638.0,Zeiss Cirrus,0,0
121,Bevacizumab,559,wk80,86.0,547.0,Zeiss Cirrus,0,0
121,Bevacizumab,641,wk92,91.0,599.0,Zeiss Cirrus,0,0
121,Bevacizumab,665,wk96,85.0,599.0,Zeiss Cirrus,0,0
121,Bevacizumab,707,wk100,85.0,565.0,Zeiss Cirrus,0,0
121,Bevacizumab,730,wk104,94.0,595.0,Zeiss Cirrus,0,0
122,Bevacizumab,0,baseline,37.0,515.0,Zeiss Stratus,1,0
122,Bevacizumab,25,wk4,47.0,517.0,Zeiss Stratus,1,0
122,Bevacizumab,62,wk8,49.0,,,1,0
122,Bevacizumab,80,wk12,56.0,330.0,Zeiss Stratus,1,0
122,Bevacizumab,111,wk16,48.0,,,1,0
122,Bevacizumab,147,wk20,58.0,333.0,Zeiss Stratus,0,0
122,Bevacizumab,172,wk24,62.0,307.0,Zeiss Stratus,1,0
122,Bevacizumab,197,wk28,55.0,333.0,Zeiss Stratus,1,0
122,Bevacizumab,221,wk32,57.0,283.0,Zeiss Stratus,1,0
122,Bevacizumab,253,wk36,60.0,316.0,Zeiss Stratus,1,0
122,Bevacizumab,281,wk40,56.0,311.0,Zeiss Stratus,1,0
122,Bevacizumab,302,wk44,57.0,366.0,Zeiss Stratus,0,0
122,Bevacizumab,341,wk48,60.0,274.0,Zeiss Stratus,0,0
122,Bevacizumab,366,wk52,60.0,308.0,Zeiss Stratus,0,0
122,Bevacizumab,451,wk64,62.0,291.0,Zeiss Stratus,1,0
122,Bevacizumab,505,wk72,59.0,290.0,Zeiss Stratus,0,0
122,Bevacizumab,532,wk76,56.0,335.0,Zeiss Stratus,1,0
122,Bevacizumab,638,wk92,59.0,276.0,Zeiss Stratus,1,0
122,Bevacizumab,733,wk104,50.0,244.0,Zeiss Stratus,0,0
123,Aflibercept,0,baseline,64.0,410.0,Zeiss Cirrus,1,0
123,Aflibercept,28,wk4,70.0,,,1,0
123,Aflibercept,52,wk8,74.0,380.0,Zeiss Cirrus,1,0
123,Aflibercept,81,wk12,79.0,404.0,Zeiss Cirrus,1,0
123,Aflibercept,117,wk16,80.0,350.0,Zeiss Cirrus,0,0
123,Aflibercept,136,wk20,84.0,391.0,Zeiss Cirrus,1,0
123,Aflibercept,174,wk24,81.0,390.0,Zeiss Cirrus,0,0
123,Aflibercept,201,wk28,83.0,383.0,Zeiss Cirrus,1,0
123,Aflibercept,226,wk32,87.0,364.0,Zeiss Cirrus,1,0
123,Aflibercept,247,wk36,84.0,405.0,Zeiss Cirrus,1,0
123,Aflibercept,282,wk40,84.0,351.0,Zeiss Cirrus,1,0
123,Aflibercept,312,wk44,81.0,369.0,Zeiss Cirrus,1,0
123,Aflibercept,336,wk48,86.0,296.0,Zeiss Cirrus,1,0
123,Aflibercept,369,wk52,85.0,372.0,Zeiss Cirrus,1,0
123,Aflibercept,443,wk64,88.0,369.0,Zeiss Cirrus,0,0
123,Aflibercept,481,wk68,82.0,419.0,Zeiss Cirrus,0,0
123,Aflibercept,532,wk76,86.0,,,0,1
123,Aflibercept,649,wk92,86.0,320.0,Zeiss Cirrus,1,0
123,Aflibercept,673,wk96,78.0,,,1,0
123,Aflibercept,694,wk100,82.0,297.0,Zeiss Cirrus,0,0
123,Aflibercept,728,wk104,80.0,314.0,Zeiss Cirrus,0,0
124,Bevacizumab,0,baseline,70.0,363.0,Zeiss Cirrus,1,0
124,Bevacizumab,34,wk4,70.0,324.0,Zeiss Cirrus,1,0
124,Bevacizumab,61,wk8,76.0,296.0,Zeiss Cirrus,1,0
124,Bevacizumab,86,wk12,78.0,258.0,Zeiss Cirrus,1,0
124,Bevacizumab,119,wk16,83.0,263.0,Zeiss Cirrus,0,0
124,Bevacizumab,138,wk20,78.0,209.0,Zeiss Cirrus,1,0
124,Bevacizumab,174,wk24,81.0,215.0,Zeiss Cirrus,0,0
124,Bevacizumab,202,wk28,84.0,215.0,Zeiss Cirrus,0,0
124,Bevacizumab,225,wk32,79.0,168.0,Zeiss Cirrus,0,0
124,Bevacizumab,246,wk36,79.0,195.0,Zeiss Cirrus,0,0
124,Bevacizumab,282,wk40,87.0,263.0,Zeiss Cirrus,0,1
124,Bevacizumab,315,wk44,73.0,197.0,Zeiss Cirrus,0,0
124,Bevacizumab,329,wk48,80.0,242.0,Zeiss Cirrus,0,0
124,Bevacizumab,359,wk52,80.0,197.0,Zeiss Cirrus,0,0
124,Bevacizumab,441,wk64,78.0,165.0,Zeiss Cirrus,1,0
124,Bevacizumab,469,wk68,78.0,178.0,Zeiss Cirrus,1,0
124,Bevacizumab,511,wk72,87.0,,,1,0
124,Bevacizumab,613,wk88,82.0,228.0,Zeiss Cirrus,0,0
124,Bevacizumab,645,wk92,80.0,,,1,0
124,Bevacizumab,673,wk96,82.0,165.0,Zeiss Cirrus,0,0
124,Bevacizumab,732,wk104,81.0,154.0,Zeiss Cirrus,0,0
125,Bevacizumab,0,baseline,39.0,,,1,0
125,Bevacizumab,35,wk4,45.0,496.0,Zeiss Cirrus,1,0
125,Bevacizumab,61,wk8,56.0,,,1,0
125,Bevacizumab,81,wk12,49.0,487.0,Zeiss Cirrus,1,0
125,Bevacizumab,106,wk16,60.0,472.0,Zeiss Cirrus,1,0
125,Bevacizumab,134,wk20,67.0,455.0,Zeiss Cirrus,1,0
125,Bevacizumab,173,wk24,61.0,362.0,Zeiss Cirrus,0,0
125,Bevacizumab,193,wk28,57.0,443.0,Zeiss Cirrus,1,1
125,Bevacizumab,226,wk32,65.0,402.0,Zeiss Cirrus,0,0
125,Bevacizumab,253,wk36,63.0,349.0,Zeiss Cirrus,0,0
125,Bevacizumab,286,wk40,65.0,,,1,0
125,Bevacizumab,314,wk44,64.0,384.0,Zeiss Cirrus,0,0
125,Bevacizumab,338,wk48,62.0,384.0,Zeiss Cirrus,0,0
125,Bevacizumab,370,wk52,65.0,416.0,Zeiss Cirrus,1,0
125,Bevacizumab,420,wk60,66.0,397.0,Zeiss Cirrus,1,0
125,Bevacizumab,454,wk64,74.0,410.0,Zeiss Cirrus,1,0
125,Bevacizumab,529,wk76,67.0,432.0,Zeiss Cirrus,0,0
125,Bevacizumab,644,wk92,71.0,,,1,0
125,Bevacizumab,671,wk96,67.0,,,0,0
125,Bevacizumab,695,wk100,73.0,369.0,Zeiss Cirrus,0,0
125,Bevacizumab,726,wk104,80.0,357.0,Zeiss Cirrus,0,0
126,Bevacizumab,0,baseline,74.0,482.0,Zeiss Cirrus,1,0
126,Bevacizumab,22,wk4,78.0,428.0,Zeiss Cirrus,1,0
126,Bevacizumab,61,wk8,76.0,393.0,Zeiss Cirrus,1,0
126,Bevacizumab,79,wk12,86.0,363.0,Zeiss Cirrus,1,0
126,Bevacizumab,105,wk16,90.0,,,1,0
126,Bevacizumab,144,wk20,86.0,316.0,Zeiss Cirrus,1,0
126,Bevacizumab,169,wk24,83.0,341.0,Zeiss Cirrus,0,0
126,Bevacizumab,190,wk28,82.0,342.0,Zeiss Cirrus,1,0
126,Bevacizumab,228,wk32,88.0,316.0,Zeiss Cirrus,1,0
126,Bevacizumab,246,wk36,85.0,,,0,0
126,Bevacizumab,282,wk40,85.0,352.0,Zeiss Cirrus,1,0
126,Bevacizumab,315,wk44,87.0,372.0,Zeiss Cirrus,0,0
126,Bevacizumab,337,wk48,83.0,356.0,Zeiss Cirrus,1,0
126,Bevacizumab,368,wk52,88.0,362.0,Zeiss Cirrus,1,0
126,Bevacizumab,475,wk68,89.0,329.0,Zeiss Cirrus,1,0
126,Bevacizumab,589,wk84,84.0,333.0,Zeiss Cirrus,0,0
126,Bevacizumab,646,wk92,92.0,342.0,Zeiss Cirrus,1,0
126,Bevacizumab,703,wk100,87.0,328.0,Zeiss Cirrus,0,1
126,Bevacizumab,735,wk104,93.0,327.0,Zeiss Cirrus,0,0
127,Ranibizumab,0,baseline,74.0,463.0,Heidelberg Spectralis,1,0
127,Ranibizumab,29,wk4,70.0,,,1,0
127,Ranibizumab,55,wk8,70.0,408.0,Heidelberg Spectralis,1,0
127,Ranibizumab,83,wk12,72.0,350.0,Heidelberg Spectralis,1,0
127,Ranibizumab,116,wk16,75.0,334.0,Heidelberg Spectralis,0,0
127,Ranibizumab,144,wk20,73.0,353.0,Heidelberg Spectralis,1,0
127,Ranibizumab,171,wk24,66.0,302.0,Heidelberg Spectralis,1,0
127,Ranibizumab,193,wk28,71.0,369.0,Heidelberg Spectralis,1,0
127,Ranibizumab,226,wk32,81.0,351.0,Heidelberg Spectralis,0,0
127,Ranibizumab,246,wk36,75.0,354.0,Heidelberg Spectralis,1,0
127,Ranibizumab,285,wk40,78.0,292.0,Heidelberg Spectralis,0,1
127,Ranibizumab,305,wk44,68.0,344.0,Heidelberg Spectralis,0,0
127,Ranibizumab,343,wk48,75.0,299.0,Heidelberg Spectralis,0,0
127,Ranibizumab,363,wk52,73.0,309.0,Heidelberg Spectralis,1,0
127,Ranibizumab,442,wk64,70.0,331.0,Heidelberg Spectralis,1,0
127,Ranibizumab,482,wk68,72.0,301.0,Heidelberg Spectralis,0,0
127,Ranibizumab,527,wk76,70.0,366.0,Heidelberg Spectralis,0,0
127,Ranibizumab,554,wk80,73.0,357.0,Heidelberg Spectralis,1,0
127,Ranibizumab,588,wk84,70.0,399.0,Heidelberg Spectralis,0,0
127,Ranibizumab,618,wk88,73.0,377.0,Heidelberg Spectralis,0,0
127,Ranibizumab,637,wk92,72.0,343.0,Heidelberg Spectralis,0,0
127,Ranibizumab,724,wk104,70.0,369.0,Heidelberg Spectralis,0,0
128,Bevacizumab,0,baseline,63.0,477.0,Zeiss Cirrus,1,0
128,Bevacizumab,21,wk4,81.0,447.0,Zeiss Cirrus,1,0
128,Bevacizumab,58,wk8,74.0,442.0,Zeiss Cirrus,1,0
128,Bevacizumab,87,wk12,86.0,402.0,Zeiss Cirrus,1,0
128,Bevacizumab,118,wk16,83.0,377.0,Zeiss Cirrus,1,0
128,Bevacizumab,138,wk20,80.0,442.0,Zeiss Cirrus,0,0
128,Bevacizumab,172,wk24,87.0,,,1,0
128,Bevacizumab,198,wk28,87.0,379.0,Zeiss Cirrus,1,1
128,Bevacizumab,219,wk32,87.0,358.0,Zeiss Cirrus,0,0
128,Bevacizumab,255,wk36,90.0,363.0,Zeiss Cirrus,1,0
128,Bevacizumab,276,wk40,90.0,,,1,0
128,Bevacizumab,302,wk44,94.0,370.0,Zeiss Cirrus,0,0
128,Bevacizumab,333,wk48,93.0,427.0,Zeiss Cirrus,0,0
128,Bevacizumab,368,wk52,91.0,370.0,Zeiss Cirrus,0,0
128,Bevacizumab,475,wk68,96.0,331.0,Zeiss Cirrus,0,0
128,Bevacizumab,536,wk76,89.0,363.0,Zeiss Cirrus,0,0
128,Bevacizumab,558,wk80,96.0,363.0,Zeiss Cirrus,1,0
128,Bevacizumab,593,wk84,89.0,,,1,0
128,Bevacizumab,619,wk88,88.0,339.0,Zeiss Cirrus,1,0
128,Bevacizumab,647,wk92,94.0,379.0,Zeiss Cirrus,1,0
128,Bevacizumab,729,wk104,91.0,359.0,Zeiss Cirrus,0,0
129,Aflibercept,0,baseline,71.0,443.0,Heidelberg Spectralis,1,0
129,Aflibercept,32,wk4,76.0,387.0,Heidelberg Spectralis,1,0
129,Aflibercept,51,wk8,90.0,352.0,Heidelberg Spectralis,1,0
129,Aflibercept,87,wk12,85.0,349.0,Heidelberg Spectralis,1,0
129,Aflibercept,109,wk16,87.0,333.0,Heidelberg Spectralis,0,0
129,Aflibercept,140,wk20,98.0,264.0,Heidelberg Spectralis,1,0
129,Aflibercept,164,wk24,98.0,248.0,Heidelberg Spectralis,1,1
129,Aflibercept,195,wk28,95.0,217.0,Heidelberg Spectralis,0,0
129,Aflibercept,221,wk32,100.0,229.0,Heidelberg Spectralis,1,0
129,Aflibercept,250,wk36,100.0,222.0,Heidelberg Spectralis,1,0
129,Aflibercept,273,wk40,100.0,232.0,Heidelberg Spectralis,1,0
129,Aflibercept,311,wk44,93.0,,,0,0
129,Aflibercept,334,wk48,96.0,,,1,0
129,Aflibercept,367,wk52,96.0,232.0,Heidelberg Spectralis,0,0
129,Aflibercept,396,wk56,92.0,249.0,Heidelberg Spectralis,1,0
129,Aflibercept,420,wk60,100.0,289.0,Heidelberg Spectralis,1,0
129,Aflibercept,441,wk64,100.0,217.0,Heidelberg Spectralis,0,0
129,Aflibercept,470,wk68,98.0,205.0,Heidelberg Spectralis,0,0
129,Aflibercept,498,wk72,100.0,237.0,Heidelberg Spectralis,0,0
129,Aflibercept,528,wk76,94.0,227.0,Heidelberg Spectralis,1,0
129,Aflibercept,562,wk80,100.0,233.0,Heidelberg Spectralis,0,0
129,Aflibercept,648,wk92,91.0,186.0,Heidelberg Spectralis,1,0
129,Aflibercept,676,wk96,100.0,221.0,Heidelberg Spectralis,1,0
129,Aflibercept,728,wk104,100.0,253.0,Heidelberg Spectralis,0,0
130,Aflibercept,0,baseline,73.0,496.0,Heidelberg Spectralis,1,0
130,Aflibercept,23,wk4,77.0,443.0,Heidelberg Spectralis,1,0
131,Bevacizumab,0,baseline,70.0,509.0,Zeiss Cirrus,1,0
131,Bevacizumab,34,wk4,72.0,428.0,Zeiss Cirrus,1,0
131,Bevacizumab,59,wk8,75.0,479.0,Zeiss Cirrus,1,0
131,Bevacizumab,87,wk12,78.0,475.0,Zeiss Cirrus,1,0
131,Bevacizumab,107,wk16,70.0,379.0,Zeiss Cirrus,1,0
131,Bevacizumab,146,wk20,73.0,399.0,Zeiss Cirrus,1,0
131,Bevacizumab,172,wk24,76.0,,,1,0
131,Bevacizumab,196,wk28,80.0,,,1,1
131,Bevacizumab,226,wk32,80.0,419.0,Zeiss Cirrus,1,0
131,Bevacizumab,257,wk36,77.0,381.0,Zeiss Cirrus,1,0
131,Bevacizumab,285,wk40,76.0,427.0,Zeiss Cirrus,1,0
131,Bevacizumab,314,wk44,74.0,405.0,Zeiss Cirrus,1,0
131,Bevacizumab,342,wk48,83.0,332.0,Zeiss Cirrus,1,0
131,Bevacizumab,371,wk52,78.0,383.0,Zeiss Cirrus,0,0
131,Bevacizumab,388,wk56,76.0,437.0,Zeiss Cirrus,0,0
131,Bevacizumab,425,wk60,80.0,387.0,Zeiss Cirrus,1,0
131,Bevacizumab,444,wk64,75.0,365.0,Zeiss Cirrus,0,0
131,Bevacizumab,504,wk72,81.0,346.0,Zeiss Cirrus,1,0
131,Bevacizumab,554,wk80,80.0,368.0,Zeiss Cirrus,0,0
131,Bevacizumab,611,wk88,77.0,392.0,Zeiss Cirrus,1,0
131,Bevacizumab,649,wk92,81.0,343.0,Zeiss Cirrus,1,0
131,Bevacizumab,676,wk96,72.0,358.0,Zeiss Cirrus,0,0
131,Bevacizumab,701,wk100,75.0,309.0,Zeiss Cirrus,1,0
131,Bevacizumab,727,wk104,77.0,329.0,Zeiss Cirrus,0,0
132,Bevacizumab,0,baseline,45.0,490.0,Heidelberg Spectralis,1,0
132,Bevacizumab,32,wk4,51.0,511.0,Heidelberg Spectralis,1,0
132,Bevacizumab,56,wk8,53.0,465.0,Heidelberg Spectralis,1,0
132,Bevacizumab,83,wk12,48.0,406.0,Heidelberg Spectralis,1,0
132,Bevacizumab,106,wk16,58.0,461.0,Heidelberg Spectralis,1,0
132,Bevacizumab,145,wk20,61.0,460.0,Heidelberg Spectralis,1,0
132,Bevacizumab,169,wk24,55.0,,,0,0
132,Bevacizumab,193,wk28,62.0,458.0,Heidelberg Spectralis,0,0
132,Bevacizumab,226,wk32,53.0,454.0,Heidelberg Spectralis,1,0
132,Bevacizumab,256,wk36,55.0,452.0,Heidelberg Spectralis,0,0
132,Bevacizumab,274,wk40,57.0,457.0,Heidelberg Spectralis,0,0
132,Bevacizumab,312,wk44,60.0,437.0,Heidelberg Spectralis,0,0
132,Bevacizumab,334,wk48,58.0,422.0,Heidelberg Spectralis,0,0
132,Bevacizumab,364,wk52,60.0,438.0,Heidelberg Spectralis,1,0
132,Bevacizumab,386,wk56,56.0,424.0,Heidelberg Spectralis,0,0
132,Bevacizumab,441,wk64,52.0,450.0,Heidelberg Spectralis,1,0
132,Bevacizumab,477,wk68,56.0,394.0,Heidelberg Spectralis,0,0
132,Bevacizumab,497,wk72,57.0,441.0,Heidelberg Spectralis,1,0
132,Bevacizumab,526,wk76,58.0,440.0,Heidelberg Spectralis,0,0
132,Bevacizumab,557,wk80,57.0,445.0,Heidelberg Spectralis,0,0
132,Bevacizumab,584,wk84,64.0,373.0,Heidelberg Spectralis,1,0
132,Bevacizumab,613,wk88,58.0,386.0,Heidelberg Spectralis,1,0
132,Bevacizumab,642,wk92,57.0,428.0,Heidelberg Spectralis,1,0
132,Bevacizumab,693,wk100,63.0,360.0,Heidelberg Spectralis,0,0
132,Bevacizumab,722,wk104,59.0,395.0,Heidelberg Spectralis,0,0
133,Bevacizumab,0,baseline,59.0,459.0,Zeiss Cirrus,1,0
133,Bevacizumab,28,wk4,63.0,434.0,Zeiss Cirrus,1,0
133,Bevacizumab,61,wk8,54.0,488.0,Zeiss Cirrus,1,0
133,Bevacizumab,83,wk12,67.0,423.0,Zeiss Cirrus,1,0
133,Bevacizumab,110,wk16,62.0,499.0,Zeiss Cirrus,1,0
133,Bevacizumab,143,wk20,63.0,455.0,Zeiss Cirrus,1,0
133,Bevacizumab,174,wk24,64.0,454.0,Zeiss Cirrus,1,0
133,Bevacizumab,196,wk28,65.0,491.0,Zeiss Cirrus,1,0
133,Bevacizumab,229,wk32,68.0,516.0,Zeiss Cirrus,1,0
133,Bevacizumab,246,wk36,65.0,533.0,Zeiss Cirrus,1,0
133,Bevacizumab,282,wk40,75.0,477.0,Zeiss Cirrus,1,0
133,Bevacizumab,303,wk44,72.0,490.0,Zeiss Cirrus,1,0
133,Bevacizumab,337,wk48,67.0,517.0,Zeiss Cirrus,1,0
133,Bevacizumab,357,wk52,66.0,474.0,Zeiss Cirrus,0,0
133,Bevacizumab,422,wk60,71.0,461.0,Zeiss Cirrus,0,0
133,Bevacizumab,445,wk64,65.0,463.0,Zeiss Cirrus,1,0
133,Bevacizumab,474,wk68,59.0,487.0,Zeiss Cirrus,1,0
133,Bevacizumab,537,wk76,67.0,,,1,0
133,Bevacizumab,595,wk84,57.0,,,0,0
133,Bevacizumab,678,wk96,66.0,475.0,Zeiss Cirrus,0,0
133,Bevacizumab,726,wk104,61.0,495.0,Zeiss Cirrus,0,0
134,Ranibizumab,0,baseline,55.0,596.0,Zeiss Cirrus,1,0
134,Ranibizumab,33,wk4,64.0,,,1,0
134,Ranibizumab,57,wk8,64.0,,,1,0
134,Ranibizumab,84,wk12,65.0,475.0,Zeiss Cirrus,1,0
134,Ranibizumab,115,wk16,75.0,403.0,Zeiss Cirrus,1,0
134,Ranibizumab,134,wk20,66.0,366.0,Zeiss Cirrus,1,0
134,Ranibizumab,169,wk24,59.0,389.0,Zeiss Cirrus,1,0
134,Ranibizumab,195,wk28,66.0,,,1,0
134,Ranibizumab,231,wk32,69.0,413.0,Zeiss Cirrus,1,0
134,Ranibizumab,254,wk36,76.0,444.0,Zeiss Cirrus,1,0
134,Ranibizumab,280,wk40,70.0,450.0,Zeiss Cirrus,1,1
135,Bevacizumab,0,baseline,72.0,323.0,Heidelberg Spectralis,1,0
135,Bevacizumab,31,wk4,62.0,302.0,Heidelberg Spectralis,1,0
135,Bevacizumab,54,wk8,63.0,286.0,Heidelberg Spectralis,1,0
135,Bevacizumab,81,wk12,60.0,305.0,Heidelberg Spectralis,1,0
135,Bevacizumab,112,wk16,63.0,291.0,Heidelberg Spectralis,1,0
135,Bevacizumab,144,wk20,53.0,266.0,Heidelberg Spectralis,1,0
135,Bevacizumab,166,wk24,62.0,266.0,Heidelberg Spectralis,1,0
135,Bevacizumab,202,wk28,59.0,286.0,Heidelberg Spectralis,1,0
135,Bevacizumab,218,wk32,55.0,,,1,0
135,Bevacizumab,249,wk36,60.0,,,1,0
135,Bevacizumab,282,wk40,56.0,195.0,Heidelberg Spectralis,0,0
135,Bevacizumab,305,wk44,54.0,218.0,Heidelberg Spectralis,0,0
135,Bevacizumab,339,wk48,58.0,249.0,Heidelberg Spectralis,1,0
135,Bevacizumab,361,wk52,57.0,261.0,Heidelberg Spectralis,1,0
135,Bevacizumab,391,wk56,57.0,,,0,1
135,Bevacizumab,422,wk60,64.0,250.0,Heidelberg Spectralis,0,0
136,Bevacizumab,0,baseline,76.0,382.0,Heidelberg Spectralis,1,0
136,Bevacizumab,22,wk4,75.0,338.0,Heidelberg Spectralis,1,0
136,Bevacizumab,57,wk8,82.0,239.0,Heidelberg Spectralis,1,0
136,Bevacizumab,82,wk12,88.0,276.0,Heidelberg Spectralis,1,0
136,Bevacizumab,113,wk16,97.0,294.0,Heidelberg Spectralis,1,0
136,Bevacizumab,135,wk20,86.0,200.0,Heidelberg Spectralis,1,0
136,Bevacizumab,164,wk24,88.0,207.0,Heidelberg Spectralis,1,0
136,Bevacizumab,193,wk28,92.0,285.0,Heidelberg Spectralis,0,0
136,Bevacizumab,225,wk32,87.0,296.0,Heidelberg Spectralis,0,0
136,Bevacizumab,246,wk36,96.0,243.0,Heidelberg Spectralis,1,0
136,Bevacizumab,278,wk40,92.0,301.0,Heidelberg Spectralis,1,1
136,Bevacizumab,309,wk44,98.0,277.0,Heidelberg Spectralis,0,0
136,Bevacizumab,338,wk48,91.0,277.0,Heidelberg Spectralis,0,0
136,Bevacizumab,357,wk52,94.0,258.0,Heidelberg Spectralis,0,0
136,Bevacizumab,421,wk60,88.0,263.0,Heidelberg Spectralis,0,0
136,Bevacizumab,451,wk64,94.0,,,1,0
136,Bevacizumab,504,wk72,92.0,265.0,Heidelberg Spectralis,1,0
136,Bevacizumab,589,wk84,89.0,307.0,Heidelberg Spectralis,1,0
136,Bevacizumab,639,wk92,82.0,308.0,Heidelberg Spectralis,1,0
136,Bevacizumab,666,wk96,83.0,269.0,Heidelberg Spectralis,0,0
136,Bevacizumab,721,wk104,83.0,315.0,Heidelberg Spectralis,0,0
137,Aflibercept,0,baseline,71.0,431.0,Zeiss Cirrus,1,0
137,Aflibercept,24,wk4,73.0,439.0,Zeiss Cirrus,1,0
137,Aflibercept,58,wk8,75.0,449.0,Zeiss Cirrus,1,0
137,Aflibercept,89,wk12,82.0,383.0,Zeiss Cirrus,1,0
137,Aflibercept,115,wk16,84.0,397.0,Zeiss Cirrus,1,0
137,Aflibercept,133,wk20,89.0,408.0,Zeiss Cirrus,0,0
137,Aflibercept,175,wk24,88.0,394.0,Zeiss Cirrus,1,0
137,Aflibercept,191,wk28,88.0,,,1,0
137,Aflibercept,221,wk32,88.0,,,1,0
137,Aflibercept,253,wk36,89.0,368.0,Zeiss Cirrus,1,0
137,Aflibercept,275,wk40,86.0,341.0,Zeiss Cirrus,1,0
137,Aflibercept,302,wk44,91.0,337.0,Zeiss Cirrus,1,0
137,Aflibercept,338,wk48,88.0,436.0,Zeiss Cirrus,1,0
137,Aflibercept,369,wk52,89.0,407.0,Zeiss Cirrus,0,0
137,Aflibercept,453,wk64,91.0,404.0,Zeiss Cirrus,0,0
137,Aflibercept,497,wk72,86.0,391.0,Zeiss Cirrus,0,0
137,Aflibercept,525,wk76,91.0,,,1,0
137,Aflibercept,648,wk92,86.0,386.0,Zeiss Cirrus,0,0
137,Aflibercept,675,wk96,93.0,,,1,0
137,Aflibercept,699,wk100,87.0,,,0,0
137,Aflibercept,726,wk104,87.0,339.0,Zeiss Cirrus,0,0
138,Aflibercept,0,baseline,69.0,362.0,Zeiss Cirrus,1,0
138,Aflibercept,30,wk4,72.0,,,1,0
138,Aflibercept,60,wk8,61.0,416.0,Zeiss Cirrus,1,0
138,Aflibercept,83,wk12,60.0,345.0,Zeiss Cirrus,1,0
138,Aflibercept,118,wk16,64.0,306.0,Zeiss Cirrus,0,0
138,Aflibercept,139,wk20,57.0,372.0,Zeiss Cirrus,1,0
138,Aflibercept,170,wk24,64.0,357.0,Zeiss Cirrus,0,0
138,Aflibercept,189,wk28,64.0,,,1,0
138,Aflibercept,218,wk32,57.0,322.0,Zeiss Cirrus,1,0
138,Aflibercept,251,wk36,53.0,,,1,1
138,Aflibercept,274,wk40,61.0,364.0,Zeiss Cirrus,1,0
138,Aflibercept,301,wk44,53.0,344.0,Zeiss Cirrus,1,0
138,Aflibercept,334,wk48,52.0,397.0,Zeiss Cirrus,0,0
138,Aflibercept,360,wk52,61.0,,,0,0
138,Aflibercept,471,wk68,58.0,354.0,Zeiss Cirrus,0,0
138,Aflibercept,505,wk72,57.0,344.0,Zeiss Cirrus,0,0
138,Aflibercept,538,wk76,51.0,355.0,Zeiss Cirrus,1,0
138,Aflibercept,649,wk92,51.0,355.0,Zeiss Cirrus,0,0
138,Aflibercept,668,wk96,58.0,307.0,Zeiss Cirrus,1,0
138,Aflibercept,735,wk104,54.0,352.0,Zeiss Cirrus,0,0
139,Bevacizumab,0,baseline,70.0,391.0,Zeiss Cirrus,1,0
139,Bevacizumab,28,wk4,73.0,363.0,Zeiss Cirrus,1,0
139,Bevacizumab,58,wk8,77.0,452.0,Zeiss Cirrus,1,0
139,Bevacizumab,85,wk12,72.0,368.0,Zeiss Cirrus,1,0
139,Bevacizumab,110,wk16,77.0,381.0,Zeiss Cirrus,0,0
139,Bevacizumab,142,wk20,73.0,,,1,0
139,Bevacizumab,162,wk24,86.0,371.0,Zeiss Cirrus,1,0
139,Bevacizumab,194,wk28,83.0,351.0,Zeiss Cirrus,0,0
139,Bevacizumab,231,wk32,85.0,409.0,Zeiss Cirrus,0,0
139,Bevacizumab,258,wk36,86.0,392.0,Zeiss Cirrus,1,0
139,Bevacizumab,282,wk40,86.0,448.0,Zeiss Cirrus,0,0
139,Bevacizumab,311,wk44,88.0,432.0,Zeiss Cirrus,1,0
139,Bevacizumab,334,wk48,81.0,446.0,Zeiss Cirrus,1,1
139,Bevacizumab,359,wk52,84.0,403.0,Zeiss Cirrus,0,0
139,Bevacizumab,385,wk56,84.0,387.0,Zeiss Cirrus,1,0
139,Bevacizumab,503,wk72,84.0,,,1,0
139,Bevacizumab,534,wk76,88.0,414.0,Zeiss Cirrus,0,0
139,Bevacizumab,589,wk84,85.0,357.0,Zeiss Cirrus,0,0
139,Bevacizumab,618,wk88,82.0,335.0,Zeiss Cirrus,1,0
139,Bevacizumab,726,wk104,85.0,385.0,Zeiss Cirrus,0,0
140,Aflibercept,0,baseline,75.0,606.0,Heidelberg Spectralis,1,0
140,Aflibercept,22,wk4,69.0,571.0,Heidelberg Spectralis,1,0
140,Aflibercept,53,wk8,80.0,,,1,0
140,Aflibercept,88,wk12,79.0,470.0,Heidelberg Spectralis,1,0
140,Aflibercept,115,wk16,84.0,398.0,Heidelberg Spectralis,1,0
140,Aflibercept,146,wk20,78.0,422.0,Heidelberg Spectralis,0,0
140,Aflibercept,165,wk24,85.0,,,1,0
140,Aflibercept,190,wk28,85.0,384.0,Heidelberg Spectralis,0,1
140,Aflibercept,223,wk32,88.0,365.0,Heidelberg Spectralis,0,0
140,Aflibercept,249,wk36,79.0,335.0,Heidelberg Spectralis,1,0
140,Aflibercept,283,wk40,87.0,411.0,Heidelberg Spectralis,1,0
140,Aflibercept,304,wk44,87.0,,,1,0
140,Aflibercept,343,wk48,85.0,313.0,Heidelberg Spectralis,1,0
140,Aflibercept,357,wk52,84.0,349.0,Heidelberg Spectralis,1,0
140,Aflibercept,388,wk56,79.0,380.0,Heidelberg Spectralis,0,0
140,Aflibercept,441,wk64,84.0,288.0,Heidelberg Spectralis,1,0
140,Aflibercept,507,wk72,71.0,367.0,Heidelberg Spectralis,1,0
140,Aflibercept,529,wk76,85.0,348.0,Heidelberg Spectralis,1,0
140,Aflibercept,609,wk88,73.0,369.0,Heidelberg Spectralis,1,0
140,Aflibercept,638,wk92,81.0,347.0,Heidelberg Spectralis,0,0
140,Aflibercept,706,wk100,82.0,273.0,Heidelberg Spectralis,0,0
140,Aflibercept,722,wk104,77.0,318.0,Heidelberg Spectralis,0,0
141,Aflibercept,0,baseline,48.0,439.0,Heidelberg Spectralis,1,0
141,Aflibercept,35,wk4,58.0,382.0,Heidelberg Spectralis,1,0
141,Aflibercept,50,wk8,60.0,370.0,Heidelberg Spectralis,1,0
141,Aflibercept,88,wk12,64.0,,,1,0
141,Aflibercept,117,wk16,71.0,,,1,0
141,Aflibercept,139,wk20,66.0,368.0,Heidelberg Spectralis,1,0
142,Bevacizumab,0,baseline,66.0,284.0,Zeiss Cirrus,1,0
142,Bevacizumab,27,wk4,69.0,360.0,Zeiss Cirrus,1,0
142,Bevacizumab,56,wk8,75.0,402.0,Zeiss Cirrus,1,0
142,Bevacizumab,87,wk12,72.0,384.0,Zeiss Cirrus,1,0
142,Bevacizumab,108,wk16,74.0,372.0,Zeiss Cirrus,0,0
142,Bevacizumab,134,wk20,75.0,358.0,Zeiss Cirrus,1,0
142,Bevacizumab,173,wk24,73.0,413.0,Zeiss Cirrus,1,0
142,Bevacizumab,189,wk28,78.0,399.0,Zeiss Cirrus,1,0
142,Bevacizumab,230,wk32,72.0,387.0,Zeiss Cirrus,1,0
142,Bevacizumab,257,wk36,79.0,396.0,Zeiss Cirrus,0,0
142,Bevacizumab,283,wk40,86.0,400.0,Zeiss Cirrus,1,0
142,Bevacizumab,311,wk44,80.0,373.0,Zeiss Cirrus,1,0
142,Bevacizumab,343,wk48,71.0,406.0,Zeiss Cirrus,1,0
142,Bevacizumab,361,wk52,76.0,398.0,Zeiss Cirrus,1,0
142,Bevacizumab,445,wk64,72.0,390.0,Zeiss Cirrus,1,0
142,Bevacizumab,507,wk72,86.0,397.0,Zeiss Cirrus,0,0
142,Bevacizumab,561,wk80,89.0,429.0,Zeiss Cirrus,1,0
142,Bevacizumab,581,wk84,79.0,377.0,Zeiss Cirrus,0,0
142,Bevacizumab,665,wk96,84.0,377.0,Zeiss Cirrus,1,0
142,Bevacizumab,702,wk100,80.0,331.0,Zeiss Cirrus,1,0
142,Bevacizumab,726,wk104,83.0,368.0,Zeiss Cirrus,0,0
143,Bevacizumab,0,baseline,58.0,414.0,Heidelberg Spectralis,1,0
143,Bevacizumab,33,wk4,53.0,373.0,Heidelberg Spectralis,1,0
143,Bevacizumab,62,wk8,56.0,343.0,Heidelberg Spectralis,1,0
143,Bevacizumab,86,wk12,59.0,,,1,0
143,Bevacizumab,113,wk16,52.0,,,0,0
143,Bevacizumab,140,wk20,47.0,393.0,Heidelberg Spectralis,0,0
143,Bevacizumab,163,wk24,54.0,,,0,0
143,Bevacizumab,194,wk28,56.0,368.0,Heidelberg Spectralis,1,0
143,Bevacizumab,231,wk32,58.0,355.0,Heidelberg Spectralis,0,1
143,Bevacizumab,249,wk36,52.0,296.0,Heidelberg Spectralis,1,0
143,Bevacizumab,284,wk40,53.0,,,1,0
143,Bevacizumab,306,wk44,51.0,265.0,Heidelberg Spectralis,1,0
143,Bevacizumab,329,wk48,57.0,287.0,Heidelberg Spectralis,0,0
143,Bevacizumab,371,wk52,52.0,305.0,Heidelberg Spectralis,1,0
143,Bevacizumab,450,wk64,51.0,286.0,Heidelberg Spectralis,1,0
143,Bevacizumab,469,wk68,50.0,272.0,Heidelberg Spectralis,1,0
143,Bevacizumab,539,wk76,52.0,264.0,Heidelberg Spectralis,0,0
143,Bevacizumab,553,wk80,49.0,,,1,0
143,Bevacizumab,669,wk96,52.0,300.0,Heidelberg Spectralis,0,0
143,Bevacizumab,732,wk104,51.0,294.0,Heidelberg Spectralis,0,0
144,Bevacizumab,0,baseline,77.0,460.0,Heidelberg Spectralis,1,0
144,Bevacizumab,25,wk4,85.0,,,1,0
144,Bevacizumab,60,wk8,79.0,368.0,Heidelberg Spectralis,1,0
144,Bevacizumab,79,wk12,80.0,394.0,Heidelberg Spectralis,1,0
144,Bevacizumab,105,wk16,78.0,347.0,Heidelberg Spectralis,1,0
144,Bevacizumab,141,wk20,78.0,,,1,0
144,Bevacizumab,169,wk24,78.0,360.0,Heidelberg Spectralis,1,0
144,Bevacizumab,190,wk28,82.0,324.0,Heidelberg Spectralis,1,0
144,Bevacizumab,228,wk32,79.0,426.0,Heidelberg Spectralis,1,0
144,Bevacizumab,258,wk36,76.0,401.0,Heidelberg Spectralis,1,0
144,Bevacizumab,277,wk40,79.0,346.0,Heidelberg Spectralis,1,0
144,Bevacizumab,313,wk44,82.0,355.0,Heidelberg Spectralis,1,0
144,Bevacizumab,332,wk48,88.0,381.0,Heidelberg Spectralis,1,1
144,Bevacizumab,362,wk52,82.0,365.0,Heidelberg Spectralis,1,0
144,Bevacizumab,454,wk64,72.0,,,1,0
144,Bevacizumab,537,wk76,85.0,,,0,0
144,Bevacizumab,565,wk80,80.0,408.0,Heidelberg Spectralis,1,0
144,Bevacizumab,587,wk84,85.0,404.0,Heidelberg Spectralis,0,0
144,Bevacizumab,644,wk92,85.0,329.0,Heidelberg Spectralis,1,0
144,Bevacizumab,668,wk96,81.0,,,1,0
144,Bevacizumab,731,wk104,82.0,362.0,Heidelberg Spectralis,0,0
145,Bevacizumab,0,baseline,77.0,433.0,Zeiss Cirrus,1,0
145,Bevacizumab,34,wk4,76.0,334.0,Zeiss Cirrus,1,0
145,Bevacizumab,58,wk8,85.0,295.0,Zeiss Cirrus,1,0
145,Bevacizumab,91,wk12,81.0,316.0,Zeiss Cirrus,1,0
145,Bevacizumab,113,wk16,78.0,324.0,Zeiss Cirrus,1,0
145,Bevacizumab,144,wk20,87.0,314.0,Zeiss Cirrus,0,0
145,Bevacizumab,168,wk24,77.0,,,1,0
145,Bevacizumab,189,wk28,73.0,290.0,Zeiss Cirrus,0,0
145,Bevacizumab,223,wk32,80.0,295.0,Zeiss Cirrus,0,0
145,Bevacizumab,251,wk36,85.0,,,1,0
145,Bevacizumab,285,wk40,81.0,276.0,Zeiss Cirrus,1,0
145,Bevacizumab,308,wk44,79.0,225.0,Zeiss Cirrus,0,0
145,Bevacizumab,340,wk48,79.0,306.0,Zeiss Cirrus,0,0
145,Bevacizumab,362,wk52,82.0,277.0,Zeiss Cirrus,0,0
145,Bevacizumab,388,wk56,87.0,,,1,0
145,Bevacizumab,421,wk60,81.0,248.0,Zeiss Cirrus,0,0
145,Bevacizumab,450,wk64,81.0,301.0,Zeiss Cirrus,1,0
145,Bevacizumab,476,wk68,90.0,298.0,Zeiss Cirrus,0,0
145,Bevacizumab,511,wk72,85.0,291.0,Zeiss Cirrus,1,0
145,Bevacizumab,620,wk88,86.0,267.0,Zeiss Cirrus,1,0
145,Bevacizumab,648,wk92,88.0,238.0,Zeiss Cirrus,1,0
145,Bevacizumab,724,wk104,85.0,305.0,Zeiss Cirrus,0,0
146,Bevacizumab,0,baseline,74.0,513.0,Heidelberg Spectralis,1,0
146,Bevacizumab,33,wk4,78.0,497.0,Heidelberg Spectralis,1,0
146,Bevacizumab,59,wk8,78.0,398.0,Heidelberg Spectralis,1,0
146,Bevacizumab,81,wk12,76.0,421.0,Heidelberg Spectralis,1,0
146,Bevacizumab,116,wk16,80.0,335.0,Heidelberg Spectralis,1,0
146,Bevacizumab,140,wk20,83.0,389.0,Heidelberg Spectralis,1,0
146,Bevacizumab,173,wk24,71.0,381.0,Heidelberg Spectralis,1,1
146,Bevacizumab,192,wk28,81.0,408.0,Heidelberg Spectralis,1,0
146,Bevacizumab,223,wk32,83.0,398.0,Heidelberg Spectralis,1,0
146,Bevacizumab,245,wk36,80.0,365.0,Heidelberg Spectralis,1,0
146,Bevacizumab,284,wk40,85.0,,,1,0
146,Bevacizumab,303,wk44,82.0,373.0,Heidelberg Spectralis,1,0
146,Bevacizumab,330,wk48,77.0,,,1,0
146,Bevacizumab,367,wk52,81.0,371.0,Heidelberg Spectralis,1,0
146,Bevacizumab,397,wk56,74.0,321.0,Heidelberg Spectralis,0,0
146,Bevacizumab,423,wk60,77.0,403.0,Heidelberg Spectralis,0,0
146,Bevacizumab,446,wk64,86.0,,,1,0
146,Bevacizumab,534,wk76,84.0,378.0,Heidelberg Spectralis,0,0
146,Bevacizumab,566,wk80,87.0,373.0,Heidelberg Spectralis,0,0
146,Bevacizumab,581,wk84,87.0,,,1,0
146,Bevacizumab,613,wk88,81.0,348.0,Heidelberg Spectralis,0,0
146,Bevacizumab,665,wk96,89.0,361.0,Heidelberg Spectralis,0,0
146,Bevacizumab,703,wk100,89.0,358.0,Heidelberg Spectralis,0,0
146,Bevacizumab,733,wk104,87.0,360.0,Heidelberg Spectralis,0,0
147,Ranibizumab,0,baseline,60.0,504.0,Heidelberg Spectralis,1,0
147,Ranibizumab,27,wk4,59.0,496.0,Heidelberg Spectralis,1,0
147,Ranibizumab,53,wk8,54.0,449.0,Heidelberg Spectralis,1,0
147,Ranibizumab,83,wk12,59.0,448.0,Heidelberg Spectralis,1,0
147,Ranibizumab,117,wk16,65.0,,,1,0
147,Ranibizumab,139,wk20,55.0,486.0,Heidelberg Spectralis,1,0
147,Ranibizumab,168,wk24,67.0,468.0,Heidelberg Spectralis,0,0
147,Ranibizumab,199,wk28,57.0,470.0,Heidelberg Spectralis,0,0
147,Ranibizumab,217,wk32,68.0,466.0,Heidelberg Spectralis,1,0
147,Ranibizumab,256,wk36,69.0,507.0,Heidelberg Spectralis,0,0
147,Ranibizumab,284,wk40,71.0,377.0,Heidelberg Spectralis,1,1
147,Ranibizumab,306,wk44,67.0,428.0,Heidelberg Spectralis,1,0
147,Ranibizumab,330,wk48,62.0,,,1,0
147,Ranibizumab,365,wk52,62.0,445.0,Heidelberg Spectralis,0,0
147,Ranibizumab,393,wk56,61.0,427.0,Heidelberg Spectralis,1,0
147,Ranibizumab,426,wk60,59.0,432.0,Heidelberg Spectralis,0,1
147,Ranibizumab,451,wk64,55.0,423.0,Heidelberg Spectralis,1,0
147,Ranibizumab,533,wk76,58.0,456.0,Heidelberg Spectralis,1,0
147,Ranibizumab,619,wk88,57.0,443.0,Heidelberg Spectralis,1,0
147,Ranibizumab,647,wk92,57.0,465.0,Heidelberg Spectralis,0,0
147,Ranibizumab,723,wk104,60.0,480.0,Heidelberg Spectralis,0,0
148,Aflibercept,0,baseline,71.0,415.0,Zeiss Cirrus,1,0
148,Aflibercept,33,wk4,80.0,371.0,Zeiss Cirrus,1,0
148,Aflibercept,56,wk8,75.0,419.0,Zeiss Cirrus,1,0
148,Aflibercept,81,wk12,79.0,427.0,Zeiss Cirrus,1,0
148,Aflibercept,108,wk16,83.0,399.0,Zeiss Cirrus,0,0
148,Aflibercept,142,wk20,89.0,404.0,Zeiss Cirrus,0,0
148,Aflibercept,168,wk24,83.0,400.0,Zeiss Cirrus,0,0
148,Aflibercept,198,wk28,82.0,366.0,Zeiss Cirrus,0,0
148,Aflibercept,229,wk32,81.0,392.0,Zeiss Cirrus,0,0
148,Aflibercept,258,wk36,82.0,370.0,Zeiss Cirrus,0,0
148,Aflibercept,275,wk40,75.0,378.0,Zeiss Cirrus,0,0
148,Aflibercept,310,wk44,82.0,370.0,Zeiss Cirrus,1,0
148,Aflibercept,342,wk48,85.0,330.0,Zeiss Cirrus,0,0
148,Aflibercept,360,wk52,82.0,359.0,Zeiss Cirrus,1,0
148,Aflibercept,442,wk64,89.0,347.0,Zeiss Cirrus,0,0
148,Aflibercept,473,wk68,91.0,,,0,0
148,Aflibercept,507,wk72,81.0,308.0,Zeiss Cirrus,0,0
148,Aflibercept,611,wk88,83.0,319.0,Zeiss Cirrus,1,1
148,Aflibercept,672,wk96,86.0,,,0,0
148,Aflibercept,706,wk100,77.0,314.0,Zeiss Cirrus,0,0
148,Aflibercept,735,wk104,80.0,325.0,Zeiss Cirrus,0,0
149,Bevacizumab,0,baseline,72.0,351.0,Heidelberg Spectralis,1,0
149,Bevacizumab,26,wk4,75.0,359.0,Heidelberg Spectralis,1,0
149,Bevacizumab,55,wk8,80.0,,,1,0
149,Bevacizumab,79,wk12,83.0,354.0,Heidelberg Spectralis,1,0
149,Bevacizumab,115,wk16,82.0,330.0,Heidelberg Spectralis,1,0
149,Bevacizumab,142,wk20,81.0,,,1,0
149,Bevacizumab,163,wk24,83.0,368.0,Heidelberg Spectralis,1,0
149,Bevacizumab,190,wk28,84.0,396.0,Heidelberg Spectralis,1,0
149,Bevacizumab,220,wk32,89.0,363.0,Heidelberg Spectralis,1,0
149,Bevacizumab,249,wk36,94.0,341.0,Heidelberg Spectralis,1,0
149,Bevacizumab,278,wk40,88.0,312.0,Heidelberg Spectralis,1,1
149,Bevacizumab,309,wk44,80.0,362.0,Heidelberg Spectralis,1,0
149,Bevacizumab,329,wk48,88.0,351.0,Heidelberg Spectralis,1,0
149,Bevacizumab,368,wk52,86.0,,,0,0
149,Bevacizumab,388,wk56,91.0,,,1,0
149,Bevacizumab,482,wk68,85.0,317.0,Heidelberg Spectralis,1,0
149,Bevacizumab,531,wk76,79.0,309.0,Heidelberg Spectralis,1,0
149,Bevacizumab,594,wk84,83.0,253.0,Heidelberg Spectralis,0,1
149,Bevacizumab,622,wk88,86.0,279.0,Heidelberg Spectralis,1,0
149,Bevacizumab,640,wk92,83.0,262.0,Heidelberg Spectralis,0,0
149,Bevacizumab,730,wk104,84.0,279.0,Heidelberg Spectralis,0,0
150,Ranibizumab,0,baseline,68.0,412.0,Heidelberg Spectralis,1,0
150,Ranibizumab,23,wk4,68.0,289.0,Heidelberg Spectralis,1,0
150,Ranibizumab,52,wk8,75.0,307.0,Heidelberg Spectralis,1,0
150,Ranibizumab,85,wk12,78.0,247.0,Heidelberg Spectralis,1,0
150,Ranibizumab,110,wk16,81.0,209.0,Heidelberg Spectralis,1,0
150,Ranibizumab,137,wk20,83.0,207.0,Heidelberg Spectralis,1,0
150,Ranibizumab,166,wk24,76.0,164.0,Heidelberg Spectralis,0,0
150,Ranibizumab,200,wk28,85.0,197.0,Heidelberg Spectralis,1,0
150,Ranibizumab,228,wk32,72.0,150.0,Heidelberg Spectralis,0,0
150,Ranibizumab,257,wk36,83.0,150.0,Heidelberg Spectralis,1,0
150,Ranibizumab,279,wk40,77.0,151.0,Heidelberg Spectralis,1,0
150,Ranibizumab,306,wk44,84.0,150.0,Heidelberg Spectralis,0,0
150,Ranibizumab,334,wk48,85.0,,,1,0
150,Ranibizumab,358,wk52,82.0,150.0,Heidelberg Spectralis,0,0
150,Ranibizumab,396,wk56,87.0,,,0,0
150,Ranibizumab,413,wk60,78.0,,,0,0
150,Ranibizumab,482,wk68,86.0,205.0,Heidelberg Spectralis,0,0
150,Ranibizumab,534,wk76,81.0,172.0,Heidelberg Spectralis,0,0
150,Ranibizumab,564,wk80,83.0,150.0,Heidelberg Spectralis,1,0
150,Ranibizumab,614,wk88,94.0,150.0,Heidelberg Spectralis,1,0
150,Ranibizumab,674,wk96,84.0,150.0,Heidelberg Spectralis,1,0
150,Ranibizumab,729,wk104,89.0,150.0,Heidelberg Spectralis,0,0
151,Aflibercept,0,baseline,67.0,326.0,Zeiss Stratus,1,0
151,Aflibercept,33,wk4,70.0,,,1,0
151,Aflibercept,59,wk8,78.0,269.0,Zeiss Stratus,1,0
151,Aflibercept,88,wk12,76.0,271.0,Zeiss Stratus,1,0
151,Aflibercept,112,wk16,74.0,,,0,0
151,Aflibercept,133,wk20,76.0,238.0,Zeiss Stratus,1,0
151,Aflibercept,175,wk24,73.0,289.0,Zeiss Stratus,0,0
151,Aflibercept,201,wk28,77.0,176.0,Zeiss Stratus,0,0
151,Aflibercept,218,wk32,78.0,174.0,Zeiss Stratus,1,0
151,Aflibercept,253,wk36,76.0,,,0,0
151,Aflibercept,281,wk40,81.0,184.0,Zeiss Stratus,0,0
151,Aflibercept,308,wk44,74.0,184.0,Zeiss Stratus,1,0
151,Aflibercept,330,wk48,74.0,200.0,Zeiss Stratus,0,0
151,Aflibercept,359,wk52,79.0,,,1,0
151,Aflibercept,446,wk64,83.0,254.0,Zeiss Stratus,1,0
151,Aflibercept,499,wk72,82.0,248.0,Zeiss Stratus,0,0
151,Aflibercept,531,wk76,84.0,165.0,Zeiss Stratus,1,0
151,Aflibercept,613,wk88,74.0,241.0,Zeiss Stratus,0,0
151,Aflibercept,672,wk96,81.0,217.0,Zeiss Stratus,0,0
151,Aflibercept,731,wk104,79.0,217.0,Zeiss Stratus,0,0
152,Bevacizumab,0,baseline,59.0,401.0,Zeiss Cirrus,1,0
152,Bevacizumab,22,wk4,74.0,446.0,Zeiss Cirrus,1,0
152,Bevacizumab,55,wk8,81.0,357.0,Zeiss Cirrus,1,0
152,Bevacizumab,89,wk12,88.0,396.0,Zeiss Cirrus,1,0
152,Bevacizumab,117,wk16,74.0,361.0,Zeiss Cirrus,1,0
152,Bevacizumab,138,wk20,89.0,394.0,Zeiss Cirrus,0,0
152,Bevacizumab,174,wk24,91.0,318.0,Zeiss Cirrus,0,0
152,Bevacizumab,194,wk28,93.0,374.0,Zeiss Cirrus,1,0
152,Bevacizumab,230,wk32,85.0,327.0,Zeiss Cirrus,1,0
152,Bevacizumab,257,wk36,98.0,,,1,0
152,Bevacizumab,287,wk40,86.0,338.0,Zeiss Cirrus,0,0
152,Bevacizumab,308,wk44,96.0,327.0,Zeiss Cirrus,1,0
152,Bevacizumab,343,wk48,95.0,355.0,Zeiss Cirrus,0,0
152,Bevacizumab,369,wk52,93.0,351.0,Zeiss Cirrus,0,0
152,Bevacizumab,422,wk60,91.0,,,0,1
152,Bevacizumab,482,wk68,89.0,312.0,Zeiss Cirrus,0,0
152,Bevacizumab,537,wk76,83.0,382.0,Zeiss Cirrus,0,0
152,Bevacizumab,557,wk80,91.0,415.0,Zeiss Cirrus,0,0
152,Bevacizumab,583,wk84,100.0,357.0,Zeiss Cirrus,0,0
152,Bevacizumab,617,wk88,95.0,,,1,0
152,Bevacizumab,649,wk92,92.0,341.0,Zeiss Cirrus,1,0
152,Bevacizumab,700,wk100,89.0,415.0,Zeiss Cirrus,1,0
152,Bevacizumab,730,wk104,92.0,375.0,Zeiss Cirrus,0,0
153,Aflibercept,0,baseline,56.0,529.0,Heidelberg Spectralis,1,0
153,Aflibercept,32,wk4,60.0,457.0,Heidelberg Spectralis,1,0
153,Aflibercept,63,wk8,68.0,393.0,Heidelberg Spectralis,1,0
153,Aflibercept,88,wk12,66.0,409.0,Heidelberg Spectralis,1,0
153,Aflibercept,105,wk16,66.0,356.0,Heidelberg Spectralis,1,0
153,Aflibercept,146,wk20,62.0,277.0,Heidelberg Spectralis,0,0
153,Aflibercept,171,wk24,70.0,,,0,0
153,Aflibercept,190,wk28,69.0,317.0,Heidelberg Spectralis,1,0
153,Aflibercept,220,wk32,71.0,306.0,Heidelberg Spectralis,0,0
153,Aflibercept,247,wk36,69.0,,,1,0
153,Aflibercept,274,wk40,66.0,,,1,0
153,Aflibercept,301,wk44,65.0,299.0,Heidelberg Spectralis,0,0
153,Aflibercept,340,wk48,62.0,280.0,Heidelberg Spectralis,0,0
153,Aflibercept,368,wk52,68.0,305.0,Heidelberg Spectralis,1,0
153,Aflibercept,387,wk56,68.0,320.0,Heidelberg Spectralis,0,0
153,Aflibercept,425,wk60,62.0,341.0,Heidelberg Spectralis,1,0
153,Aflibercept,454,wk64,62.0,,,0,0
153,Aflibercept,534,wk76,70.0,296.0,Heidelberg Spectralis,0,0
153,Aflibercept,558,wk80,70.0,347.0,Heidelberg Spectralis,0,0
153,Aflibercept,591,wk84,69.0,339.0,Heidelberg Spectralis,1,0
153,Aflibercept,693,wk100,74.0,,,1,0
153,Aflibercept,729,wk104,71.0,353.0,Heidelberg Spectralis,0,0
154,Aflibercept,0,baseline,66.0,496.0,Heidelberg Spectralis,1,0
154,Aflibercept,27,wk4,69.0,441.0,Heidelberg Spectralis,1,0
154,Aflibercept,55,wk8,78.0,,,1,0
154,Aflibercept,82,wk12,81.0,407.0,Heidelberg Spectralis,1,0
154,Aflibercept,106,wk16,83.0,341.0,Heidelberg Spectralis,1,0
154,Aflibercept,144,wk20,87.0,,,0,0
154,Aflibercept,173,wk24,92.0,300.0,Heidelberg Spectralis,1,0
154,Aflibercept,197,wk28,94.0,295.0,Heidelberg Spectralis,0,0
154,Aflibercept,226,wk32,87.0,283.0,Heidelberg Spectralis,0,0
154,Aflibercept,251,wk36,90.0,301.0,Heidelberg Spectralis,1,0
154,Aflibercept,281,wk40,89.0,299.0,Heidelberg Spectralis,1,0
154,Aflibercept,309,wk44,96.0,,,1,0
154,Aflibercept,340,wk48,91.0,296.0,Heidelberg Spectralis,1,1
154,Aflibercept,364,wk52,90.0,311.0,Heidelberg Spectralis,0,0
154,Aflibercept,389,wk56,86.0,283.0,Heidelberg Spectralis,0,0
154,Aflibercept,423,wk60,94.0,349.0,Heidelberg Spectralis,0,0
154,Aflibercept,452,wk64,89.0,320.0,Heidelberg Spectralis,0,0
154,Aflibercept,561,wk80,100.0,313.0,Heidelberg Spectralis,1,0
154,Aflibercept,623,wk88,98.0,370.0,Heidelberg Spectralis,1,0
154,Aflibercept,646,wk92,100.0,305.0,Heidelberg Spectralis,1,0
154,Aflibercept,673,wk96,98.0,317.0,Heidelberg Spectralis,1,0
154,Aflibercept,704,wk100,100.0,304.0,Heidelberg Spectralis,0,0
155,Bevacizumab,0,baseline,69.0,475.0,Zeiss Stratus,1,0
155,Bevacizumab,35,wk4,72.0,442.0,Zeiss Stratus,1,0
155,Bevacizumab,50,wk8,85.0,,,1,0
155,Bevacizumab,80,wk12,70.0,363.0,Zeiss Stratus,1,0
155,Bevacizumab,117,wk16,72.0,416.0,Zeiss Stratus,1,0
155,Bevacizumab,134,wk20,74.0,317.0,Zeiss Stratus,1,0
155,Bevacizumab,164,wk24,75.0,,,0,0
155,Bevacizumab,201,wk28,82.0,367.0,Zeiss Stratus,1,0
155,Bevacizumab,218,wk32,80.0,403.0,Zeiss Stratus,1,0
155,Bevacizumab,258,wk36,74.0,455.0,Zeiss Stratus,1,0
155,Bevacizumab,286,wk40,74.0,406.0,Zeiss Stratus,1,0
155,Bevacizumab,308,wk44,86.0,377.0,Zeiss Stratus,0,1
155,Bevacizumab,339,wk48,80.0,415.0,Zeiss Stratus,1,0
155,Bevacizumab,360,wk52,79.0,384.0,Zeiss Stratus,1,0
155,Bevacizumab,455,wk64,74.0,405.0,Zeiss Stratus,0,0
155,Bevacizumab,497,wk72,77.0,382.0,Zeiss Stratus,0,0
155,Bevacizumab,530,wk76,76.0,413.0,Zeiss Stratus,1,0
155,Bevacizumab,557,wk80,82.0,416.0,Zeiss Stratus,0,0
155,Bevacizumab,611,wk88,80.0,415.0,Zeiss Stratus,1,0
155,Bevacizumab,641,wk92,78.0,429.0,Zeiss Stratus,0,0
155,Bevacizumab,695,wk100,79.0,364.0,Zeiss Stratus,0,0
155,Bevacizumab,735,wk104,80.0,404.0,Zeiss Stratus,0,0
156,Ranibizumab,0,baseline,66.0,392.0,Zeiss Cirrus,1,0
156,Ranibizumab,23,wk4,74.0,351.0,Zeiss Cirrus,1,0
156,Ranibizumab,62,wk8,87.0,330.0,Zeiss Cirrus,1,0
156,Ranibizumab,83,wk12,88.0,309.0,Zeiss Cirrus,1,0
156,Ranibizumab,106,wk16,91.0,342.0,Zeiss Cirrus,0,0
156,Ranibizumab,138,wk20,87.0,233.0,Zeiss Cirrus,1,0
156,Ranibizumab,171,wk24,88.0,262.0,Zeiss Cirrus,1,0
156,Ranibizumab,194,wk28,97.0,,,1,0
156,Ranibizumab,226,wk32,92.0,,,0,0
156,Ranibizumab,259,wk36,97.0,,,1,1
156,Ranibizumab,287,wk40,93.0,259.0,Zeiss Cirrus,0,0
156,Ranibizumab,312,wk44,95.0,,,0,0
156,Ranibizumab,331,wk48,93.0,240.0,Zeiss Cirrus,1,0
156,Ranibizumab,369,wk52,95.0,263.0,Zeiss Cirrus,0,0
156,Ranibizumab,394,wk56,92.0,232.0,Zeiss Cirrus,0,0
156,Ranibizumab,452,wk64,94.0,268.0,Zeiss Cirrus,0,0
156,Ranibizumab,566,wk80,94.0,256.0,Zeiss Cirrus,0,0
156,Ranibizumab,641,wk92,95.0,293.0,Zeiss Cirrus,1,0
156,Ranibizumab,667,wk96,100.0,344.0,Zeiss Cirrus,1,0
156,Ranibizumab,724,wk104,94.0,308.0,Zeiss Cirrus,0,0
157,Bevacizumab,0,baseline,66.0,638.0,Heidelberg Spectralis,1,0
157,Bevacizumab,23,wk4,69.0,544.0,Heidelberg Spectralis,1,0
157,Bevacizumab,52,wk8,75.0,536.0,Heidelberg Spectralis,1,0
157,Bevacizumab,81,wk12,71.0,,,1,0
157,Bevacizumab,105,wk16,78.0,456.0,Heidelberg Spectralis,0,0
157,Bevacizumab,135,wk20,74.0,420.0,Heidelberg Spectralis,0,0
157,Bevacizumab,163,wk24,82.0,500.0,Heidelberg Spectralis,0,1
157,Bevacizumab,190,wk28,82.0,471.0,Heidelberg Spectralis,0,0
157,Bevacizumab,221,wk32,85.0,435.0,Heidelberg Spectralis,0,0
157,Bevacizumab,251,wk36,81.0,426.0,Heidelberg Spectralis,0,0
157,Bevacizumab,277,wk40,77.0,398.0,Heidelberg Spectralis,0,0
157,Bevacizumab,309,wk44,73.0,397.0,Heidelberg Spectralis,0,0
157,Bevacizumab,333,wk48,79.0,393.0,Heidelberg Spectralis,0,0
157,Bevacizumab,370,wk52,80.0,419.0,Heidelberg Spectralis,1,1
157,Bevacizumab,442,wk64,86.0,392.0,Heidelberg Spectralis,0,0
157,Bevacizumab,470,wk68,85.0,423.0,Heidelberg Spectralis,1,0
157,Bevacizumab,500,wk72,81.0,417.0,Heidelberg Spectralis,1,0
157,Bevacizumab,554,wk80,85.0,395.0,Heidelberg Spectralis,0,0
157,Bevacizumab,673,wk96,86.0,,,1,0
157,Bevacizumab,727,wk104,92.0,378.0,Heidelberg Spectralis,0,0
158,Aflibercept,0,baseline,73.0,527.0,Heidelberg Spectralis,1,0
158,Aflibercept,25,wk4,82.0,440.0,Heidelberg Spectralis,1,0
158,Aflibercept,55,wk8,74.0,404.0,Heidelberg Spectralis,1,0
158,Aflibercept,90,wk12,77.0,391.0,Heidelberg Spectralis,1,0
158,Aflibercept,115,wk16,92.0,,,0,0
158,Aflibercept,146,wk20,88.0,324.0,Heidelberg Spectralis,0,0
158,Aflibercept,161,wk24,84.0,354.0,Heidelberg Spectralis,1,0
158,Aflibercept,200,wk28,86.0,330.0,Heidelberg Spectralis,1,0
158,Aflibercept,220,wk32,89.0,298.0,Heidelberg Spectralis,1,0
158,Aflibercept,257,wk36,84.0,261.0,Heidelberg Spectralis,1,0
158,Aflibercept,285,wk40,88.0,298.0,Heidelberg Spectralis,1,1
158,Aflibercept,309,wk44,89.0,,,1,0
158,Aflibercept,336,wk48,87.0,264.0,Heidelberg Spectralis,0,0
158,Aflibercept,367,wk52,87.0,309.0,Heidelberg Spectralis,0,0
158,Aflibercept,479,wk68,89.0,258.0,Heidelberg Spectralis,0,0
158,Aflibercept,505,wk72,83.0,264.0,Heidelberg Spectralis,0,0
158,Aflibercept,528,wk76,87.0,283.0,Heidelberg Spectralis,0,0
158,Aflibercept,559,wk80,89.0,312.0,Heidelberg Spectralis,0,0
158,Aflibercept,593,wk84,91.0,298.0,Heidelberg Spectralis,0,0
158,Aflibercept,610,wk88,87.0,288.0,Heidelberg Spectralis,1,0
158,Aflibercept,722,wk104,95.0,291.0,Heidelberg Spectralis,0,0
159,Ranibizumab,0,baseline,56.0,440.0,Zeiss Cirrus,1,0
159,Ranibizumab,22,wk4,64.0,388.0,Zeiss Cirrus,1,0
159,Ranibizumab,60,wk8,60.0,324.0,Zeiss Cirrus,1,0
159,Ranibizumab,84,wk12,72.0,350.0,Zeiss Cirrus,1,0
159,Ranibizumab,105,wk16,69.0,,,1,0
159,Ranibizumab,136,wk20,76.0,321.0,Zeiss Cirrus,0,0
159,Ranibizumab,164,wk24,68.0,283.0,Zeiss Cirrus,1,0
159,Ranibizumab,200,wk28,68.0,,,1,0
159,Ranibizumab,221,wk32,79.0,345.0,Zeiss Cirrus,1,1
159,Ranibizumab,253,wk36,75.0,253.0,Zeiss Cirrus,0,0
159,Ranibizumab,285,wk40,71.0,321.0,Zeiss Cirrus,0,0
159,Ranibizumab,308,wk44,72.0,282.0,Zeiss Cirrus,0,0
159,Ranibizumab,339,wk48,74.0,278.0,Zeiss Cirrus,1,0
159,Ranibizumab,370,wk52,75.0,267.0,Zeiss Cirrus,0,0
159,Ranibizumab,390,wk56,78.0,297.0,Zeiss Cirrus,1,0
159,Ranibizumab,453,wk64,70.0,,,1,0
159,Ranibizumab,498,wk72,77.0,,,1,0
159,Ranibizumab,534,wk76,81.0,320.0,Zeiss Cirrus,0,0
159,Ranibizumab,559,wk80,76.0,316.0,Zeiss Cirrus,1,0
159,Ranibizumab,619,wk88,78.0,372.0,Zeiss Cirrus,1,0
159,Ranibizumab,732,wk104,82.0,368.0,Zeiss Cirrus,0,0
160,Aflibercept,0,baseline,69.0,494.0,Zeiss Cirrus,1,0
160,Aflibercept,33,wk4,69.0,470.0,Zeiss Cirrus,1,0
160,Aflibercept,63,wk8,77.0,481.0,Zeiss Cirrus,1,0
160,Aflibercept,83,wk12,70.0,499.0,Zeiss Cirrus,1,0
160,Aflibercept,119,wk16,69.0,448.0,Zeiss Cirrus,1,0
160,Aflibercept,140,wk20,72.0,470.0,Zeiss Cirrus,1,0
160,Aflibercept,164,wk24,69.0,436.0,Zeiss Cirrus,1,0
160,Aflibercept,194,wk28,67.0,452.0,Zeiss Cirrus,1,0
160,Aflibercept,218,wk32,62.0,427.0,Zeiss Cirrus,1,0
160,Aflibercept,257,wk36,66.0,442.0,Zeiss Cirrus,1,0
160,Aflibercept,284,wk40,63.0,441.0,Zeiss Cirrus,1,0
160,Aflibercept,314,wk44,70.0,381.0,Zeiss Cirrus,1,0
160,Aflibercept,342,wk48,67.0,414.0,Zeiss Cirrus,1,0
160,Aflibercept,369,wk52,68.0,438.0,Zeiss Cirrus,1,0
160,Aflibercept,386,wk56,64.0,,,0,0
160,Aflibercept,420,wk60,69.0,,,0,0
160,Aflibercept,529,wk76,65.0,494.0,Zeiss Cirrus,1,0
160,Aflibercept,585,wk84,74.0,,,0,0
160,Aflibercept,616,wk88,68.0,,,1,0
160,Aflibercept,676,wk96,68.0,,,0,0
160,Aflibercept,722,wk104,65.0,462.0,Zeiss Cirrus,0,0
161,Ranibizumab,0,baseline,68.0,392.0,Heidelberg Spectralis,1,0
161,Ranibizumab,28,wk4,59.0,306.0,Heidelberg Spectralis,1,0
161,Ranibizumab,50,wk8,68.0,336.0,Heidelberg Spectralis,1,0
161,Ranibizumab,78,wk12,63.0,377.0,Heidelberg Spectralis,1,0
161,Ranibizumab,116,wk16,74.0,,,1,0
161,Ranibizumab,137,wk20,68.0,291.0,Heidelberg Spectralis,0,0
161,Ranibizumab,165,wk24,65.0,258.0,Heidelberg Spectralis,1,0
161,Ranibizumab,197,wk28,67.0,278.0,Heidelberg Spectralis,0,0
161,Ranibizumab,218,wk32,56.0,299.0,Heidelberg Spectralis,1,0
161,Ranibizumab,250,wk36,72.0,275.0,Heidelberg Spectralis,1,0
161,Ranibizumab,277,wk40,70.0,286.0,Heidelberg Spectralis,1,0
161,Ranibizumab,305,wk44,72.0,243.0,Heidelberg Spectralis,1,0
161,Ranibizumab,336,wk48,74.0,284.0,Heidelberg Spectralis,0,0
161,Ranibizumab,364,wk52,70.0,267.0,Heidelberg Spectralis,1,0
161,Ranibizumab,389,wk56,74.0,,,1,0
161,Ranibizumab,420,wk60,65.0,227.0,Heidelberg Spectralis,1,0
161,Ranibizumab,536,wk76,63.0,,,0,0
161,Ranibizumab,562,wk80,64.0,250.0,Heidelberg Spectralis,1,0
161,Ranibizumab,590,wk84,77.0,287.0,Heidelberg Spectralis,0,0
161,Ranibizumab,615,wk88,61.0,252.0,Heidelberg Spectralis,0,0
161,Ranibizumab,650,wk92,65.0,279.0,Heidelberg Spectralis,1,0
161,Ranibizumab,704,wk100,61.0,299.0,Heidelberg Spectralis,1,0
161,Ranibizumab,721,wk104,67.0,277.0,Heidelberg Spectralis,0,0
162,Aflibercept,0,baseline,64.0,292.0,Heidelberg Spectralis,1,0
162,Aflibercept,28,wk4,65.0,,,1,0
162,Aflibercept,53,wk8,68.0,229.0,Heidelberg Spectralis,1,0
162,Aflibercept,80,wk12,80.0,210.0,Heidelberg Spectralis,1,0
162,Aflibercept,110,wk16,80.0,175.0,Heidelberg Spectralis,0,0
162,Aflibercept,137,wk20,77.0,154.0,Heidelberg Spectralis,1,0
162,Aflibercept,172,wk24,78.0,160.0,Heidelberg Spectralis,0,0
162,Aflibercept,191,wk28,76.0,150.0,Heidelberg Spectralis,1,0
162,Aflibercept,227,wk32,64.0,150.0,Heidelberg Spectralis,0,0
162,Aflibercept,254,wk36,73.0,172.0,Heidelberg Spectralis,1,0
162,Aflibercept,277,wk40,70.0,159.0,Heidelberg Spectralis,0,0
162,Aflibercept,304,wk44,73.0,150.0,Heidelberg Spectralis,0,0
162,Aflibercept,340,wk48,75.0,150.0,Heidelberg Spectralis,0,0
162,Aflibercept,371,wk52,76.0,150.0,Heidelberg Spectralis,0,0
162,Aflibercept,449,wk64,67.0,150.0,Heidelberg Spectralis,0,0
162,Aflibercept,567,wk80,73.0,150.0,Heidelberg Spectralis,1,0
162,Aflibercept,649,wk92,65.0,189.0,Heidelberg Spectralis,1,0
162,Aflibercept,671,wk96,66.0,168.0,Heidelberg Spectralis,0,0
162,Aflibercept,695,wk100,67.0,150.0,Heidelberg Spectralis,1,0
162,Aflibercept,722,wk104,65.0,176.0,Heidelberg Spectralis,0,0
163,Aflibercept,0,baseline,68.0,398.0,Heidelberg Spectralis,1,0
163,Aflibercept,31,wk4,76.0,424.0,Heidelberg Spectralis,1,0
163,Aflibercept,60,wk8,79.0,357.0,Heidelberg Spectralis,1,0
163,Aflibercept,87,wk12,83.0,380.0,Heidelberg Spectralis,1,0
163,Aflibercept,117,wk16,82.0,389.0,Heidelberg Spectralis,1,0
163,Aflibercept,137,wk20,91.0,396.0,Heidelberg Spectralis,0,0
163,Aflibercept,169,wk24,88.0,,,0,1
163,Aflibercept,203,wk28,91.0,385.0,Heidelberg Spectralis,1,0
163,Aflibercept,223,wk32,88.0,374.0,Heidelberg Spectralis,0,0
163,Aflibercept,254,wk36,90.0,,,1,0
163,Aflibercept,287,wk40,82.0,411.0,Heidelberg Spectralis,0,0
163,Aflibercept,312,wk44,98.0,462.0,Heidelberg Spectralis,0,0
163,Aflibercept,343,wk48,93.0,371.0,Heidelberg Spectralis,0,0
163,Aflibercept,371,wk52,91.0,,,0,0
163,Aflibercept,391,wk56,95.0,320.0,Heidelberg Spectralis,1,0
163,Aflibercept,415,wk60,91.0,377.0,Heidelberg Spectralis,0,0
163,Aflibercept,480,wk68,90.0,,,0,0
163,Aflibercept,507,wk72,100.0,339.0,Heidelberg Spectralis,0,0
163,Aflibercept,537,wk76,94.0,396.0,Heidelberg Spectralis,1,0
163,Aflibercept,613,wk88,94.0,346.0,Heidelberg Spectralis,0,0
163,Aflibercept,679,wk96,96.0,343.0,Heidelberg Spectralis,0,0
163,Aflibercept,706,wk100,94.0,,,1,0
163,Aflibercept,735,wk104,97.0,340.0,Heidelberg Spectralis,0,0
164,Ranibizumab,0,baseline,48.0,511.0,Zeiss Cirrus,1,0
164,Ranibizumab,33,wk4,47.0,463.0,Zeiss Cirrus,1,0
164,Ranibizumab,53,wk8,57.0,371.0,Zeiss Cirrus,1,0
164,Ranibizumab,88,wk12,67.0,347.0,Zeiss Cirrus,1,0
164,Ranibizumab,105,wk16,65.0,322.0,Zeiss Cirrus,1,0
164,Ranibizumab,143,wk20,65.0,313.0,Zeiss Cirrus,1,0
164,Ranibizumab,165,wk24,69.0,266.0,Zeiss Cirrus,0,0
164,Ranibizumab,203,wk28,69.0,263.0,Zeiss Cirrus,1,0
164,Ranibizumab,220,wk32,69.0,,,0,0
164,Ranibizumab,248,wk36,63.0,295.0,Zeiss Cirrus,0,0
164,Ranibizumab,280,wk40,64.0,,,1,0
164,Ranibizumab,301,wk44,70.0,274.0,Zeiss Cirrus,0,0
164,Ranibizumab,332,wk48,70.0,277.0,Zeiss Cirrus,1,0
164,Ranibizumab,361,wk52,68.0,280.0,Zeiss Cirrus,1,0
164,Ranibizumab,419,wk60,70.0,316.0,Zeiss Cirrus,0,0
164,Ranibizumab,450,wk64,67.0,231.0,Zeiss Cirrus,1,0
164,Ranibizumab,497,wk72,66.0,252.0,Zeiss Cirrus,1,0
164,Ranibizumab,556,wk80,70.0,201.0,Zeiss Cirrus,1,0
164,Ranibizumab,644,wk92,66.0,266.0,Zeiss Cirrus,1,0
164,Ranibizumab,698,wk100,71.0,280.0,Zeiss Cirrus,1,0
165,Bevacizumab,0,baseline,62.0,462.0,Heidelberg Spectralis,1,0
165,Bevacizumab,23,wk4,64.0,424.0,Heidelberg Spectralis,1,0
165,Bevacizumab,49,wk8,64.0,473.0,Heidelberg Spectralis,1,0
165,Bevacizumab,88,wk12,73.0,424.0,Heidelberg Spectralis,1,0
165,Bevacizumab,116,wk16,66.0,400.0,Heidelberg Spectralis,1,0
165,Bevacizumab,135,wk20,61.0,428.0,Heidelberg Spectralis,1,0
165,Bevacizumab,172,wk24,73.0,433.0,Heidelberg Spectralis,1,0
165,Bevacizumab,195,wk28,62.0,439.0,Heidelberg Spectralis,0,0
165,Bevacizumab,220,wk32,75.0,407.0,Heidelberg Spectralis,1,0
165,Bevacizumab,248,wk36,64.0,428.0,Heidelberg Spectralis,1,0
165,Bevacizumab,276,wk40,71.0,474.0,Heidelberg Spectralis,1,0
165,Bevacizumab,308,wk44,75.0,387.0,Heidelberg Spectralis,1,0
165,Bevacizumab,329,wk48,69.0,401.0,Heidelberg Spectralis,1,1
165,Bevacizumab,358,wk52,70.0,426.0,Heidelberg Spectralis,1,0
165,Bevacizumab,393,wk56,65.0,396.0,Heidelberg Spectralis,0,0
165,Bevacizumab,446,wk64,58.0,430.0,Heidelberg Spectralis,0,0
165,Bevacizumab,507,wk72,62.0,397.0,Heidelberg Spectralis,0,0
165,Bevacizumab,530,wk76,68.0,385.0,Heidelberg Spectralis,0,0
165,Bevacizumab,566,wk80,58.0,379.0,Heidelberg Spectralis,0,0
165,Bevacizumab,583,wk84,64.0,404.0,Heidelberg Spectralis,1,0
166,Aflibercept,0,baseline,74.0,415.0,Zeiss Cirrus,1,0
166,Aflibercept,25,wk4,81.0,327.0,Zeiss Cirrus,1,0
166,Aflibercept,49,wk8,78.0,380.0,Zeiss Cirrus,1,0
166,Aflibercept,86,wk12,83.0,,,1,0
166,Aflibercept,110,wk16,86.0,253.0,Zeiss Cirrus,0,0
166,Aflibercept,144,wk20,87.0,258.0,Zeiss Cirrus,1,0
166,Aflibercept,165,wk24,91.0,,,1,0
166,Aflibercept,201,wk28,91.0,253.0,Zeiss Cirrus,1,0
166,Aflibercept,217,wk32,84.0,247.0,Zeiss Cirrus,1,0
166,Aflibercept,259,wk36,90.0,260.0,Zeiss Cirrus,0,0
166,Aflibercept,283,wk40,89.0,255.0,Zeiss Cirrus,1,0
166,Aflibercept,315,wk44,99.0,187.0,Zeiss Cirrus,0,0
166,Aflibercept,340,wk48,97.0,,,1,0
166,Aflibercept,361,wk52,93.0,236.0,Zeiss Cirrus,0,0
166,Aflibercept,395,wk56,95.0,255.0,Zeiss Cirrus,0,0
166,Aflibercept,506,wk72,94.0,,,1,0
166,Aflibercept,556,wk80,100.0,273.0,Zeiss Cirrus,1,0
166,Aflibercept,668,wk96,100.0,264.0,Zeiss Cirrus,1,0
166,Aflibercept,725,wk104,100.0,243.0,Zeiss Cirrus,0,0
167,Aflibercept,0,baseline,78.0,378.0,Heidelberg Spectralis,1,0
167,Aflibercept,22,wk4,73.0,364.0,Heidelberg Spectralis,1,0
167,Aflibercept,54,wk8,71.0,317.0,Heidelberg Spectralis,1,0
167,Aflibercept,77,wk12,67.0,348.0,Heidelberg Spectralis,1,0
167,Aflibercept,112,wk16,65.0,333.0,Heidelberg Spectralis,0,0
167,Aflibercept,139,wk20,68.0,289.0,Heidelberg Spectralis,0,0
167,Aflibercept,168,wk24,70.0,335.0,Heidelberg Spectralis,1,0
167,Aflibercept,202,wk28,71.0,272.0,Heidelberg Spectralis,0,0
167,Aflibercept,218,wk32,63.0,312.0,Heidelberg Spectralis,0,0
167,Aflibercept,255,wk36,65.0,,,0,0
167,Aflibercept,282,wk40,62.0,340.0,Heidelberg Spectralis,1,0
167,Aflibercept,313,wk44,69.0,,,1,0
167,Aflibercept,333,wk48,68.0,290.0,Heidelberg Spectralis,0,0
167,Aflibercept,357,wk52,65.0,311.0,Heidelberg Spectralis,0,0
167,Aflibercept,454,wk64,66.0,270.0,Heidelberg Spectralis,0,0
167,Aflibercept,508,wk72,76.0,272.0,Heidelberg Spectralis,1,0
167,Aflibercept,560,wk80,61.0,309.0,Heidelberg Spectralis,1,0
167,Aflibercept,675,wk96,67.0,318.0,Heidelberg Spectralis,1,0
167,Aflibercept,732,wk104,63.0,286.0,Heidelberg Spectralis,0,0
168,Aflibercept,0,baseline,58.0,276.0,Zeiss Cirrus,1,0
168,Aflibercept,25,wk4,60.0,293.0,Zeiss Cirrus,1,0
168,Aflibercept,57,wk8,59.0,218.0,Zeiss Cirrus,1,0
168,Aflibercept,90,wk12,62.0,244.0,Zeiss Cirrus,1,0
168,Aflibercept,110,wk16,57.0,287.0,Zeiss Cirrus,0,0
168,Aflibercept,140,wk20,61.0,253.0,Zeiss Cirrus,1,0
168,Aflibercept,170,wk24,63.0,,,0,0
168,Aflibercept,192,wk28,53.0,296.0,Zeiss Cirrus,1,0
168,Aflibercept,231,wk32,66.0,234.0,Zeiss Cirrus,0,0
168,Aflibercept,248,wk36,66.0,238.0,Zeiss Cirrus,1,0
168,Aflibercept,286,wk40,58.0,231.0,Zeiss Cirrus,1,0
168,Aflibercept,302,wk44,66.0,226.0,Zeiss Cirrus,0,0
168,Aflibercept,342,wk48,60.0,202.0,Zeiss Cirrus,0,0
168,Aflibercept,369,wk52,62.0,235.0,Zeiss Cirrus,1,0
168,Aflibercept,421,wk60,57.0,245.0,Zeiss Cirrus,1,0
168,Aflibercept,450,wk64,54.0,221.0,Zeiss Cirrus,1,0
168,Aflibercept,482,wk68,69.0,226.0,Zeiss Cirrus,0,0
168,Aflibercept,498,wk72,64.0,221.0,Zeiss Cirrus,1,0
168,Aflibercept,554,wk80,66.0,220.0,Zeiss Cirrus,0,0
168,Aflibercept,586,wk84,58.0,284.0,Zeiss Cirrus,1,0
168,Aflibercept,614,wk88,65.0,214.0,Zeiss Cirrus,0,0
168,Aflibercept,706,wk100,60.0,238.0,Zeiss Cirrus,0,0
168,Aflibercept,729,wk104,61.0,229.0,Zeiss Cirrus,0,0
169,Aflibercept,0,baseline,72.0,601.0,Zeiss Cirrus,1,0
169,Aflibercept,22,wk4,66.0,539.0,Zeiss Cirrus,1,0
169,Aflibercept,57,wk8,73.0,503.0,Zeiss Cirrus,1,0
169,Aflibercept,78,wk12,68.0,485.0,Zeiss Cirrus,1,0
169,Aflibercept,118,wk16,66.0,,,0,0
169,Aflibercept,139,wk20,64.0,,,0,0
169,Aflibercept,169,wk24,60.0,,,1,0
169,Aflibercept,196,wk28,60.0,439.0,Zeiss Cirrus,0,0
169,Aflibercept,231,wk32,58.0,389.0,Zeiss Cirrus,0,1
169,Aflibercept,251,wk36,62.0,443.0,Zeiss Cirrus,1,0
169,Aflibercept,275,wk40,60.0,434.0,Zeiss Cirrus,0,0
169,Aflibercept,311,wk44,60.0,475.0,Zeiss Cirrus,1,0
169,Aflibercept,333,wk48,59.0,408.0,Zeiss Cirrus,0,0
169,Aflibercept,366,wk52,59.0,413.0,Zeiss Cirrus,1,0
169,Aflibercept,389,wk56,54.0,381.0,Zeiss Cirrus,0,0
169,Aflibercept,424,wk60,61.0,387.0,Zeiss Cirrus,0,0
169,Aflibercept,539,wk76,54.0,404.0,Zeiss Cirrus,1,0
169,Aflibercept,559,wk80,50.0,374.0,Zeiss Cirrus,0,0
169,Aflibercept,594,wk84,51.0,422.0,Zeiss Cirrus,1,0
169,Aflibercept,613,wk88,56.0,,,0,0
169,Aflibercept,666,wk96,52.0,376.0,Zeiss Cirrus,0,0
169,Aflibercept,703,wk100,59.0,,,0,0
169,Aflibercept,732,wk104,50.0,391.0,Zeiss Cirrus,0,0
170,Ranibizumab,0,baseline,72.0,364.0,Zeiss Stratus,1,0
170,Ranibizumab,32,wk4,75.0,335.0,Zeiss Stratus,1,0
170,Ranibizumab,51,wk8,79.0,350.0,Zeiss Stratus,1,0
170,Ranibizumab,81,wk12,85.0,310.0,Zeiss Stratus,1,0
170,Ranibizumab,112,wk16,85.0,276.0,Zeiss Stratus,1,0
170,Ranibizumab,147,wk20,92.0,260.0,Zeiss Stratus,1,0
170,Ranibizumab,169,wk24,90.0,301.0,Zeiss Stratus,1,0
170,Ranibizumab,193,wk28,90.0,298.0,Zeiss Stratus,1,0
170,Ranibizumab,224,wk32,80.0,279.0,Zeiss Stratus,1,1
170,Ranibizumab,251,wk36,90.0,320.0,Zeiss Stratus,0,0
170,Ranibizumab,283,wk40,90.0,254.0,Zeiss Stratus,1,0
170,Ranibizumab,313,wk44,84.0,,,1,0
170,Ranibizumab,333,wk48,85.0,259.0,Zeiss Stratus,0,0
170,Ranibizumab,365,wk52,89.0,277.0,Zeiss Stratus,0,0
170,Ranibizumab,397,wk56,92.0,264.0,Zeiss Stratus,0,0
170,Ranibizumab,447,wk64,93.0,240.0,Zeiss Stratus,1,0
170,Ranibizumab,507,wk72,94.0,226.0,Zeiss Stratus,0,0
170,Ranibizumab,526,wk76,85.0,,,0,0
170,Ranibizumab,557,wk80,84.0,257.0,Zeiss Stratus,1,0
170,Ranibizumab,613,wk88,91.0,224.0,Zeiss Stratus,0,0
170,Ranibizumab,679,wk96,94.0,242.0,Zeiss Stratus,0,0
170,Ranibizumab,733,wk104,92.0,202.0,Zeiss Stratus,0,0
171,Bevacizumab,0,baseline,74.0,413.0,Heidelberg Spectralis,1,0
171,Bevacizumab,24,wk4,74.0,346.0,Heidelberg Spectralis,1,0
171,Bevacizumab,53,wk8,82.0,302.0,Heidelberg Spectralis,1,0
171,Bevacizumab,89,wk12,68.0,339.0,Heidelberg Spectralis,1,0
171,Bevacizumab,105,wk16,75.0,,,1,0
171,Bevacizumab,140,wk20,77.0,353.0,Heidelberg Spectralis,1,0
171,Bevacizumab,173,wk24,74.0,352.0,Heidelberg Spectralis,1,0
171,Bevacizumab,202,wk28,76.0,,,0,1
171,Bevacizumab,227,wk32,74.0,342.0,Heidelberg Spectralis,1,0
171,Bevacizumab,255,wk36,79.0,298.0,Heidelberg Spectralis,1,0
171,Bevacizumab,287,wk40,74.0,313.0,Heidelberg Spectralis,1,0
171,Bevacizumab,308,wk44,76.0,291.0,Heidelberg Spectralis,1,0
171,Bevacizumab,341,wk48,78.0,339.0,Heidelberg Spectralis,1,0
171,Bevacizumab,357,wk52,78.0,302.0,Heidelberg Spectralis,0,0
171,Bevacizumab,387,wk56,78.0,268.0,Heidelberg Spectralis,0,0
171,Bevacizumab,447,wk64,77.0,324.0,Heidelberg Spectralis,0,1
171,Bevacizumab,474,wk68,78.0,,,0,0
171,Bevacizumab,498,wk72,81.0,336.0,Heidelberg Spectralis,1,0
171,Bevacizumab,558,wk80,80.0,,,0,0
171,Bevacizumab,593,wk84,80.0,337.0,Heidelberg Spectralis,0,0
171,Bevacizumab,617,wk88,82.0,327.0,Heidelberg Spectralis,1,0
171,Bevacizumab,650,wk92,84.0,302.0,Heidelberg Spectralis,1,0
171,Bevacizumab,733,wk104,81.0,327.0,Heidelberg Spectralis,0,0
172,Ranibizumab,0,baseline,67.0,367.0,Zeiss Cirrus,1,0
172,Ranibizumab,33,wk4,75.0,351.0,Zeiss Cirrus,1,0
172,Ranibizumab,55,wk8,77.0,331.0,Zeiss Cirrus,1,0
172,Ranibizumab,89,wk12,88.0,352.0,Zeiss Cirrus,1,0
172,Ranibizumab,117,wk16,83.0,,,1,0
172,Ranibizumab,139,wk20,89.0,301.0,Zeiss Cirrus,0,0
172,Ranibizumab,173,wk24,87.0,326.0,Zeiss Cirrus,1,0
172,Ranibizumab,192,wk28,79.0,320.0,Zeiss Cirrus,0,0
172,Ranibizumab,229,wk32,86.0,281.0,Zeiss Cirrus,0,0
172,Ranibizumab,259,wk36,78.0,316.0,Zeiss Cirrus,0,0
172,Ranibizumab,283,wk40,91.0,,,1,0
172,Ranibizumab,306,wk44,97.0,348.0,Zeiss Cirrus,1,0
172,Ranibizumab,340,wk48,88.0,304.0,Zeiss Cirrus,1,0
172,Ranibizumab,364,wk52,86.0,311.0,Zeiss Cirrus,1,0
172,Ranibizumab,470,wk68,81.0,245.0,Zeiss Cirrus,1,0
172,Ranibizumab,503,wk72,86.0,,,1,0
172,Ranibizumab,533,wk76,84.0,,,1,0
172,Ranibizumab,620,wk88,85.0,299.0,Zeiss Cirrus,0,0
173,Bevacizumab,0,baseline,48.0,577.0,Zeiss Cirrus,1,0
173,Bevacizumab,29,wk4,49.0,485.0,Zeiss Cirrus,1,0
173,Bevacizumab,61,wk8,55.0,442.0,Zeiss Cirrus,1,0
173,Bevacizumab,82,wk12,57.0,438.0,Zeiss Cirrus,1,0
173,Bevacizumab,112,wk16,63.0,,,0,0
173,Bevacizumab,136,wk20,65.0,407.0,Zeiss Cirrus,1,0
173,Bevacizumab,164,wk24,61.0,444.0,Zeiss Cirrus,0,0
173,Bevacizumab,192,wk28,61.0,388.0,Zeiss Cirrus,0,0
173,Bevacizumab,223,wk32,60.0,407.0,Zeiss Cirrus,0,0
173,Bevacizumab,245,wk36,59.0,,,1,1
173,Bevacizumab,286,wk40,59.0,407.0,Zeiss Cirrus,1,0
173,Bevacizumab,307,wk44,65.0,371.0,Zeiss Cirrus,1,0
173,Bevacizumab,334,wk48,70.0,368.0,Zeiss Cirrus,0,0
173,Bevacizumab,368,wk52,62.0,373.0,Zeiss Cirrus,1,0
173,Bevacizumab,453,wk64,58.0,375.0,Zeiss Cirrus,0,0
173,Bevacizumab,481,wk68,56.0,305.0,Zeiss Cirrus,1,0
173,Bevacizumab,538,wk76,62.0,322.0,Zeiss Cirrus,1,0
173,Bevacizumab,567,wk80,66.0,354.0,Zeiss Cirrus,1,0
173,Bevacizumab,612,wk88,63.0,372.0,Zeiss Cirrus,0,0
173,Bevacizumab,645,wk92,63.0,322.0,Zeiss Cirrus,1,0
173,Bevacizumab,706,wk100,58.0,,,1,0
173,Bevacizumab,728,wk104,60.0,334.0,Zeiss Cirrus,0,0
174,Bevacizumab,0,baseline,76.0,553.0,Heidelberg Spectralis,1,0
174,Bevacizumab,26,wk4,77.0,489.0,Heidelberg Spectralis,1,0
174,Bevacizumab,53,wk8,90.0,389.0,Heidelberg Spectralis,1,0
174,Bevacizumab,86,wk12,89.0,349.0,Heidelberg Spectralis,1,0
174,Bevacizumab,119,wk16,87.0,307.0,Heidelberg Spectralis,1,0
174,Bevacizumab,141,wk20,87.0,313.0,Heidelberg Spectralis,1,0
174,Bevacizumab,169,wk24,92.0,278.0,Heidelberg Spectralis,1,0
174,Bevacizumab,200,wk28,91.0,311.0,Heidelberg Spectralis,1,0
174,Bevacizumab,231,wk32,92.0,228.0,Heidelberg Spectralis,1,0
174,Bevacizumab,254,wk36,91.0,297.0,Heidelberg Spectralis,1,0
174,Bevacizumab,281,wk40,91.0,227.0,Heidelberg Spectralis,1,0
174,Bevacizumab,303,wk44,100.0,248.0,Heidelberg Spectralis,1,0
174,Bevacizumab,329,wk48,91.0,197.0,Heidelberg Spectralis,1,0
174,Bevacizumab,369,wk52,92.0,257.0,Heidelberg Spectralis,1,0
174,Bevacizumab,474,wk68,97.0,,,0,0
174,Bevacizumab,499,wk72,100.0,275.0,Heidelberg Spectralis,0,0
174,Bevacizumab,591,wk84,97.0,168.0,Heidelberg Spectralis,1,0
174,Bevacizumab,617,wk88,100.0,167.0,Heidelberg Spectralis,1,0
174,Bevacizumab,674,wk96,100.0,255.0,Heidelberg Spectralis,1,0
174,Bevacizumab,698,wk100,100.0,178.0,Heidelberg Spectralis,0,0
174,Bevacizumab,732,wk104,100.0,194.0,Heidelberg Spectralis,0,0
175,Bevacizumab,0,baseline,70.0,298.0,Zeiss Stratus,1,0
175,Bevacizumab,30,wk4,68.0,237.0,Zeiss Stratus,1,0
175,Bevacizumab,63,wk8,63.0,297.0,Zeiss Stratus,1,0
175,Bevacizumab,83,wk12,72.0,270.0,Zeiss Stratus,1,0
175,Bevacizumab,111,wk16,65.0,268.0,Zeiss Stratus,0,0
175,Bevacizumab,145,wk20,75.0,267.0,Zeiss Stratus,0,0
175,Bevacizumab,170,wk24,77.0,,,1,0
175,Bevacizumab,196,wk28,76.0,221.0,Zeiss Stratus,1,0
175,Bevacizumab,220,wk32,77.0,290.0,Zeiss Stratus,1,0
175,Bevacizumab,252,wk36,70.0,277.0,Zeiss Stratus,1,0
175,Bevacizumab,287,wk40,72.0,295.0,Zeiss Stratus,1,0
175,Bevacizumab,301,wk44,73.0,324.0,Zeiss Stratus,1,0
175,Bevacizumab,337,wk48,72.0,302.0,Zeiss Stratus,1,0
175,Bevacizumab,361,wk52,74.0,269.0,Zeiss Stratus,0,0
175,Bevacizumab,441,wk64,78.0,241.0,Zeiss Stratus,1,0
175,Bevacizumab,505,wk72,78.0,205.0,Zeiss Stratus,1,0
175,Bevacizumab,612,wk88,70.0,242.0,Zeiss Stratus,0,0
175,Bevacizumab,641,wk92,71.0,254.0,Zeiss Stratus,1,0
175,Bevacizumab,670,wk96,65.0,209.0,Zeiss Stratus,1,0
175,Bevacizumab,704,wk100,62.0,211.0,Zeiss Stratus,0,0
175,Bevacizumab,733,wk104,67.0,224.0,Zeiss Stratus,0,0
176,Aflibercept,0,baseline,58.0,564.0,Zeiss Cirrus,1,0
176,Aflibercept,32,wk4,71.0,516.0,Zeiss Cirrus,1,0
176,Aflibercept,50,wk8,67.0,543.0,Zeiss Cirrus,1,0
176,Aflibercept,88,wk12,70.0,526.0,Zeiss Cirrus,1,0
176,Aflibercept,109,wk16,75.0,558.0,Zeiss Cirrus,0,0
176,Aflibercept,133,wk20,77.0,573.0,Zeiss Cirrus,1,0
176,Aflibercept,168,wk24,84.0,539.0,Zeiss Cirrus,0,0
176,Aflibercept,190,wk28,83.0,528.0,Zeiss Cirrus,0,0
176,Aflibercept,228,wk32,83.0,564.0,Zeiss Cirrus,0,0
176,Aflibercept,253,wk36,79.0,511.0,Zeiss Cirrus,0,0
176,Aflibercept,274,wk40,80.0,571.0,Zeiss Cirrus,1,0
176,Aflibercept,315,wk44,82.0,556.0,Zeiss Cirrus,1,0
176,Aflibercept,330,wk48,79.0,521.0,Zeiss Cirrus,0,0
176,Aflibercept,369,wk52,82.0,532.0,Zeiss Cirrus,1,0
176,Aflibercept,413,wk60,73.0,539.0,Zeiss Cirrus,1,0
176,Aflibercept,506,wk72,74.0,510.0,Zeiss Cirrus,1,0
176,Aflibercept,595,wk84,79.0,557.0,Zeiss Cirrus,1,0
176,Aflibercept,647,wk92,76.0,522.0,Zeiss Cirrus,0,0
176,Aflibercept,678,wk96,75.0,533.0,Zeiss Cirrus,1,0
176,Aflibercept,697,wk100,74.0,,,0,0
176,Aflibercept,727,wk104,78.0,530.0,Zeiss Cirrus,0,0
177,Ranibizumab,0,baseline,63.0,440.0,Heidelberg Spectralis,1,0
177,Ranibizumab,29,wk4,68.0,391.0,Heidelberg Spectralis,1,0
177,Ranibizumab,57,wk8,73.0,263.0,Heidelberg Spectralis,1,0
177,Ranibizumab,84,wk12,76.0,262.0,Heidelberg Spectralis,1,0
177,Ranibizumab,110,wk16,79.0,251.0,Heidelberg Spectralis,0,0
177,Ranibizumab,134,wk20,62.0,179.0,Heidelberg Spectralis,1,0
177,Ranibizumab,167,wk24,72.0,239.0,Heidelberg Spectralis,1,0
177,Ranibizumab,203,wk28,78.0,175.0,Heidelberg Spectralis,1,0
177,Ranibizumab,227,wk32,81.0,158.0,Heidelberg Spectralis,0,0
177,Ranibizumab,253,wk36,76.0,250.0,Heidelberg Spectralis,1,0
177,Ranibizumab,274,wk40,76.0,202.0,Heidelberg Spectralis,1,0
177,Ranibizumab,303,wk44,83.0,162.0,Heidelberg Spectralis,1,0
177,Ranibizumab,336,wk48,76.0,176.0,Heidelberg Spectralis,1,0
177,Ranibizumab,364,wk52,78.0,189.0,Heidelberg Spectralis,0,0
177,Ranibizumab,451,wk64,81.0,,,1,0
177,Ranibizumab,509,wk72,82.0,189.0,Heidelberg Spectralis,1,0
177,Ranibizumab,532,wk76,82.0,209.0,Heidelberg Spectralis,0,0
177,Ranibizumab,649,wk92,81.0,183.0,Heidelberg Spectralis,1,0
177,Ranibizumab,676,wk96,78.0,,,0,0
177,Ranibizumab,723,wk104,83.0,228.0,Heidelberg Spectralis,0,0
178,Ranibizumab,0,baseline,70.0,372.0,Zeiss Cirrus,1,0
178,Ranibizumab,30,wk4,71.0,,,1,0
178,Ranibizumab,60,wk8,75.0,320.0,Zeiss Cirrus,1,0
178,Ranibizumab,78,wk12,72.0,380.0,Zeiss Cirrus,1,0
178,Ranibizumab,107,wk16,74.0,316.0,Zeiss Cirrus,1,0
178,Ranibizumab,146,wk20,88.0,336.0,Zeiss Cirrus,1,0
178,Ranibizumab,168,wk24,85.0,358.0,Zeiss Cirrus,1,0
178,Ranibizumab,203,wk28,77.0,315.0,Zeiss Cirrus,1,0
178,Ranibizumab,228,wk32,77.0,303.0,Zeiss Cirrus,1,0
178,Ranibizumab,252,wk36,86.0,,,1,1
178,Ranibizumab,279,wk40,76.0,,,1,0
178,Ranibizumab,306,wk44,72.0,287.0,Zeiss Cirrus,1,0
178,Ranibizumab,329,wk48,74.0,324.0,Zeiss Cirrus,1,0
178,Ranibizumab,357,wk52,80.0,311.0,Zeiss Cirrus,0,0
178,Ranibizumab,414,wk60,77.0,329.0,Zeiss Cirrus,1,0
178,Ranibizumab,451,wk64,83.0,276.0,Zeiss Cirrus,1,0
178,Ranibizumab,563,wk80,78.0,,,1,0
178,Ranibizumab,642,wk92,76.0,,,0,0
178,Ranibizumab,696,wk100,66.0,251.0,Zeiss Cirrus,0,0
178,Ranibizumab,729,wk104,74.0,239.0,Zeiss Cirrus,0,0
179,Bevacizumab,0,baseline,60.0,426.0,Heidelberg Spectralis,1,0
179,Bevacizumab,24,wk4,64.0,405.0,Heidelberg Spectralis,1,0
179,Bevacizumab,51,wk8,70.0,,,1,0
179,Bevacizumab,88,wk12,77.0,,,1,0
179,Bevacizumab,107,wk16,83.0,356.0,Heidelberg Spectralis,0,0
179,Bevacizumab,136,wk20,83.0,366.0,Heidelberg Spectralis,0,0
179,Bevacizumab,163,wk24,82.0,393.0,Heidelberg Spectralis,0,0
179,Bevacizumab,199,wk28,84.0,324.0,Heidelberg Spectralis,0,0
179,Bevacizumab,222,wk32,85.0,,,0,0
179,Bevacizumab,254,wk36,91.0,323.0,Heidelberg Spectralis,0,0
179,Bevacizumab,284,wk40,89.0,342.0,Heidelberg Spectralis,1,0
179,Bevacizumab,301,wk44,87.0,295.0,Heidelberg Spectralis,0,0
179,Bevacizumab,338,wk48,84.0,,,0,1
179,Bevacizumab,366,wk52,85.0,335.0,Heidelberg Spectralis,1,0
179,Bevacizumab,417,wk60,84.0,,,0,0
179,Bevacizumab,534,wk76,82.0,301.0,Heidelberg Spectralis,1,0
179,Bevacizumab,595,wk84,84.0,330.0,Heidelberg Spectralis,0,0
179,Bevacizumab,696,wk100,78.0,352.0,Heidelberg Spectralis,0,0
179,Bevacizumab,723,wk104,79.0,303.0,Heidelberg Spectralis,0,0
180,Aflibercept,0,baseline,59.0,358.0,Zeiss Cirrus,1,0
180,Aflibercept,22,wk4,65.0,373.0,Zeiss Cirrus,1,0
181,Bevacizumab,0,baseline,78.0,317.0,Zeiss Cirrus,1,0
181,Bevacizumab,35,wk4,79.0,317.0,Zeiss Cirrus,1,0
181,Bevacizumab,59,wk8,70.0,267.0,Zeiss Cirrus,1,0
181,Bevacizumab,84,wk12,88.0,276.0,Zeiss Cirrus,1,0
181,Bevacizumab,118,wk16,79.0,271.0,Zeiss Cirrus,0,0
181,Bevacizumab,136,wk20,77.0,255.0,Zeiss Cirrus,1,0
181,Bevacizumab,164,wk24,73.0,272.0,Zeiss Cirrus,1,0
181,Bevacizumab,199,wk28,90.0,257.0,Zeiss Cirrus,0,0
181,Bevacizumab,231,wk32,86.0,247.0,Zeiss Cirrus,0,0
181,Bevacizumab,249,wk36,83.0,223.0,Zeiss Cirrus,0,1
181,Bevacizumab,285,wk40,73.0,293.0,Zeiss Cirrus,1,0
181,Bevacizumab,303,wk44,86.0,225.0,Zeiss Cirrus,1,0
181,Bevacizumab,342,wk48,89.0,,,1,0
181,Bevacizumab,366,wk52,80.0,239.0,Zeiss Cirrus,1,0
181,Bevacizumab,471,wk68,83.0,252.0,Zeiss Cirrus,0,0
181,Bevacizumab,585,wk84,84.0,168.0,Zeiss Cirrus,1,0
181,Bevacizumab,613,wk88,79.0,224.0,Zeiss Cirrus,0,0
181,Bevacizumab,651,wk92,77.0,224.0,Zeiss Cirrus,1,0
181,Bevacizumab,702,wk100,86.0,196.0,Zeiss Cirrus,1,0
181,Bevacizumab,729,wk104,84.0,205.0,Zeiss Cirrus,0,0
182,Aflibercept,0,baseline,52.0,540.0,Heidelberg Spectralis,1,0
182,Aflibercept,25,wk4,62.0,481.0,Heidelberg Spectralis,1,0
182,Aflibercept,57,wk8,62.0,382.0,Heidelberg Spectralis,1,0
182,Aflibercept,86,wk12,67.0,356.0,Heidelberg Spectralis,1,0
182,Aflibercept,110,wk16,71.0,365.0,Heidelberg Spectralis,1,0
182,Aflibercept,135,wk20,77.0,361.0,Heidelberg Spectralis,1,0
182,Aflibercept,164,wk24,80.0,348.0,Heidelberg Spectralis,1,0
182,Aflibercept,190,wk28,76.0,363.0,Heidelberg Spectralis,1,0
182,Aflibercept,231,wk32,70.0,324.0,Heidelberg Spectralis,1,0
182,Aflibercept,258,wk36,67.0,351.0,Heidelberg Spectralis,0,0
182,Aflibercept,282,wk40,78.0,268.0,Heidelberg Spectralis,1,0
182,Aflibercept,314,wk44,81.0,319.0,Heidelberg Spectralis,0,0
182,Aflibercept,341,wk48,78.0,,,1,0
182,Aflibercept,365,wk52,75.0,330.0,Heidelberg Spectralis,0,0
182,Aflibercept,395,wk56,79.0,315.0,Heidelberg Spectralis,0,0
182,Aflibercept,450,wk64,75.0,,,1,0
182,Aflibercept,503,wk72,76.0,320.0,Heidelberg Spectralis,1,0
182,Aflibercept,595,wk84,74.0,324.0,Heidelberg Spectralis,1,0
182,Aflibercept,614,wk88,79.0,375.0,Heidelberg Spectralis,0,0
182,Aflibercept,699,wk100,76.0,360.0,Heidelberg Spectralis,0,0
182,Aflibercept,729,wk104,78.0,323.0,Heidelberg Spectralis,0,0
183,Aflibercept,0,baseline,74.0,407.0,Zeiss Cirrus,1,0
183,Aflibercept,22,wk4,81.0,,,1,0
183,Aflibercept,55,wk8,81.0,317.0,Zeiss Cirrus,1,0
183,Aflibercept,81,wk12,80.0,399.0,Zeiss Cirrus,1,0
183,Aflibercept,118,wk16,84.0,357.0,Zeiss Cirrus,1,0
183,Aflibercept,143,wk20,80.0,349.0,Zeiss Cirrus,1,0
184,Aflibercept,0,baseline,70.0,521.0,Heidelberg Spectralis,1,0
184,Aflibercept,32,wk4,74.0,,,1,0
184,Aflibercept,61,wk8,64.0,357.0,Heidelberg Spectralis,1,0
184,Aflibercept,90,wk12,73.0,353.0,Heidelberg Spectralis,1,0
184,Aflibercept,118,wk16,78.0,342.0,Heidelberg Spectralis,1,0
184,Aflibercept,133,wk20,74.0,308.0,Heidelberg Spectralis,0,0
184,Aflibercept,170,wk24,73.0,308.0,Heidelberg Spectralis,0,0
184,Aflibercept,200,wk28,75.0,311.0,Heidelberg Spectralis,1,0
184,Aflibercept,219,wk32,72.0,336.0,Heidelberg Spectralis,0,0
184,Aflibercept,248,wk36,71.0,,,1,0
184,Aflibercept,279,wk40,74.0,329.0,Heidelberg Spectralis,1,0
184,Aflibercept,304,wk44,83.0,349.0,Heidelberg Spectralis,0,1
184,Aflibercept,338,wk48,80.0,315.0,Heidelberg Spectralis,0,0
184,Aflibercept,369,wk52,75.0,305.0,Heidelberg Spectralis,0,0
184,Aflibercept,446,wk64,74.0,259.0,Heidelberg Spectralis,0,0
184,Aflibercept,499,wk72,80.0,297.0,Heidelberg Spectralis,1,0
184,Aflibercept,609,wk88,67.0,249.0,Heidelberg Spectralis,0,0
184,Aflibercept,642,wk92,67.0,264.0,Heidelberg Spectralis,0,0
184,Aflibercept,672,wk96,70.0,,,1,0
184,Aflibercept,694,wk100,77.0,184.0,Heidelberg Spectralis,1,0
184,Aflibercept,724,wk104,71.0,210.0,Heidelberg Spectralis,0,0
185,Bevacizumab,0,baseline,47.0,459.0,Zeiss Cirrus,1,0
185,Bevacizumab,22,wk4,45.0,411.0,Zeiss Cirrus,1,0
185,Bevacizumab,50,wk8,53.0,353.0,Zeiss Cirrus,1,0
185,Bevacizumab,77,wk12,58.0,,,1,0
185,Bevacizumab,114,wk16,56.0,381.0,Zeiss Cirrus,1,0
185,Bevacizumab,136,wk20,58.0,336.0,Zeiss Cirrus,1,0
185,Bevacizumab,168,wk24,57.0,,,1,0
185,Bevacizumab,194,wk28,58.0,335.0,Zeiss Cirrus,1,0
185,Bevacizumab,223,wk32,56.0,,,1,1
185,Bevacizumab,257,wk36,57.0,228.0,Zeiss Cirrus,1,0
185,Bevacizumab,281,wk40,54.0,240.0,Zeiss Cirrus,0,0
185,Bevacizumab,303,wk44,56.0,301.0,Zeiss Cirrus,1,0
185,Bevacizumab,330,wk48,56.0,297.0,Zeiss Cirrus,1,0
185,Bevacizumab,366,wk52,56.0,309.0,Zeiss Cirrus,1,0
185,Bevacizumab,420,wk60,59.0,,,1,0
185,Bevacizumab,448,wk64,56.0,339.0,Zeiss Cirrus,0,0
185,Bevacizumab,476,wk68,54.0,283.0,Zeiss Cirrus,0,0
185,Bevacizumab,507,wk72,57.0,360.0,Zeiss Cirrus,1,0
185,Bevacizumab,556,wk80,52.0,312.0,Zeiss Cirrus,1,0
185,Bevacizumab,611,wk88,50.0,329.0,Zeiss Cirrus,1,0
185,Bevacizumab,723,wk104,55.0,321.0,Zeiss Cirrus,0,0
186,Ranibizumab,0,baseline,69.0,488.0,Zeiss Cirrus,1,0
186,Ranibizumab,21,wk4,73.0,448.0,Zeiss Cirrus,1,0
186,Ranibizumab,51,wk8,82.0,448.0,Zeiss Cirrus,1,0
186,Ranibizumab,81,wk12,88.0,380.0,Zeiss Cirrus,1,0
186,Ranibizumab,112,wk16,91.0,,,1,0
186,Ranibizumab,142,wk20,91.0,366.0,Zeiss Cirrus,1,0
186,Ranibizumab,173,wk24,86.0,332.0,Zeiss Cirrus,1,0
186,Ranibizumab,189,wk28,90.0,365.0,Zeiss Cirrus,0,0
186,Ranibizumab,218,wk32,92.0,323.0,Zeiss Cirrus,1,0
186,Ranibizumab,246,wk36,100.0,297.0,Zeiss Cirrus,0,1
186,Ranibizumab,275,wk40,96.0,304.0,Zeiss Cirrus,0,0
186,Ranibizumab,310,wk44,97.0,316.0,Zeiss Cirrus,1,0
186,Ranibizumab,343,wk48,92.0,358.0,Zeiss Cirrus,0,0
186,Ranibizumab,358,wk52,92.0,330.0,Zeiss Cirrus,0,0
186,Ranibizumab,386,wk56,88.0,365.0,Zeiss Cirrus,1,0
186,Ranibizumab,421,wk60,94.0,270.0,Zeiss Cirrus,1,0
186,Ranibizumab,480,wk68,95.0,370.0,Zeiss Cirrus,0,0
186,Ranibizumab,537,wk76,79.0,289.0,Zeiss Cirrus,1,0
186,Ranibizumab,616,wk88,86.0,283.0,Zeiss Cirrus,1,0
186,Ranibizumab,647,wk92,92.0,298.0,Zeiss Cirrus,1,0
186,Ranibizumab,675,wk96,93.0,238.0,Zeiss Cirrus,0,0
186,Ranibizumab,704,wk100,93.0,260.0,Zeiss Cirrus,0,0
186,Ranibizumab,722,wk104,92.0,281.0,Zeiss Cirrus,0,0
187,Aflibercept,0,baseline,73.0,295.0,Heidelberg Spectralis,1,0
187,Aflibercept,31,wk4,75.0,316.0,Heidelberg Spectralis,1,0
187,Aflibercept,61,wk8,77.0,246.0,Heidelberg Spectralis,1,0
187,Aflibercept,85,wk12,68.0,219.0,Heidelberg Spectralis,1,0
187,Aflibercept,113,wk16,76.0,242.0,Heidelberg Spectralis,0,0
187,Aflibercept,147,wk20,81.0,230.0,Heidelberg Spectralis,0,0
187,Aflibercept,171,wk24,71.0,193.0,Heidelberg Spectralis,1,0
187,Aflibercept,189,wk28,83.0,244.0,Heidelberg Spectralis,0,0
187,Aflibercept,217,wk32,77.0,197.0,Heidelberg Spectralis,1,0
187,Aflibercept,256,wk36,84.0,191.0,Heidelberg Spectralis,0,0
187,Aflibercept,277,wk40,78.0,197.0,Heidelberg Spectralis,0,0
187,Aflibercept,313,wk44,80.0,233.0,Heidelberg Spectralis,1,0
187,Aflibercept,340,wk48,74.0,204.0,Heidelberg Spectralis,0,0
187,Aflibercept,370,wk52,77.0,223.0,Heidelberg Spectralis,0,0
187,Aflibercept,393,wk56,82.0,,,0,0
187,Aflibercept,452,wk64,71.0,157.0,Heidelberg Spectralis,0,0
187,Aflibercept,557,wk80,75.0,258.0,Heidelberg Spectralis,1,0
187,Aflibercept,594,wk84,80.0,210.0,Heidelberg Spectralis,1,0
187,Aflibercept,640,wk92,85.0,200.0,Heidelberg Spectralis,1,0
187,Aflibercept,733,wk104,82.0,164.0,Heidelberg Spectralis,0,0
188,Aflibercept,0,baseline,69.0,376.0,Heidelberg Spectralis,1,0
188,Aflibercept,30,wk4,89.0,335.0,Heidelberg Spectralis,1,0
188,Aflibercept,51,wk8,84.0,295.0,Heidelberg Spectralis,1,0
188,Aflibercept,80,wk12,89.0,296.0,Heidelberg Spectralis,1,0
188,Aflibercept,116,wk16,82.0,276.0,Heidelberg Spectralis,0,0
188,Aflibercept,137,wk20,95.0,240.0,Heidelberg Spectralis,1,0
188,Aflibercept,174,wk24,100.0,279.0,Heidelberg Spectralis,1,0
188,Aflibercept,200,wk28,92.0,226.0,Heidelberg Spectralis,0,0
188,Aflibercept,223,wk32,91.0,264.0,Heidelberg Spectralis,1,0
188,Aflibercept,249,wk36,98.0,191.0,Heidelberg Spectralis,1,0
188,Aflibercept,287,wk40,94.0,238.0,Heidelberg Spectralis,1,0
188,Aflibercept,310,wk44,94.0,250.0,Heidelberg Spectralis,0,0
188,Aflibercept,338,wk48,96.0,249.0,Heidelberg Spectralis,0,0
188,Aflibercept,363,wk52,98.0,249.0,Heidelberg Spectralis,0,0
188,Aflibercept,445,wk64,95.0,254.0,Heidelberg Spectralis,0,0
188,Aflibercept,474,wk68,100.0,290.0,Heidelberg Spectralis,1,0
188,Aflibercept,533,wk76,100.0,249.0,Heidelberg Spectralis,0,0
188,Aflibercept,563,wk80,97.0,226.0,Heidelberg Spectralis,1,0
188,Aflibercept,582,wk84,100.0,273.0,Heidelberg Spectralis,0,0
188,Aflibercept,704,wk100,100.0,233.0,Heidelberg Spectralis,0,0
188,Aflibercept,721,wk104,100.0,242.0,Heidelberg Spectralis,0,0
189,Bevacizumab,0,baseline,59.0,490.0,Zeiss Cirrus,1,0
189,Bevacizumab,30,wk4,60.0,518.0,Zeiss Cirrus,1,0
189,Bevacizumab,59,wk8,69.0,466.0,Zeiss Cirrus,1,0
189,Bevacizumab,87,wk12,71.0,492.0,Zeiss Cirrus,1,0
189,Bevacizumab,117,wk16,75.0,439.0,Zeiss Cirrus,1,0
189,Bevacizumab,146,wk20,69.0,,,1,0
189,Bevacizumab,163,wk24,72.0,473.0,Zeiss Cirrus,1,1
189,Bevacizumab,190,wk28,84.0,462.0,Zeiss Cirrus,1,0
189,Bevacizumab,223,wk32,70.0,480.0,Zeiss Cirrus,1,0
189,Bevacizumab,249,wk36,68.0,414.0,Zeiss Cirrus,1,0
189,Bevacizumab,280,wk40,77.0,446.0,Zeiss Cirrus,1,0
189,Bevacizumab,304,wk44,72.0,436.0,Zeiss Cirrus,1,0
189,Bevacizumab,336,wk48,74.0,494.0,Zeiss Cirrus,1,0
189,Bevacizumab,362,wk52,75.0,437.0,Zeiss Cirrus,1,0
189,Bevacizumab,398,wk56,67.0,,,0,0
189,Bevacizumab,473,wk68,78.0,457.0,Zeiss Cirrus,0,0
189,Bevacizumab,581,wk84,72.0,465.0,Zeiss Cirrus,1,0
189,Bevacizumab,613,wk88,73.0,461.0,Zeiss Cirrus,1,0
189,Bevacizumab,732,wk104,70.0,452.0,Zeiss Cirrus,0,0
190,Ranibizumab,0,baseline,59.0,345.0,Heidelberg Spectralis,1,0
190,Ranibizumab,23,wk4,68.0,343.0,Heidelberg Spectralis,1,0
190,Ranibizumab,60,wk8,60.0,326.0,Heidelberg Spectralis,1,0
190,Ranibizumab,83,wk12,70.0,302.0,Heidelberg Spectralis,1,0
190,Ranibizumab,106,wk16,69.0,315.0,Heidelberg Spectralis,1,0
190,Ranibizumab,144,wk20,67.0,,,0,0
190,Ranibizumab,167,wk24,69.0,,,0,0
190,Ranibizumab,195,wk28,69.0,339.0,Heidelberg Spectralis,1,0
190,Ranibizumab,230,wk32,70.0,363.0,Heidelberg Spectralis,0,0
190,Ranibizumab,251,wk36,65.0,305.0,Heidelberg Spectralis,1,0
190,Ranibizumab,277,wk40,67.0,311.0,Heidelberg Spectralis,1,0
190,Ranibizumab,310,wk44,69.0,303.0,Heidelberg Spectralis,0,0
190,Ranibizumab,335,wk48,65.0,391.0,Heidelberg Spectralis,1,0
190,Ranibizumab,365,wk52,69.0,314.0,Heidelberg Spectralis,1,0
190,Ranibizumab,417,wk60,68.0,330.0,Heidelberg Spectralis,1,0
190,Ranibizumab,498,wk72,71.0,332.0,Heidelberg Spectralis,0,0
190,Ranibizumab,595,wk84,73.0,295.0,Heidelberg Spectralis,1,0
190,Ranibizumab,671,wk96,75.0,366.0,Heidelberg Spectralis,1,0
190,Ranibizumab,726,wk104,74.0,300.0,Heidelberg Spectralis,0,0
191,Bevacizumab,0,baseline,72.0,468.0,Zeiss Cirrus,1,0
191,Bevacizumab,33,wk4,75.0,399.0,Zeiss Cirrus,1,0
191,Bevacizumab,50,wk8,75.0,408.0,Zeiss Cirrus,1,0
191,Bevacizumab,91,wk12,84.0,432.0,Zeiss Cirrus,1,0
191,Bevacizumab,117,wk16,81.0,463.0,Zeiss Cirrus,0,0
191,Bevacizumab,146,wk20,85.0,395.0,Zeiss Cirrus,0,0
191,Bevacizumab,170,wk24,89.0,372.0,Zeiss Cirrus,1,0
191,Bevacizumab,191,wk28,79.0,428.0,Zeiss Cirrus,1,0
191,Bevacizumab,225,wk32,88.0,,,0,0
191,Bevacizumab,255,wk36,84.0,398.0,Zeiss Cirrus,1,0
191,Bevacizumab,285,wk40,82.0,393.0,Zeiss Cirrus,1,0
191,Bevacizumab,305,wk44,78.0,401.0,Zeiss Cirrus,1,0
191,Bevacizumab,335,wk48,79.0,,,0,0
191,Bevacizumab,371,wk52,84.0,404.0,Zeiss Cirrus,1,0
191,Bevacizumab,395,wk56,79.0,,,1,0
191,Bevacizumab,426,wk60,86.0,411.0,Zeiss Cirrus,1,0
191,Bevacizumab,474,wk68,86.0,,,0,0
191,Bevacizumab,531,wk76,75.0,,,0,0
191,Bevacizumab,563,wk80,78.0,351.0,Zeiss Cirrus,0,0
191,Bevacizumab,650,wk92,82.0,363.0,Zeiss Cirrus,1,0
191,Bevacizumab,670,wk96,71.0,386.0,Zeiss Cirrus,1,0
191,Bevacizumab,693,wk100,74.0,375.0,Zeiss Cirrus,0,0
191,Bevacizumab,733,wk104,74.0,350.0,Zeiss Cirrus,0,0
192,Aflibercept,0,baseline,48.0,337.0,Heidelberg Spectralis,1,0
192,Aflibercept,25,wk4,58.0,295.0,Heidelberg Spectralis,1,0
192,Aflibercept,61,wk8,63.0,330.0,Heidelberg Spectralis,1,0
192,Aflibercept,83,wk12,62.0,309.0,Heidelberg Spectralis,1,0
192,Aflibercept,111,wk16,68.0,309.0,Heidelberg Spectralis,0,0
192,Aflibercept,146,wk20,62.0,285.0,Heidelberg Spectralis,0,0
192,Aflibercept,174,wk24,67.0,329.0,Heidelberg Spectralis,1,0
192,Aflibercept,195,wk28,66.0,228.0,Heidelberg Spectralis,1,0
192,Aflibercept,218,wk32,64.0,275.0,Heidelberg Spectralis,1,0
192,Aflibercept,246,wk36,69.0,258.0,Heidelberg Spectralis,0,0
192,Aflibercept,276,wk40,67.0,346.0,Heidelberg Spectralis,1,0
192,Aflibercept,311,wk44,75.0,243.0,Heidelberg Spectralis,0,0
192,Aflibercept,334,wk48,64.0,,,0,0
192,Aflibercept,360,wk52,69.0,281.0,Heidelberg Spectralis,1,0
192,Aflibercept,390,wk56,65.0,235.0,Heidelberg Spectralis,0,0
192,Aflibercept,425,wk60,68.0,301.0,Heidelberg Spectralis,0,0
192,Aflibercept,453,wk64,69.0,,,0,0
192,Aflibercept,476,wk68,55.0,257.0,Heidelberg Spectralis,1,0
192,Aflibercept,510,wk72,77.0,276.0,Heidelberg Spectralis,1,0
192,Aflibercept,620,wk88,70.0,271.0,Heidelberg Spectralis,0,0
192,Aflibercept,640,wk92,66.0,283.0,Heidelberg Spectralis,1,0
192,Aflibercept,666,wk96,67.0,243.0,Heidelberg Spectralis,0,0
192,Aflibercept,735,wk104,67.0,267.0,Heidelberg Spectralis,0,0
193,Bevacizumab,0,baseline,72.0,430.0,Zeiss Cirrus,1,0
193,Bevacizumab,26,wk4,76.0,377.0,Zeiss Cirrus,1,0
193,Bevacizumab,53,wk8,79.0,428.0,Zeiss Cirrus,1,0
193,Bevacizumab,87,wk12,87.0,539.0,Zeiss Cirrus,1,0
193,Bevacizumab,119,wk16,86.0,391.0,Zeiss Cirrus,1,0
193,Bevacizumab,135,wk20,82.0,341.0,Zeiss Cirrus,1,0
193,Bevacizumab,169,wk24,92.0,407.0,Zeiss Cirrus,1,0
193,Bevacizumab,199,wk28,85.0,437.0,Zeiss Cirrus,1,0
193,Bevacizumab,223,wk32,89.0,417.0,Zeiss Cirrus,1,0
193,Bevacizumab,258,wk36,95.0,410.0,Zeiss Cirrus,0,0
193,Bevacizumab,279,wk40,92.0,455.0,Zeiss Cirrus,1,0
193,Bevacizumab,306,wk44,98.0,392.0,Zeiss Cirrus,0,0
193,Bevacizumab,335,wk48,92.0,460.0,Zeiss Cirrus,1,1
193,Bevacizumab,364,wk52,90.0,420.0,Zeiss Cirrus,0,0
193,Bevacizumab,422,wk60,89.0,398.0,Zeiss Cirrus,1,0
193,Bevacizumab,474,wk68,88.0,463.0,Zeiss Cirrus,0,0
193,Bevacizumab,504,wk72,82.0,407.0,Zeiss Cirrus,0,0
193,Bevacizumab,585,wk84,81.0,378.0,Zeiss Cirrus,0,1
193,Bevacizumab,640,wk92,76.0,,,0,0
193,Bevacizumab,673,wk96,78.0,377.0,Zeiss Cirrus,0,0
193,Bevacizumab,705,wk100,82.0,416.0,Zeiss Cirrus,1,0
193,Bevacizumab,725,wk104,83.0,381.0,Zeiss Cirrus,0,0
194,Ranibizumab,0,baseline,69.0,653.0,Heidelberg Spectralis,1,0
194,Ranibizumab,25,wk4,70.0,573.0,Heidelberg Spectralis,1,0
194,Ranibizumab,54,wk8,75.0,599.0,Heidelberg Spectralis,1,0
194,Ranibizumab,81,wk12,65.0,516.0,Heidelberg Spectralis,1,0
194,Ranibizumab,119,wk16,71.0,515.0,Heidelberg Spectralis,1,0
194,Ranibizumab,141,wk20,76.0,521.0,Heidelberg Spectralis,1,0
194,Ranibizumab,167,wk24,70.0,,,1,1
194,Ranibizumab,195,wk28,76.0,471.0,Heidelberg Spectralis,1,0
194,Ranibizumab,219,wk32,76.0,487.0,Heidelberg Spectralis,0,0
194,Ranibizumab,247,wk36,71.0,480.0,Heidelberg Spectralis,0,0
194,Ranibizumab,283,wk40,75.0,491.0,Heidelberg Spectralis,1,0
194,Ranibizumab,314,wk44,69.0,451.0,Heidelberg Spectralis,1,0
194,Ranibizumab,343,wk48,68.0,514.0,Heidelberg Spectralis,1,0
194,Ranibizumab,358,wk52,70.0,476.0,Heidelberg Spectralis,1,0
195,Ranibizumab,0,baseline,77.0,514.0,Zeiss Cirrus,1,0
195,Ranibizumab,24,wk4,76.0,460.0,Zeiss Cirrus,1,0
195,Ranibizumab,55,wk8,74.0,456.0,Zeiss Cirrus,1,0
195,Ranibizumab,77,wk12,72.0,,,1,0
195,Ranibizumab,105,wk16,74.0,,,0,0
195,Ranibizumab,137,wk20,69.0,395.0,Zeiss Cirrus,0,0
195,Ranibizumab,168,wk24,72.0,347.0,Zeiss Cirrus,0,0
195,Ranibizumab,193,wk28,67.0,313.0,Zeiss Cirrus,1,0
195,Ranibizumab,222,wk32,66.0,,,1,1
195,Ranibizumab,257,wk36,66.0,,,0,0
195,Ranibizumab,280,wk40,63.0,318.0,Zeiss Cirrus,0,0
195,Ranibizumab,310,wk44,66.0,380.0,Zeiss Cirrus,1,0
195,Ranibizumab,342,wk48,68.0,295.0,Zeiss Cirrus,0,0
195,Ranibizumab,357,wk52,68.0,320.0,Zeiss Cirrus,1,0
195,Ranibizumab,452,wk64,71.0,312.0,Zeiss Cirrus,0,0
195,Ranibizumab,563,wk80,70.0,314.0,Zeiss Cirrus,0,0
195,Ranibizumab,595,wk84,77.0,377.0,Zeiss Cirrus,0,0
195,Ranibizumab,615,wk88,81.0,358.0,Zeiss Cirrus,0,0
195,Ranibizumab,650,wk92,80.0,374.0,Zeiss Cirrus,0,0
195,Ranibizumab,696,wk100,78.0,342.0,Zeiss Cirrus,1,0
195,Ranibizumab,722,wk104,80.0,353.0,Zeiss Cirrus,0,0
196,Ranibizumab,0,baseline,60.0,307.0,Heidelberg Spectralis,1,0
196,Ranibizumab,26,wk4,63.0,305.0,Heidelberg Spectralis,1,0
196,Ranibizumab,49,wk8,74.0,307.0,Heidelberg Spectralis,1,0
196,Ranibizumab,85,wk12,67.0,307.0,Heidelberg Spectralis,1,0
196,Ranibizumab,115,wk16,69.0,287.0,Heidelberg Spectralis,1,0
196,Ranibizumab,147,wk20,75.0,349.0,Heidelberg Spectralis,0,0
196,Ranibizumab,164,wk24,74.0,376.0,Heidelberg Spectralis,1,1
196,Ranibizumab,191,wk28,79.0,312.0,Heidelberg Spectralis,0,0
196,Ranibizumab,218,wk32,77.0,313.0,Heidelberg Spectralis,0,0
196,Ranibizumab,252,wk36,72.0,,,0,0
196,Ranibizumab,273,wk40,70.0,274.0,Heidelberg Spectralis,1,0
196,Ranibizumab,311,wk44,65.0,340.0,Heidelberg Spectralis,1,0
196,Ranibizumab,339,wk48,81.0,269.0,Heidelberg Spectralis,0,0
196,Ranibizumab,359,wk52,75.0,331.0,Heidelberg Spectralis,0,0
196,Ranibizumab,387,wk56,66.0,351.0,Heidelberg Spectralis,0,0
196,Ranibizumab,455,wk64,74.0,349.0,Heidelberg Spectralis,1,0
196,Ranibizumab,481,wk68,70.0,294.0,Heidelberg Spectralis,0,0
196,Ranibizumab,501,wk72,59.0,350.0,Heidelberg Spectralis,0,0
196,Ranibizumab,558,wk80,73.0,338.0,Heidelberg Spectralis,0,0
196,Ranibizumab,588,wk84,66.0,378.0,Heidelberg Spectralis,1,0
196,Ranibizumab,620,wk88,73.0,325.0,Heidelberg Spectralis,0,0
196,Ranibizumab,669,wk96,72.0,362.0,Heidelberg Spectralis,1,0
196,Ranibizumab,726,wk104,66.0,361.0,Heidelberg Spectralis,0,0
197,Bevacizumab,0,baseline,72.0,548.0,Heidelberg Spectralis,1,0
197,Bevacizumab,25,wk4,77.0,469.0,Heidelberg Spectralis,1,0
197,Bevacizumab,51,wk8,77.0,,,1,0
197,Bevacizumab,78,wk12,86.0,,,1,0
197,Bevacizumab,117,wk16,78.0,326.0,Heidelberg Spectralis,1,0
197,Bevacizumab,136,wk20,85.0,,,1,0
197,Bevacizumab,172,wk24,91.0,307.0,Heidelberg Spectralis,1,0
197,Bevacizumab,199,wk28,83.0,259.0,Heidelberg Spectralis,0,0
197,Bevacizumab,221,wk32,77.0,293.0,Heidelberg Spectralis,1,0
197,Bevacizumab,248,wk36,85.0,304.0,Heidelberg Spectralis,1,0
197,Bevacizumab,278,wk40,89.0,316.0,Heidelberg Spectralis,1,0
197,Bevacizumab,312,wk44,90.0,268.0,Heidelberg Spectralis,1,0
197,Bevacizumab,341,wk48,83.0,284.0,Heidelberg Spectralis,1,0
197,Bevacizumab,361,wk52,87.0,300.0,Heidelberg Spectralis,0,0
197,Bevacizumab,398,wk56,93.0,,,1,0
197,Bevacizumab,425,wk60,86.0,312.0,Heidelberg Spectralis,1,0
197,Bevacizumab,505,wk72,90.0,304.0,Heidelberg Spectralis,0,0
197,Bevacizumab,562,wk80,85.0,258.0,Heidelberg Spectralis,1,0
197,Bevacizumab,611,wk88,87.0,291.0,Heidelberg Spectralis,1,0
197,Bevacizumab,679,wk96,86.0,296.0,Heidelberg Spectralis,1,0
197,Bevacizumab,699,wk100,82.0,305.0,Heidelberg Spectralis,1,0
197,Bevacizumab,722,wk104,82.0,289.0,Heidelberg Spectralis,0,0
198,Ranibizumab,0,baseline,66.0,686.0,Heidelberg Spectralis,1,0
198,Ranibizumab,30,wk4,65.0,494.0,Heidelberg Spectralis,1,0
198,Ranibizumab,62,wk8,70.0,446.0,Heidelberg Spectralis,1,0
198,Ranibizumab,85,wk12,81.0,,,1,0
198,Ranibizumab,112,wk16,81.0,,,1,0
198,Ranibizumab,145,wk20,78.0,290.0,Heidelberg Spectralis,1,0
198,Ranibizumab,168,wk24,79.0,321.0,Heidelberg Spectralis,0,0
198,Ranibizumab,198,wk28,74.0,238.0,Heidelberg Spectralis,1,0
198,Ranibizumab,224,wk32,83.0,298.0,Heidelberg Spectralis,0,0
198,Ranibizumab,258,wk36,87.0,206.0,Heidelberg Spectralis,0,0
198,Ranibizumab,279,wk40,85.0,207.0,Heidelberg Spectralis,1,0
198,Ranibizumab,301,wk44,87.0,216.0,Heidelberg Spectralis,0,0
198,Ranibizumab,330,wk48,85.0,222.0,Heidelberg Spectralis,0,0
198,Ranibizumab,358,wk52,84.0,237.0,Heidelberg Spectralis,0,0
198,Ranibizumab,386,wk56,93.0,292.0,Heidelberg Spectralis,0,0
198,Ranibizumab,427,wk60,81.0,268.0,Heidelberg Spectralis,0,0
198,Ranibizumab,476,wk68,85.0,,,1,0
198,Ranibizumab,531,wk76,91.0,299.0,Heidelberg Spectralis,0,0
198,Ranibizumab,555,wk80,82.0,256.0,Heidelberg Spectralis,0,0
198,Ranibizumab,585,wk84,82.0,278.0,Heidelberg Spectralis,1,0
198,Ranibizumab,613,wk88,87.0,228.0,Heidelberg Spectralis,1,0
198,Ranibizumab,647,wk92,82.0,279.0,Heidelberg Spectralis,0,0
198,Ranibizumab,674,wk96,92.0,278.0,Heidelberg Spectralis,0,0
198,Ranibizumab,733,wk104,87.0,272.0,Heidelberg Spectralis,0,0
199,Ranibizumab,0,baseline,67.0,839.0,Zeiss Cirrus,1,0
199,Ranibizumab,21,wk4,68.0,745.0,Zeiss Cirrus,1,0
199,Ranibizumab,59,wk8,83.0,711.0,Zeiss Cirrus,1,0
199,Ranibizumab,90,wk12,88.0,,,1,0
199,Ranibizumab,112,wk16,80.0,623.0,Zeiss Cirrus,0,0
199,Ranibizumab,146,wk20,89.0,600.0,Zeiss Cirrus,1,0
199,Ranibizumab,166,wk24,82.0,624.0,Zeiss Cirrus,1,0
199,Ranibizumab,191,wk28,88.0,582.0,Zeiss Cirrus,0,0
199,Ranibizumab,231,wk32,84.0,,,0,0
199,Ranibizumab,248,wk36,90.0,585.0,Zeiss Cirrus,0,0
199,Ranibizumab,285,wk40,90.0,558.0,Zeiss Cirrus,1,0
199,Ranibizumab,304,wk44,86.0,610.0,Zeiss Cirrus,0,0
199,Ranibizumab,335,wk48,86.0,541.0,Zeiss Cirrus,0,0
199,Ranibizumab,361,wk52,90.0,572.0,Zeiss Cirrus,0,0
199,Ranibizumab,451,wk64,87.0,571.0,Zeiss Cirrus,1,0
199,Ranibizumab,481,wk68,85.0,528.0,Zeiss Cirrus,0,0
199,Ranibizumab,505,wk72,88.0,561.0,Zeiss Cirrus,1,0
199,Ranibizumab,534,wk76,91.0,,,0,0
199,Ranibizumab,585,wk84,84.0,,,0,0
199,Ranibizumab,645,wk92,90.0,529.0,Zeiss Cirrus,1,0
199,Ranibizumab,676,wk96,81.0,545.0,Zeiss Cirrus,1,0
199,Ranibizumab,694,wk100,85.0,,,0,0
199,Ranibizumab,723,wk104,87.0,521.0,Zeiss Cirrus,0,0
200,Aflibercept,0,baseline,76.0,479.0,Zeiss Cirrus,1,0
200,Aflibercept,21,wk4,76.0,421.0,Zeiss Cirrus,1,0
200,Aflibercept,54,wk8,85.0,,,1,0
200,Aflibercept,77,wk12,75.0,376.0,Zeiss Cirrus,1,0
200,Aflibercept,119,wk16,85.0,304.0,Zeiss Cirrus,1,0
200,Aflibercept,142,wk20,84.0,319.0,Zeiss Cirrus,1,0
200,Aflibercept,161,wk24,86.0,303.0,Zeiss Cirrus,1,0
200,Aflibercept,190,wk28,89.0,268.0,Zeiss Cirrus,1,0
200,Aflibercept,218,wk32,83.0,310.0,Zeiss Cirrus,1,0
200,Aflibercept,256,wk36,84.0,266.0,Zeiss Cirrus,1,0
200,Aflibercept,281,wk40,90.0,276.0,Zeiss Cirrus,1,0
200,Aflibercept,312,wk44,87.0,250.0,Zeiss Cirrus,1,0
200,Aflibercept,340,wk48,89.0,306.0,Zeiss Cirrus,1,0
200,Aflibercept,370,wk52,87.0,280.0,Zeiss Cirrus,0,0
200,Aflibercept,396,wk56,85.0,281.0,Zeiss Cirrus,0,0
200,Aflibercept,417,wk60,91.0,332.0,Zeiss Cirrus,1,0
200,Aflibercept,448,wk64,80.0,306.0,Zeiss Cirrus,1,0
200,Aflibercept,504,wk72,83.0,282.0,Zeiss Cirrus,0,0
200,Aflibercept,536,wk76,85.0,273.0,Zeiss Cirrus,0,0
200,Aflibercept,581,wk84,94.0,317.0,Zeiss Cirrus,0,0
200,Aflibercept,619,wk88,95.0,300.0,Zeiss Cirrus,0,0
200,Aflibercept,699,wk100,87.0,331.0,Zeiss Cirrus,0,0
201,Ranibizumab,0,baseline,76.0,314.0,Zeiss Cirrus,1,0
201,Ranibizumab,30,wk4,73.0,326.0,Zeiss Cirrus,1,0
201,Ranibizumab,52,wk8,60.0,298.0,Zeiss Cirrus,1,0
201,Ranibizumab,80,wk12,77.0,251.0,Zeiss Cirrus,1,0
201,Ranibizumab,117,wk16,71.0,293.0,Zeiss Cirrus,0,0
201,Ranibizumab,141,wk20,69.0,306.0,Zeiss Cirrus,0,0
201,Ranibizumab,171,wk24,73.0,264.0,Zeiss Cirrus,1,0
201,Ranibizumab,200,wk28,69.0,277.0,Zeiss Cirrus,1,0
201,Ranibizumab,217,wk32,69.0,280.0,Zeiss Cirrus,1,0
201,Ranibizumab,253,wk36,69.0,253.0,Zeiss Cirrus,1,0
201,Ranibizumab,281,wk40,65.0,298.0,Zeiss Cirrus,0,0
201,Ranibizumab,314,wk44,70.0,321.0,Zeiss Cirrus,1,0
201,Ranibizumab,341,wk48,58.0,290.0,Zeiss Cirrus,1,0
201,Ranibizumab,360,wk52,67.0,294.0,Zeiss Cirrus,0,0
201,Ranibizumab,394,wk56,63.0,296.0,Zeiss Cirrus,1,0
201,Ranibizumab,441,wk64,66.0,245.0,Zeiss Cirrus,0,0
201,Ranibizumab,538,wk76,68.0,225.0,Zeiss Cirrus,0,0
201,Ranibizumab,581,wk84,77.0,286.0,Zeiss Cirrus,0,0
201,Ranibizumab,621,wk88,76.0,216.0,Zeiss Cirrus,0,0
201,Ranibizumab,651,wk92,65.0,262.0,Zeiss Cirrus,1,0
201,Ranibizumab,724,wk104,76.0,243.0,Zeiss Cirrus,0,0
202,Aflibercept,0,baseline,58.0,500.0,Heidelberg Spectralis,1,0
202,Aflibercept,34,wk4,59.0,355.0,Heidelberg Spectralis,1,0
202,Aflibercept,56,wk8,72.0,307.0,Heidelberg Spectralis,1,0
202,Aflibercept,89,wk12,78.0,288.0,Heidelberg Spectralis,1,0
202,Aflibercept,116,wk16,76.0,248.0,Heidelberg Spectralis,1,0
202,Aflibercept,144,wk20,71.0,323.0,Heidelberg Spectralis,0,0
202,Aflibercept,170,wk24,78.0,248.0,Heidelberg Spectralis,1,0
202,Aflibercept,196,wk28,78.0,255.0,Heidelberg Spectralis,0,0
202,Aflibercept,221,wk32,77.0,179.0,Heidelberg Spectralis,1,0
202,Aflibercept,254,wk36,74.0,223.0,Heidelberg Spectralis,1,0
202,Aflibercept,276,wk40,81.0,200.0,Heidelberg Spectralis,1,0
202,Aflibercept,310,wk44,80.0,293.0,Heidelberg Spectralis,0,0
202,Aflibercept,336,wk48,83.0,211.0,Heidelberg Spectralis,1,0
202,Aflibercept,363,wk52,80.0,225.0,Heidelberg Spectralis,0,0
202,Aflibercept,452,wk64,78.0,264.0,Heidelberg Spectralis,0,0
202,Aflibercept,532,wk76,83.0,204.0,Heidelberg Spectralis,1,0
202,Aflibercept,557,wk80,91.0,157.0,Heidelberg Spectralis,1,0
202,Aflibercept,622,wk88,88.0,201.0,Heidelberg Spectralis,1,0
202,Aflibercept,730,wk104,84.0,150.0,Heidelberg Spectralis,0,0
203,Ranibizumab,0,baseline,73.0,626.0,Zeiss Cirrus,1,0
203,Ranibizumab,25,wk4,81.0,503.0,Zeiss Cirrus,1,0
203,Ranibizumab,61,wk8,88.0,467.0,Zeiss Cirrus,1,0
203,Ranibizumab,80,wk12,91.0,347.0,Zeiss Cirrus,1,0
203,Ranibizumab,118,wk16,99.0,433.0,Zeiss Cirrus,1,0
203,Ranibizumab,135,wk20,93.0,358.0,Zeiss Cirrus,1,0
203,Ranibizumab,173,wk24,94.0,339.0,Zeiss Cirrus,1,0
203,Ranibizumab,189,wk28,91.0,290.0,Zeiss Cirrus,0,0
203,Ranibizumab,228,wk32,93.0,,,1,0
203,Ranibizumab,252,wk36,90.0,262.0,Zeiss Cirrus,0,0
203,Ranibizumab,276,wk40,94.0,,,1,0
203,Ranibizumab,301,wk44,90.0,317.0,Zeiss Cirrus,1,0
203,Ranibizumab,336,wk48,96.0,269.0,Zeiss Cirrus,0,0
203,Ranibizumab,368,wk52,94.0,287.0,Zeiss Cirrus,1,0
203,Ranibizumab,478,wk68,93.0,271.0,Zeiss Cirrus,1,0
203,Ranibizumab,506,wk72,94.0,,,0,0
203,Ranibizumab,559,wk80,96.0,302.0,Zeiss Cirrus,1,0
203,Ranibizumab,670,wk96,94.0,325.0,Zeiss Cirrus,1,0
203,Ranibizumab,731,wk104,91.0,332.0,Zeiss Cirrus,0,0
204,Aflibercept,0,baseline,75.0,436.0,Heidelberg Spectralis,1,0
204,Aflibercept,32,wk4,77.0,378.0,Heidelberg Spectralis,1,0
204,Aflibercept,55,wk8,80.0,322.0,Heidelberg Spectralis,1,0
204,Aflibercept,83,wk12,82.0,,,1,0
204,Aflibercept,117,wk16,89.0,333.0,Heidelberg Spectralis,0,0
204,Aflibercept,140,wk20,81.0,268.0,Heidelberg Spectralis,1,0
204,Aflibercept,165,wk24,82.0,253.0,Heidelberg Spectralis,1,0
204,Aflibercept,195,wk28,81.0,251.0,Heidelberg Spectralis,1,0
204,Aflibercept,220,wk32,86.0,,,0,0
204,Aflibercept,252,wk36,85.0,235.0,Heidelberg Spectralis,0,0
204,Aflibercept,287,wk40,83.0,277.0,Heidelberg Spectralis,0,0
204,Aflibercept,301,wk44,82.0,,,0,0
204,Aflibercept,332,wk48,82.0,194.0,Heidelberg Spectralis,0,0
204,Aflibercept,363,wk52,83.0,240.0,Heidelberg Spectralis,1,0
204,Aflibercept,399,wk56,87.0,211.0,Heidelberg Spectralis,0,0
204,Aflibercept,420,wk60,83.0,173.0,Heidelberg Spectralis,1,0
204,Aflibercept,442,wk64,87.0,267.0,Heidelberg Spectralis,0,0
204,Aflibercept,502,wk72,74.0,263.0,Heidelberg Spectralis,0,0
204,Aflibercept,538,wk76,86.0,244.0,Heidelberg Spectralis,0,0
204,Aflibercept,582,wk84,81.0,,,0,0
204,Aflibercept,620,wk88,84.0,,,0,0
204,Aflibercept,668,wk96,83.0,216.0,Heidelberg Spectralis,0,0
204,Aflibercept,701,wk100,89.0,247.0,Heidelberg Spectralis,0,0
204,Aflibercept,732,wk104,82.0,202.0,Heidelberg Spectralis,0,0
205,Aflibercept,0,baseline,66.0,548.0,Zeiss Cirrus,1,0
205,Aflibercept,32,wk4,66.0,515.0,Zeiss Cirrus,1,0
205,Aflibercept,63,wk8,70.0,516.0,Zeiss Cirrus,1,0
205,Aflibercept,81,wk12,72.0,432.0,Zeiss Cirrus,1,0
205,Aflibercept,108,wk16,68.0,428.0,Zeiss Cirrus,0,0
205,Aflibercept,139,wk20,71.0,398.0,Zeiss Cirrus,1,0
205,Aflibercept,169,wk24,78.0,380.0,Zeiss Cirrus,1,0
205,Aflibercept,194,wk28,76.0,399.0,Zeiss Cirrus,0,0
205,Aflibercept,223,wk32,78.0,341.0,Zeiss Cirrus,0,0
205,Aflibercept,252,wk36,76.0,410.0,Zeiss Cirrus,1,0
205,Aflibercept,286,wk40,66.0,291.0,Zeiss Cirrus,0,1
205,Aflibercept,309,wk44,77.0,306.0,Zeiss Cirrus,1,0
205,Aflibercept,336,wk48,72.0,387.0,Zeiss Cirrus,0,0
205,Aflibercept,370,wk52,72.0,371.0,Zeiss Cirrus,0,0
205,Aflibercept,442,wk64,72.0,312.0,Zeiss Cirrus,0,0
205,Aflibercept,473,wk68,68.0,336.0,Zeiss Cirrus,0,0
205,Aflibercept,509,wk72,78.0,,,1,0
205,Aflibercept,554,wk80,74.0,390.0,Zeiss Cirrus,0,0
205,Aflibercept,594,wk84,72.0,416.0,Zeiss Cirrus,1,0
205,Aflibercept,637,wk92,80.0,388.0,Zeiss Cirrus,0,0
205,Aflibercept,674,wk96,70.0,,,0,0
205,Aflibercept,734,wk104,75.0,366.0,Zeiss Cirrus,0,0
206,Bevacizumab,0,baseline,76.0,308.0,Zeiss Stratus,1,0
206,Bevacizumab,27,wk4,77.0,338.0,Zeiss Stratus,1,0
206,Bevacizumab,60,wk8,76.0,267.0,Zeiss Stratus,1,0
206,Bevacizumab,80,wk12,81.0,272.0,Zeiss Stratus,1,0
206,Bevacizumab,111,wk16,75.0,251.0,Zeiss Stratus,1,0
206,Bevacizumab,144,wk20,74.0,276.0,Zeiss Stratus,0,0
206,Bevacizumab,171,wk24,78.0,293.0,Zeiss Stratus,0,0
206,Bevacizumab,192,wk28,77.0,300.0,Zeiss Stratus,1,0
206,Bevacizumab,226,wk32,75.0,283.0,Zeiss Stratus,0,0
206,Bevacizumab,254,wk36,73.0,300.0,Zeiss Stratus,1,0
206,Bevacizumab,287,wk40,77.0,,,0,0
206,Bevacizumab,310,wk44,78.0,254.0,Zeiss Stratus,1,0
206,Bevacizumab,342,wk48,76.0,234.0,Zeiss Stratus,1,1
206,Bevacizumab,358,wk52,76.0,278.0,Zeiss Stratus,0,0
206,Bevacizumab,387,wk56,80.0,231.0,Zeiss Stratus,1,0
206,Bevacizumab,418,wk60,76.0,266.0,Zeiss Stratus,0,0
206,Bevacizumab,443,wk64,75.0,246.0,Zeiss Stratus,1,0
206,Bevacizumab,478,wk68,80.0,246.0,Zeiss Stratus,0,0
206,Bevacizumab,564,wk80,72.0,210.0,Zeiss Stratus,1,0
206,Bevacizumab,593,wk84,74.0,227.0,Zeiss Stratus,1,0
206,Bevacizumab,619,wk88,78.0,237.0,Zeiss Stratus,1,0
206,Bevacizumab,695,wk100,71.0,,,0,0
206,Bevacizumab,727,wk104,80.0,227.0,Zeiss Stratus,0,0
207,Bevacizumab,0,baseline,72.0,493.0,Heidelberg Spectralis,1,0
207,Bevacizumab,31,wk4,80.0,411.0,Heidelberg Spectralis,1,0
207,Bevacizumab,55,wk8,79.0,452.0,Heidelberg Spectralis,1,0
207,Bevacizumab,88,wk12,79.0,370.0,Heidelberg Spectralis,1,0
207,Bevacizumab,105,wk16,84.0,358.0,Heidelberg Spectralis,0,0
207,Bevacizumab,141,wk20,82.0,395.0,Heidelberg Spectralis,0,0
207,Bevacizumab,169,wk24,86.0,359.0,Heidelberg Spectralis,0,0
207,Bevacizumab,191,wk28,86.0,356.0,Heidelberg Spectralis,1,0
207,Bevacizumab,220,wk32,83.0,357.0,Heidelberg Spectralis,0,1
207,Bevacizumab,247,wk36,84.0,358.0,Heidelberg Spectralis,1,0
207,Bevacizumab,273,wk40,79.0,306.0,Heidelberg Spectralis,1,0
207,Bevacizumab,307,wk44,73.0,323.0,Heidelberg Spectralis,1,0
207,Bevacizumab,331,wk48,77.0,357.0,Heidelberg Spectralis,0,0
207,Bevacizumab,359,wk52,84.0,350.0,Heidelberg Spectralis,1,0
207,Bevacizumab,387,wk56,79.0,,,1,0
207,Bevacizumab,415,wk60,85.0,367.0,Heidelberg Spectralis,1,0
207,Bevacizumab,447,wk64,84.0,361.0,Heidelberg Spectralis,0,0
207,Bevacizumab,481,wk68,87.0,327.0,Heidelberg Spectralis,0,0
207,Bevacizumab,503,wk72,81.0,370.0,Heidelberg Spectralis,0,0
207,Bevacizumab,525,wk76,85.0,390.0,Heidelberg Spectralis,0,0
207,Bevacizumab,614,wk88,88.0,445.0,Heidelberg Spectralis,1,0
207,Bevacizumab,648,wk92,86.0,454.0,Heidelberg Spectralis,0,0
207,Bevacizumab,668,wk96,83.0,435.0,Heidelberg Spectralis,0,0
207,Bevacizumab,726,wk104,84.0,435.0,Heidelberg Spectralis,0,0
208,Bevacizumab,0,baseline,73.0,271.0,Heidelberg Spectralis,1,0
208,Bevacizumab,28,wk4,74.0,242.0,Heidelberg Spectralis,1,0
208,Bevacizumab,51,wk8,84.0,209.0,Heidelberg Spectralis,1,0
208,Bevacizumab,85,wk12,86.0,223.0,Heidelberg Spectralis,1,0
208,Bevacizumab,112,wk16,87.0,218.0,Heidelberg Spectralis,1,0
208,Bevacizumab,139,wk20,89.0,242.0,Heidelberg Spectralis,1,0
208,Bevacizumab,163,wk24,92.0,263.0,Heidelberg Spectralis,1,0
208,Bevacizumab,200,wk28,95.0,,,1,0
208,Bevacizumab,230,wk32,92.0,247.0,Heidelberg Spectralis,1,0
208,Bevacizumab,256,wk36,95.0,241.0,Heidelberg Spectralis,1,0
208,Bevacizumab,273,wk40,96.0,237.0,Heidelberg Spectralis,1,0
208,Bevacizumab,303,wk44,96.0,271.0,Heidelberg Spectralis,1,0
208,Bevacizumab,331,wk48,94.0,224.0,Heidelberg Spectralis,1,0
208,Bevacizumab,357,wk52,93.0,250.0,Heidelberg Spectralis,1,0
208,Bevacizumab,389,wk56,93.0,231.0,Heidelberg Spectralis,0,0
208,Bevacizumab,427,wk60,85.0,288.0,Heidelberg Spectralis,0,0
208,Bevacizumab,449,wk64,85.0,253.0,Heidelberg Spectralis,1,0
208,Bevacizumab,501,wk72,93.0,261.0,Heidelberg Spectralis,1,0
208,Bevacizumab,558,wk80,91.0,316.0,Heidelberg Spectralis,0,0
208,Bevacizumab,617,wk88,99.0,224.0,Heidelberg Spectralis,0,0
208,Bevacizumab,670,wk96,95.0,,,0,0
208,Bevacizumab,704,wk100,87.0,289.0,Heidelberg Spectralis,1,0
208,Bevacizumab,729,wk104,95.0,313.0,Heidelberg Spectralis,0,0
209,Ranibizumab,0,baseline,50.0,370.0,Heidelberg Spectralis,1,0
209,Ranibizumab,21,wk4,47.0,404.0,Heidelberg Spectralis,1,0
209,Ranibizumab,57,wk8,55.0,,,1,0
209,Ranibizumab,81,wk12,45.0,406.0,Heidelberg Spectralis,1,0
209,Ranibizumab,111,wk16,47.0,315.0,Heidelberg Spectralis,1,0
209,Ranibizumab,134,wk20,54.0,402.0,Heidelberg Spectralis,0,0
209,Ranibizumab,165,wk24,47.0,375.0,Heidelberg Spectralis,1,0
209,Ranibizumab,200,wk28,54.0,371.0,Heidelberg Spectralis,1,0
209,Ranibizumab,220,wk32,45.0,402.0,Heidelberg Spectralis,0,0
209,Ranibizumab,254,wk36,51.0,430.0,Heidelberg Spectralis,0,0
209,Ranibizumab,285,wk40,50.0,,,1,0
209,Ranibizumab,304,wk44,49.0,,,1,0
209,Ranibizumab,342,wk48,51.0,388.0,Heidelberg Spectralis,0,0
209,Ranibizumab,363,wk52,48.0,375.0,Heidelberg Spectralis,0,0
209,Ranibizumab,397,wk56,50.0,400.0,Heidelberg Spectralis,0,0
210,Ranibizumab,0,baseline,71.0,383.0,Zeiss Stratus,1,0
210,Ranibizumab,24,wk4,70.0,,,1,0
210,Ranibizumab,52,wk8,72.0,376.0,Zeiss Stratus,1,0
210,Ranibizumab,87,wk12,81.0,,,1,0
210,Ranibizumab,110,wk16,81.0,377.0,Zeiss Stratus,1,0
210,Ranibizumab,133,wk20,81.0,330.0,Zeiss Stratus,0,0
210,Ranibizumab,169,wk24,81.0,328.0,Zeiss Stratus,0,0
210,Ranibizumab,193,wk28,79.0,380.0,Zeiss Stratus,1,0
210,Ranibizumab,224,wk32,78.0,,,0,0
210,Ranibizumab,250,wk36,83.0,,,0,0
210,Ranibizumab,278,wk40,73.0,292.0,Zeiss Stratus,0,0
210,Ranibizumab,313,wk44,79.0,331.0,Zeiss Stratus,0,0
210,Ranibizumab,334,wk48,77.0,367.0,Zeiss Stratus,1,0
210,Ranibizumab,361,wk52,81.0,359.0,Zeiss Stratus,0,0
210,Ranibizumab,387,wk56,74.0,,,1,0
210,Ranibizumab,423,wk60,83.0,351.0,Zeiss Stratus,1,0
210,Ranibizumab,444,wk64,84.0,,,0,0
210,Ranibizumab,499,wk72,73.0,358.0,Zeiss Stratus,0,0
210,Ranibizumab,554,wk80,80.0,331.0,Zeiss Stratus,1,0
210,Ranibizumab,595,wk84,82.0,318.0,Zeiss Stratus,0,0
210,Ranibizumab,617,wk88,86.0,383.0,Zeiss Stratus,0,0
210,Ranibizumab,698,wk100,81.0,310.0,Zeiss Stratus,0,0
210,Ranibizumab,732,wk104,81.0,353.0,Zeiss Stratus,0,0
211,Bevacizumab,0,baseline,51.0,419.0,Heidelberg Spectralis,1,0
211,Bevacizumab,31,wk4,52.0,451.0,Heidelberg Spectralis,1,0
211,Bevacizumab,49,wk8,55.0,337.0,Heidelberg Spectralis,1,0
211,Bevacizumab,77,wk12,53.0,,,1,0
211,Bevacizumab,111,wk16,57.0,,,1,0
211,Bevacizumab,147,wk20,56.0,312.0,Heidelberg Spectralis,1,0
211,Bevacizumab,170,wk24,57.0,293.0,Heidelberg Spectralis,1,0
211,Bevacizumab,203,wk28,56.0,336.0,Heidelberg Spectralis,1,0
211,Bevacizumab,229,wk32,61.0,312.0,Heidelberg Spectralis,1,0
211,Bevacizumab,254,wk36,59.0,299.0,Heidelberg Spectralis,1,0
211,Bevacizumab,287,wk40,59.0,349.0,Heidelberg Spectralis,1,0
211,Bevacizumab,302,wk44,53.0,310.0,Heidelberg Spectralis,1,0
211,Bevacizumab,339,wk48,54.0,280.0,Heidelberg Spectralis,1,0
211,Bevacizumab,359,wk52,55.0,316.0,Heidelberg Spectralis,1,0
211,Bevacizumab,478,wk68,56.0,,,1,0
211,Bevacizumab,498,wk72,54.0,311.0,Heidelberg Spectralis,0,0
211,Bevacizumab,587,wk84,55.0,343.0,Heidelberg Spectralis,0,0
211,Bevacizumab,696,wk100,52.0,338.0,Heidelberg Spectralis,1,0
211,Bevacizumab,724,wk104,52.0,345.0,Heidelberg Spectralis,0,0
212,Ranibizumab,0,baseline,72.0,344.0,Heidelberg Spectralis,1,0
212,Ranibizumab,31,wk4,76.0,350.0,Heidelberg Spectralis,1,0
212,Ranibizumab,53,wk8,82.0,360.0,Heidelberg Spectralis,1,0
212,Ranibizumab,85,wk12,73.0,,,1,0
212,Ranibizumab,118,wk16,81.0,326.0,Heidelberg Spectralis,0,0
212,Ranibizumab,142,wk20,83.0,352.0,Heidelberg Spectralis,0,0
212,Ranibizumab,168,wk24,81.0,325.0,Heidelberg Spectralis,0,0
212,Ranibizumab,203,wk28,84.0,330.0,Heidelberg Spectralis,1,0
212,Ranibizumab,222,wk32,75.0,322.0,Heidelberg Spectralis,0,0
212,Ranibizumab,245,wk36,79.0,304.0,Heidelberg Spectralis,1,1
212,Ranibizumab,283,wk40,77.0,,,0,0
212,Ranibizumab,313,wk44,80.0,314.0,Heidelberg Spectralis,0,0
212,Ranibizumab,339,wk48,83.0,277.0,Heidelberg Spectralis,0,0
212,Ranibizumab,360,wk52,82.0,333.0,Heidelberg Spectralis,1,0
212,Ranibizumab,421,wk60,82.0,335.0,Heidelberg Spectralis,0,0
212,Ranibizumab,472,wk68,78.0,391.0,Heidelberg Spectralis,0,0
212,Ranibizumab,535,wk76,84.0,343.0,Heidelberg Spectralis,0,1
212,Ranibizumab,559,wk80,81.0,277.0,Heidelberg Spectralis,0,0
212,Ranibizumab,623,wk88,87.0,277.0,Heidelberg Spectralis,0,0
212,Ranibizumab,649,wk92,85.0,363.0,Heidelberg Spectralis,0,0
212,Ranibizumab,699,wk100,90.0,311.0,Heidelberg Spectralis,1,0
212,Ranibizumab,724,wk104,87.0,321.0,Heidelberg Spectralis,0,0
213,Ranibizumab,0,baseline,67.0,407.0,Heidelberg Spectralis,1,0
213,Ranibizumab,28,wk4,70.0,389.0,Heidelberg Spectralis,1,0
213,Ranibizumab,53,wk8,68.0,407.0,Heidelberg Spectralis,1,0
213,Ranibizumab,89,wk12,75.0,332.0,Heidelberg Spectralis,1,0
213,Ranibizumab,109,wk16,78.0,299.0,Heidelberg Spectralis,0,0
213,Ranibizumab,137,wk20,84.0,,,0,0
213,Ranibizumab,170,wk24,83.0,324.0,Heidelberg Spectralis,1,0
213,Ranibizumab,190,wk28,89.0,306.0,Heidelberg Spectralis,0,0
213,Ranibizumab,219,wk32,91.0,315.0,Heidelberg Spectralis,1,0
213,Ranibizumab,259,wk36,83.0,274.0,Heidelberg Spectralis,1,0
213,Ranibizumab,278,wk40,77.0,,,0,0
213,Ranibizumab,315,wk44,85.0,260.0,Heidelberg Spectralis,1,0
213,Ranibizumab,333,wk48,89.0,,,0,0
213,Ranibizumab,371,wk52,83.0,288.0,Heidelberg Spectralis,1,0
213,Ranibizumab,387,wk56,81.0,272.0,Heidelberg Spectralis,1,0
213,Ranibizumab,452,wk64,78.0,271.0,Heidelberg Spectralis,0,0
213,Ranibizumab,498,wk72,85.0,390.0,Heidelberg Spectralis,1,0
213,Ranibizumab,526,wk76,83.0,293.0,Heidelberg Spectralis,1,0
213,Ranibizumab,581,wk84,86.0,331.0,Heidelberg Spectralis,1,0
213,Ranibizumab,612,wk88,80.0,323.0,Heidelberg Spectralis,1,0
213,Ranibizumab,704,wk100,82.0,336.0,Heidelberg Spectralis,1,0
213,Ranibizumab,730,wk104,85.0,323.0,Heidelberg Spectralis,0,0
214,Aflibercept,0,baseline,45.0,463.0,Zeiss Cirrus,1,0
214,Aflibercept,29,wk4,48.0,369.0,Zeiss Cirrus,1,0
214,Aflibercept,57,wk8,56.0,338.0,Zeiss Cirrus,1,0
214,Aflibercept,77,wk12,54.0,305.0,Zeiss Cirrus,1,0
214,Aflibercept,108,wk16,70.0,303.0,Zeiss Cirrus,0,0
214,Aflibercept,142,wk20,70.0,287.0,Zeiss Cirrus,0,0
214,Aflibercept,164,wk24,67.0,336.0,Zeiss Cirrus,0,0
214,Aflibercept,197,wk28,66.0,231.0,Zeiss Cirrus,1,0
214,Aflibercept,229,wk32,58.0,235.0,Zeiss Cirrus,1,0
214,Aflibercept,250,wk36,70.0,298.0,Zeiss Cirrus,0,0
214,Aflibercept,287,wk40,68.0,276.0,Zeiss Cirrus,1,1
214,Aflibercept,303,wk44,67.0,267.0,Zeiss Cirrus,0,0
214,Aflibercept,339,wk48,69.0,266.0,Zeiss Cirrus,0,0
214,Aflibercept,362,wk52,65.0,275.0,Zeiss Cirrus,1,0
214,Aflibercept,422,wk60,64.0,254.0,Zeiss Cirrus,0,0
214,Aflibercept,479,wk68,64.0,282.0,Zeiss Cirrus,1,0
214,Aflibercept,553,wk80,58.0,259.0,Zeiss Cirrus,0,0
214,Aflibercept,677,wk96,52.0,261.0,Zeiss Cirrus,1,0
214,Aflibercept,726,wk104,53.0,249.0,Zeiss Cirrus,0,0
215,Bevacizumab,0,baseline,73.0,420.0,Zeiss Cirrus,1,0
215,Bevacizumab,27,wk4,73.0,378.0,Zeiss Cirrus,1,0
215,Bevacizumab,57,wk8,84.0,349.0,Zeiss Cirrus,1,0
215,Bevacizumab,84,wk12,77.0,325.0,Zeiss Cirrus,1,0
215,Bevacizumab,107,wk16,82.0,361.0,Zeiss Cirrus,1,0
215,Bevacizumab,140,wk20,88.0,386.0,Zeiss Cirrus,0,0
215,Bevacizumab,164,wk24,82.0,356.0,Zeiss Cirrus,0,0
215,Bevacizumab,203,wk28,86.0,350.0,Zeiss Cirrus,0,0
215,Bevacizumab,223,wk32,86.0,,,0,0
215,Bevacizumab,249,wk36,81.0,325.0,Zeiss Cirrus,1,0
215,Bevacizumab,276,wk40,80.0,,,0,0
215,Bevacizumab,305,wk44,89.0,349.0,Zeiss Cirrus,1,0
215,Bevacizumab,334,wk48,84.0,345.0,Zeiss Cirrus,0,1
215,Bevacizumab,359,wk52,84.0,346.0,Zeiss Cirrus,0,0
215,Bevacizumab,442,wk64,81.0,343.0,Zeiss Cirrus,0,0
215,Bevacizumab,557,wk80,85.0,326.0,Zeiss Cirrus,0,0
215,Bevacizumab,584,wk84,83.0,428.0,Zeiss Cirrus,1,0
215,Bevacizumab,621,wk88,81.0,,,0,0
215,Bevacizumab,679,wk96,83.0,372.0,Zeiss Cirrus,1,0
215,Bevacizumab,695,wk100,83.0,433.0,Zeiss Cirrus,0,0
215,Bevacizumab,731,wk104,79.0,399.0,Zeiss Cirrus,0,0
216,Bevacizumab,0,baseline,76.0,460.0,Heidelberg Spectralis,1,0
216,Bevacizumab,21,wk4,88.0,462.0,Heidelberg Spectralis,1,0
216,Bevacizumab,58,wk8,83.0,444.0,Heidelberg Spectralis,1,0
216,Bevacizumab,77,wk12,85.0,402.0,Heidelberg Spectralis,1,0
216,Bevacizumab,106,wk16,86.0,442.0,Heidelberg Spectralis,1,0
216,Bevacizumab,134,wk20,88.0,400.0,Heidelberg Spectralis,0,0
216,Bevacizumab,167,wk24,86.0,391.0,Heidelberg Spectralis,1,0
216,Bevacizumab,198,wk28,97.0,415.0,Heidelberg Spectralis,1,0
216,Bevacizumab,229,wk32,96.0,396.0,Heidelberg Spectralis,1,0
216,Bevacizumab,259,wk36,90.0,422.0,Heidelberg Spectralis,0,1
216,Bevacizumab,278,wk40,79.0,,,0,0
216,Bevacizumab,312,wk44,88.0,385.0,Heidelberg Spectralis,0,0
216,Bevacizumab,337,wk48,91.0,402.0,Heidelberg Spectralis,0,0
216,Bevacizumab,365,wk52,91.0,408.0,Heidelberg Spectralis,0,0
216,Bevacizumab,455,wk64,92.0,354.0,Heidelberg Spectralis,1,0
216,Bevacizumab,475,wk68,90.0,362.0,Heidelberg Spectralis,1,0
216,Bevacizumab,553,wk80,91.0,386.0,Heidelberg Spectralis,1,0
216,Bevacizumab,591,wk84,92.0,393.0,Heidelberg Spectralis,1,0
216,Bevacizumab,644,wk92,88.0,367.0,Heidelberg Spectralis,0,0
216,Bevacizumab,702,wk100,86.0,393.0,Heidelberg Spectralis,0,0
216,Bevacizumab,731,wk104,88.0,380.0,Heidelberg Spectralis,0,0
217,Bevacizumab,0,baseline,71.0,534.0,Heidelberg Spectralis,1,0
217,Bevacizumab,23,wk4,73.0,470.0,Heidelberg Spectralis,1,0
217,Bevacizumab,54,wk8,64.0,,,1,0
217,Bevacizumab,82,wk12,73.0,437.0,Heidelberg Spectralis,1,0
217,Bevacizumab,117,wk16,76.0,421.0,Heidelberg Spectralis,1,0
217,Bevacizumab,137,wk20,72.0,,,1,0
217,Bevacizumab,168,wk24,80.0,363.0,Heidelberg Spectralis,0,0
217,Bevacizumab,195,wk28,69.0,359.0,Heidelberg Spectralis,0,0
217,Bevacizumab,222,wk32,78.0,319.0,Heidelberg Spectralis,1,0
217,Bevacizumab,254,wk36,71.0,,,1,0
217,Bevacizumab,284,wk40,78.0,,,1,0
217,Bevacizumab,302,wk44,81.0,272.0,Heidelberg Spectralis,1,0
217,Bevacizumab,330,wk48,84.0,331.0,Heidelberg Spectralis,0,0
217,Bevacizumab,358,wk52,77.0,324.0,Heidelberg Spectralis,1,0
217,Bevacizumab,390,wk56,80.0,314.0,Heidelberg Spectralis,0,0
217,Bevacizumab,424,wk60,68.0,334.0,Heidelberg Spectralis,1,0
217,Bevacizumab,475,wk68,76.0,275.0,Heidelberg Spectralis,1,0
217,Bevacizumab,498,wk72,81.0,308.0,Heidelberg Spectralis,0,0
217,Bevacizumab,530,wk76,74.0,325.0,Heidelberg Spectralis,0,0
217,Bevacizumab,639,wk92,75.0,301.0,Heidelberg Spectralis,0,0
217,Bevacizumab,667,wk96,76.0,268.0,Heidelberg Spectralis,1,0
217,Bevacizumab,693,wk100,72.0,,,0,0
217,Bevacizumab,725,wk104,76.0,300.0,Heidelberg Spectralis,0,0
218,Ranibizumab,0,baseline,77.0,396.0,Zeiss Cirrus,1,0
218,Ranibizumab,26,wk4,74.0,404.0,Zeiss Cirrus,1,0
218,Ranibizumab,58,wk8,72.0,315.0,Zeiss Cirrus,1,0
218,Ranibizumab,78,wk12,80.0,295.0,Zeiss Cirrus,1,0
218,Ranibizumab,112,wk16,67.0,311.0,Zeiss Cirrus,1,0
218,Ranibizumab,139,wk20,63.0,402.0,Zeiss Cirrus,1,0
218,Ranibizumab,164,wk24,74.0,,,1,0
218,Ranibizumab,193,wk28,73.0,369.0,Zeiss Cirrus,1,0
218,Ranibizumab,225,wk32,66.0,384.0,Zeiss Cirrus,1,0
218,Ranibizumab,250,wk36,67.0,300.0,Zeiss Cirrus,1,0
218,Ranibizumab,275,wk40,72.0,338.0,Zeiss Cirrus,0,0
218,Ranibizumab,307,wk44,68.0,335.0,Zeiss Cirrus,1,0
218,Ranibizumab,330,wk48,73.0,,,1,0
218,Ranibizumab,359,wk52,70.0,337.0,Zeiss Cirrus,0,0
218,Ranibizumab,387,wk56,71.0,,,0,0
218,Ranibizumab,449,wk64,65.0,391.0,Zeiss Cirrus,0,0
218,Ranibizumab,533,wk76,81.0,317.0,Zeiss Cirrus,0,0
218,Ranibizumab,645,wk92,83.0,,,1,0
218,Ranibizumab,672,wk96,75.0,297.0,Zeiss Cirrus,1,0
218,Ranibizumab,731,wk104,78.0,308.0,Zeiss Cirrus,0,0
219,Ranibizumab,0,baseline,69.0,591.0,Zeiss Cirrus,1,0
219,Ranibizumab,22,wk4,74.0,579.0,Zeiss Cirrus,1,0
219,Ranibizumab,62,wk8,79.0,603.0,Zeiss Cirrus,1,0
219,Ranibizumab,82,wk12,86.0,552.0,Zeiss Cirrus,1,0
219,Ranibizumab,107,wk16,86.0,541.0,Zeiss Cirrus,1,0
219,Ranibizumab,137,wk20,91.0,555.0,Zeiss Cirrus,0,0
219,Ranibizumab,163,wk24,88.0,571.0,Zeiss Cirrus,1,0
219,Ranibizumab,202,wk28,98.0,458.0,Zeiss Cirrus,1,0
219,Ranibizumab,225,wk32,92.0,,,1,0
219,Ranibizumab,246,wk36,87.0,550.0,Zeiss Cirrus,0,0
219,Ranibizumab,283,wk40,90.0,514.0,Zeiss Cirrus,1,0
219,Ranibizumab,309,wk44,94.0,567.0,Zeiss Cirrus,1,0
219,Ranibizumab,336,wk48,87.0,,,1,0
219,Ranibizumab,368,wk52,92.0,539.0,Zeiss Cirrus,0,0
219,Ranibizumab,385,wk56,86.0,547.0,Zeiss Cirrus,1,0
219,Ranibizumab,442,wk64,100.0,535.0,Zeiss Cirrus,0,0
219,Ranibizumab,474,wk68,92.0,550.0,Zeiss Cirrus,1,0
219,Ranibizumab,528,wk76,95.0,534.0,Zeiss Cirrus,0,0
219,Ranibizumab,588,wk84,89.0,530.0,Zeiss Cirrus,0,0
219,Ranibizumab,614,wk88,97.0,524.0,Zeiss Cirrus,0,0
219,Ranibizumab,667,wk96,100.0,533.0,Zeiss Cirrus,0,0
219,Ranibizumab,727,wk104,100.0,537.0,Zeiss Cirrus,0,0
220,Aflibercept,0,baseline,72.0,367.0,Heidelberg Spectralis,1,0
220,Aflibercept,29,wk4,84.0,327.0,Heidelberg Spectralis,1,0
220,Aflibercept,62,wk8,83.0,325.0,Heidelberg Spectralis,1,0
220,Aflibercept,85,wk12,77.0,259.0,Heidelberg Spectralis,1,0
220,Aflibercept,118,wk16,82.0,,,1,0
220,Aflibercept,140,wk20,85.0,,,0,0
220,Aflibercept,170,wk24,83.0,299.0,Heidelberg Spectralis,0,0
220,Aflibercept,200,wk28,80.0,,,1,0
220,Aflibercept,229,wk32,87.0,295.0,Heidelberg Spectralis,1,0
220,Aflibercept,249,wk36,84.0,317.0,Heidelberg Spectralis,0,0
220,Aflibercept,286,wk40,84.0,265.0,Heidelberg Spectralis,1,0
220,Aflibercept,303,wk44,83.0,269.0,Heidelberg Spectralis,0,0
220,Aflibercept,330,wk48,80.0,257.0,Heidelberg Spectralis,0,0
220,Aflibercept,360,wk52,86.0,281.0,Heidelberg Spectralis,0,0
220,Aflibercept,419,wk60,86.0,293.0,Heidelberg Spectralis,0,0
220,Aflibercept,469,wk68,79.0,,,1,0
220,Aflibercept,532,wk76,76.0,248.0,Heidelberg Spectralis,0,0
220,Aflibercept,567,wk80,77.0,,,1,0
220,Aflibercept,650,wk92,77.0,235.0,Heidelberg Spectralis,1,0
220,Aflibercept,673,wk96,72.0,,,0,0
220,Aflibercept,694,wk100,71.0,256.0,Heidelberg Spectralis,0,0
220,Aflibercept,728,wk104,72.0,255.0,Heidelberg Spectralis,0,0
221,Ranibizumab,0,baseline,74.0,679.0,Zeiss Cirrus,1,0
221,Ranibizumab,30,wk4,80.0,560.0,Zeiss Cirrus,1,0
221,Ranibizumab,63,wk8,80.0,,,1,0
221,Ranibizumab,85,wk12,88.0,,,1,0
221,Ranibizumab,119,wk16,81.0,425.0,Zeiss Cirrus,1,0
221,Ranibizumab,143,wk20,89.0,421.0,Zeiss Cirrus,1,0
221,Ranibizumab,171,wk24,87.0,412.0,Zeiss Cirrus,1,1
221,Ranibizumab,193,wk28,87.0,,,1,0
221,Ranibizumab,217,wk32,84.0,,,1,0
221,Ranibizumab,250,wk36,98.0,350.0,Zeiss Cirrus,1,0
221,Ranibizumab,275,wk40,85.0,,,0,0
221,Ranibizumab,302,wk44,91.0,,,1,0
221,Ranibizumab,329,wk48,88.0,370.0,Zeiss Cirrus,1,0
221,Ranibizumab,363,wk52,89.0,395.0,Zeiss Cirrus,0,0
221,Ranibizumab,480,wk68,87.0,384.0,Zeiss Cirrus,0,0
221,Ranibizumab,508,wk72,92.0,411.0,Zeiss Cirrus,1,0
221,Ranibizumab,528,wk76,87.0,394.0,Zeiss Cirrus,1,0
221,Ranibizumab,559,wk80,95.0,421.0,Zeiss Cirrus,0,0
221,Ranibizumab,614,wk88,93.0,363.0,Zeiss Cirrus,1,0
221,Ranibizumab,675,wk96,96.0,407.0,Zeiss Cirrus,1,0
221,Ranibizumab,703,wk100,89.0,377.0,Zeiss Cirrus,1,0
221,Ranibizumab,734,wk104,91.0,404.0,Zeiss Cirrus,0,0
222,Bevacizumab,0,baseline,61.0,583.0,Heidelberg Spectralis,1,0
222,Bevacizumab,32,wk4,65.0,496.0,Heidelberg Spectralis,1,0
222,Bevacizumab,51,wk8,65.0,453.0,Heidelberg Spectralis,1,0
222,Bevacizumab,85,wk12,62.0,431.0,Heidelberg Spectralis,1,0
222,Bevacizumab,111,wk16,62.0,484.0,Heidelberg Spectralis,0,0
222,Bevacizumab,138,wk20,62.0,482.0,Heidelberg Spectralis,1,0
222,Bevacizumab,161,wk24,68.0,424.0,Heidelberg Spectralis,0,0
222,Bevacizumab,199,wk28,75.0,411.0,Heidelberg Spectralis,0,1
222,Bevacizumab,219,wk32,65.0,359.0,Heidelberg Spectralis,0,0
222,Bevacizumab,245,wk36,57.0,399.0,Heidelberg Spectralis,0,0
222,Bevacizumab,275,wk40,63.0,,,0,0
222,Bevacizumab,304,wk44,59.0,324.0,Heidelberg Spectralis,1,0
222,Bevacizumab,333,wk48,67.0,,,0,0
222,Bevacizumab,369,wk52,66.0,396.0,Heidelberg Spectralis,1,0
222,Bevacizumab,421,wk60,76.0,362.0,Heidelberg Spectralis,0,0
222,Bevacizumab,447,wk64,74.0,428.0,Heidelberg Spectralis,0,0
222,Bevacizumab,556,wk80,68.0,458.0,Heidelberg Spectralis,1,0
222,Bevacizumab,622,wk88,65.0,392.0,Heidelberg Spectralis,1,0
222,Bevacizumab,706,wk100,69.0,374.0,Heidelberg Spectralis,0,0
222,Bevacizumab,723,wk104,67.0,367.0,Heidelberg Spectralis,0,0
223,Ranibizumab,0,baseline,63.0,420.0,Heidelberg Spectralis,1,0
223,Ranibizumab,30,wk4,74.0,,,1,0
223,Ranibizumab,51,wk8,74.0,399.0,Heidelberg Spectralis,1,0
223,Ranibizumab,82,wk12,77.0,347.0,Heidelberg Spectralis,1,0
223,Ranibizumab,110,wk16,77.0,340.0,Heidelberg Spectralis,0,0
223,Ranibizumab,137,wk20,83.0,341.0,Heidelberg Spectralis,0,0
223,Ranibizumab,175,wk24,82.0,,,1,0
223,Ranibizumab,203,wk28,84.0,375.0,Heidelberg Spectralis,0,0
223,Ranibizumab,227,wk32,88.0,,,0,0
223,Ranibizumab,254,wk36,83.0,372.0,Heidelberg Spectralis,1,0
223,Ranibizumab,286,wk40,83.0,,,0,0
223,Ranibizumab,312,wk44,86.0,340.0,Heidelberg Spectralis,0,1
223,Ranibizumab,341,wk48,86.0,,,1,0
223,Ranibizumab,366,wk52,84.0,343.0,Heidelberg Spectralis,0,0
223,Ranibizumab,424,wk60,86.0,389.0,Heidelberg Spectralis,1,0
223,Ranibizumab,447,wk64,85.0,349.0,Heidelberg Spectralis,1,0
223,Ranibizumab,483,wk68,83.0,324.0,Heidelberg Spectralis,0,0
223,Ranibizumab,503,wk72,79.0,377.0,Heidelberg Spectralis,0,0
223,Ranibizumab,529,wk76,82.0,377.0,Heidelberg Spectralis,1,0
223,Ranibizumab,611,wk88,84.0,337.0,Heidelberg Spectralis,1,0
223,Ranibizumab,678,wk96,78.0,372.0,Heidelberg Spectralis,0,0
223,Ranibizumab,700,wk100,77.0,336.0,Heidelberg Spectralis,1,0
223,Ranibizumab,735,wk104,83.0,365.0,Heidelberg Spectralis,0,0
224,Ranibizumab,0,baseline,63.0,401.0,Zeiss Cirrus,1,0
224,Ranibizumab,27,wk4,71.0,351.0,Zeiss Cirrus,1,0
224,Ranibizumab,52,wk8,80.0,249.0,Zeiss Cirrus,1,0
224,Ranibizumab,90,wk12,76.0,286.0,Zeiss Cirrus,1,0
224,Ranibizumab,110,wk16,89.0,201.0,Zeiss Cirrus,0,0
224,Ranibizumab,141,wk20,90.0,263.0,Zeiss Cirrus,1,0
224,Ranibizumab,169,wk24,90.0,283.0,Zeiss Cirrus,0,0
224,Ranibizumab,193,wk28,90.0,185.0,Zeiss Cirrus,0,0
224,Ranibizumab,228,wk32,99.0,205.0,Zeiss Cirrus,1,0
224,Ranibizumab,254,wk36,95.0,182.0,Zeiss Cirrus,1,0
224,Ranibizumab,274,wk40,94.0,,,0,0
224,Ranibizumab,312,wk44,90.0,192.0,Zeiss Cirrus,1,0
224,Ranibizumab,329,wk48,98.0,176.0,Zeiss Cirrus,1,0
224,Ranibizumab,368,wk52,93.0,191.0,Zeiss Cirrus,1,0
224,Ranibizumab,399,wk56,87.0,256.0,Zeiss Cirrus,1,0
224,Ranibizumab,420,wk60,100.0,234.0,Zeiss Cirrus,0,0
224,Ranibizumab,452,wk64,92.0,,,0,0
224,Ranibizumab,475,wk68,90.0,191.0,Zeiss Cirrus,1,0
224,Ranibizumab,506,wk72,97.0,253.0,Zeiss Cirrus,1,0
224,Ranibizumab,534,wk76,96.0,238.0,Zeiss Cirrus,0,0
224,Ranibizumab,556,wk80,88.0,187.0,Zeiss Cirrus,0,0
224,Ranibizumab,642,wk92,95.0,176.0,Zeiss Cirrus,0,0
224,Ranibizumab,675,wk96,94.0,210.0,Zeiss Cirrus,0,0
224,Ranibizumab,724,wk104,97.0,242.0,Zeiss Cirrus,0,0
225,Bevacizumab,0,baseline,78.0,450.0,Zeiss Cirrus,1,0
225,Bevacizumab,27,wk4,87.0,439.0,Zeiss Cirrus,1,0
225,Bevacizumab,62,wk8,84.0,441.0,Zeiss Cirrus,1,0
225,Bevacizumab,82,wk12,78.0,506.0,Zeiss Cirrus,1,0
225,Bevacizumab,109,wk16,78.0,490.0,Zeiss Cirrus,1,0
225,Bevacizumab,144,wk20,77.0,453.0,Zeiss Cirrus,1,0
225,Bevacizumab,162,wk24,79.0,467.0,Zeiss Cirrus,1,0
225,Bevacizumab,203,wk28,71.0,525.0,Zeiss Cirrus,0,0
225,Bevacizumab,217,wk32,83.0,491.0,Zeiss Cirrus,1,0
225,Bevacizumab,255,wk36,78.0,482.0,Zeiss Cirrus,1,0
225,Bevacizumab,279,wk40,80.0,416.0,Zeiss Cirrus,1,1
225,Bevacizumab,306,wk44,84.0,527.0,Zeiss Cirrus,0,0
225,Bevacizumab,341,wk48,72.0,441.0,Zeiss Cirrus,1,0
225,Bevacizumab,370,wk52,81.0,478.0,Zeiss Cirrus,1,0
225,Bevacizumab,413,wk60,81.0,470.0,Zeiss Cirrus,0,0
225,Bevacizumab,525,wk76,78.0,481.0,Zeiss Cirrus,0,0
225,Bevacizumab,614,wk88,88.0,,,1,0
225,Bevacizumab,648,wk92,84.0,484.0,Zeiss Cirrus,1,0
225,Bevacizumab,665,wk96,78.0,471.0,Zeiss Cirrus,1,0
225,Bevacizumab,706,wk100,79.0,487.0,Zeiss Cirrus,1,0
225,Bevacizumab,728,wk104,82.0,471.0,Zeiss Cirrus,0,0
226,Bevacizumab,0,baseline,67.0,493.0,Zeiss Cirrus,1,0
226,Bevacizumab,22,wk4,72.0,549.0,Zeiss Cirrus,1,0
226,Bevacizumab,59,wk8,65.0,464.0,Zeiss Cirrus,1,0
226,Bevacizumab,83,wk12,76.0,481.0,Zeiss Cirrus,1,0
226,Bevacizumab,112,wk16,78.0,460.0,Zeiss Cirrus,1,0
226,Bevacizumab,145,wk20,77.0,471.0,Zeiss Cirrus,0,0
226,Bevacizumab,162,wk24,73.0,462.0,Zeiss Cirrus,1,0
226,Bevacizumab,196,wk28,76.0,502.0,Zeiss Cirrus,1,0
226,Bevacizumab,225,wk32,78.0,404.0,Zeiss Cirrus,0,0
226,Bevacizumab,258,wk36,73.0,413.0,Zeiss Cirrus,0,0
226,Bevacizumab,274,wk40,79.0,462.0,Zeiss Cirrus,0,1
226,Bevacizumab,314,wk44,72.0,,,1,0
226,Bevacizumab,338,wk48,73.0,407.0,Zeiss Cirrus,1,0
226,Bevacizumab,359,wk52,76.0,442.0,Zeiss Cirrus,1,0
226,Bevacizumab,474,wk68,71.0,466.0,Zeiss Cirrus,0,0
226,Bevacizumab,501,wk72,81.0,,,0,0
226,Bevacizumab,526,wk76,81.0,460.0,Zeiss Cirrus,0,0
226,Bevacizumab,555,wk80,80.0,,,0,0
226,Bevacizumab,643,wk92,73.0,536.0,Zeiss Cirrus,1,0
226,Bevacizumab,702,wk100,77.0,517.0,Zeiss Cirrus,0,0
226,Bevacizumab,722,wk104,74.0,521.0,Zeiss Cirrus,0,0
227,Ranibizumab,0,baseline,77.0,555.0,Zeiss Cirrus,1,0
227,Ranibizumab,34,wk4,86.0,503.0,Zeiss Cirrus,1,0
227,Ranibizumab,62,wk8,71.0,357.0,Zeiss Cirrus,1,0
227,Ranibizumab,89,wk12,76.0,,,1,0
227,Ranibizumab,113,wk16,78.0,344.0,Zeiss Cirrus,1,0
227,Ranibizumab,139,wk20,84.0,,,1,0
227,Ranibizumab,165,wk24,75.0,362.0,Zeiss Cirrus,1,1
228,Aflibercept,0,baseline,38.0,341.0,Heidelberg Spectralis,1,0
228,Aflibercept,25,wk4,45.0,301.0,Heidelberg Spectralis,1,0
228,Aflibercept,53,wk8,46.0,290.0,Heidelberg Spectralis,1,0
228,Aflibercept,80,wk12,45.0,344.0,Heidelberg Spectralis,1,0
228,Aflibercept,113,wk16,48.0,,,0,0
228,Aflibercept,147,wk20,49.0,264.0,Heidelberg Spectralis,1,0
228,Aflibercept,168,wk24,54.0,263.0,Heidelberg Spectralis,0,0
228,Aflibercept,198,wk28,58.0,237.0,Heidelberg Spectralis,0,0
228,Aflibercept,224,wk32,51.0,212.0,Heidelberg Spectralis,1,0
228,Aflibercept,259,wk36,54.0,270.0,Heidelberg Spectralis,1,0
228,Aflibercept,279,wk40,51.0,,,1,0
228,Aflibercept,310,wk44,48.0,,,0,0
228,Aflibercept,330,wk48,53.0,244.0,Heidelberg Spectralis,1,0
228,Aflibercept,366,wk52,54.0,262.0,Heidelberg Spectralis,0,0
228,Aflibercept,419,wk60,60.0,,,0,0
228,Aflibercept,448,wk64,51.0,332.0,Heidelberg Spectralis,0,0
228,Aflibercept,506,wk72,51.0,271.0,Heidelberg Spectralis,0,0
228,Aflibercept,595,wk84,51.0,,,1,0
228,Aflibercept,678,wk96,58.0,306.0,Heidelberg Spectralis,0,0
228,Aflibercept,731,wk104,58.0,338.0,Heidelberg Spectralis,0,0
229,Bevacizumab,0,baseline,67.0,500.0,Heidelberg Spectralis,1,0
229,Bevacizumab,23,wk4,70.0,396.0,Heidelberg Spectralis,1,0
229,Bevacizumab,52,wk8,64.0,380.0,Heidelberg Spectralis,1,0
229,Bevacizumab,87,wk12,57.0,372.0,Heidelberg Spectralis,1,0
229,Bevacizumab,118,wk16,68.0,323.0,Heidelberg Spectralis,1,0
229,Bevacizumab,141,wk20,65.0,332.0,Heidelberg Spectralis,1,0
230,Aflibercept,0,baseline,68.0,291.0,Heidelberg Spectralis,1,0
230,Aflibercept,25,wk4,73.0,252.0,Heidelberg Spectralis,1,0
230,Aflibercept,54,wk8,81.0,268.0,Heidelberg Spectralis,1,0
230,Aflibercept,78,wk12,81.0,,,1,0
230,Aflibercept,112,wk16,75.0,252.0,Heidelberg Spectralis,1,0
230,Aflibercept,147,wk20,77.0,295.0,Heidelberg Spectralis,1,0
230,Aflibercept,171,wk24,84.0,,,1,0
230,Aflibercept,200,wk28,79.0,244.0,Heidelberg Spectralis,1,0
230,Aflibercept,226,wk32,76.0,277.0,Heidelberg Spectralis,1,1
230,Aflibercept,245,wk36,78.0,277.0,Heidelberg Spectralis,1,0
230,Aflibercept,287,wk40,81.0,,,1,0
230,Aflibercept,304,wk44,85.0,282.0,Heidelberg Spectralis,1,0
230,Aflibercept,334,wk48,80.0,,,1,0
230,Aflibercept,368,wk52,82.0,264.0,Heidelberg Spectralis,1,0
230,Aflibercept,395,wk56,81.0,224.0,Heidelberg Spectralis,0,0
230,Aflibercept,445,wk64,83.0,208.0,Heidelberg Spectralis,0,0
230,Aflibercept,472,wk68,90.0,245.0,Heidelberg Spectralis,0,0
230,Aflibercept,529,wk76,89.0,232.0,Heidelberg Spectralis,0,0
230,Aflibercept,643,wk92,88.0,177.0,Heidelberg Spectralis,0,0
230,Aflibercept,672,wk96,77.0,,,0,0
230,Aflibercept,732,wk104,83.0,188.0,Heidelberg Spectralis,0,0
231,Ranibizumab,0,baseline,58.0,411.0,Zeiss Cirrus,1,0
231,Ranibizumab,29,wk4,57.0,388.0,Zeiss Cirrus,1,0
231,Ranibizumab,61,wk8,62.0,371.0,Zeiss Cirrus,1,0
231,Ranibizumab,78,wk12,61.0,326.0,Zeiss Cirrus,1,0
231,Ranibizumab,105,wk16,63.0,303.0,Zeiss Cirrus,0,0
231,Ranibizumab,142,wk20,60.0,,,1,0
231,Ranibizumab,168,wk24,64.0,295.0,Zeiss Cirrus,1,0
231,Ranibizumab,198,wk28,61.0,310.0,Zeiss Cirrus,0,0
231,Ranibizumab,228,wk32,62.0,,,0,0
231,Ranibizumab,257,wk36,65.0,246.0,Zeiss Cirrus,1,0
231,Ranibizumab,278,wk40,71.0,295.0,Zeiss Cirrus,0,0
231,Ranibizumab,312,wk44,65.0,303.0,Zeiss Cirrus,0,1
231,Ranibizumab,341,wk48,68.0,328.0,Zeiss Cirrus,1,0
231,Ranibizumab,357,wk52,68.0,311.0,Zeiss Cirrus,1,0
231,Ranibizumab,472,wk68,65.0,254.0,Zeiss Cirrus,0,0
231,Ranibizumab,555,wk80,73.0,237.0,Zeiss Cirrus,0,0
231,Ranibizumab,616,wk88,63.0,268.0,Zeiss Cirrus,1,0
231,Ranibizumab,699,wk100,67.0,323.0,Zeiss Cirrus,0,0
231,Ranibizumab,733,wk104,65.0,273.0,Zeiss Cirrus,0,0
232,Ranibizumab,0,baseline,68.0,630.0,Heidelberg Spectralis,1,0
232,Ranibizumab,21,wk4,73.0,606.0,Heidelberg Spectralis,1,0
232,Ranibizumab,54,wk8,77.0,480.0,Heidelberg Spectralis,1,0
232,Ranibizumab,81,wk12,78.0,497.0,Heidelberg Spectralis,1,0
232,Ranibizumab,116,wk16,85.0,497.0,Heidelberg Spectralis,1,0
232,Ranibizumab,147,wk20,81.0,452.0,Heidelberg Spectralis,1,0
232,Ranibizumab,173,wk24,76.0,444.0,Heidelberg Spectralis,0,0
232,Ranibizumab,192,wk28,75.0,372.0,Heidelberg Spectralis,1,0
232,Ranibizumab,228,wk32,78.0,441.0,Heidelberg Spectralis,1,1
232,Ranibizumab,248,wk36,89.0,357.0,Heidelberg Spectralis,1,0
232,Ranibizumab,278,wk40,83.0,379.0,Heidelberg Spectralis,1,0
232,Ranibizumab,309,wk44,83.0,407.0,Heidelberg Spectralis,0,0
232,Ranibizumab,335,wk48,84.0,,,0,0
232,Ranibizumab,369,wk52,85.0,393.0,Heidelberg Spectralis,0,0
232,Ranibizumab,416,wk60,83.0,423.0,Heidelberg Spectralis,1,0
232,Ranibizumab,510,wk72,99.0,379.0,Heidelberg Spectralis,1,0
232,Ranibizumab,622,wk88,97.0,367.0,Heidelberg Spectralis,1,0
232,Ranibizumab,701,wk100,98.0,,,0,0
232,Ranibizumab,731,wk104,100.0,359.0,Heidelberg Spectralis,0,0
233,Ranibizumab,0,baseline,74.0,310.0,Zeiss Cirrus,1,0
233,Ranibizumab,29,wk4,68.0,271.0,Zeiss Cirrus,1,0
233,Ranibizumab,53,wk8,69.0,248.0,Zeiss Cirrus,1,0
233,Ranibizumab,84,wk12,80.0,218.0,Zeiss Cirrus,1,0
233,Ranibizumab,110,wk16,72.0,205.0,Zeiss Cirrus,0,0
233,Ranibizumab,147,wk20,65.0,169.0,Zeiss Cirrus,1,0
233,Ranibizumab,164,wk24,71.0,202.0,Zeiss Cirrus,0,0
233,Ranibizumab,198,wk28,73.0,222.0,Zeiss Cirrus,0,1
233,Ranibizumab,223,wk32,70.0,192.0,Zeiss Cirrus,0,0
233,Ranibizumab,256,wk36,76.0,191.0,Zeiss Cirrus,0,0
233,Ranibizumab,275,wk40,72.0,217.0,Zeiss Cirrus,0,0
233,Ranibizumab,310,wk44,67.0,194.0,Zeiss Cirrus,1,0
233,Ranibizumab,339,wk48,66.0,213.0,Zeiss Cirrus,1,0
233,Ranibizumab,359,wk52,71.0,203.0,Zeiss Cirrus,0,0
233,Ranibizumab,387,wk56,66.0,181.0,Zeiss Cirrus,1,0
233,Ranibizumab,449,wk64,75.0,153.0,Zeiss Cirrus,0,0
233,Ranibizumab,510,wk72,71.0,169.0,Zeiss Cirrus,0,0
233,Ranibizumab,527,wk76,75.0,,,1,0
233,Ranibizumab,610,wk88,74.0,150.0,Zeiss Cirrus,1,0
233,Ranibizumab,673,wk96,65.0,161.0,Zeiss Cirrus,0,0
233,Ranibizumab,726,wk104,73.0,155.0,Zeiss Cirrus,0,0
234,Ranibizumab,0,baseline,42.0,323.0,Heidelberg Spectralis,1,0
234,Ranibizumab,22,wk4,51.0,332.0,Heidelberg Spectralis,1,0
234,Ranibizumab,55,wk8,54.0,256.0,Heidelberg Spectralis,1,0
234,Ranibizumab,87,wk12,60.0,222.0,Heidelberg Spectralis,1,0
234,Ranibizumab,113,wk16,49.0,260.0,Heidelberg Spectralis,1,0
234,Ranibizumab,136,wk20,50.0,271.0,Heidelberg Spectralis,1,0
234,Ranibizumab,172,wk24,55.0,,,1,1
234,Ranibizumab,201,wk28,57.0,272.0,Heidelberg Spectralis,1,0
234,Ranibizumab,217,wk32,57.0,252.0,Heidelberg Spectralis,1,0
234,Ranibizumab,259,wk36,54.0,213.0,Heidelberg Spectralis,1,0
234,Ranibizumab,285,wk40,53.0,286.0,Heidelberg Spectralis,1,0
234,Ranibizumab,308,wk44,56.0,239.0,Heidelberg Spectralis,1,0
234,Ranibizumab,338,wk48,64.0,267.0,Heidelberg Spectralis,1,0
234,Ranibizumab,368,wk52,57.0,245.0,Heidelberg Spectralis,0,0
234,Ranibizumab,394,wk56,53.0,185.0,Heidelberg Spectralis,1,0
234,Ranibizumab,422,wk60,58.0,,,1,0
234,Ranibizumab,449,wk64,63.0,195.0,Heidelberg Spectralis,0,0
234,Ranibizumab,502,wk72,60.0,,,0,0
234,Ranibizumab,565,wk80,47.0,171.0,Heidelberg Spectralis,1,0
234,Ranibizumab,595,wk84,65.0,196.0,Heidelberg Spectralis,0,0
234,Ranibizumab,610,wk88,54.0,150.0,Heidelberg Spectralis,1,0
234,Ranibizumab,674,wk96,56.0,150.0,Heidelberg Spectralis,0,0
234,Ranibizumab,700,wk100,60.0,150.0,Heidelberg Spectralis,1,0
234,Ranibizumab,725,wk104,62.0,150.0,Heidelberg Spectralis,0,0
235,Bevacizumab,0,baseline,39.0,451.0,Zeiss Cirrus,1,0
235,Bevacizumab,29,wk4,41.0,391.0,Zeiss Cirrus,1,0
235,Bevacizumab,58,wk8,39.0,455.0,Zeiss Cirrus,1,0
235,Bevacizumab,87,wk12,46.0,412.0,Zeiss Cirrus,1,0
235,Bevacizumab,108,wk16,47.0,444.0,Zeiss Cirrus,0,0
235,Bevacizumab,134,wk20,45.0,437.0,Zeiss Cirrus,0,0
235,Bevacizumab,172,wk24,47.0,456.0,Zeiss Cirrus,1,0
235,Bevacizumab,192,wk28,45.0,472.0,Zeiss Cirrus,0,0
235,Bevacizumab,227,wk32,47.0,,,1,0
235,Bevacizumab,246,wk36,48.0,470.0,Zeiss Cirrus,1,0
235,Bevacizumab,275,wk40,39.0,483.0,Zeiss Cirrus,0,0
235,Bevacizumab,308,wk44,47.0,398.0,Zeiss Cirrus,0,1
235,Bevacizumab,343,wk48,45.0,424.0,Zeiss Cirrus,0,0
235,Bevacizumab,371,wk52,47.0,440.0,Zeiss Cirrus,0,0
235,Bevacizumab,389,wk56,48.0,410.0,Zeiss Cirrus,1,0
235,Bevacizumab,416,wk60,48.0,473.0,Zeiss Cirrus,0,0
235,Bevacizumab,476,wk68,48.0,462.0,Zeiss Cirrus,0,0
235,Bevacizumab,595,wk84,45.0,,,0,0
235,Bevacizumab,621,wk88,43.0,443.0,Zeiss Cirrus,0,0
235,Bevacizumab,727,wk104,44.0,471.0,Zeiss Cirrus,0,0
236,Aflibercept,0,baseline,71.0,620.0,Heidelberg Spectralis,1,0
236,Aflibercept,29,wk4,81.0,543.0,Heidelberg Spectralis,1,0
236,Aflibercept,62,wk8,82.0,,,1,0
236,Aflibercept,87,wk12,77.0,368.0,Heidelberg Spectralis,1,0
236,Aflibercept,119,wk16,77.0,367.0,Heidelberg Spectralis,0,0
236,Aflibercept,136,wk20,85.0,359.0,Heidelberg Spectralis,1,0
236,Aflibercept,163,wk24,83.0,336.0,Heidelberg Spectralis,1,0
236,Aflibercept,195,wk28,92.0,337.0,Heidelberg Spectralis,0,0
236,Aflibercept,231,wk32,81.0,284.0,Heidelberg Spectralis,0,0
236,Aflibercept,256,wk36,82.0,364.0,Heidelberg Spectralis,0,0
236,Aflibercept,276,wk40,80.0,330.0,Heidelberg Spectralis,1,1
236,Aflibercept,302,wk44,83.0,355.0,Heidelberg Spectralis,0,0
236,Aflibercept,329,wk48,81.0,,,0,0
236,Aflibercept,369,wk52,83.0,311.0,Heidelberg Spectralis,0,0
236,Aflibercept,482,wk68,85.0,244.0,Heidelberg Spectralis,0,0
236,Aflibercept,504,wk72,91.0,291.0,Heidelberg Spectralis,0,0
236,Aflibercept,531,wk76,89.0,274.0,Heidelberg Spectralis,0,0
236,Aflibercept,609,wk88,85.0,256.0,Heidelberg Spectralis,1,0
236,Aflibercept,641,wk92,85.0,211.0,Heidelberg Spectralis,0,0
236,Aflibercept,693,wk100,84.0,,,1,0
236,Aflibercept,732,wk104,84.0,227.0,Heidelberg Spectralis,0,0
237,Ranibizumab,0,baseline,70.0,488.0,Heidelberg Spectralis,1,0
237,Ranibizumab,34,wk4,76.0,404.0,Heidelberg Spectralis,1,0
237,Ranibizumab,61,wk8,66.0,331.0,Heidelberg Spectralis,1,0
237,Ranibizumab,81,wk12,65.0,238.0,Heidelberg Spectralis,1,0
237,Ranibizumab,115,wk16,66.0,150.0,Heidelberg Spectralis,1,0
237,Ranibizumab,142,wk20,64.0,191.0,Heidelberg Spectralis,1,0
237,Ranibizumab,170,wk24,62.0,,,1,0
237,Ranibizumab,201,wk28,68.0,216.0,Heidelberg Spectralis,1,0
237,Ranibizumab,217,wk32,65.0,150.0,Heidelberg Spectralis,1,0
237,Ranibizumab,246,wk36,65.0,150.0,Heidelberg Spectralis,0,0
237,Ranibizumab,273,wk40,62.0,150.0,Heidelberg Spectralis,1,1
237,Ranibizumab,307,wk44,64.0,160.0,Heidelberg Spectralis,1,0
237,Ranibizumab,334,wk48,65.0,150.0,Heidelberg Spectralis,1,0
237,Ranibizumab,359,wk52,64.0,150.0,Heidelberg Spectralis,1,0
237,Ranibizumab,443,wk64,70.0,150.0,Heidelberg Spectralis,0,0
237,Ranibizumab,531,wk76,60.0,150.0,Heidelberg Spectralis,0,0
237,Ranibizumab,560,wk80,66.0,164.0,Heidelberg Spectralis,0,0
237,Ranibizumab,589,wk84,67.0,,,1,0
238,Ranibizumab,0,baseline,76.0,279.0,Zeiss Cirrus,1,0
238,Ranibizumab,27,wk4,77.0,266.0,Zeiss Cirrus,1,0
238,Ranibizumab,56,wk8,80.0,275.0,Zeiss Cirrus,1,0
238,Ranibizumab,84,wk12,78.0,246.0,Zeiss Cirrus,1,0
238,Ranibizumab,114,wk16,74.0,230.0,Zeiss Cirrus,1,0
238,Ranibizumab,142,wk20,78.0,,,1,0
238,Ranibizumab,168,wk24,79.0,247.0,Zeiss Cirrus,0,0
238,Ranibizumab,202,wk28,80.0,303.0,Zeiss Cirrus,1,0
238,Ranibizumab,226,wk32,77.0,,,0,0
238,Ranibizumab,246,wk36,79.0,233.0,Zeiss Cirrus,0,1
238,Ranibizumab,278,wk40,85.0,293.0,Zeiss Cirrus,1,0
238,Ranibizumab,304,wk44,82.0,239.0,Zeiss Cirrus,1,0
238,Ranibizumab,339,wk48,81.0,280.0,Zeiss Cirrus,0,0
238,Ranibizumab,362,wk52,81.0,254.0,Zeiss Cirrus,1,0
238,Ranibizumab,477,wk68,74.0,223.0,Zeiss Cirrus,1,0
238,Ranibizumab,536,wk76,76.0,303.0,Zeiss Cirrus,1,0
238,Ranibizumab,650,wk92,70.0,351.0,Zeiss Cirrus,1,0
238,Ranibizumab,671,wk96,72.0,348.0,Zeiss Cirrus,1,0
238,Ranibizumab,731,wk104,70.0,331.0,Zeiss Cirrus,0,0
239,Aflibercept,0,baseline,73.0,248.0,Zeiss Stratus,1,0
239,Aflibercept,34,wk4,76.0,335.0,Zeiss Stratus,1,0
239,Aflibercept,63,wk8,71.0,404.0,Zeiss Stratus,1,0
239,Aflibercept,79,wk12,71.0,350.0,Zeiss Stratus,1,0
239,Aflibercept,119,wk16,75.0,419.0,Zeiss Stratus,1,0
239,Aflibercept,137,wk20,80.0,332.0,Zeiss Stratus,1,0
239,Aflibercept,167,wk24,70.0,365.0,Zeiss Stratus,1,0
239,Aflibercept,199,wk28,71.0,363.0,Zeiss Stratus,1,0
239,Aflibercept,222,wk32,76.0,314.0,Zeiss Stratus,1,0
239,Aflibercept,245,wk36,78.0,358.0,Zeiss Stratus,0,0
239,Aflibercept,284,wk40,78.0,387.0,Zeiss Stratus,1,0
239,Aflibercept,307,wk44,72.0,415.0,Zeiss Stratus,1,0
239,Aflibercept,329,wk48,76.0,364.0,Zeiss Stratus,0,0
239,Aflibercept,357,wk52,75.0,399.0,Zeiss Stratus,0,0
239,Aflibercept,455,wk64,62.0,364.0,Zeiss Stratus,0,0
239,Aflibercept,482,wk68,80.0,398.0,Zeiss Stratus,0,0
239,Aflibercept,564,wk80,76.0,,,0,0
239,Aflibercept,641,wk92,73.0,358.0,Zeiss Stratus,0,0
239,Aflibercept,731,wk104,71.0,358.0,Zeiss Stratus,0,0
240,Aflibercept,0,baseline,77.0,439.0,Zeiss Cirrus,1,0
240,Aflibercept,29,wk4,78.0,,,1,0
240,Aflibercept,52,wk8,76.0,370.0,Zeiss Cirrus,1,0
240,Aflibercept,78,wk12,78.0,391.0,Zeiss Cirrus,1,0
240,Aflibercept,108,wk16,76.0,,,1,0
240,Aflibercept,139,wk20,78.0,339.0,Zeiss Cirrus,1,0
240,Aflibercept,161,wk24,78.0,395.0,Zeiss Cirrus,0,0
240,Aflibercept,190,wk28,80.0,388.0,Zeiss Cirrus,1,0
240,Aflibercept,219,wk32,83.0,352.0,Zeiss Cirrus,0,0
240,Aflibercept,251,wk36,84.0,337.0,Zeiss Cirrus,1,0
240,Aflibercept,275,wk40,87.0,,,0,0
240,Aflibercept,301,wk44,77.0,380.0,Zeiss Cirrus,1,0
240,Aflibercept,343,wk48,89.0,346.0,Zeiss Cirrus,1,0
240,Aflibercept,357,wk52,84.0,350.0,Zeiss Cirrus,0,0
240,Aflibercept,478,wk68,80.0,309.0,Zeiss Cirrus,1,0
240,Aflibercept,499,wk72,79.0,393.0,Zeiss Cirrus,1,0
241,Ranibizumab,0,baseline,60.0,327.0,Zeiss Cirrus,1,0
241,Ranibizumab,34,wk4,60.0,287.0,Zeiss Cirrus,1,0
241,Ranibizumab,55,wk8,60.0,262.0,Zeiss Cirrus,1,0
241,Ranibizumab,90,wk12,53.0,284.0,Zeiss Cirrus,1,0
241,Ranibizumab,106,wk16,53.0,236.0,Zeiss Cirrus,1,0
241,Ranibizumab,139,wk20,58.0,278.0,Zeiss Cirrus,1,0
241,Ranibizumab,171,wk24,56.0,,,0,0
241,Ranibizumab,191,wk28,58.0,254.0,Zeiss Cirrus,1,0
241,Ranibizumab,218,wk32,50.0,231.0,Zeiss Cirrus,1,0
241,Ranibizumab,246,wk36,63.0,178.0,Zeiss Cirrus,1,0
241,Ranibizumab,281,wk40,68.0,293.0,Zeiss Cirrus,1,0
241,Ranibizumab,303,wk44,58.0,217.0,Zeiss Cirrus,1,0
241,Ranibizumab,338,wk48,59.0,245.0,Zeiss Cirrus,0,1
241,Ranibizumab,361,wk52,57.0,239.0,Zeiss Cirrus,1,0
241,Ranibizumab,394,wk56,55.0,244.0,Zeiss Cirrus,1,0
241,Ranibizumab,506,wk72,64.0,228.0,Zeiss Cirrus,0,0
241,Ranibizumab,612,wk88,55.0,192.0,Zeiss Cirrus,0,0
241,Ranibizumab,637,wk92,53.0,216.0,Zeiss Cirrus,1,0
241,Ranibizumab,733,wk104,54.0,213.0,Zeiss Cirrus,0,0
242,Aflibercept,0,baseline,71.0,468.0,Heidelberg Spectralis,1,0
242,Aflibercept,24,wk4,81.0,428.0,Heidelberg Spectralis,1,0
242,Aflibercept,58,wk8,76.0,,,1,0
242,Aflibercept,89,wk12,80.0,327.0,Heidelberg Spectralis,1,0
242,Aflibercept,109,wk16,85.0,281.0,Heidelberg Spectralis,1,0
242,Aflibercept,142,wk20,81.0,293.0,Heidelberg Spectralis,1,0
242,Aflibercept,174,wk24,76.0,313.0,Heidelberg Spectralis,1,0
242,Aflibercept,200,wk28,80.0,307.0,Heidelberg Spectralis,1,0
242,Aflibercept,223,wk32,78.0,325.0,Heidelberg Spectralis,1,0
242,Aflibercept,248,wk36,82.0,314.0,Heidelberg Spectralis,1,0
242,Aflibercept,282,wk40,88.0,289.0,Heidelberg Spectralis,1,0
242,Aflibercept,310,wk44,87.0,288.0,Heidelberg Spectralis,1,0
242,Aflibercept,331,wk48,86.0,,,1,0
242,Aflibercept,359,wk52,85.0,297.0,Heidelberg Spectralis,0,0
242,Aflibercept,483,wk68,82.0,367.0,Heidelberg Spectralis,1,0
242,Aflibercept,558,wk80,83.0,296.0,Heidelberg Spectralis,0,0
242,Aflibercept,594,wk84,78.0,302.0,Heidelberg Spectralis,1,0
242,Aflibercept,615,wk88,84.0,298.0,Heidelberg Spectralis,1,0
242,Aflibercept,727,wk104,79.0,320.0,Heidelberg Spectralis,0,0
243,Ranibizumab,0,baseline,71.0,474.0,Heidelberg Spectralis,1,0
243,Ranibizumab,23,wk4,78.0,447.0,Heidelberg Spectralis,1,0
243,Ranibizumab,55,wk8,76.0,352.0,Heidelberg Spectralis,1,0
243,Ranibizumab,84,wk12,74.0,430.0,Heidelberg Spectralis,1,0
243,Ranibizumab,105,wk16,71.0,406.0,Heidelberg Spectralis,0,0
243,Ranibizumab,139,wk20,71.0,411.0,Heidelberg Spectralis,1,0
243,Ranibizumab,173,wk24,73.0,364.0,Heidelberg Spectralis,1,0
243,Ranibizumab,189,wk28,78.0,,,0,0
243,Ranibizumab,223,wk32,72.0,361.0,Heidelberg Spectralis,1,0
243,Ranibizumab,248,wk36,74.0,383.0,Heidelberg Spectralis,1,0
243,Ranibizumab,281,wk40,81.0,394.0,Heidelberg Spectralis,0,0
243,Ranibizumab,306,wk44,81.0,347.0,Heidelberg Spectralis,1,0
243,Ranibizumab,341,wk48,68.0,421.0,Heidelberg Spectralis,0,0
243,Ranibizumab,360,wk52,76.0,375.0,Heidelberg Spectralis,0,0
243,Ranibizumab,413,wk60,72.0,399.0,Heidelberg Spectralis,1,0
243,Ranibizumab,454,wk64,74.0,378.0,Heidelberg Spectralis,1,0
243,Ranibizumab,511,wk72,76.0,347.0,Heidelberg Spectralis,0,0
243,Ranibizumab,615,wk88,81.0,352.0,Heidelberg Spectralis,0,0
243,Ranibizumab,671,wk96,82.0,338.0,Heidelberg Spectralis,1,0
243,Ranibizumab,697,wk100,70.0,290.0,Heidelberg Spectralis,0,0
243,Ranibizumab,724,wk104,77.0,317.0,Heidelberg Spectralis,0,0
244,Ranibizumab,0,baseline,46.0,383.0,Zeiss Cirrus,1,0
244,Ranibizumab,32,wk4,61.0,260.0,Zeiss Cirrus,1,0
244,Ranibizumab,61,wk8,51.0,274.0,Zeiss Cirrus,1,0
244,Ranibizumab,80,wk12,54.0,257.0,Zeiss Cirrus,1,0
244,Ranibizumab,116,wk16,68.0,254.0,Zeiss Cirrus,1,0
244,Ranibizumab,134,wk20,61.0,181.0,Zeiss Cirrus,0,0
244,Ranibizumab,172,wk24,63.0,150.0,Zeiss Cirrus,1,0
244,Ranibizumab,192,wk28,66.0,211.0,Zeiss Cirrus,1,0
244,Ranibizumab,227,wk32,68.0,168.0,Zeiss Cirrus,0,0
244,Ranibizumab,257,wk36,71.0,174.0,Zeiss Cirrus,1,0
244,Ranibizumab,285,wk40,59.0,175.0,Zeiss Cirrus,1,0
244,Ranibizumab,312,wk44,61.0,185.0,Zeiss Cirrus,1,0
244,Ranibizumab,331,wk48,57.0,180.0,Zeiss Cirrus,1,0
244,Ranibizumab,368,wk52,65.0,175.0,Zeiss Cirrus,0,1
244,Ranibizumab,483,wk68,71.0,200.0,Zeiss Cirrus,1,0
244,Ranibizumab,538,wk76,57.0,182.0,Zeiss Cirrus,1,0
244,Ranibizumab,557,wk80,71.0,176.0,Zeiss Cirrus,0,0
244,Ranibizumab,613,wk88,70.0,167.0,Zeiss Cirrus,1,0
244,Ranibizumab,648,wk92,68.0,172.0,Zeiss Cirrus,1,0
244,Ranibizumab,697,wk100,70.0,150.0,Zeiss Cirrus,0,0
244,Ranibizumab,731,wk104,74.0,160.0,Zeiss Cirrus,0,0
245,Ranibizumab,0,baseline,66.0,660.0,Zeiss Cirrus,1,0
245,Ranibizumab,24,wk4,67.0,,,1,0
245,Ranibizumab,61,wk8,66.0,478.0,Zeiss Cirrus,1,0
245,Ranibizumab,79,wk12,68.0,422.0,Zeiss Cirrus,1,0
245,Ranibizumab,116,wk16,63.0,363.0,Zeiss Cirrus,1,0
245,Ranibizumab,143,wk20,73.0,333.0,Zeiss Cirrus,0,0
245,Ranibizumab,161,wk24,60.0,386.0,Zeiss Cirrus,1,0
245,Ranibizumab,202,wk28,72.0,347.0,Zeiss Cirrus,1,0
245,Ranibizumab,218,wk32,62.0,333.0,Zeiss Cirrus,1,0
245,Ranibizumab,259,wk36,62.0,318.0,Zeiss Cirrus,1,0
245,Ranibizumab,281,wk40,64.0,310.0,Zeiss Cirrus,1,0
245,Ranibizumab,308,wk44,65.0,,,0,0
245,Ranibizumab,338,wk48,64.0,327.0,Zeiss Cirrus,1,0
245,Ranibizumab,369,wk52,64.0,327.0,Zeiss Cirrus,0,0
245,Ranibizumab,386,wk56,66.0,285.0,Zeiss Cirrus,0,0
245,Ranibizumab,419,wk60,59.0,303.0,Zeiss Cirrus,0,0
245,Ranibizumab,473,wk68,66.0,360.0,Zeiss Cirrus,1,0
245,Ranibizumab,595,wk84,62.0,373.0,Zeiss Cirrus,0,0
245,Ranibizumab,670,wk96,62.0,357.0,Zeiss Cirrus,1,0
245,Ranibizumab,721,wk104,65.0,362.0,Zeiss Cirrus,0,0
246,Aflibercept,0,baseline,64.0,492.0,Zeiss Cirrus,1,0
246,Aflibercept,29,wk4,59.0,412.0,Zeiss Cirrus,1,0
246,Aflibercept,52,wk8,77.0,433.0,Zeiss Cirrus,1,0
246,Aflibercept,79,wk12,71.0,367.0,Zeiss Cirrus,1,0
246,Aflibercept,110,wk16,70.0,,,1,0
246,Aflibercept,138,wk20,76.0,,,1,0
246,Aflibercept,169,wk24,73.0,331.0,Zeiss Cirrus,0,0
246,Aflibercept,197,wk28,63.0,303.0,Zeiss Cirrus,0,0
246,Aflibercept,219,wk32,70.0,,,1,0
246,Aflibercept,254,wk36,72.0,350.0,Zeiss Cirrus,1,0
246,Aflibercept,280,wk40,66.0,355.0,Zeiss Cirrus,0,0
246,Aflibercept,306,wk44,78.0,345.0,Zeiss Cirrus,1,0
246,Aflibercept,337,wk48,69.0,339.0,Zeiss Cirrus,1,0
246,Aflibercept,361,wk52,70.0,336.0,Zeiss Cirrus,0,0
246,Aflibercept,482,wk68,73.0,333.0,Zeiss Cirrus,1,0
246,Aflibercept,527,wk76,67.0,345.0,Zeiss Cirrus,0,0
246,Aflibercept,583,wk84,67.0,278.0,Zeiss Cirrus,0,0
246,Aflibercept,650,wk92,57.0,347.0,Zeiss Cirrus,0,0
246,Aflibercept,678,wk96,59.0,383.0,Zeiss Cirrus,0,0
246,Aflibercept,700,wk100,60.0,326.0,Zeiss Cirrus,0,0
246,Aflibercept,734,wk104,63.0,324.0,Zeiss Cirrus,0,0
247,Ranibizumab,0,baseline,51.0,596.0,Heidelberg Spectralis,1,0
247,Ranibizumab,35,wk4,57.0,553.0,Heidelberg Spectralis,1,0
247,Ranibizumab,50,wk8,62.0,592.0,Heidelberg Spectralis,1,0
247,Ranibizumab,86,wk12,61.0,523.0,Heidelberg Spectralis,1,0
247,Ranibizumab,114,wk16,69.0,480.0,Heidelberg Spectralis,1,0
247,Ranibizumab,144,wk20,65.0,502.0,Heidelberg Spectralis,0,0
247,Ranibizumab,174,wk24,66.0,512.0,Heidelberg Spectralis,0,0
247,Ranibizumab,201,wk28,66.0,466.0,Heidelberg Spectralis,0,0
247,Ranibizumab,223,wk32,68.0,410.0,Heidelberg Spectralis,0,0
247,Ranibizumab,247,wk36,64.0,443.0,Heidelberg Spectralis,1,0
247,Ranibizumab,278,wk40,73.0,471.0,Heidelberg Spectralis,1,0
247,Ranibizumab,307,wk44,63.0,,,1,0
247,Ranibizumab,335,wk48,63.0,446.0,Heidelberg Spectralis,1,0
247,Ranibizumab,365,wk52,66.0,478.0,Heidelberg Spectralis,1,0
247,Ranibizumab,389,wk56,66.0,465.0,Heidelberg Spectralis,0,0
247,Ranibizumab,427,wk60,66.0,,,0,0
247,Ranibizumab,475,wk68,68.0,441.0,Heidelberg Spectralis,0,0
247,Ranibizumab,556,wk80,64.0,477.0,Heidelberg Spectralis,0,0
247,Ranibizumab,645,wk92,51.0,,,1,0
247,Ranibizumab,707,wk100,64.0,,,1,0
247,Ranibizumab,726,wk104,60.0,403.0,Heidelberg Spectralis,0,0
248,Bevacizumab,0,baseline,60.0,558.0,Heidelberg Spectralis,1,0
248,Bevacizumab,34,wk4,63.0,490.0,Heidelberg Spectralis,1,0
248,Bevacizumab,54,wk8,72.0,454.0,Heidelberg Spectralis,1,0
248,Bevacizumab,86,wk12,71.0,450.0,Heidelberg Spectralis,1,0
248,Bevacizumab,109,wk16,78.0,376.0,Heidelberg Spectralis,0,0
248,Bevacizumab,146,wk20,87.0,424.0,Heidelberg Spectralis,1,0
248,Bevacizumab,173,wk24,80.0,348.0,Heidelberg Spectralis,0,1
248,Bevacizumab,201,wk28,80.0,387.0,Heidelberg Spectralis,0,0
248,Bevacizumab,231,wk32,86.0,340.0,Heidelberg Spectralis,0,0
248,Bevacizumab,254,wk36,90.0,410.0,Heidelberg Spectralis,0,0
248,Bevacizumab,274,wk40,91.0,,,0,0
248,Bevacizumab,310,wk44,80.0,389.0,Heidelberg Spectralis,1,0
248,Bevacizumab,340,wk48,75.0,338.0,Heidelberg Spectralis,1,0
248,Bevacizumab,368,wk52,84.0,363.0,Heidelberg Spectralis,0,0
248,Bevacizumab,448,wk64,81.0,352.0,Heidelberg Spectralis,1,0
248,Bevacizumab,498,wk72,84.0,372.0,Heidelberg Spectralis,0,0
248,Bevacizumab,538,wk76,85.0,397.0,Heidelberg Spectralis,1,0
248,Bevacizumab,592,wk84,86.0,419.0,Heidelberg Spectralis,0,0
248,Bevacizumab,619,wk88,93.0,399.0,Heidelberg Spectralis,0,0
248,Bevacizumab,724,wk104,82.0,403.0,Heidelberg Spectralis,0,0
249,Aflibercept,0,baseline,56.0,414.0,Zeiss Cirrus,1,0
249,Aflibercept,28,wk4,70.0,444.0,Zeiss Cirrus,1,0
249,Aflibercept,50,wk8,73.0,404.0,Zeiss Cirrus,1,0
249,Aflibercept,86,wk12,71.0,,,1,0
249,Aflibercept,107,wk16,74.0,389.0,Zeiss Cirrus,0,0
249,Aflibercept,144,wk20,75.0,372.0,Zeiss Cirrus,1,0
249,Aflibercept,172,wk24,76.0,425.0,Zeiss Cirrus,1,0
249,Aflibercept,197,wk28,79.0,405.0,Zeiss Cirrus,0,0
249,Aflibercept,227,wk32,85.0,,,1,0
249,Aflibercept,245,wk36,83.0,,,0,0
249,Aflibercept,281,wk40,75.0,398.0,Zeiss Cirrus,0,0
249,Aflibercept,304,wk44,81.0,377.0,Zeiss Cirrus,0,0
249,Aflibercept,336,wk48,75.0,388.0,Zeiss Cirrus,1,0
249,Aflibercept,358,wk52,79.0,393.0,Zeiss Cirrus,0,0
249,Aflibercept,399,wk56,85.0,364.0,Zeiss Cirrus,1,0
249,Aflibercept,416,wk60,75.0,364.0,Zeiss Cirrus,1,0
249,Aflibercept,539,wk76,85.0,366.0,Zeiss Cirrus,1,0
249,Aflibercept,553,wk80,74.0,358.0,Zeiss Cirrus,1,0
249,Aflibercept,592,wk84,75.0,,,0,0
249,Aflibercept,610,wk88,78.0,343.0,Zeiss Cirrus,1,0
249,Aflibercept,730,wk104,71.0,331.0,Zeiss Cirrus,0,0
250,Bevacizumab,0,baseline,66.0,410.0,Zeiss Cirrus,1,0
250,Bevacizumab,33,wk4,63.0,423.0,Zeiss Cirrus,1,0
250,Bevacizumab,54,wk8,74.0,335.0,Zeiss Cirrus,1,0
250,Bevacizumab,91,wk12,76.0,398.0,Zeiss Cirrus,1,0
250,Bevacizumab,112,wk16,69.0,323.0,Zeiss Cirrus,0,0
250,Bevacizumab,144,wk20,66.0,287.0,Zeiss Cirrus,1,0
250,Bevacizumab,169,wk24,71.0,297.0,Zeiss Cirrus,0,0
250,Bevacizumab,198,wk28,78.0,293.0,Zeiss Cirrus,1,0
250,Bevacizumab,222,wk32,72.0,271.0,Zeiss Cirrus,0,0
250,Bevacizumab,254,wk36,71.0,300.0,Zeiss Cirrus,0,1
250,Bevacizumab,278,wk40,73.0,259.0,Zeiss Cirrus,1,0
250,Bevacizumab,303,wk44,77.0,326.0,Zeiss Cirrus,0,0
250,Bevacizumab,343,wk48,64.0,278.0,Zeiss Cirrus,1,0
250,Bevacizumab,371,wk52,75.0,294.0,Zeiss Cirrus,1,0
250,Bevacizumab,396,wk56,68.0,341.0,Zeiss Cirrus,0,0
250,Bevacizumab,421,wk60,82.0,296.0,Zeiss Cirrus,0,0
250,Bevacizumab,535,wk76,70.0,,,0,0
250,Bevacizumab,553,wk80,71.0,292.0,Zeiss Cirrus,1,0
250,Bevacizumab,594,wk84,81.0,273.0,Zeiss Cirrus,1,0
250,Bevacizumab,643,wk92,69.0,,,1,0
250,Bevacizumab,668,wk96,74.0,282.0,Zeiss Cirrus,0,0
250,Bevacizumab,697,wk100,82.0,299.0,Zeiss Cirrus,0,0
250,Bevacizumab,726,wk104,77.0,287.0,Zeiss Cirrus,0,0
251,Ranibizumab,0,baseline,78.0,425.0,Heidelberg Spectralis,1,0
251,Ranibizumab,27,wk4,83.0,317.0,Heidelberg Spectralis,1,0
251,Ranibizumab,53,wk8,75.0,231.0,Heidelberg Spectralis,1,0
251,Ranibizumab,79,wk12,79.0,243.0,Heidelberg Spectralis,1,0
251,Ranibizumab,107,wk16,73.0,215.0,Heidelberg Spectralis,1,0
251,Ranibizumab,146,wk20,73.0,195.0,Heidelberg Spectralis,1,0
251,Ranibizumab,175,wk24,76.0,171.0,Heidelberg Spectralis,1,0
251,Ranibizumab,194,wk28,73.0,173.0,Heidelberg Spectralis,1,0
251,Ranibizumab,219,wk32,77.0,,,1,0
251,Ranibizumab,251,wk36,74.0,153.0,Heidelberg Spectralis,1,0
251,Ranibizumab,275,wk40,77.0,164.0,Heidelberg Spectralis,1,0
251,Ranibizumab,314,wk44,71.0,172.0,Heidelberg Spectralis,1,0
251,Ranibizumab,330,wk48,76.0,150.0,Heidelberg Spectralis,1,0
251,Ranibizumab,359,wk52,75.0,150.0,Heidelberg Spectralis,1,0
251,Ranibizumab,475,wk68,78.0,169.0,Heidelberg Spectralis,0,0
251,Ranibizumab,559,wk80,77.0,179.0,Heidelberg Spectralis,0,0
252,Aflibercept,0,baseline,67.0,528.0,Heidelberg Spectralis,1,0
252,Aflibercept,30,wk4,63.0,428.0,Heidelberg Spectralis,1,0
252,Aflibercept,58,wk8,68.0,,,1,0
252,Aflibercept,80,wk12,73.0,395.0,Heidelberg Spectralis,1,0
252,Aflibercept,107,wk16,79.0,405.0,Heidelberg Spectralis,0,0
252,Aflibercept,133,wk20,77.0,423.0,Heidelberg Spectralis,1,0
252,Aflibercept,170,wk24,72.0,,,0,0
252,Aflibercept,198,wk28,72.0,391.0,Heidelberg Spectralis,1,0
252,Aflibercept,227,wk32,70.0,390.0,Heidelberg Spectralis,0,1
252,Aflibercept,253,wk36,72.0,,,0,0
252,Aflibercept,278,wk40,73.0,319.0,Heidelberg Spectralis,0,0
252,Aflibercept,312,wk44,77.0,391.0,Heidelberg Spectralis,1,0
252,Aflibercept,332,wk48,69.0,345.0,Heidelberg Spectralis,0,0
252,Aflibercept,367,wk52,74.0,371.0,Heidelberg Spectralis,0,0
252,Aflibercept,420,wk60,73.0,392.0,Heidelberg Spectralis,0,0
252,Aflibercept,443,wk64,75.0,344.0,Heidelberg Spectralis,1,0
252,Aflibercept,506,wk72,78.0,377.0,Heidelberg Spectralis,0,0
252,Aflibercept,592,wk84,68.0,,,1,0
252,Aflibercept,641,wk92,72.0,355.0,Heidelberg Spectralis,0,0
252,Aflibercept,731,wk104,71.0,366.0,Heidelberg Spectralis,0,0
253,Aflibercept,0,baseline,67.0,369.0,Zeiss Cirrus,1,0
253,Aflibercept,23,wk4,69.0,321.0,Zeiss Cirrus,1,0
253,Aflibercept,51,wk8,81.0,400.0,Zeiss Cirrus,1,0
253,Aflibercept,90,wk12,78.0,299.0,Zeiss Cirrus,1,0
253,Aflibercept,106,wk16,83.0,323.0,Zeiss Cirrus,0,0
253,Aflibercept,135,wk20,83.0,289.0,Zeiss Cirrus,0,0
253,Aflibercept,175,wk24,81.0,251.0,Zeiss Cirrus,1,0
253,Aflibercept,194,wk28,88.0,302.0,Zeiss Cirrus,0,0
253,Aflibercept,229,wk32,79.0,308.0,Zeiss Cirrus,0,0
253,Aflibercept,248,wk36,82.0,326.0,Zeiss Cirrus,0,1
253,Aflibercept,287,wk40,84.0,336.0,Zeiss Cirrus,0,0
253,Aflibercept,309,wk44,85.0,341.0,Zeiss Cirrus,0,0
253,Aflibercept,343,wk48,81.0,236.0,Zeiss Cirrus,0,0
253,Aflibercept,367,wk52,84.0,306.0,Zeiss Cirrus,0,0
253,Aflibercept,395,wk56,86.0,364.0,Zeiss Cirrus,0,0
253,Aflibercept,508,wk72,75.0,296.0,Zeiss Cirrus,1,0
253,Aflibercept,553,wk80,87.0,,,0,0
253,Aflibercept,623,wk88,79.0,376.0,Zeiss Cirrus,1,0
253,Aflibercept,645,wk92,83.0,364.0,Zeiss Cirrus,1,0
253,Aflibercept,702,wk100,78.0,351.0,Zeiss Cirrus,0,0
253,Aflibercept,724,wk104,85.0,397.0,Zeiss Cirrus,0,0
254,Bevacizumab,0,baseline,75.0,671.0,Heidelberg Spectralis,1,0
254,Bevacizumab,34,wk4,72.0,627.0,Heidelberg Spectralis,1,0
254,Bevacizumab,62,wk8,86.0,610.0,Heidelberg Spectralis,1,0
254,Bevacizumab,87,wk12,92.0,530.0,Heidelberg Spectralis,1,0
254,Bevacizumab,117,wk16,85.0,454.0,Heidelberg Spectralis,0,0
254,Bevacizumab,143,wk20,83.0,505.0,Heidelberg Spectralis,1,0
254,Bevacizumab,165,wk24,94.0,459.0,Heidelberg Spectralis,0,1
254,Bevacizumab,194,wk28,88.0,509.0,Heidelberg Spectralis,1,0
254,Bevacizumab,223,wk32,95.0,472.0,Heidelberg Spectralis,1,0
254,Bevacizumab,258,wk36,89.0,463.0,Heidelberg Spectralis,0,0
254,Bevacizumab,284,wk40,91.0,517.0,Heidelberg Spectralis,0,0
254,Bevacizumab,302,wk44,88.0,489.0,Heidelberg Spectralis,1,0
254,Bevacizumab,338,wk48,81.0,520.0,Heidelberg Spectralis,0,0
254,Bevacizumab,358,wk52,90.0,482.0,Heidelberg Spectralis,0,0
254,Bevacizumab,397,wk56,92.0,456.0,Heidelberg Spectralis,0,0
254,Bevacizumab,421,wk60,90.0,431.0,Heidelberg Spectralis,0,0
254,Bevacizumab,530,wk76,89.0,453.0,Heidelberg Spectralis,0,0
254,Bevacizumab,557,wk80,86.0,450.0,Heidelberg Spectralis,1,0
254,Bevacizumab,621,wk88,86.0,528.0,Heidelberg Spectralis,1,0
254,Bevacizumab,649,wk92,87.0,465.0,Heidelberg Spectralis,1,0
254,Bevacizumab,694,wk100,85.0,493.0,Heidelberg Spectralis,1,0
254,Bevacizumab,726,wk104,88.0,501.0,Heidelberg Spectralis,0,0
255,Bevacizumab,0,baseline,68.0,361.0,Zeiss Cirrus,1,0
255,Bevacizumab,22,wk4,72.0,356.0,Zeiss Cirrus,1,0
255,Bevacizumab,56,wk8,78.0,,,1,0
255,Bevacizumab,87,wk12,75.0,369.0,Zeiss Cirrus,1,0
255,Bevacizumab,114,wk16,74.0,405.0,Zeiss Cirrus,1,0
255,Bevacizumab,142,wk20,64.0,404.0,Zeiss Cirrus,1,0
255,Bevacizumab,170,wk24,74.0,382.0,Zeiss Cirrus,0,0
255,Bevacizumab,201,wk28,78.0,343.0,Zeiss Cirrus,0,0
255,Bevacizumab,224,wk32,76.0,,,0,0
255,Bevacizumab,249,wk36,69.0,405.0,Zeiss Cirrus,1,0
255,Bevacizumab,279,wk40,75.0,348.0,Zeiss Cirrus,1,0
255,Bevacizumab,312,wk44,77.0,349.0,Zeiss Cirrus,1,0
255,Bevacizumab,331,wk48,74.0,,,0,0
255,Bevacizumab,368,wk52,76.0,380.0,Zeiss Cirrus,0,0
255,Bevacizumab,427,wk60,69.0,424.0,Zeiss Cirrus,0,0
255,Bevacizumab,482,wk68,71.0,374.0,Zeiss Cirrus,1,0
255,Bevacizumab,498,wk72,70.0,389.0,Zeiss Cirrus,0,0
255,Bevacizumab,609,wk88,70.0,352.0,Zeiss Cirrus,1,0
255,Bevacizumab,645,wk92,75.0,,,0,0
255,Bevacizumab,677,wk96,75.0,351.0,Zeiss Cirrus,1,0
255,Bevacizumab,694,wk100,70.0,354.0,Zeiss Cirrus,0,0
255,Bevacizumab,727,wk104,73.0,362.0,Zeiss Cirrus,0,0
256,Ranibizumab,0,baseline,53.0,451.0,Zeiss Cirrus,1,0
256,Ranibizumab,32,wk4,64.0,375.0,Zeiss Cirrus,1,0
256,Ranibizumab,59,wk8,73.0,363.0,Zeiss Cirrus,1,0
256,Ranibizumab,83,wk12,77.0,380.0,Zeiss Cirrus,1,0
256,Ranibizumab,116,wk16,78.0,353.0,Zeiss Cirrus,0,0
256,Ranibizumab,134,wk20,76.0,302.0,Zeiss Cirrus,1,0
256,Ranibizumab,162,wk24,84.0,367.0,Zeiss Cirrus,1,0
256,Ranibizumab,193,wk28,84.0,306.0,Zeiss Cirrus,0,0
256,Ranibizumab,224,wk32,84.0,365.0,Zeiss Cirrus,0,0
256,Ranibizumab,256,wk36,84.0,353.0,Zeiss Cirrus,0,0
256,Ranibizumab,280,wk40,87.0,356.0,Zeiss Cirrus,0,0
256,Ranibizumab,302,wk44,86.0,271.0,Zeiss Cirrus,0,0
256,Ranibizumab,329,wk48,89.0,308.0,Zeiss Cirrus,1,1
256,Ranibizumab,359,wk52,84.0,333.0,Zeiss Cirrus,1,0
256,Ranibizumab,397,wk56,80.0,303.0,Zeiss Cirrus,0,0
256,Ranibizumab,421,wk60,87.0,274.0,Zeiss Cirrus,1,0
256,Ranibizumab,509,wk72,79.0,338.0,Zeiss Cirrus,0,0
256,Ranibizumab,567,wk80,73.0,366.0,Zeiss Cirrus,0,0
256,Ranibizumab,647,wk92,83.0,295.0,Zeiss Cirrus,1,0
256,Ranibizumab,677,wk96,83.0,389.0,Zeiss Cirrus,1,0
256,Ranibizumab,726,wk104,85.0,347.0,Zeiss Cirrus,0,0
257,Aflibercept,0,baseline,50.0,432.0,Heidelberg Spectralis,1,0
257,Aflibercept,22,wk4,57.0,357.0,Heidelberg Spectralis,1,0
257,Aflibercept,52,wk8,60.0,,,1,0
257,Aflibercept,85,wk12,65.0,346.0,Heidelberg Spectralis,1,0
257,Aflibercept,119,wk16,57.0,274.0,Heidelberg Spectralis,1,0
257,Aflibercept,145,wk20,66.0,,,1,0
257,Aflibercept,175,wk24,71.0,245.0,Heidelberg Spectralis,0,0
257,Aflibercept,195,wk28,56.0,267.0,Heidelberg Spectralis,1,1
257,Aflibercept,225,wk32,66.0,253.0,Heidelberg Spectralis,1,0
257,Aflibercept,245,wk36,68.0,,,0,0
257,Aflibercept,281,wk40,73.0,293.0,Heidelberg Spectralis,0,0
257,Aflibercept,301,wk44,63.0,245.0,Heidelberg Spectralis,0,0
257,Aflibercept,340,wk48,56.0,264.0,Heidelberg Spectralis,0,0
257,Aflibercept,357,wk52,64.0,271.0,Heidelberg Spectralis,0,0
257,Aflibercept,473,wk68,58.0,282.0,Heidelberg Spectralis,0,0
257,Aflibercept,532,wk76,66.0,272.0,Heidelberg Spectralis,1,0
257,Aflibercept,645,wk92,63.0,229.0,Heidelberg Spectralis,0,0
257,Aflibercept,668,wk96,60.0,,,1,0
257,Aflibercept,726,wk104,60.0,269.0,Heidelberg Spectralis,0,0
258,Bevacizumab,0,baseline,78.0,411.0,Heidelberg Spectralis,1,0
258,Bevacizumab,21,wk4,75.0,356.0,Heidelberg Spectralis,1,0
258,Bevacizumab,58,wk8,83.0,375.0,Heidelberg Spectralis,1,0
258,Bevacizumab,91,wk12,86.0,386.0,Heidelberg Spectralis,1,0
258,Bevacizumab,109,wk16,91.0,339.0,Heidelberg Spectralis,1,0
258,Bevacizumab,133,wk20,79.0,291.0,Heidelberg Spectralis,1,0
258,Bevacizumab,162,wk24,80.0,345.0,Heidelberg Spectralis,0,0
258,Bevacizumab,201,wk28,78.0,,,0,1
258,Bevacizumab,223,wk32,91.0,319.0,Heidelberg Spectralis,1,0
258,Bevacizumab,248,wk36,80.0,,,0,0
258,Bevacizumab,287,wk40,77.0,341.0,Heidelberg Spectralis,0,0
258,Bevacizumab,306,wk44,82.0,350.0,Heidelberg Spectralis,0,0
258,Bevacizumab,333,wk48,79.0,322.0,Heidelberg Spectralis,1,0
258,Bevacizumab,366,wk52,84.0,331.0,Heidelberg Spectralis,0,0
258,Bevacizumab,417,wk60,83.0,308.0,Heidelberg Spectralis,1,0
258,Bevacizumab,450,wk64,84.0,308.0,Heidelberg Spectralis,0,0
258,Bevacizumab,528,wk76,81.0,,,1,0
258,Bevacizumab,561,wk80,76.0,288.0,Heidelberg Spectralis,1,0
258,Bevacizumab,584,wk84,82.0,264.0,Heidelberg Spectralis,0,0
258,Bevacizumab,696,wk100,86.0,303.0,Heidelberg Spectralis,0,0
258,Bevacizumab,725,wk104,79.0,323.0,Heidelberg Spectralis,0,0
259,Aflibercept,0,baseline,78.0,720.0,Zeiss Cirrus,1,0
259,Aflibercept,34,wk4,70.0,645.0,Zeiss Cirrus,1,0
259,Aflibercept,51,wk8,75.0,491.0,Zeiss Cirrus,1,0
259,Aflibercept,83,wk12,79.0,441.0,Zeiss Cirrus,1,0
259,Aflibercept,107,wk16,76.0,,,1,0
259,Aflibercept,145,wk20,73.0,373.0,Zeiss Cirrus,1,0
259,Aflibercept,171,wk24,74.0,322.0,Zeiss Cirrus,1,0
259,Aflibercept,197,wk28,70.0,432.0,Zeiss Cirrus,1,0
259,Aflibercept,227,wk32,72.0,404.0,Zeiss Cirrus,1,0
259,Aflibercept,256,wk36,80.0,338.0,Zeiss Cirrus,1,0
259,Aflibercept,279,wk40,82.0,402.0,Zeiss Cirrus,1,0
259,Aflibercept,315,wk44,72.0,382.0,Zeiss Cirrus,1,0
259,Aflibercept,334,wk48,74.0,,,1,0
259,Aflibercept,360,wk52,72.0,349.0,Zeiss Cirrus,1,0
259,Aflibercept,425,wk60,71.0,360.0,Zeiss Cirrus,1,0
259,Aflibercept,478,wk68,72.0,335.0,Zeiss Cirrus,0,0
259,Aflibercept,502,wk72,66.0,333.0,Zeiss Cirrus,0,0
259,Aflibercept,564,wk80,64.0,373.0,Zeiss Cirrus,1,0
259,Aflibercept,581,wk84,66.0,342.0,Zeiss Cirrus,0,0
259,Aflibercept,619,wk88,59.0,323.0,Zeiss Cirrus,1,0
259,Aflibercept,673,wk96,66.0,318.0,Zeiss Cirrus,0,0
259,Aflibercept,696,wk100,66.0,378.0,Zeiss Cirrus,1,0
259,Aflibercept,726,wk104,63.0,349.0,Zeiss Cirrus,0,0
260,Aflibercept,0,baseline,55.0,412.0,Heidelberg Spectralis,1,0
260,Aflibercept,27,wk4,72.0,332.0,Heidelberg Spectralis,1,0
260,Aflibercept,62,wk8,64.0,359.0,Heidelberg Spectralis,1,0
260,Aflibercept,81,wk12,77.0,315.0,Heidelberg Spectralis,1,0
260,Aflibercept,112,wk16,78.0,304.0,Heidelberg Spectralis,1,0
260,Aflibercept,134,wk20,68.0,235.0,Heidelberg Spectralis,1,0
260,Aflibercept,166,wk24,68.0,240.0,Heidelberg Spectralis,1,0
260,Aflibercept,197,wk28,76.0,213.0,Heidelberg Spectralis,0,0
260,Aflibercept,224,wk32,73.0,277.0,Heidelberg Spectralis,0,0
260,Aflibercept,252,wk36,76.0,,,0,0
260,Aflibercept,275,wk40,73.0,300.0,Heidelberg Spectralis,1,0
260,Aflibercept,312,wk44,76.0,239.0,Heidelberg Spectralis,1,0
260,Aflibercept,337,wk48,73.0,242.0,Heidelberg Spectralis,0,0
260,Aflibercept,359,wk52,76.0,,,0,0
260,Aflibercept,443,wk64,80.0,179.0,Heidelberg Spectralis,0,0
260,Aflibercept,529,wk76,83.0,276.0,Heidelberg Spectralis,1,0
260,Aflibercept,609,wk88,71.0,287.0,Heidelberg Spectralis,1,0
260,Aflibercept,706,wk100,70.0,216.0,Heidelberg Spectralis,0,0
260,Aflibercept,730,wk104,77.0,227.0,Heidelberg Spectralis,0,0
261,Ranibizumab,0,baseline,65.0,425.0,Heidelberg Spectralis,1,0
261,Ranibizumab,30,wk4,78.0,296.0,Heidelberg Spectralis,1,0
261,Ranibizumab,61,wk8,76.0,270.0,Heidelberg Spectralis,1,0
261,Ranibizumab,79,wk12,87.0,189.0,Heidelberg Spectralis,1,0
261,Ranibizumab,106,wk16,84.0,200.0,Heidelberg Spectralis,1,0
261,Ranibizumab,143,wk20,85.0,,,0,0
261,Ranibizumab,164,wk24,86.0,,,1,0
261,Ranibizumab,198,wk28,90.0,166.0,Heidelberg Spectralis,1,0
261,Ranibizumab,223,wk32,87.0,206.0,Heidelberg Spectralis,1,0
261,Ranibizumab,255,wk36,89.0,199.0,Heidelberg Spectralis,0,0
261,Ranibizumab,285,wk40,88.0,162.0,Heidelberg Spectralis,1,0
261,Ranibizumab,314,wk44,94.0,181.0,Heidelberg Spectralis,0,0
261,Ranibizumab,343,wk48,90.0,225.0,Heidelberg Spectralis,1,0
261,Ranibizumab,369,wk52,90.0,185.0,Heidelberg Spectralis,0,0
261,Ranibizumab,445,wk64,86.0,207.0,Heidelberg Spectralis,0,0
261,Ranibizumab,475,wk68,93.0,183.0,Heidelberg Spectralis,1,0
261,Ranibizumab,509,wk72,90.0,159.0,Heidelberg Spectralis,1,0
261,Ranibizumab,538,wk76,92.0,218.0,Heidelberg Spectralis,0,0
261,Ranibizumab,559,wk80,90.0,,,1,0
261,Ranibizumab,585,wk84,91.0,231.0,Heidelberg Spectralis,1,0
261,Ranibizumab,620,wk88,91.0,197.0,Heidelberg Spectralis,1,0
261,Ranibizumab,641,wk92,90.0,160.0,Heidelberg Spectralis,1,0
261,Ranibizumab,668,wk96,95.0,249.0,Heidelberg Spectralis,1,0
261,Ranibizumab,699,wk100,93.0,247.0,Heidelberg Spectralis,1,0
261,Ranibizumab,723,wk104,97.0,184.0,Heidelberg Spectralis,0,0
262,Bevacizumab,0,baseline,70.0,393.0,Heidelberg Spectralis,1,0
262,Bevacizumab,32,wk4,67.0,361.0,Heidelberg Spectralis,1,0
262,Bevacizumab,60,wk8,65.0,309.0,Heidelberg Spectralis,1,0
262,Bevacizumab,89,wk12,62.0,296.0,Heidelberg Spectralis,1,0
262,Bevacizumab,118,wk16,66.0,,,0,0
262,Bevacizumab,139,wk20,69.0,300.0,Heidelberg Spectralis,0,0
262,Bevacizumab,170,wk24,68.0,256.0,Heidelberg Spectralis,0,0
262,Bevacizumab,195,wk28,66.0,252.0,Heidelberg Spectralis,0,1
262,Bevacizumab,226,wk32,71.0,303.0,Heidelberg Spectralis,0,0
262,Bevacizumab,254,wk36,66.0,288.0,Heidelberg Spectralis,0,0
262,Bevacizumab,277,wk40,67.0,283.0,Heidelberg Spectralis,0,0
262,Bevacizumab,314,wk44,63.0,196.0,Heidelberg Spectralis,0,0
262,Bevacizumab,338,wk48,69.0,238.0,Heidelberg Spectralis,0,0
262,Bevacizumab,364,wk52,67.0,256.0,Heidelberg Spectralis,0,0
262,Bevacizumab,415,wk60,63.0,241.0,Heidelberg Spectralis,1,1
262,Bevacizumab,445,wk64,69.0,261.0,Heidelberg Spectralis,1,0
262,Bevacizumab,502,wk72,74.0,268.0,Heidelberg Spectralis,0,0
262,Bevacizumab,560,wk80,69.0,,,1,0
262,Bevacizumab,592,wk84,82.0,193.0,Heidelberg Spectralis,1,0
262,Bevacizumab,648,wk92,67.0,266.0,Heidelberg Spectralis,0,0
262,Bevacizumab,707,wk100,67.0,226.0,Heidelberg Spectralis,0,0
262,Bevacizumab,732,wk104,72.0,226.0,Heidelberg Spectralis,0,0
263,Ranibizumab,0,baseline,40.0,458.0,Heidelberg Spectralis,1,0
263,Ranibizumab,33,wk4,50.0,432.0,Heidelberg Spectralis,1,0
263,Ranibizumab,62,wk8,60.0,,,1,0
263,Ranibizumab,88,wk12,66.0,363.0,Heidelberg Spectralis,1,0
263,Ranibizumab,105,wk16,56.0,366.0,Heidelberg Spectralis,0,0
263,Ranibizumab,147,wk20,62.0,337.0,Heidelberg Spectralis,0,0
263,Ranibizumab,161,wk24,63.0,,,0,0
263,Ranibizumab,195,wk28,68.0,367.0,Heidelberg Spectralis,0,0
263,Ranibizumab,227,wk32,63.0,334.0,Heidelberg Spectralis,1,0
263,Ranibizumab,253,wk36,65.0,321.0,Heidelberg Spectralis,1,0
263,Ranibizumab,280,wk40,70.0,,,1,0
263,Ranibizumab,302,wk44,58.0,288.0,Heidelberg Spectralis,1,0
263,Ranibizumab,329,wk48,66.0,373.0,Heidelberg Spectralis,1,0
263,Ranibizumab,363,wk52,67.0,311.0,Heidelberg Spectralis,0,0
263,Ranibizumab,427,wk60,63.0,306.0,Heidelberg Spectralis,0,0
263,Ranibizumab,530,wk76,69.0,256.0,Heidelberg Spectralis,1,0
263,Ranibizumab,591,wk84,72.0,247.0,Heidelberg Spectralis,1,1
263,Ranibizumab,618,wk88,73.0,260.0,Heidelberg Spectralis,1,0
263,Ranibizumab,697,wk100,76.0,201.0,Heidelberg Spectralis,1,0
263,Ranibizumab,731,wk104,76.0,225.0,Heidelberg Spectralis,0,0
264,Bevacizumab,0,baseline,76.0,444.0,Heidelberg Spectralis,1,0
264,Bevacizumab,26,wk4,86.0,348.0,Heidelberg Spectralis,1,0
264,Bevacizumab,52,wk8,81.0,327.0,Heidelberg Spectralis,1,0
264,Bevacizumab,85,wk12,90.0,256.0,Heidelberg Spectralis,1,0
264,Bevacizumab,111,wk16,88.0,257.0,Heidelberg Spectralis,0,0
264,Bevacizumab,147,wk20,93.0,208.0,Heidelberg Spectralis,0,0
264,Bevacizumab,168,wk24,95.0,233.0,Heidelberg Spectralis,1,0
264,Bevacizumab,202,wk28,98.0,,,0,0
264,Bevacizumab,218,wk32,94.0,,,1,0
264,Bevacizumab,253,wk36,94.0,,,0,0
264,Bevacizumab,279,wk40,99.0,155.0,Heidelberg Spectralis,1,0
264,Bevacizumab,308,wk44,95.0,209.0,Heidelberg Spectralis,1,0
264,Bevacizumab,339,wk48,92.0,171.0,Heidelberg Spectralis,1,0
264,Bevacizumab,370,wk52,94.0,201.0,Heidelberg Spectralis,1,0
264,Bevacizumab,394,wk56,94.0,226.0,Heidelberg Spectralis,1,0
264,Bevacizumab,476,wk68,89.0,,,0,0
264,Bevacizumab,511,wk72,90.0,164.0,Heidelberg Spectralis,1,0
264,Bevacizumab,526,wk76,93.0,199.0,Heidelberg Spectralis,0,0
264,Bevacizumab,651,wk92,81.0,,,1,0
264,Bevacizumab,700,wk100,86.0,,,0,0
264,Bevacizumab,735,wk104,90.0,237.0,Heidelberg Spectralis,0,0
265,Aflibercept,0,baseline,77.0,357.0,Heidelberg Spectralis,1,0
265,Aflibercept,30,wk4,71.0,344.0,Heidelberg Spectralis,1,0
265,Aflibercept,52,wk8,75.0,,,1,0
265,Aflibercept,86,wk12,74.0,171.0,Heidelberg Spectralis,1,0
265,Aflibercept,105,wk16,84.0,235.0,Heidelberg Spectralis,1,0
265,Aflibercept,144,wk20,75.0,,,1,0
265,Aflibercept,162,wk24,73.0,150.0,Heidelberg Spectralis,1,0
265,Aflibercept,189,wk28,77.0,166.0,Heidelberg Spectralis,1,0
266,Aflibercept,0,baseline,55.0,389.0,Zeiss Cirrus,1,0
266,Aflibercept,34,wk4,61.0,,,1,0
266,Aflibercept,54,wk8,70.0,296.0,Zeiss Cirrus,1,0
266,Aflibercept,88,wk12,70.0,295.0,Zeiss Cirrus,1,0
266,Aflibercept,116,wk16,73.0,344.0,Zeiss Cirrus,0,0
266,Aflibercept,139,wk20,79.0,256.0,Zeiss Cirrus,1,0
266,Aflibercept,163,wk24,77.0,247.0,Zeiss Cirrus,1,0
266,Aflibercept,194,wk28,78.0,261.0,Zeiss Cirrus,0,0
266,Aflibercept,225,wk32,78.0,239.0,Zeiss Cirrus,0,0
266,Aflibercept,252,wk36,75.0,290.0,Zeiss Cirrus,1,0
266,Aflibercept,278,wk40,80.0,280.0,Zeiss Cirrus,1,0
266,Aflibercept,312,wk44,74.0,283.0,Zeiss Cirrus,1,0
266,Aflibercept,329,wk48,85.0,237.0,Zeiss Cirrus,1,1
266,Aflibercept,361,wk52,78.0,251.0,Zeiss Cirrus,1,0
266,Aflibercept,422,wk60,73.0,271.0,Zeiss Cirrus,0,0
266,Aflibercept,445,wk64,79.0,280.0,Zeiss Cirrus,1,0
266,Aflibercept,475,wk68,74.0,240.0,Zeiss Cirrus,1,0
266,Aflibercept,505,wk72,76.0,244.0,Zeiss Cirrus,0,0
266,Aflibercept,592,wk84,71.0,,,1,0
266,Aflibercept,621,wk88,76.0,211.0,Zeiss Cirrus,0,0
266,Aflibercept,725,wk104,72.0,247.0,Zeiss Cirrus,0,0
267,Bevacizumab,0,baseline,74.0,520.0,Heidelberg Spectralis,1,0
267,Bevacizumab,31,wk4,82.0,507.0,Heidelberg Spectralis,1,0
267,Bevacizumab,62,wk8,87.0,425.0,Heidelberg Spectralis,1,0
267,Bevacizumab,80,wk12,90.0,,,1,0
267,Bevacizumab,113,wk16,88.0,406.0,Heidelberg Spectralis,1,0
267,Bevacizumab,146,wk20,97.0,453.0,Heidelberg Spectralis,0,0
267,Bevacizumab,165,wk24,97.0,388.0,Heidelberg Spectralis,1,0
267,Bevacizumab,202,wk28,98.0,,,1,0
267,Bevacizumab,230,wk32,96.0,388.0,Heidelberg Spectralis,1,0
267,Bevacizumab,257,wk36,95.0,392.0,Heidelberg Spectralis,0,0
267,Bevacizumab,287,wk40,98.0,374.0,Heidelberg Spectralis,0,0
267,Bevacizumab,308,wk44,96.0,412.0,Heidelberg Spectralis,1,0
267,Bevacizumab,335,wk48,95.0,345.0,Heidelberg Spectralis,0,0
267,Bevacizumab,366,wk52,95.0,373.0,Heidelberg Spectralis,1,0
267,Bevacizumab,422,wk60,93.0,331.0,Heidelberg Spectralis,1,0
267,Bevacizumab,444,wk64,94.0,339.0,Heidelberg Spectralis,0,0
267,Bevacizumab,554,wk80,99.0,299.0,Heidelberg Spectralis,0,0
267,Bevacizumab,587,wk84,100.0,,,0,0
267,Bevacizumab,638,wk92,99.0,311.0,Heidelberg Spectralis,0,0
267,Bevacizumab,693,wk100,99.0,321.0,Heidelberg Spectralis,0,0
267,Bevacizumab,728,wk104,100.0,333.0,Heidelberg Spectralis,0,0
268,Aflibercept,0,baseline,43.0,546.0,Zeiss Cirrus,1,0
268,Aflibercept,29,wk4,49.0,,,1,0
268,Aflibercept,51,wk8,57.0,396.0,Zeiss Cirrus,1,0
268,Aflibercept,80,wk12,65.0,364.0,Zeiss Cirrus,1,0
268,Aflibercept,113,wk16,58.0,367.0,Zeiss Cirrus,1,0
268,Aflibercept,139,wk20,70.0,,,1,0
268,Aflibercept,172,wk24,71.0,298.0,Zeiss Cirrus,1,0
268,Aflibercept,191,wk28,64.0,323.0,Zeiss Cirrus,0,0
268,Aflibercept,226,wk32,66.0,298.0,Zeiss Cirrus,0,0
268,Aflibercept,258,wk36,66.0,325.0,Zeiss Cirrus,1,0
268,Aflibercept,282,wk40,63.0,305.0,Zeiss Cirrus,1,0
268,Aflibercept,302,wk44,74.0,327.0,Zeiss Cirrus,1,0
268,Aflibercept,343,wk48,70.0,287.0,Zeiss Cirrus,1,0
268,Aflibercept,362,wk52,69.0,303.0,Zeiss Cirrus,0,0
268,Aflibercept,480,wk68,71.0,369.0,Zeiss Cirrus,1,0
268,Aflibercept,565,wk80,74.0,311.0,Zeiss Cirrus,1,0
268,Aflibercept,620,wk88,76.0,248.0,Zeiss Cirrus,1,0
268,Aflibercept,727,wk104,79.0,264.0,Zeiss Cirrus,0,0
269,Ranibizumab,0,baseline,74.0,456.0,Heidelberg Spectralis,1,0
269,Ranibizumab,26,wk4,80.0,352.0,Heidelberg Spectralis,1,0
269,Ranibizumab,63,wk8,81.0,,,1,0
269,Ranibizumab,81,wk12,85.0,,,1,0
269,Ranibizumab,118,wk16,85.0,253.0,Heidelberg Spectralis,1,0
269,Ranibizumab,134,wk20,78.0,196.0,Heidelberg Spectralis,1,0
269,Ranibizumab,163,wk24,85.0,240.0,Heidelberg Spectralis,1,0
269,Ranibizumab,191,wk28,87.0,186.0,Heidelberg Spectralis,1,0
269,Ranibizumab,222,wk32,89.0,158.0,Heidelberg Spectralis,1,0
269,Ranibizumab,247,wk36,84.0,150.0,Heidelberg Spectralis,1,0
269,Ranibizumab,281,wk40,83.0,160.0,Heidelberg Spectralis,0,0
269,Ranibizumab,310,wk44,84.0,162.0,Heidelberg Spectralis,1,0
269,Ranibizumab,333,wk48,85.0,150.0,Heidelberg Spectralis,1,0
269,Ranibizumab,362,wk52,88.0,155.0,Heidelberg Spectralis,0,0
269,Ranibizumab,385,wk56,86.0,150.0,Heidelberg Spectralis,1,0
269,Ranibizumab,423,wk60,81.0,167.0,Heidelberg Spectralis,1,0
269,Ranibizumab,447,wk64,89.0,181.0,Heidelberg Spectralis,0,0
269,Ranibizumab,477,wk68,86.0,,,0,0
269,Ranibizumab,556,wk80,88.0,161.0,Heidelberg Spectralis,0,0
269,Ranibizumab,595,wk84,84.0,150.0,Heidelberg Spectralis,0,0
269,Ranibizumab,641,wk92,92.0,166.0,Heidelberg Spectralis,1,0
269,Ranibizumab,673,wk96,90.0,,,1,0
269,Ranibizumab,700,wk100,93.0,152.0,Heidelberg Spectralis,0,0
269,Ranibizumab,732,wk104,91.0,150.0,Heidelberg Spectralis,0,0
270,Ranibizumab,0,baseline,34.0,435.0,Zeiss Cirrus,1,0
270,Ranibizumab,21,wk4,37.0,396.0,Zeiss Cirrus,1,0
270,Ranibizumab,50,wk8,36.0,470.0,Zeiss Cirrus,1,0
270,Ranibizumab,79,wk12,38.0,436.0,Zeiss Cirrus,1,0
270,Ranibizumab,110,wk16,38.0,,,1,0
270,Ranibizumab,136,wk20,37.0,405.0,Zeiss Cirrus,1,0
270,Ranibizumab,164,wk24,35.0,454.0,Zeiss Cirrus,0,0
270,Ranibizumab,203,wk28,35.0,362.0,Zeiss Cirrus,1,0
270,Ranibizumab,218,wk32,38.0,428.0,Zeiss Cirrus,1,0
270,Ranibizumab,257,wk36,40.0,391.0,Zeiss Cirrus,1,0
270,Ranibizumab,275,wk40,43.0,441.0,Zeiss Cirrus,0,0
270,Ranibizumab,304,wk44,37.0,455.0,Zeiss Cirrus,1,0
270,Ranibizumab,335,wk48,40.0,,,0,1
270,Ranibizumab,370,wk52,39.0,423.0,Zeiss Cirrus,0,0
270,Ranibizumab,393,wk56,42.0,472.0,Zeiss Cirrus,0,0
270,Ranibizumab,451,wk64,42.0,384.0,Zeiss Cirrus,1,0
270,Ranibizumab,558,wk80,45.0,405.0,Zeiss Cirrus,0,0
270,Ranibizumab,616,wk88,43.0,419.0,Zeiss Cirrus,0,0
270,Ranibizumab,641,wk92,43.0,430.0,Zeiss Cirrus,0,0
271,Ranibizumab,0,baseline,42.0,394.0,Zeiss Cirrus,1,0
271,Ranibizumab,33,wk4,53.0,368.0,Zeiss Cirrus,1,0
271,Ranibizumab,60,wk8,50.0,274.0,Zeiss Cirrus,1,0
271,Ranibizumab,91,wk12,56.0,,,1,0
271,Ranibizumab,112,wk16,61.0,296.0,Zeiss Cirrus,0,0
271,Ranibizumab,147,wk20,58.0,208.0,Zeiss Cirrus,1,0
271,Ranibizumab,165,wk24,60.0,,,0,0
271,Ranibizumab,191,wk28,61.0,216.0,Zeiss Cirrus,1,0
271,Ranibizumab,223,wk32,64.0,182.0,Zeiss Cirrus,1,0
271,Ranibizumab,252,wk36,64.0,198.0,Zeiss Cirrus,0,0
271,Ranibizumab,285,wk40,63.0,,,1,0
271,Ranibizumab,306,wk44,58.0,213.0,Zeiss Cirrus,0,0
271,Ranibizumab,335,wk48,78.0,,,1,0
271,Ranibizumab,357,wk52,65.0,201.0,Zeiss Cirrus,1,0
271,Ranibizumab,453,wk64,65.0,,,0,0
271,Ranibizumab,477,wk68,60.0,189.0,Zeiss Cirrus,0,0
271,Ranibizumab,560,wk80,55.0,209.0,Zeiss Cirrus,1,0
271,Ranibizumab,582,wk84,69.0,231.0,Zeiss Cirrus,0,0
271,Ranibizumab,638,wk92,65.0,299.0,Zeiss Cirrus,0,0
271,Ranibizumab,696,wk100,66.0,,,1,0
271,Ranibizumab,728,wk104,62.0,239.0,Zeiss Cirrus,0,0
272,Aflibercept,0,baseline,70.0,407.0,Heidelberg Spectralis,1,0
272,Aflibercept,34,wk4,76.0,345.0,Heidelberg Spectralis,1,0
272,Aflibercept,49,wk8,80.0,321.0,Heidelberg Spectralis,1,0
272,Aflibercept,85,wk12,82.0,221.0,Heidelberg Spectralis,1,0
272,Aflibercept,110,wk16,77.0,273.0,Heidelberg Spectralis,0,0
272,Aflibercept,134,wk20,83.0,275.0,Heidelberg Spectralis,0,0
272,Aflibercept,170,wk24,78.0,279.0,Heidelberg Spectralis,1,0
272,Aflibercept,203,wk28,79.0,200.0,Heidelberg Spectralis,1,1
272,Aflibercept,224,wk32,78.0,213.0,Heidelberg Spectralis,0,0
272,Aflibercept,255,wk36,80.0,217.0,Heidelberg Spectralis,1,0
272,Aflibercept,278,wk40,78.0,260.0,Heidelberg Spectralis,1,0
272,Aflibercept,314,wk44,83.0,239.0,Heidelberg Spectralis,0,0
272,Aflibercept,338,wk48,83.0,246.0,Heidelberg Spectralis,0,0
272,Aflibercept,358,wk52,82.0,223.0,Heidelberg Spectralis,0,0
272,Aflibercept,419,wk60,87.0,229.0,Heidelberg Spectralis,1,0
272,Aflibercept,441,wk64,80.0,243.0,Heidelberg Spectralis,1,0
272,Aflibercept,477,wk68,81.0,210.0,Heidelberg Spectralis,0,0
272,Aflibercept,533,wk76,78.0,,,0,0
272,Aflibercept,589,wk84,80.0,,,0,0
272,Aflibercept,611,wk88,78.0,183.0,Heidelberg Spectralis,0,0
272,Aflibercept,647,wk92,81.0,215.0,Heidelberg Spectralis,1,0
272,Aflibercept,732,wk104,81.0,214.0,Heidelberg Spectralis,0,0
273,Ranibizumab,0,baseline,78.0,347.0,Zeiss Cirrus,1,0
273,Ranibizumab,30,wk4,74.0,288.0,Zeiss Cirrus,1,0
273,Ranibizumab,60,wk8,71.0,297.0,Zeiss Cirrus,1,0
273,Ranibizumab,84,wk12,74.0,177.0,Zeiss Cirrus,1,0
273,Ranibizumab,116,wk16,67.0,,,0,0
273,Ranibizumab,139,wk20,67.0,208.0,Zeiss Cirrus,0,0
273,Ranibizumab,172,wk24,76.0,150.0,Zeiss Cirrus,1,0
273,Ranibizumab,201,wk28,64.0,161.0,Zeiss Cirrus,1,0
273,Ranibizumab,222,wk32,69.0,252.0,Zeiss Cirrus,1,0
273,Ranibizumab,250,wk36,65.0,216.0,Zeiss Cirrus,1,0
273,Ranibizumab,280,wk40,68.0,235.0,Zeiss Cirrus,0,0
273,Ranibizumab,310,wk44,69.0,164.0,Zeiss Cirrus,0,0
273,Ranibizumab,337,wk48,75.0,196.0,Zeiss Cirrus,0,0
273,Ranibizumab,369,wk52,70.0,198.0,Zeiss Cirrus,1,0
273,Ranibizumab,391,wk56,59.0,,,0,0
273,Ranibizumab,511,wk72,64.0,171.0,Zeiss Cirrus,1,0
273,Ranibizumab,615,wk88,69.0,177.0,Zeiss Cirrus,1,0
273,Ranibizumab,697,wk100,63.0,150.0,Zeiss Cirrus,0,0
273,Ranibizumab,726,wk104,65.0,167.0,Zeiss Cirrus,0,0
274,Bevacizumab,0,baseline,71.0,301.0,Zeiss Cirrus,1,0
274,Bevacizumab,26,wk4,69.0,295.0,Zeiss Cirrus,1,0
274,Bevacizumab,63,wk8,71.0,,,1,0
274,Bevacizumab,85,wk12,64.0,379.0,Zeiss Cirrus,1,0
274,Bevacizumab,106,wk16,76.0,362.0,Zeiss Cirrus,1,0
274,Bevacizumab,143,wk20,70.0,,,1,0
274,Bevacizumab,164,wk24,76.0,407.0,Zeiss Cirrus,1,0
274,Bevacizumab,189,wk28,67.0,383.0,Zeiss Cirrus,1,0
274,Bevacizumab,229,wk32,69.0,,,0,0
274,Bevacizumab,246,wk36,74.0,423.0,Zeiss Cirrus,0,0
274,Bevacizumab,276,wk40,62.0,411.0,Zeiss Cirrus,0,0
274,Bevacizumab,304,wk44,76.0,423.0,Zeiss Cirrus,0,0
274,Bevacizumab,342,wk48,70.0,402.0,Zeiss Cirrus,1,0
274,Bevacizumab,361,wk52,67.0,403.0,Zeiss Cirrus,0,0
274,Bevacizumab,444,wk64,66.0,396.0,Zeiss Cirrus,0,0
274,Bevacizumab,529,wk76,56.0,394.0,Zeiss Cirrus,1,0
274,Bevacizumab,594,wk84,61.0,321.0,Zeiss Cirrus,0,0
274,Bevacizumab,617,wk88,66.0,,,0,0
274,Bevacizumab,643,wk92,71.0,386.0,Zeiss Cirrus,1,0
274,Bevacizumab,696,wk100,69.0,363.0,Zeiss Cirrus,0,0
274,Bevacizumab,723,wk104,68.0,325.0,Zeiss Cirrus,0,0
275,Aflibercept,0,baseline,56.0,365.0,Zeiss Cirrus,1,0
275,Aflibercept,24,wk4,67.0,356.0,Zeiss Cirrus,1,0
275,Aflibercept,60,wk8,67.0,344.0,Zeiss Cirrus,1,0
275,Aflibercept,87,wk12,75.0,310.0,Zeiss Cirrus,1,0
275,Aflibercept,107,wk16,74.0,321.0,Zeiss Cirrus,0,0
275,Aflibercept,136,wk20,77.0,275.0,Zeiss Cirrus,1,0
275,Aflibercept,163,wk24,73.0,302.0,Zeiss Cirrus,1,0
275,Aflibercept,194,wk28,80.0,,,1,0
275,Aflibercept,221,wk32,76.0,328.0,Zeiss Cirrus,0,0
275,Aflibercept,250,wk36,78.0,291.0,Zeiss Cirrus,0,0
275,Aflibercept,273,wk40,80.0,395.0,Zeiss Cirrus,1,0
275,Aflibercept,308,wk44,83.0,311.0,Zeiss Cirrus,0,0
275,Aflibercept,331,wk48,78.0,294.0,Zeiss Cirrus,1,0
275,Aflibercept,360,wk52,79.0,297.0,Zeiss Cirrus,0,0
275,Aflibercept,420,wk60,76.0,244.0,Zeiss Cirrus,1,0
275,Aflibercept,477,wk68,77.0,328.0,Zeiss Cirrus,1,0
275,Aflibercept,505,wk72,89.0,343.0,Zeiss Cirrus,1,0
275,Aflibercept,566,wk80,79.0,305.0,Zeiss Cirrus,0,0
275,Aflibercept,595,wk84,85.0,273.0,Zeiss Cirrus,0,0
275,Aflibercept,666,wk96,78.0,367.0,Zeiss Cirrus,0,0
275,Aflibercept,706,wk100,78.0,323.0,Zeiss Cirrus,1,0
275,Aflibercept,726,wk104,81.0,319.0,Zeiss Cirrus,0,0
276,Aflibercept,0,baseline,69.0,555.0,Heidelberg Spectralis,1,0
276,Aflibercept,31,wk4,70.0,497.0,Heidelberg Spectralis,1,0
276,Aflibercept,54,wk8,68.0,424.0,Heidelberg Spectralis,1,0
276,Aflibercept,81,wk12,80.0,346.0,Heidelberg Spectralis,1,0
276,Aflibercept,109,wk16,72.0,265.0,Heidelberg Spectralis,1,0
276,Aflibercept,145,wk20,68.0,,,1,0
276,Aflibercept,165,wk24,84.0,,,0,0
276,Aflibercept,196,wk28,74.0,348.0,Heidelberg Spectralis,0,0
276,Aflibercept,229,wk32,67.0,,,1,0
276,Aflibercept,245,wk36,71.0,254.0,Heidelberg Spectralis,1,0
276,Aflibercept,285,wk40,71.0,295.0,Heidelberg Spectralis,0,0
276,Aflibercept,307,wk44,73.0,284.0,Heidelberg Spectralis,1,0
276,Aflibercept,331,wk48,73.0,297.0,Heidelberg Spectralis,0,0
276,Aflibercept,361,wk52,76.0,295.0,Heidelberg Spectralis,1,0
276,Aflibercept,427,wk60,74.0,274.0,Heidelberg Spectralis,0,0
276,Aflibercept,448,wk64,83.0,270.0,Heidelberg Spectralis,0,0
276,Aflibercept,474,wk68,72.0,307.0,Heidelberg Spectralis,0,0
276,Aflibercept,497,wk72,76.0,269.0,Heidelberg Spectralis,1,0
276,Aflibercept,535,wk76,71.0,280.0,Heidelberg Spectralis,1,0
276,Aflibercept,611,wk88,76.0,311.0,Heidelberg Spectralis,0,0
276,Aflibercept,677,wk96,77.0,261.0,Heidelberg Spectralis,1,0
276,Aflibercept,726,wk104,76.0,258.0,Heidelberg Spectralis,0,0
277,Bevacizumab,0,baseline,77.0,389.0,Zeiss Cirrus,1,0
277,Bevacizumab,29,wk4,82.0,396.0,Zeiss Cirrus,1,0
277,Bevacizumab,56,wk8,89.0,,,1,0
277,Bevacizumab,90,wk12,88.0,369.0,Zeiss Cirrus,1,0
277,Bevacizumab,110,wk16,94.0,282.0,Zeiss Cirrus,0,0
277,Bevacizumab,145,wk20,88.0,302.0,Zeiss Cirrus,0,0
277,Bevacizumab,169,wk24,90.0,346.0,Zeiss Cirrus,0,0
277,Bevacizumab,191,wk28,88.0,266.0,Zeiss Cirrus,0,0
277,Bevacizumab,230,wk32,92.0,297.0,Zeiss Cirrus,0,0
277,Bevacizumab,253,wk36,88.0,300.0,Zeiss Cirrus,0,0
277,Bevacizumab,273,wk40,97.0,339.0,Zeiss Cirrus,0,0
277,Bevacizumab,303,wk44,90.0,331.0,Zeiss Cirrus,1,0
277,Bevacizumab,335,wk48,95.0,294.0,Zeiss Cirrus,0,0
277,Bevacizumab,364,wk52,91.0,302.0,Zeiss Cirrus,0,0
277,Bevacizumab,442,wk64,92.0,289.0,Zeiss Cirrus,0,0
277,Bevacizumab,471,wk68,89.0,293.0,Zeiss Cirrus,1,0
277,Bevacizumab,497,wk72,87.0,241.0,Zeiss Cirrus,1,0
277,Bevacizumab,527,wk76,85.0,286.0,Zeiss Cirrus,1,0
277,Bevacizumab,558,wk80,86.0,271.0,Zeiss Cirrus,0,0
277,Bevacizumab,610,wk88,92.0,257.0,Zeiss Cirrus,0,0
277,Bevacizumab,733,wk104,88.0,247.0,Zeiss Cirrus,0,0
278,Ranibizumab,0,baseline,50.0,396.0,Zeiss Cirrus,1,0
278,Ranibizumab,22,wk4,60.0,347.0,Zeiss Cirrus,1,0
278,Ranibizumab,60,wk8,61.0,336.0,Zeiss Cirrus,1,0
278,Ranibizumab,87,wk12,64.0,,,1,0
278,Ranibizumab,108,wk16,66.0,248.0,Zeiss Cirrus,0,0
278,Ranibizumab,142,wk20,67.0,371.0,Zeiss Cirrus,0,0
278,Ranibizumab,166,wk24,69.0,337.0,Zeiss Cirrus,1,0
278,Ranibizumab,196,wk28,64.0,,,1,0
278,Ranibizumab,229,wk32,70.0,350.0,Zeiss Cirrus,1,1
278,Ranibizumab,251,wk36,59.0,304.0,Zeiss Cirrus,1,0
278,Ranibizumab,284,wk40,70.0,,,0,0
278,Ranibizumab,301,wk44,69.0,328.0,Zeiss Cirrus,1,0
278,Ranibizumab,340,wk48,72.0,310.0,Zeiss Cirrus,1,0
278,Ranibizumab,357,wk52,68.0,315.0,Zeiss Cirrus,0,0
278,Ranibizumab,423,wk60,72.0,310.0,Zeiss Cirrus,0,0
278,Ranibizumab,480,wk68,69.0,303.0,Zeiss Cirrus,1,0
278,Ranibizumab,536,wk76,68.0,245.0,Zeiss Cirrus,1,0
278,Ranibizumab,584,wk84,68.0,350.0,Zeiss Cirrus,1,0
278,Ranibizumab,645,wk92,61.0,339.0,Zeiss Cirrus,0,0
278,Ranibizumab,704,wk100,57.0,310.0,Zeiss Cirrus,0,0
278,Ranibizumab,721,wk104,65.0,306.0,Zeiss Cirrus,0,0
279,Aflibercept,0,baseline,50.0,419.0,Heidelberg Spectralis,1,0
279,Aflibercept,26,wk4,58.0,387.0,Heidelberg Spectralis,1,0
279,Aflibercept,56,wk8,64.0,303.0,Heidelberg Spectralis,1,0
279,Aflibercept,91,wk12,59.0,276.0,Heidelberg Spectralis,1,0
279,Aflibercept,111,wk16,67.0,227.0,Heidelberg Spectralis,1,0
279,Aflibercept,140,wk20,75.0,260.0,Heidelberg Spectralis,1,0
279,Aflibercept,170,wk24,68.0,187.0,Heidelberg Spectralis,0,0
279,Aflibercept,200,wk28,72.0,221.0,Heidelberg Spectralis,1,0
279,Aflibercept,225,wk32,66.0,208.0,Heidelberg Spectralis,0,0
279,Aflibercept,254,wk36,74.0,179.0,Heidelberg Spectralis,0,0
279,Aflibercept,273,wk40,72.0,241.0,Heidelberg Spectralis,0,0
279,Aflibercept,311,wk44,75.0,287.0,Heidelberg Spectralis,1,0
279,Aflibercept,329,wk48,76.0,216.0,Heidelberg Spectralis,1,0
279,Aflibercept,359,wk52,71.0,197.0,Heidelberg Spectralis,0,0
279,Aflibercept,391,wk56,65.0,172.0,Heidelberg Spectralis,1,0
279,Aflibercept,414,wk60,70.0,176.0,Heidelberg Spectralis,1,0
279,Aflibercept,500,wk72,67.0,192.0,Heidelberg Spectralis,0,0
279,Aflibercept,539,wk76,71.0,210.0,Heidelberg Spectralis,1,0
279,Aflibercept,637,wk92,80.0,,,1,0
279,Aflibercept,677,wk96,79.0,150.0,Heidelberg Spectralis,0,0
279,Aflibercept,695,wk100,72.0,180.0,Heidelberg Spectralis,1,0
279,Aflibercept,727,wk104,73.0,174.0,Heidelberg Spectralis,0,0
280,Bevacizumab,0,baseline,46.0,600.0,Heidelberg Spectralis,1,0
280,Bevacizumab,31,wk4,49.0,558.0,Heidelberg Spectralis,1,0
280,Bevacizumab,50,wk8,53.0,,,1,0
280,Bevacizumab,77,wk12,58.0,495.0,Heidelberg Spectralis,1,0
280,Bevacizumab,115,wk16,53.0,472.0,Heidelberg Spectralis,0,0
280,Bevacizumab,145,wk20,57.0,406.0,Heidelberg Spectralis,1,0
280,Bevacizumab,162,wk24,56.0,477.0,Heidelberg Spectralis,0,0
280,Bevacizumab,196,wk28,62.0,410.0,Heidelberg Spectralis,0,0
280,Bevacizumab,231,wk32,74.0,362.0,Heidelberg Spectralis,1,0
280,Bevacizumab,258,wk36,55.0,403.0,Heidelberg Spectralis,1,0
280,Bevacizumab,284,wk40,70.0,419.0,Heidelberg Spectralis,1,0
280,Bevacizumab,312,wk44,59.0,460.0,Heidelberg Spectralis,1,0
280,Bevacizumab,343,wk48,62.0,411.0,Heidelberg Spectralis,1,0
280,Bevacizumab,366,wk52,61.0,434.0,Heidelberg Spectralis,0,1
280,Bevacizumab,394,wk56,63.0,,,0,0
280,Bevacizumab,503,wk72,63.0,416.0,Heidelberg Spectralis,0,0
280,Bevacizumab,588,wk84,60.0,413.0,Heidelberg Spectralis,1,0
280,Bevacizumab,695,wk100,60.0,378.0,Heidelberg Spectralis,1,0
280,Bevacizumab,722,wk104,60.0,363.0,Heidelberg Spectralis,0,0
281,Ranibizumab,0,baseline,46.0,371.0,Heidelberg Spectralis,1,0
281,Ranibizumab,22,wk4,64.0,337.0,Heidelberg Spectralis,1,0
281,Ranibizumab,62,wk8,59.0,312.0,Heidelberg Spectralis,1,0
281,Ranibizumab,81,wk12,57.0,227.0,Heidelberg Spectralis,1,0
281,Ranibizumab,112,wk16,65.0,295.0,Heidelberg Spectralis,1,0
281,Ranibizumab,141,wk20,77.0,235.0,Heidelberg Spectralis,0,0
281,Ranibizumab,171,wk24,72.0,253.0,Heidelberg Spectralis,0,1
281,Ranibizumab,201,wk28,63.0,257.0,Heidelberg Spectralis,0,0
281,Ranibizumab,226,wk32,69.0,,,1,0
281,Ranibizumab,254,wk36,72.0,253.0,Heidelberg Spectralis,1,0
281,Ranibizumab,286,wk40,67.0,216.0,Heidelberg Spectralis,1,0
281,Ranibizumab,315,wk44,63.0,286.0,Heidelberg Spectralis,0,0
281,Ranibizumab,332,wk48,62.0,217.0,Heidelberg Spectralis,0,0
281,Ranibizumab,370,wk52,65.0,256.0,Heidelberg Spectralis,0,0
281,Ranibizumab,448,wk64,61.0,224.0,Heidelberg Spectralis,0,0
281,Ranibizumab,500,wk72,62.0,183.0,Heidelberg Spectralis,1,0
281,Ranibizumab,537,wk76,66.0,,,1,0
281,Ranibizumab,553,wk80,63.0,240.0,Heidelberg Spectralis,1,0
281,Ranibizumab,591,wk84,65.0,184.0,Heidelberg Spectralis,1,0
281,Ranibizumab,619,wk88,71.0,212.0,Heidelberg Spectralis,1,0
281,Ranibizumab,643,wk92,60.0,181.0,Heidelberg Spectralis,1,0
281,Ranibizumab,665,wk96,59.0,202.0,Heidelberg Spectralis,0,0
281,Ranibizumab,735,wk104,58.0,191.0,Heidelberg Spectralis,0,0
282,Ranibizumab,0,baseline,77.0,457.0,Zeiss Cirrus,1,0
282,Ranibizumab,24,wk4,85.0,,,1,0
282,Ranibizumab,49,wk8,83.0,403.0,Zeiss Cirrus,1,0
282,Ranibizumab,88,wk12,81.0,361.0,Zeiss Cirrus,1,0
282,Ranibizumab,108,wk16,85.0,388.0,Zeiss Cirrus,1,0
282,Ranibizumab,137,wk20,89.0,,,1,0
282,Ranibizumab,165,wk24,91.0,375.0,Zeiss Cirrus,1,0
282,Ranibizumab,194,wk28,92.0,282.0,Zeiss Cirrus,1,0
282,Ranibizumab,225,wk32,87.0,369.0,Zeiss Cirrus,1,0
283,Ranibizumab,0,baseline,71.0,447.0,Heidelberg Spectralis,1,0
283,Ranibizumab,34,wk4,71.0,416.0,Heidelberg Spectralis,1,0
283,Ranibizumab,57,wk8,79.0,442.0,Heidelberg Spectralis,1,0
283,Ranibizumab,91,wk12,79.0,,,1,0
283,Ranibizumab,108,wk16,78.0,369.0,Heidelberg Spectralis,1,0
283,Ranibizumab,136,wk20,80.0,352.0,Heidelberg Spectralis,1,0
283,Ranibizumab,174,wk24,78.0,306.0,Heidelberg Spectralis,1,0
283,Ranibizumab,200,wk28,82.0,353.0,Heidelberg Spectralis,1,0
283,Ranibizumab,222,wk32,77.0,349.0,Heidelberg Spectralis,1,0
283,Ranibizumab,251,wk36,84.0,,,1,0
283,Ranibizumab,286,wk40,83.0,376.0,Heidelberg Spectralis,1,0
283,Ranibizumab,311,wk44,84.0,319.0,Heidelberg Spectralis,1,0
283,Ranibizumab,334,wk48,87.0,355.0,Heidelberg Spectralis,1,0
283,Ranibizumab,367,wk52,83.0,352.0,Heidelberg Spectralis,1,0
283,Ranibizumab,451,wk64,76.0,381.0,Heidelberg Spectralis,0,0
283,Ranibizumab,500,wk72,86.0,,,1,0
283,Ranibizumab,562,wk80,77.0,,,0,0
283,Ranibizumab,581,wk84,78.0,341.0,Heidelberg Spectralis,1,0
283,Ranibizumab,616,wk88,78.0,283.0,Heidelberg Spectralis,0,0
283,Ranibizumab,644,wk92,79.0,284.0,Heidelberg Spectralis,1,0
283,Ranibizumab,677,wk96,79.0,,,1,0
283,Ranibizumab,725,wk104,80.0,316.0,Heidelberg Spectralis,0,0
284,Ranibizumab,0,baseline,71.0,461.0,Heidelberg Spectralis,1,0
284,Ranibizumab,23,wk4,72.0,424.0,Heidelberg Spectralis,1,0
284,Ranibizumab,62,wk8,74.0,414.0,Heidelberg Spectralis,1,0
284,Ranibizumab,84,wk12,69.0,355.0,Heidelberg Spectralis,1,0
284,Ranibizumab,118,wk16,79.0,335.0,Heidelberg Spectralis,1,0
284,Ranibizumab,143,wk20,74.0,284.0,Heidelberg Spectralis,1,0
284,Ranibizumab,169,wk24,78.0,291.0,Heidelberg Spectralis,0,0
284,Ranibizumab,200,wk28,75.0,289.0,Heidelberg Spectralis,0,0
284,Ranibizumab,228,wk32,75.0,311.0,Heidelberg Spectralis,0,1
284,Ranibizumab,257,wk36,77.0,331.0,Heidelberg Spectralis,1,0
284,Ranibizumab,284,wk40,77.0,294.0,Heidelberg Spectralis,1,0
284,Ranibizumab,315,wk44,75.0,285.0,Heidelberg Spectralis,0,0
284,Ranibizumab,332,wk48,67.0,312.0,Heidelberg Spectralis,1,0
284,Ranibizumab,368,wk52,75.0,281.0,Heidelberg Spectralis,0,0
284,Ranibizumab,396,wk56,80.0,297.0,Heidelberg Spectralis,0,0
284,Ranibizumab,416,wk60,75.0,,,0,0
284,Ranibizumab,525,wk76,71.0,333.0,Heidelberg Spectralis,1,0
284,Ranibizumab,648,wk92,65.0,341.0,Heidelberg Spectralis,1,0
284,Ranibizumab,721,wk104,67.0,291.0,Heidelberg Spectralis,0,0
285,Ranibizumab,0,baseline,78.0,479.0,Heidelberg Spectralis,1,0
285,Ranibizumab,22,wk4,83.0,368.0,Heidelberg Spectralis,1,0
285,Ranibizumab,51,wk8,93.0,342.0,Heidelberg Spectralis,1,0
285,Ranibizumab,89,wk12,96.0,282.0,Heidelberg Spectralis,1,0
285,Ranibizumab,117,wk16,96.0,253.0,Heidelberg Spectralis,0,0
285,Ranibizumab,135,wk20,92.0,260.0,Heidelberg Spectralis,0,0
285,Ranibizumab,175,wk24,98.0,196.0,Heidelberg Spectralis,1,0
285,Ranibizumab,194,wk28,98.0,,,1,0
285,Ranibizumab,229,wk32,91.0,,,1,0
285,Ranibizumab,258,wk36,100.0,150.0,Heidelberg Spectralis,1,0
285,Ranibizumab,279,wk40,94.0,207.0,Heidelberg Spectralis,1,0
285,Ranibizumab,312,wk44,100.0,150.0,Heidelberg Spectralis,0,0
285,Ranibizumab,339,wk48,100.0,216.0,Heidelberg Spectralis,0,0
285,Ranibizumab,367,wk52,95.0,185.0,Heidelberg Spectralis,1,0
285,Ranibizumab,421,wk60,92.0,174.0,Heidelberg Spectralis,1,0
285,Ranibizumab,446,wk64,94.0,201.0,Heidelberg Spectralis,0,0
285,Ranibizumab,509,wk72,92.0,183.0,Heidelberg Spectralis,1,0
285,Ranibizumab,560,wk80,90.0,175.0,Heidelberg Spectralis,1,0
285,Ranibizumab,593,wk84,89.0,150.0,Heidelberg Spectralis,0,0
285,Ranibizumab,640,wk92,93.0,182.0,Heidelberg Spectralis,0,0
285,Ranibizumab,665,wk96,87.0,204.0,Heidelberg Spectralis,0,0
285,Ranibizumab,705,wk100,90.0,198.0,Heidelberg Spectralis,1,0
285,Ranibizumab,729,wk104,90.0,181.0,Heidelberg Spectralis,0,0
286,Ranibizumab,0,baseline,76.0,459.0,Heidelberg Spectralis,1,0
286,Ranibizumab,25,wk4,70.0,391.0,Heidelberg Spectralis,1,0
286,Ranibizumab,54,wk8,82.0,,,1,0
286,Ranibizumab,79,wk12,87.0,356.0,Heidelberg Spectralis,1,0
286,Ranibizumab,105,wk16,88.0,339.0,Heidelberg Spectralis,0,0
286,Ranibizumab,145,wk20,84.0,338.0,Heidelberg Spectralis,0,0
286,Ranibizumab,162,wk24,86.0,320.0,Heidelberg Spectralis,0,0
286,Ranibizumab,190,wk28,84.0,307.0,Heidelberg Spectralis,0,0
286,Ranibizumab,231,wk32,88.0,293.0,Heidelberg Spectralis,0,0
286,Ranibizumab,254,wk36,85.0,292.0,Heidelberg Spectralis,0,0
286,Ranibizumab,287,wk40,81.0,364.0,Heidelberg Spectralis,0,0
286,Ranibizumab,312,wk44,86.0,305.0,Heidelberg Spectralis,0,0
286,Ranibizumab,331,wk48,91.0,290.0,Heidelberg Spectralis,0,0
286,Ranibizumab,359,wk52,88.0,305.0,Heidelberg Spectralis,0,0
286,Ranibizumab,396,wk56,89.0,280.0,Heidelberg Spectralis,1,0
286,Ranibizumab,419,wk60,86.0,354.0,Heidelberg Spectralis,0,0
286,Ranibizumab,452,wk64,100.0,262.0,Heidelberg Spectralis,0,0
286,Ranibizumab,482,wk68,89.0,329.0,Heidelberg Spectralis,1,0
286,Ranibizumab,581,wk84,85.0,255.0,Heidelberg Spectralis,0,0
286,Ranibizumab,618,wk88,90.0,362.0,Heidelberg Spectralis,1,0
286,Ranibizumab,643,wk92,86.0,,,1,0
286,Ranibizumab,705,wk100,91.0,278.0,Heidelberg Spectralis,0,0
286,Ranibizumab,733,wk104,86.0,337.0,Heidelberg Spectralis,0,0
287,Bevacizumab,0,baseline,64.0,517.0,Zeiss Cirrus,1,0
287,Bevacizumab,23,wk4,63.0,,,1,0
287,Bevacizumab,53,wk8,71.0,406.0,Zeiss Cirrus,1,0
287,Bevacizumab,91,wk12,73.0,330.0,Zeiss Cirrus,1,0
287,Bevacizumab,110,wk16,66.0,356.0,Zeiss Cirrus,1,0
287,Bevacizumab,140,wk20,79.0,287.0,Zeiss Cirrus,1,0
287,Bevacizumab,165,wk24,77.0,313.0,Zeiss Cirrus,0,0
287,Bevacizumab,195,wk28,78.0,328.0,Zeiss Cirrus,1,0
287,Bevacizumab,229,wk32,78.0,295.0,Zeiss Cirrus,0,0
287,Bevacizumab,253,wk36,75.0,266.0,Zeiss Cirrus,1,0
287,Bevacizumab,275,wk40,71.0,305.0,Zeiss Cirrus,0,0
287,Bevacizumab,315,wk44,73.0,297.0,Zeiss Cirrus,1,0
287,Bevacizumab,335,wk48,81.0,325.0,Zeiss Cirrus,0,0
287,Bevacizumab,367,wk52,77.0,279.0,Zeiss Cirrus,0,0
287,Bevacizumab,391,wk56,75.0,284.0,Zeiss Cirrus,0,0
287,Bevacizumab,417,wk60,77.0,320.0,Zeiss Cirrus,0,0
287,Bevacizumab,452,wk64,71.0,312.0,Zeiss Cirrus,1,0
287,Bevacizumab,474,wk68,77.0,281.0,Zeiss Cirrus,1,0
287,Bevacizumab,510,wk72,76.0,283.0,Zeiss Cirrus,1,1
287,Bevacizumab,559,wk80,83.0,232.0,Zeiss Cirrus,0,0
287,Bevacizumab,592,wk84,86.0,,,1,0
287,Bevacizumab,704,wk100,71.0,221.0,Zeiss Cirrus,1,0
287,Bevacizumab,721,wk104,76.0,236.0,Zeiss Cirrus,0,0
288,Bevacizumab,0,baseline,70.0,451.0,Heidelberg Spectralis,1,0
288,Bevacizumab,29,wk4,76.0,444.0,Heidelberg Spectralis,1,0
288,Bevacizumab,56,wk8,69.0,,,1,0
288,Bevacizumab,88,wk12,78.0,410.0,Heidelberg Spectralis,1,0
288,Bevacizumab,106,wk16,78.0,452.0,Heidelberg Spectralis,1,0
288,Bevacizumab,135,wk20,73.0,,,1,0
288,Bevacizumab,162,wk24,77.0,358.0,Heidelberg Spectralis,1,0
288,Bevacizumab,199,wk28,74.0,355.0,Heidelberg Spectralis,1,0
288,Bevacizumab,220,wk32,73.0,363.0,Heidelberg Spectralis,1,1
288,Bevacizumab,259,wk36,77.0,352.0,Heidelberg Spectralis,1,0
288,Bevacizumab,276,wk40,74.0,,,1,0
288,Bevacizumab,306,wk44,87.0,387.0,Heidelberg Spectralis,1,0
288,Bevacizumab,339,wk48,74.0,379.0,Heidelberg Spectralis,1,0
288,Bevacizumab,371,wk52,78.0,365.0,Heidelberg Spectralis,1,0
288,Bevacizumab,392,wk56,81.0,333.0,Heidelberg Spectralis,1,0
288,Bevacizumab,423,wk60,83.0,374.0,Heidelberg Spectralis,0,0
288,Bevacizumab,473,wk68,79.0,335.0,Heidelberg Spectralis,1,0
288,Bevacizumab,536,wk76,77.0,390.0,Heidelberg Spectralis,1,0
288,Bevacizumab,587,wk84,70.0,410.0,Heidelberg Spectralis,0,0
288,Bevacizumab,619,wk88,71.0,406.0,Heidelberg Spectralis,1,0
288,Bevacizumab,693,wk100,70.0,,,0,0
288,Bevacizumab,729,wk104,74.0,364.0,Heidelberg Spectralis,0,0
289,Ranibizumab,0,baseline,53.0,674.0,Heidelberg Spectralis,1,0
289,Ranibizumab,30,wk4,59.0,561.0,Heidelberg Spectralis,1,0
289,Ranibizumab,56,wk8,67.0,536.0,Heidelberg Spectralis,1,0
289,Ranibizumab,84,wk12,77.0,491.0,Heidelberg Spectralis,1,0
289,Ranibizumab,107,wk16,69.0,431.0,Heidelberg Spectralis,0,0
289,Ranibizumab,140,wk20,70.0,415.0,Heidelberg Spectralis,1,0
289,Ranibizumab,161,wk24,76.0,,,1,0
289,Ranibizumab,193,wk28,69.0,415.0,Heidelberg Spectralis,0,0
289,Ranibizumab,230,wk32,79.0,366.0,Heidelberg Spectralis,1,0
289,Ranibizumab,256,wk36,76.0,354.0,Heidelberg Spectralis,0,0
289,Ranibizumab,277,wk40,69.0,369.0,Heidelberg Spectralis,1,0
289,Ranibizumab,301,wk44,74.0,378.0,Heidelberg Spectralis,0,0
289,Ranibizumab,335,wk48,82.0,327.0,Heidelberg Spectralis,1,0
289,Ranibizumab,361,wk52,76.0,373.0,Heidelberg Spectralis,0,0
289,Ranibizumab,424,wk60,85.0,404.0,Heidelberg Spectralis,1,0
289,Ranibizumab,538,wk76,85.0,406.0,Heidelberg Spectralis,1,0
289,Ranibizumab,593,wk84,88.0,365.0,Heidelberg Spectralis,0,0
289,Ranibizumab,623,wk88,82.0,393.0,Heidelberg Spectralis,0,0
289,Ranibizumab,639,wk92,88.0,343.0,Heidelberg Spectralis,1,0
289,Ranibizumab,679,wk96,85.0,361.0,Heidelberg Spectralis,1,0
289,Ranibizumab,726,wk104,89.0,389.0,Heidelberg Spectralis,0,0
290,Aflibercept,0,baseline,75.0,433.0,Zeiss Cirrus,1,0
290,Aflibercept,23,wk4,71.0,368.0,Zeiss Cirrus,1,0
290,Aflibercept,53,wk8,72.0,349.0,Zeiss Cirrus,1,0
290,Aflibercept,81,wk12,69.0,288.0,Zeiss Cirrus,1,0
290,Aflibercept,111,wk16,71.0,294.0,Zeiss Cirrus,0,0
290,Aflibercept,145,wk20,66.0,282.0,Zeiss Cirrus,1,0
290,Aflibercept,173,wk24,66.0,231.0,Zeiss Cirrus,1,0
290,Aflibercept,199,wk28,63.0,259.0,Zeiss Cirrus,0,0
290,Aflibercept,230,wk32,68.0,237.0,Zeiss Cirrus,0,0
290,Aflibercept,252,wk36,62.0,212.0,Zeiss Cirrus,0,0
290,Aflibercept,274,wk40,64.0,265.0,Zeiss Cirrus,1,0
290,Aflibercept,314,wk44,70.0,249.0,Zeiss Cirrus,0,0
290,Aflibercept,332,wk48,72.0,202.0,Zeiss Cirrus,1,0
290,Aflibercept,360,wk52,65.0,248.0,Zeiss Cirrus,0,0
290,Aflibercept,444,wk64,57.0,226.0,Zeiss Cirrus,0,0
290,Aflibercept,482,wk68,65.0,,,0,0
290,Aflibercept,525,wk76,60.0,209.0,Zeiss Cirrus,1,0
290,Aflibercept,565,wk80,61.0,205.0,Zeiss Cirrus,0,0
290,Aflibercept,621,wk88,61.0,187.0,Zeiss Cirrus,0,0
290,Aflibercept,648,wk92,59.0,250.0,Zeiss Cirrus,1,0
290,Aflibercept,677,wk96,59.0,,,1,0
290,Aflibercept,734,wk104,58.0,213.0,Zeiss Cirrus,0,0
291,Aflibercept,0,baseline,35.0,291.0,Zeiss Cirrus,1,0
291,Aflibercept,33,wk4,48.0,198.0,Zeiss Cirrus,1,0
291,Aflibercept,60,wk8,46.0,260.0,Zeiss Cirrus,1,0
291,Aflibercept,85,wk12,61.0,211.0,Zeiss Cirrus,1,0
291,Aflibercept,106,wk16,53.0,161.0,Zeiss Cirrus,0,0
291,Aflibercept,136,wk20,59.0,150.0,Zeiss Cirrus,0,0
291,Aflibercept,173,wk24,63.0,160.0,Zeiss Cirrus,0,0
291,Aflibercept,189,wk28,55.0,193.0,Zeiss Cirrus,1,0
291,Aflibercept,220,wk32,67.0,168.0,Zeiss Cirrus,0,0
291,Aflibercept,255,wk36,70.0,,,1,0
291,Aflibercept,283,wk40,56.0,152.0,Zeiss Cirrus,0,0
291,Aflibercept,314,wk44,57.0,161.0,Zeiss Cirrus,1,1
291,Aflibercept,335,wk48,67.0,171.0,Zeiss Cirrus,0,0
291,Aflibercept,367,wk52,60.0,153.0,Zeiss Cirrus,0,0
291,Aflibercept,397,wk56,64.0,165.0,Zeiss Cirrus,0,0
291,Aflibercept,426,wk60,61.0,150.0,Zeiss Cirrus,1,0
291,Aflibercept,454,wk64,58.0,197.0,Zeiss Cirrus,0,1
291,Aflibercept,482,wk68,61.0,183.0,Zeiss Cirrus,1,0
291,Aflibercept,528,wk76,72.0,150.0,Zeiss Cirrus,0,0
291,Aflibercept,556,wk80,68.0,222.0,Zeiss Cirrus,1,0
291,Aflibercept,595,wk84,69.0,183.0,Zeiss Cirrus,1,0
291,Aflibercept,650,wk92,62.0,206.0,Zeiss Cirrus,0,0
291,Aflibercept,694,wk100,62.0,150.0,Zeiss Cirrus,1,0
291,Aflibercept,726,wk104,68.0,188.0,Zeiss Cirrus,0,0
292,Bevacizumab,0,baseline,61.0,498.0,Zeiss Cirrus,1,0
292,Bevacizumab,24,wk4,77.0,,,1,0
292,Bevacizumab,58,wk8,77.0,,,1,0
292,Bevacizumab,90,wk12,81.0,,,1,0
292,Bevacizumab,106,wk16,81.0,492.0,Zeiss Cirrus,1,0
292,Bevacizumab,133,wk20,82.0,,,1,0
292,Bevacizumab,171,wk24,78.0,428.0,Zeiss Cirrus,1,0
292,Bevacizumab,190,wk28,85.0,461.0,Zeiss Cirrus,0,1
292,Bevacizumab,226,wk32,85.0,447.0,Zeiss Cirrus,1,0
292,Bevacizumab,252,wk36,76.0,495.0,Zeiss Cirrus,1,0
292,Bevacizumab,277,wk40,79.0,471.0,Zeiss Cirrus,1,0
292,Bevacizumab,310,wk44,85.0,486.0,Zeiss Cirrus,1,0
292,Bevacizumab,342,wk48,82.0,493.0,Zeiss Cirrus,0,0
292,Bevacizumab,369,wk52,86.0,458.0,Zeiss Cirrus,0,0
292,Bevacizumab,480,wk68,92.0,430.0,Zeiss Cirrus,0,0
292,Bevacizumab,509,wk72,89.0,453.0,Zeiss Cirrus,0,0
292,Bevacizumab,533,wk76,84.0,418.0,Zeiss Cirrus,1,0
292,Bevacizumab,585,wk84,88.0,415.0,Zeiss Cirrus,0,0
292,Bevacizumab,616,wk88,87.0,392.0,Zeiss Cirrus,0,0
292,Bevacizumab,642,wk92,92.0,382.0,Zeiss Cirrus,1,0
292,Bevacizumab,697,wk100,87.0,379.0,Zeiss Cirrus,0,0
292,Bevacizumab,724,wk104,85.0,381.0,Zeiss Cirrus,0,0
293,Aflibercept,0,baseline,75.0,495.0,Heidelberg Spectralis,1,0
293,Aflibercept,23,wk4,84.0,439.0,Heidelberg Spectralis,1,0
293,Aflibercept,58,wk8,79.0,,,1,0
293,Aflibercept,86,wk12,79.0,336.0,Heidelberg Spectralis,1,0
293,Aflibercept,105,wk16,86.0,341.0,Heidelberg Spectralis,0,0
293,Aflibercept,141,wk20,84.0,284.0,Heidelberg Spectralis,0,0
293,Aflibercept,173,wk24,85.0,300.0,Heidelberg Spectralis,0,0
293,Aflibercept,194,wk28,83.0,341.0,Heidelberg Spectralis,0,0
293,Aflibercept,220,wk32,79.0,327.0,Heidelberg Spectralis,0,0
293,Aflibercept,253,wk36,89.0,266.0,Heidelberg Spectralis,1,0
293,Aflibercept,273,wk40,82.0,329.0,Heidelberg Spectralis,0,0
293,Aflibercept,301,wk44,81.0,279.0,Heidelberg Spectralis,0,0
293,Aflibercept,329,wk48,81.0,313.0,Heidelberg Spectralis,0,0
293,Aflibercept,360,wk52,84.0,277.0,Heidelberg Spectralis,0,0
293,Aflibercept,450,wk64,95.0,318.0,Heidelberg Spectralis,0,0
293,Aflibercept,475,wk68,82.0,,,0,0
293,Aflibercept,531,wk76,83.0,225.0,Heidelberg Spectralis,0,0
293,Aflibercept,591,wk84,86.0,304.0,Heidelberg Spectralis,0,0
293,Aflibercept,638,wk92,79.0,209.0,Heidelberg Spectralis,1,0
293,Aflibercept,726,wk104,80.0,234.0,Heidelberg Spectralis,0,0
294,Bevacizumab,0,baseline,34.0,432.0,Zeiss Cirrus,1,0
294,Bevacizumab,35,wk4,48.0,454.0,Zeiss Cirrus,1,0
294,Bevacizumab,63,wk8,45.0,461.0,Zeiss Cirrus,1,0
294,Bevacizumab,82,wk12,49.0,474.0,Zeiss Cirrus,1,0
294,Bevacizumab,112,wk16,50.0,530.0,Zeiss Cirrus,1,0
294,Bevacizumab,136,wk20,52.0,508.0,Zeiss Cirrus,1,0
294,Bevacizumab,161,wk24,48.0,479.0,Zeiss Cirrus,0,0
294,Bevacizumab,195,wk28,56.0,,,0,0
294,Bevacizumab,230,wk32,53.0,540.0,Zeiss Cirrus,1,0
294,Bevacizumab,258,wk36,58.0,464.0,Zeiss Cirrus,1,0
294,Bevacizumab,274,wk40,52.0,,,0,0
294,Bevacizumab,308,wk44,50.0,542.0,Zeiss Cirrus,1,0
294,Bevacizumab,341,wk48,49.0,,,0,0
294,Bevacizumab,366,wk52,52.0,518.0,Zeiss Cirrus,1,0
295,Ranibizumab,0,baseline,70.0,429.0,Heidelberg Spectralis,1,0
295,Ranibizumab,34,wk4,72.0,374.0,Heidelberg Spectralis,1,0
295,Ranibizumab,58,wk8,73.0,399.0,Heidelberg Spectralis,1,0
295,Ranibizumab,82,wk12,78.0,330.0,Heidelberg Spectralis,1,0
295,Ranibizumab,114,wk16,72.0,,,0,0
295,Ranibizumab,144,wk20,71.0,332.0,Heidelberg Spectralis,0,0
295,Ranibizumab,174,wk24,62.0,325.0,Heidelberg Spectralis,0,0
295,Ranibizumab,202,wk28,64.0,284.0,Heidelberg Spectralis,1,0
295,Ranibizumab,229,wk32,73.0,330.0,Heidelberg Spectralis,0,0
295,Ranibizumab,249,wk36,73.0,325.0,Heidelberg Spectralis,1,0
295,Ranibizumab,281,wk40,74.0,269.0,Heidelberg Spectralis,1,0
295,Ranibizumab,310,wk44,75.0,362.0,Heidelberg Spectralis,0,0
295,Ranibizumab,338,wk48,71.0,369.0,Heidelberg Spectralis,1,0
295,Ranibizumab,365,wk52,72.0,315.0,Heidelberg Spectralis,0,0
295,Ranibizumab,415,wk60,67.0,278.0,Heidelberg Spectralis,0,0
295,Ranibizumab,503,wk72,65.0,,,1,0
295,Ranibizumab,537,wk76,73.0,292.0,Heidelberg Spectralis,1,0
295,Ranibizumab,557,wk80,70.0,,,0,0
295,Ranibizumab,621,wk88,73.0,261.0,Heidelberg Spectralis,1,0
295,Ranibizumab,646,wk92,65.0,269.0,Heidelberg Spectralis,1,0
295,Ranibizumab,666,wk96,63.0,,,1,0
295,Ranibizumab,731,wk104,70.0,276.0,Heidelberg Spectralis,0,0
296,Aflibercept,0,baseline,76.0,291.0,Heidelberg Spectralis,1,0
296,Aflibercept,34,wk4,82.0,271.0,Heidelberg Spectralis,1,0
296,Aflibercept,62,wk8,77.0,219.0,Heidelberg Spectralis,1,0
296,Aflibercept,77,wk12,86.0,,,1,0
296,Aflibercept,117,wk16,83.0,,,0,0
296,Aflibercept,134,wk20,80.0,280.0,Heidelberg Spectralis,0,0
296,Aflibercept,162,wk24,83.0,254.0,Heidelberg Spectralis,0,0
296,Aflibercept,190,wk28,88.0,256.0,Heidelberg Spectralis,0,0
296,Aflibercept,226,wk32,83.0,,,1,0
296,Aflibercept,259,wk36,83.0,255.0,Heidelberg Spectralis,1,0
296,Aflibercept,274,wk40,86.0,297.0,Heidelberg Spectralis,1,0
296,Aflibercept,312,wk44,88.0,277.0,Heidelberg Spectralis,1,0
296,Aflibercept,333,wk48,88.0,232.0,Heidelberg Spectralis,1,0
296,Aflibercept,371,wk52,84.0,268.0,Heidelberg Spectralis,1,0
296,Aflibercept,415,wk60,84.0,,,1,0
296,Aflibercept,537,wk76,85.0,,,0,0
296,Aflibercept,566,wk80,82.0,,,0,0
296,Aflibercept,677,wk96,82.0,,,1,0
296,Aflibercept,722,wk104,79.0,252.0,Heidelberg Spectralis,0,0
297,Bevacizumab,0,baseline,69.0,,,1,0
297,Bevacizumab,25,wk4,68.0,301.0,Zeiss Cirrus,1,0
297,Bevacizumab,51,wk8,74.0,318.0,Zeiss Cirrus,1,0
297,Bevacizumab,81,wk12,66.0,309.0,Zeiss Cirrus,1,0
297,Bevacizumab,110,wk16,75.0,285.0,Zeiss Cirrus,0,0
297,Bevacizumab,146,wk20,76.0,311.0,Zeiss Cirrus,0,0
297,Bevacizumab,163,wk24,80.0,301.0,Zeiss Cirrus,0,0
297,Bevacizumab,196,wk28,73.0,266.0,Zeiss Cirrus,1,0
297,Bevacizumab,228,wk32,66.0,257.0,Zeiss Cirrus,1,0
297,Bevacizumab,255,wk36,63.0,272.0,Zeiss Cirrus,0,0
297,Bevacizumab,274,wk40,73.0,287.0,Zeiss Cirrus,0,0
297,Bevacizumab,315,wk44,71.0,334.0,Zeiss Cirrus,1,0
297,Bevacizumab,341,wk48,71.0,287.0,Zeiss Cirrus,0,0
297,Bevacizumab,365,wk52,72.0,306.0,Zeiss Cirrus,0,1
297,Bevacizumab,417,wk60,69.0,,,1,0
297,Bevacizumab,531,wk76,77.0,325.0,Zeiss Cirrus,1,0
297,Bevacizumab,556,wk80,70.0,,,1,0
297,Bevacizumab,619,wk88,80.0,346.0,Zeiss Cirrus,1,0
297,Bevacizumab,676,wk96,80.0,401.0,Zeiss Cirrus,0,0
297,Bevacizumab,707,wk100,82.0,365.0,Zeiss Cirrus,1,0
297,Bevacizumab,726,wk104,83.0,329.0,Zeiss Cirrus,0,0
298,Ranibizumab,0,baseline,78.0,634.0,Zeiss Cirrus,1,0
298,Ranibizumab,21,wk4,87.0,586.0,Zeiss Cirrus,1,0
298,Ranibizumab,59,wk8,92.0,500.0,Zeiss Cirrus,1,0
298,Ranibizumab,79,wk12,93.0,477.0,Zeiss Cirrus,1,0
298,Ranibizumab,112,wk16,88.0,441.0,Zeiss Cirrus,0,0
298,Ranibizumab,141,wk20,92.0,,,0,0
298,Ranibizumab,171,wk24,93.0,434.0,Zeiss Cirrus,0,0
298,Ranibizumab,194,wk28,98.0,409.0,Zeiss Cirrus,0,0
298,Ranibizumab,227,wk32,98.0,,,1,0
298,Ranibizumab,250,wk36,98.0,360.0,Zeiss Cirrus,0,0
298,Ranibizumab,282,wk40,100.0,416.0,Zeiss Cirrus,0,0
298,Ranibizumab,309,wk44,99.0,413.0,Zeiss Cirrus,1,0
298,Ranibizumab,334,wk48,97.0,,,0,0
298,Ranibizumab,369,wk52,98.0,402.0,Zeiss Cirrus,0,0
298,Ranibizumab,425,wk60,92.0,445.0,Zeiss Cirrus,0,0
298,Ranibizumab,479,wk68,92.0,355.0,Zeiss Cirrus,1,0
298,Ranibizumab,561,wk80,91.0,,,0,0
298,Ranibizumab,595,wk84,96.0,346.0,Zeiss Cirrus,1,0
298,Ranibizumab,640,wk92,94.0,406.0,Zeiss Cirrus,1,0
298,Ranibizumab,667,wk96,87.0,392.0,Zeiss Cirrus,1,0
298,Ranibizumab,699,wk100,85.0,,,0,0
298,Ranibizumab,722,wk104,85.0,386.0,Zeiss Cirrus,0,0
299,Ranibizumab,0,baseline,59.0,375.0,Zeiss Cirrus,1,0
299,Ranibizumab,25,wk4,59.0,396.0,Zeiss Cirrus,1,0
299,Ranibizumab,54,wk8,64.0,348.0,Zeiss Cirrus,1,0
299,Ranibizumab,87,wk12,70.0,,,1,0
299,Ranibizumab,117,wk16,68.0,385.0,Zeiss Cirrus,1,0
299,Ranibizumab,147,wk20,60.0,346.0,Zeiss Cirrus,1,0
299,Ranibizumab,161,wk24,61.0,362.0,Zeiss Cirrus,1,0
299,Ranibizumab,192,wk28,58.0,344.0,Zeiss Cirrus,0,0
299,Ranibizumab,217,wk32,70.0,389.0,Zeiss Cirrus,1,0
299,Ranibizumab,259,wk36,63.0,356.0,Zeiss Cirrus,1,0
299,Ranibizumab,274,wk40,72.0,424.0,Zeiss Cirrus,1,0
299,Ranibizumab,309,wk44,63.0,367.0,Zeiss Cirrus,1,0
299,Ranibizumab,334,wk48,60.0,328.0,Zeiss Cirrus,1,0
299,Ranibizumab,370,wk52,64.0,372.0,Zeiss Cirrus,0,1
299,Ranibizumab,387,wk56,65.0,354.0,Zeiss Cirrus,0,0
299,Ranibizumab,427,wk60,66.0,426.0,Zeiss Cirrus,0,0
299,Ranibizumab,473,wk68,66.0,408.0,Zeiss Cirrus,1,0
300,Ranibizumab,0,baseline,69.0,538.0,Zeiss Cirrus,1,0
300,Ranibizumab,35,wk4,66.0,495.0,Zeiss Cirrus,1,0
300,Ranibizumab,50,wk8,76.0,429.0,Zeiss Cirrus,1,0
300,Ranibizumab,85,wk12,66.0,476.0,Zeiss Cirrus,1,0
300,Ranibizumab,107,wk16,76.0,426.0,Zeiss Cirrus,0,0
300,Ranibizumab,134,wk20,73.0,488.0,Zeiss Cirrus,1,0
300,Ranibizumab,164,wk24,72.0,412.0,Zeiss Cirrus,1,0
300,Ranibizumab,195,wk28,69.0,487.0,Zeiss Cirrus,1,1
300,Ranibizumab,225,wk32,76.0,,,1,0
300,Ranibizumab,250,wk36,79.0,376.0,Zeiss Cirrus,1,0
300,Ranibizumab,275,wk40,76.0,388.0,Zeiss Cirrus,1,0
300,Ranibizumab,315,wk44,76.0,396.0,Zeiss Cirrus,1,0
300,Ranibizumab,337,wk48,76.0,376.0,Zeiss Cirrus,1,0
300,Ranibizumab,363,wk52,74.0,425.0,Zeiss Cirrus,1,0
300,Ranibizumab,396,wk56,74.0,423.0,Zeiss Cirrus,0,0
300,Ranibizumab,422,wk60,72.0,,,1,0
300,Ranibizumab,502,wk72,75.0,357.0,Zeiss Cirrus,1,0
300,Ranibizumab,534,wk76,73.0,374.0,Zeiss Cirrus,1,0
300,Ranibizumab,561,wk80,76.0,415.0,Zeiss Cirrus,1,0
300,Ranibizumab,583,wk84,76.0,414.0,Zeiss Cirrus,1,0
300,Ranibizumab,623,wk88,77.0,387.0,Zeiss Cirrus,0,0
300,Ranibizumab,639,wk92,75.0,349.0,Zeiss Cirrus,1,0
300,Ranibizumab,704,wk100,81.0,348.0,Zeiss Cirrus,0,0
300,Ranibizumab,729,wk104,75.0,353.0,Zeiss Cirrus,0,0
301,Bevacizumab,0,baseline,64.0,323.0,Heidelberg Spectralis,1,0
301,Bevacizumab,30,wk4,64.0,300.0,Heidelberg Spectralis,1,0
301,Bevacizumab,51,wk8,58.0,254.0,Heidelberg Spectralis,1,0
301,Bevacizumab,77,wk12,61.0,249.0,Heidelberg Spectralis,1,0
301,Bevacizumab,117,wk16,64.0,220.0,Heidelberg Spectralis,1,0
301,Bevacizumab,144,wk20,67.0,226.0,Heidelberg Spectralis,1,0
301,Bevacizumab,166,wk24,69.0,197.0,Heidelberg Spectralis,0,0
301,Bevacizumab,203,wk28,59.0,196.0,Heidelberg Spectralis,0,0
301,Bevacizumab,225,wk32,63.0,,,0,0
301,Bevacizumab,251,wk36,64.0,,,1,0
301,Bevacizumab,284,wk40,70.0,196.0,Heidelberg Spectralis,1,0
301,Bevacizumab,309,wk44,68.0,178.0,Heidelberg Spectralis,1,0
301,Bevacizumab,337,wk48,65.0,,,1,0
301,Bevacizumab,360,wk52,65.0,195.0,Heidelberg Spectralis,1,0
301,Bevacizumab,398,wk56,63.0,158.0,Heidelberg Spectralis,0,0
301,Bevacizumab,422,wk60,67.0,202.0,Heidelberg Spectralis,1,0
301,Bevacizumab,451,wk64,69.0,186.0,Heidelberg Spectralis,0,0
301,Bevacizumab,504,wk72,66.0,172.0,Heidelberg Spectralis,0,0
301,Bevacizumab,583,wk84,70.0,178.0,Heidelberg Spectralis,0,0
301,Bevacizumab,696,wk100,72.0,150.0,Heidelberg Spectralis,1,0
301,Bevacizumab,733,wk104,74.0,150.0,Heidelberg Spectralis,0,0
302,Bevacizumab,0,baseline,60.0,362.0,Heidelberg Spectralis,1,0
302,Bevacizumab,22,wk4,66.0,349.0,Heidelberg Spectralis,1,0
302,Bevacizumab,55,wk8,70.0,340.0,Heidelberg Spectralis,1,0
302,Bevacizumab,80,wk12,77.0,391.0,Heidelberg Spectralis,1,0
302,Bevacizumab,108,wk16,79.0,405.0,Heidelberg Spectralis,1,0
302,Bevacizumab,136,wk20,76.0,384.0,Heidelberg Spectralis,1,0
302,Bevacizumab,163,wk24,90.0,369.0,Heidelberg Spectralis,0,1
302,Bevacizumab,194,wk28,80.0,440.0,Heidelberg Spectralis,1,0
302,Bevacizumab,221,wk32,86.0,412.0,Heidelberg Spectralis,1,0
302,Bevacizumab,251,wk36,85.0,365.0,Heidelberg Spectralis,1,0
302,Bevacizumab,286,wk40,92.0,421.0,Heidelberg Spectralis,0,0
302,Bevacizumab,315,wk44,83.0,,,1,0
302,Bevacizumab,342,wk48,85.0,388.0,Heidelberg Spectralis,1,0
302,Bevacizumab,364,wk52,85.0,391.0,Heidelberg Spectralis,0,0
302,Bevacizumab,387,wk56,87.0,417.0,Heidelberg Spectralis,1,0
302,Bevacizumab,422,wk60,80.0,452.0,Heidelberg Spectralis,1,0
302,Bevacizumab,483,wk68,97.0,345.0,Heidelberg Spectralis,0,0
302,Bevacizumab,532,wk76,80.0,455.0,Heidelberg Spectralis,0,0
302,Bevacizumab,567,wk80,88.0,364.0,Heidelberg Spectralis,0,0
302,Bevacizumab,623,wk88,84.0,377.0,Heidelberg Spectralis,0,0
302,Bevacizumab,706,wk100,85.0,396.0,Heidelberg Spectralis,0,0
302,Bevacizumab,734,wk104,83.0,393.0,Heidelberg Spectralis,0,0
303,Aflibercept,0,baseline,52.0,528.0,Heidelberg Spectralis,1,0
303,Aflibercept,22,wk4,61.0,504.0,Heidelberg Spectralis,1,0
303,Aflibercept,61,wk8,68.0,394.0,Heidelberg Spectralis,1,0
303,Aflibercept,87,wk12,64.0,408.0,Heidelberg Spectralis,1,0
303,Aflibercept,108,wk16,64.0,369.0,Heidelberg Spectralis,0,0
303,Aflibercept,147,wk20,66.0,390.0,Heidelberg Spectralis,1,0
303,Aflibercept,175,wk24,71.0,354.0,Heidelberg Spectralis,1,0
303,Aflibercept,202,wk28,68.0,419.0,Heidelberg Spectralis,1,0
303,Aflibercept,229,wk32,73.0,393.0,Heidelberg Spectralis,1,0
303,Aflibercept,257,wk36,64.0,383.0,Heidelberg Spectralis,0,0
303,Aflibercept,286,wk40,80.0,,,0,0
303,Aflibercept,304,wk44,73.0,,,0,0
303,Aflibercept,343,wk48,68.0,,,1,0
303,Aflibercept,370,wk52,72.0,354.0,Heidelberg Spectralis,0,0
303,Aflibercept,398,wk56,78.0,371.0,Heidelberg Spectralis,1,0
303,Aflibercept,424,wk60,73.0,415.0,Heidelberg Spectralis,0,0
303,Aflibercept,445,wk64,73.0,313.0,Heidelberg Spectralis,0,0
303,Aflibercept,480,wk68,74.0,373.0,Heidelberg Spectralis,0,0
303,Aflibercept,508,wk72,77.0,375.0,Heidelberg Spectralis,1,0
303,Aflibercept,609,wk88,78.0,371.0,Heidelberg Spectralis,0,0
303,Aflibercept,648,wk92,85.0,330.0,Heidelberg Spectralis,0,0
303,Aflibercept,677,wk96,87.0,399.0,Heidelberg Spectralis,0,0
303,Aflibercept,735,wk104,88.0,379.0,Heidelberg Spectralis,0,0
304,Ranibizumab,0,baseline,43.0,374.0,Zeiss Stratus,1,0
304,Ranibizumab,27,wk4,50.0,300.0,Zeiss Stratus,1,0
304,Ranibizumab,57,wk8,53.0,327.0,Zeiss Stratus,1,0
304,Ranibizumab,85,wk12,55.0,,,1,0
304,Ranibizumab,107,wk16,46.0,322.0,Zeiss Stratus,1,0
304,Ranibizumab,145,wk20,51.0,318.0,Zeiss Stratus,0,0
304,Ranibizumab,175,wk24,53.0,283.0,Zeiss Stratus,0,0
304,Ranibizumab,195,wk28,57.0,279.0,Zeiss Stratus,1,0
304,Ranibizumab,225,wk32,53.0,283.0,Zeiss Stratus,0,0
304,Ranibizumab,257,wk36,56.0,,,1,1
304,Ranibizumab,283,wk40,54.0,303.0,Zeiss Stratus,0,0
304,Ranibizumab,301,wk44,57.0,324.0,Zeiss Stratus,0,0
304,Ranibizumab,336,wk48,57.0,276.0,Zeiss Stratus,1,0
304,Ranibizumab,360,wk52,55.0,298.0,Zeiss Stratus,1,0
304,Ranibizumab,419,wk60,66.0,241.0,Zeiss Stratus,0,0
304,Ranibizumab,481,wk68,60.0,230.0,Zeiss Stratus,1,0
304,Ranibizumab,556,wk80,60.0,280.0,Zeiss Stratus,0,0
304,Ranibizumab,615,wk88,60.0,318.0,Zeiss Stratus,1,0
304,Ranibizumab,644,wk92,62.0,263.0,Zeiss Stratus,0,0
304,Ranibizumab,726,wk104,60.0,271.0,Zeiss Stratus,0,0
305,Aflibercept,0,baseline,64.0,486.0,Zeiss Cirrus,1,0
305,Aflibercept,31,wk4,59.0,458.0,Zeiss Cirrus,1,0
305,Aflibercept,54,wk8,66.0,,,1,0
305,Aflibercept,88,wk12,65.0,424.0,Zeiss Cirrus,1,0
305,Aflibercept,109,wk16,60.0,455.0,Zeiss Cirrus,0,0
305,Aflibercept,139,wk20,67.0,417.0,Zeiss Cirrus,1,0
305,Aflibercept,174,wk24,59.0,,,1,0
305,Aflibercept,203,wk28,64.0,466.0,Zeiss Cirrus,1,0
305,Aflibercept,230,wk32,63.0,416.0,Zeiss Cirrus,1,0
305,Aflibercept,257,wk36,60.0,460.0,Zeiss Cirrus,0,0
305,Aflibercept,279,wk40,59.0,,,0,0
305,Aflibercept,315,wk44,64.0,513.0,Zeiss Cirrus,1,0
305,Aflibercept,339,wk48,62.0,438.0,Zeiss Cirrus,0,0
305,Aflibercept,367,wk52,62.0,426.0,Zeiss Cirrus,0,0
305,Aflibercept,452,wk64,59.0,441.0,Zeiss Cirrus,1,0
305,Aflibercept,474,wk68,57.0,432.0,Zeiss Cirrus,1,0
305,Aflibercept,511,wk72,58.0,397.0,Zeiss Cirrus,0,0
305,Aflibercept,563,wk80,47.0,453.0,Zeiss Cirrus,1,0
305,Aflibercept,637,wk92,47.0,469.0,Zeiss Cirrus,0,0
305,Aflibercept,731,wk104,48.0,464.0,Zeiss Cirrus,0,0
306,Bevacizumab,0,baseline,72.0,452.0,Heidelberg Spectralis,1,0
306,Bevacizumab,28,wk4,68.0,432.0,Heidelberg Spectralis,1,0
306,Bevacizumab,50,wk8,71.0,,,1,0
306,Bevacizumab,88,wk12,66.0,,,1,0
306,Bevacizumab,118,wk16,67.0,485.0,Heidelberg Spectralis,1,0
306,Bevacizumab,140,wk20,73.0,515.0,Heidelberg Spectralis,1,0
306,Bevacizumab,170,wk24,65.0,442.0,Heidelberg Spectralis,1,1
306,Bevacizumab,197,wk28,73.0,481.0,Heidelberg Spectralis,1,0
306,Bevacizumab,224,wk32,74.0,498.0,Heidelberg Spectralis,1,0
306,Bevacizumab,251,wk36,74.0,490.0,Heidelberg Spectralis,1,0
306,Bevacizumab,276,wk40,64.0,515.0,Heidelberg Spectralis,0,0
306,Bevacizumab,302,wk44,74.0,454.0,Heidelberg Spectralis,1,0
306,Bevacizumab,332,wk48,70.0,499.0,Heidelberg Spectralis,1,0
306,Bevacizumab,361,wk52,70.0,483.0,Heidelberg Spectralis,1,0
306,Bevacizumab,475,wk68,66.0,468.0,Heidelberg Spectralis,1,0
306,Bevacizumab,502,wk72,62.0,457.0,Heidelberg Spectralis,0,0
306,Bevacizumab,613,wk88,68.0,458.0,Heidelberg Spectralis,0,0
306,Bevacizumab,641,wk92,64.0,446.0,Heidelberg Spectralis,0,0
306,Bevacizumab,699,wk100,59.0,497.0,Heidelberg Spectralis,1,0
306,Bevacizumab,735,wk104,62.0,435.0,Heidelberg Spectralis,0,0
307,Bevacizumab,0,baseline,60.0,409.0,Zeiss Cirrus,1,0
307,Bevacizumab,31,wk4,66.0,409.0,Zeiss Cirrus,1,0
307,Bevacizumab,51,wk8,70.0,397.0,Zeiss Cirrus,1,0
307,Bevacizumab,81,wk12,72.0,371.0,Zeiss Cirrus,1,0
307,Bevacizumab,112,wk16,69.0,430.0,Zeiss Cirrus,0,0
307,Bevacizumab,135,wk20,76.0,401.0,Zeiss Cirrus,1,0
307,Bevacizumab,174,wk24,77.0,,,1,0
307,Bevacizumab,203,wk28,69.0,397.0,Zeiss Cirrus,0,0
307,Bevacizumab,218,wk32,81.0,399.0,Zeiss Cirrus,1,0
307,Bevacizumab,254,wk36,68.0,430.0,Zeiss Cirrus,1,0
307,Bevacizumab,277,wk40,80.0,421.0,Zeiss Cirrus,1,0
307,Bevacizumab,305,wk44,73.0,409.0,Zeiss Cirrus,0,1
307,Bevacizumab,334,wk48,74.0,430.0,Zeiss Cirrus,1,0
307,Bevacizumab,364,wk52,74.0,410.0,Zeiss Cirrus,1,0
307,Bevacizumab,452,wk64,71.0,410.0,Zeiss Cirrus,1,0
307,Bevacizumab,561,wk80,79.0,384.0,Zeiss Cirrus,1,0
307,Bevacizumab,619,wk88,75.0,390.0,Zeiss Cirrus,1,0
307,Bevacizumab,724,wk104,76.0,384.0,Zeiss Cirrus,0,0
308,Aflibercept,0,baseline,78.0,392.0,Heidelberg Spectralis,1,0
308,Aflibercept,34,wk4,84.0,,,1,0
308,Aflibercept,60,wk8,82.0,292.0,Heidelberg Spectralis,1,0
308,Aflibercept,83,wk12,81.0,295.0,Heidelberg Spectralis,1,0
308,Aflibercept,107,wk16,80.0,267.0,Heidelberg Spectralis,1,0
308,Aflibercept,143,wk20,80.0,,,1,0
308,Aflibercept,167,wk24,82.0,267.0,Heidelberg Spectralis,1,0
308,Aflibercept,189,wk28,90.0,304.0,Heidelberg Spectralis,1,0
308,Aflibercept,220,wk32,81.0,260.0,Heidelberg Spectralis,1,0
308,Aflibercept,248,wk36,84.0,218.0,Heidelberg Spectralis,1,0
308,Aflibercept,275,wk40,77.0,198.0,Heidelberg Spectralis,0,0
308,Aflibercept,311,wk44,86.0,240.0,Heidelberg Spectralis,0,0
308,Aflibercept,342,wk48,84.0,245.0,Heidelberg Spectralis,1,0
308,Aflibercept,368,wk52,87.0,238.0,Heidelberg Spectralis,0,0
308,Aflibercept,394,wk56,92.0,252.0,Heidelberg Spectralis,1,0
308,Aflibercept,418,wk60,87.0,237.0,Heidelberg Spectralis,0,0
308,Aflibercept,473,wk68,83.0,270.0,Heidelberg Spectralis,1,0
308,Aflibercept,532,wk76,81.0,250.0,Heidelberg Spectralis,0,0
308,Aflibercept,559,wk80,79.0,,,0,1
308,Aflibercept,583,wk84,85.0,216.0,Heidelberg Spectralis,0,0
308,Aflibercept,618,wk88,88.0,267.0,Heidelberg Spectralis,1,0
308,Aflibercept,679,wk96,81.0,210.0,Heidelberg Spectralis,1,0
308,Aflibercept,706,wk100,78.0,183.0,Heidelberg Spectralis,1,0
308,Aflibercept,728,wk104,80.0,216.0,Heidelberg Spectralis,0,0
309,Ranibizumab,0,baseline,66.0,326.0,Zeiss Cirrus,1,0
309,Ranibizumab,29,wk4,65.0,321.0,Zeiss Cirrus,1,0
309,Ranibizumab,50,wk8,69.0,,,1,0
309,Ranibizumab,85,wk12,70.0,261.0,Zeiss Cirrus,1,0
309,Ranibizumab,110,wk16,69.0,252.0,Zeiss Cirrus,1,0
309,Ranibizumab,139,wk20,70.0,,,0,0
309,Ranibizumab,164,wk24,68.0,177.0,Zeiss Cirrus,1,0
309,Ranibizumab,201,wk28,67.0,233.0,Zeiss Cirrus,0,0
309,Ranibizumab,218,wk32,75.0,,,0,0
309,Ranibizumab,254,wk36,72.0,203.0,Zeiss Cirrus,0,0
309,Ranibizumab,283,wk40,68.0,189.0,Zeiss Cirrus,1,0
309,Ranibizumab,310,wk44,78.0,,,1,0
309,Ranibizumab,342,wk48,65.0,,,1,0
309,Ranibizumab,362,wk52,70.0,196.0,Zeiss Cirrus,1,0
309,Ranibizumab,397,wk56,71.0,169.0,Zeiss Cirrus,0,0
309,Ranibizumab,426,wk60,68.0,194.0,Zeiss Cirrus,0,0
309,Ranibizumab,453,wk64,75.0,218.0,Zeiss Cirrus,1,0
309,Ranibizumab,533,wk76,76.0,151.0,Zeiss Cirrus,1,0
309,Ranibizumab,555,wk80,65.0,,,0,0
309,Ranibizumab,611,wk88,73.0,,,1,0
309,Ranibizumab,641,wk92,72.0,251.0,Zeiss Cirrus,1,0
309,Ranibizumab,727,wk104,74.0,247.0,Zeiss Cirrus,0,0
310,Bevacizumab,0,baseline,75.0,598.0,Zeiss Cirrus,1,0
310,Bevacizumab,27,wk4,81.0,,,1,0
310,Bevacizumab,59,wk8,76.0,505.0,Zeiss Cirrus,1,0
310,Bevacizumab,88,wk12,67.0,482.0,Zeiss Cirrus,1,0
310,Bevacizumab,111,wk16,74.0,479.0,Zeiss Cirrus,0,0
310,Bevacizumab,135,wk20,77.0,499.0,Zeiss Cirrus,1,0
310,Bevacizumab,175,wk24,73.0,,,1,0
310,Bevacizumab,196,wk28,73.0,452.0,Zeiss Cirrus,0,0
310,Bevacizumab,224,wk32,73.0,399.0,Zeiss Cirrus,0,0
310,Bevacizumab,259,wk36,80.0,452.0,Zeiss Cirrus,0,0
310,Bevacizumab,281,wk40,77.0,417.0,Zeiss Cirrus,0,0
310,Bevacizumab,305,wk44,74.0,449.0,Zeiss Cirrus,0,0
310,Bevacizumab,330,wk48,77.0,480.0,Zeiss Cirrus,0,0
310,Bevacizumab,361,wk52,77.0,460.0,Zeiss Cirrus,0,0
310,Bevacizumab,452,wk64,81.0,452.0,Zeiss Cirrus,0,0
310,Bevacizumab,475,wk68,80.0,446.0,Zeiss Cirrus,0,0
310,Bevacizumab,561,wk80,83.0,,,1,0
310,Bevacizumab,638,wk92,75.0,477.0,Zeiss Cirrus,0,0
310,Bevacizumab,672,wk96,80.0,450.0,Zeiss Cirrus,0,0
310,Bevacizumab,732,wk104,75.0,455.0,Zeiss Cirrus,0,0
311,Bevacizumab,0,baseline,70.0,647.0,Heidelberg Spectralis,1,0
311,Bevacizumab,33,wk4,81.0,583.0,Heidelberg Spectralis,1,0
311,Bevacizumab,49,wk8,84.0,,,1,0
311,Bevacizumab,88,wk12,87.0,548.0,Heidelberg Spectralis,1,0
311,Bevacizumab,108,wk16,89.0,585.0,Heidelberg Spectralis,1,0
311,Bevacizumab,142,wk20,97.0,499.0,Heidelberg Spectralis,0,0
311,Bevacizumab,165,wk24,91.0,501.0,Heidelberg Spectralis,0,0
311,Bevacizumab,201,wk28,92.0,553.0,Heidelberg Spectralis,0,0
311,Bevacizumab,219,wk32,95.0,532.0,Heidelberg Spectralis,0,0
311,Bevacizumab,253,wk36,92.0,498.0,Heidelberg Spectralis,1,0
311,Bevacizumab,283,wk40,96.0,511.0,Heidelberg Spectralis,1,0
311,Bevacizumab,311,wk44,100.0,494.0,Heidelberg Spectralis,1,0
311,Bevacizumab,343,wk48,97.0,555.0,Heidelberg Spectralis,0,0
311,Bevacizumab,363,wk52,96.0,518.0,Heidelberg Spectralis,0,0
311,Bevacizumab,449,wk64,88.0,462.0,Heidelberg Spectralis,0,0
311,Bevacizumab,475,wk68,100.0,,,0,0
311,Bevacizumab,501,wk72,91.0,449.0,Heidelberg Spectralis,1,0
311,Bevacizumab,529,wk76,92.0,496.0,Heidelberg Spectralis,1,0
311,Bevacizumab,564,wk80,93.0,489.0,Heidelberg Spectralis,1,0
311,Bevacizumab,584,wk84,90.0,472.0,Heidelberg Spectralis,1,0
311,Bevacizumab,614,wk88,98.0,463.0,Heidelberg Spectralis,0,0
311,Bevacizumab,641,wk92,90.0,461.0,Heidelberg Spectralis,1,0
311,Bevacizumab,678,wk96,98.0,,,0,0
311,Bevacizumab,731,wk104,89.0,436.0,Heidelberg Spectralis,0,0
312,Bevacizumab,0,baseline,75.0,363.0,Heidelberg Spectralis,1,0
312,Bevacizumab,33,wk4,81.0,324.0,Heidelberg Spectralis,1,0
312,Bevacizumab,52,wk8,89.0,272.0,Heidelberg Spectralis,1,0
312,Bevacizumab,81,wk12,86.0,239.0,Heidelberg Spectralis,1,0
312,Bevacizumab,116,wk16,93.0,269.0,Heidelberg Spectralis,0,0
312,Bevacizumab,137,wk20,95.0,249.0,Heidelberg Spectralis,1,0
312,Bevacizumab,164,wk24,99.0,150.0,Heidelberg Spectralis,1,0
312,Bevacizumab,195,wk28,94.0,,,0,0
312,Bevacizumab,223,wk32,92.0,,,1,1
312,Bevacizumab,259,wk36,100.0,246.0,Heidelberg Spectralis,1,0
312,Bevacizumab,275,wk40,98.0,,,0,0
312,Bevacizumab,315,wk44,98.0,151.0,Heidelberg Spectralis,0,0
312,Bevacizumab,343,wk48,100.0,150.0,Heidelberg Spectralis,1,0
312,Bevacizumab,366,wk52,100.0,190.0,Heidelberg Spectralis,1,0
312,Bevacizumab,418,wk60,100.0,192.0,Heidelberg Spectralis,1,0
312,Bevacizumab,526,wk76,93.0,181.0,Heidelberg Spectralis,0,0
312,Bevacizumab,582,wk84,100.0,,,0,0
312,Bevacizumab,616,wk88,93.0,154.0,Heidelberg Spectralis,1,0
312,Bevacizumab,644,wk92,97.0,228.0,Heidelberg Spectralis,0,0
312,Bevacizumab,676,wk96,98.0,209.0,Heidelberg Spectralis,1,0
312,Bevacizumab,725,wk104,95.0,218.0,Heidelberg Spectralis,0,0
313,Ranibizumab,0,baseline,64.0,333.0,Zeiss Cirrus,1,0
313,Ranibizumab,26,wk4,71.0,375.0,Zeiss Cirrus,1,0
313,Ranibizumab,55,wk8,67.0,361.0,Zeiss Cirrus,1,0
313,Ranibizumab,89,wk12,81.0,374.0,Zeiss Cirrus,1,0
313,Ranibizumab,119,wk16,82.0,360.0,Zeiss Cirrus,1,0
313,Ranibizumab,141,wk20,81.0,369.0,Zeiss Cirrus,0,0
313,Ranibizumab,171,wk24,90.0,362.0,Zeiss Cirrus,0,0
313,Ranibizumab,192,wk28,83.0,398.0,Zeiss Cirrus,1,0
313,Ranibizumab,230,wk32,88.0,361.0,Zeiss Cirrus,1,0
313,Ranibizumab,257,wk36,79.0,312.0,Zeiss Cirrus,1,0
313,Ranibizumab,275,wk40,83.0,363.0,Zeiss Cirrus,1,1
313,Ranibizumab,307,wk44,81.0,331.0,Zeiss Cirrus,1,0
313,Ranibizumab,329,wk48,88.0,312.0,Zeiss Cirrus,1,0
313,Ranibizumab,364,wk52,85.0,358.0,Zeiss Cirrus,1,0
313,Ranibizumab,396,wk56,83.0,,,0,0
313,Ranibizumab,417,wk60,81.0,351.0,Zeiss Cirrus,0,0
313,Ranibizumab,455,wk64,86.0,324.0,Zeiss Cirrus,1,0
313,Ranibizumab,553,wk80,85.0,375.0,Zeiss Cirrus,0,0
313,Ranibizumab,618,wk88,84.0,485.0,Zeiss Cirrus,0,0
313,Ranibizumab,647,wk92,86.0,435.0,Zeiss Cirrus,0,0
313,Ranibizumab,674,wk96,86.0,363.0,Zeiss Cirrus,0,0
313,Ranibizumab,726,wk104,90.0,422.0,Zeiss Cirrus,0,0
314,Aflibercept,0,baseline,65.0,396.0,Zeiss Cirrus,1,0
314,Aflibercept,30,wk4,77.0,386.0,Zeiss Cirrus,1,0
314,Aflibercept,58,wk8,73.0,301.0,Zeiss Cirrus,1,0
314,Aflibercept,86,wk12,84.0,267.0,Zeiss Cirrus,1,0
314,Aflibercept,117,wk16,84.0,206.0,Zeiss Cirrus,0,0
314,Aflibercept,133,wk20,94.0,,,1,0
314,Aflibercept,169,wk24,89.0,327.0,Zeiss Cirrus,1,0
314,Aflibercept,199,wk28,98.0,,,1,0
314,Aflibercept,228,wk32,94.0,267.0,Zeiss Cirrus,0,0
314,Aflibercept,259,wk36,97.0,264.0,Zeiss Cirrus,0,0
314,Aflibercept,274,wk40,95.0,,,0,0
314,Aflibercept,308,wk44,89.0,227.0,Zeiss Cirrus,0,0
314,Aflibercept,330,wk48,91.0,246.0,Zeiss Cirrus,0,0
314,Aflibercept,371,wk52,95.0,259.0,Zeiss Cirrus,1,0
314,Aflibercept,423,wk60,94.0,,,0,0
314,Aflibercept,528,wk76,88.0,247.0,Zeiss Cirrus,1,0
314,Aflibercept,581,wk84,88.0,239.0,Zeiss Cirrus,1,0
314,Aflibercept,619,wk88,83.0,276.0,Zeiss Cirrus,1,0
314,Aflibercept,641,wk92,88.0,254.0,Zeiss Cirrus,1,0
314,Aflibercept,721,wk104,83.0,239.0,Zeiss Cirrus,0,0
315,Bevacizumab,0,baseline,65.0,489.0,Heidelberg Spectralis,1,0
315,Bevacizumab,21,wk4,71.0,406.0,Heidelberg Spectralis,1,0
315,Bevacizumab,62,wk8,81.0,309.0,Heidelberg Spectralis,1,0
315,Bevacizumab,82,wk12,81.0,304.0,Heidelberg Spectralis,1,0
315,Bevacizumab,118,wk16,83.0,281.0,Heidelberg Spectralis,0,0
315,Bevacizumab,137,wk20,86.0,278.0,Heidelberg Spectralis,1,0
315,Bevacizumab,166,wk24,85.0,188.0,Heidelberg Spectralis,0,0
315,Bevacizumab,203,wk28,99.0,268.0,Heidelberg Spectralis,0,0
315,Bevacizumab,228,wk32,89.0,,,0,0
315,Bevacizumab,253,wk36,91.0,212.0,Heidelberg Spectralis,0,0
315,Bevacizumab,287,wk40,96.0,258.0,Heidelberg Spectralis,1,1
315,Bevacizumab,302,wk44,82.0,299.0,Heidelberg Spectralis,0,0
315,Bevacizumab,333,wk48,82.0,232.0,Heidelberg Spectralis,0,0
315,Bevacizumab,369,wk52,90.0,245.0,Heidelberg Spectralis,0,0
315,Bevacizumab,387,wk56,90.0,237.0,Heidelberg Spectralis,1,0
315,Bevacizumab,427,wk60,88.0,233.0,Heidelberg Spectralis,0,0
315,Bevacizumab,511,wk72,94.0,219.0,Heidelberg Spectralis,0,0
315,Bevacizumab,622,wk88,89.0,213.0,Heidelberg Spectralis,0,0
315,Bevacizumab,644,wk92,95.0,203.0,Heidelberg Spectralis,0,0
315,Bevacizumab,673,wk96,96.0,,,0,0
315,Bevacizumab,721,wk104,97.0,199.0,Heidelberg Spectralis,0,0
316,Ranibizumab,0,baseline,70.0,436.0,Heidelberg Spectralis,1,0
316,Ranibizumab,31,wk4,81.0,459.0,Heidelberg Spectralis,1,0
316,Ranibizumab,63,wk8,87.0,,,1,0
316,Ranibizumab,91,wk12,89.0,300.0,Heidelberg Spectralis,1,0
316,Ranibizumab,113,wk16,89.0,330.0,Heidelberg Spectralis,0,0
316,Ranibizumab,142,wk20,96.0,310.0,Heidelberg Spectralis,1,0
316,Ranibizumab,174,wk24,93.0,357.0,Heidelberg Spectralis,0,0
316,Ranibizumab,201,wk28,96.0,352.0,Heidelberg Spectralis,0,0
316,Ranibizumab,226,wk32,96.0,,,0,1
316,Ranibizumab,247,wk36,100.0,370.0,Heidelberg Spectralis,0,0
316,Ranibizumab,281,wk40,100.0,388.0,Heidelberg Spectralis,1,0
316,Ranibizumab,303,wk44,96.0,362.0,Heidelberg Spectralis,1,0
316,Ranibizumab,331,wk48,97.0,369.0,Heidelberg Spectralis,0,0
316,Ranibizumab,366,wk52,98.0,348.0,Heidelberg Spectralis,0,0
316,Ranibizumab,386,wk56,100.0,331.0,Heidelberg Spectralis,0,0
316,Ranibizumab,478,wk68,99.0,385.0,Heidelberg Spectralis,0,0
316,Ranibizumab,498,wk72,97.0,392.0,Heidelberg Spectralis,1,0
316,Ranibizumab,530,wk76,100.0,436.0,Heidelberg Spectralis,0,0
316,Ranibizumab,612,wk88,100.0,411.0,Heidelberg Spectralis,0,0
316,Ranibizumab,639,wk92,100.0,371.0,Heidelberg Spectralis,0,0
316,Ranibizumab,693,wk100,100.0,353.0,Heidelberg Spectralis,0,0
316,Ranibizumab,723,wk104,100.0,373.0,Heidelberg Spectralis,0,0
317,Aflibercept,0,baseline,56.0,507.0,Heidelberg Spectralis,1,0
317,Aflibercept,26,wk4,60.0,429.0,Heidelberg Spectralis,1,0
317,Aflibercept,54,wk8,62.0,,,1,0
317,Aflibercept,90,wk12,71.0,458.0,Heidelberg Spectralis,1,0
317,Aflibercept,106,wk16,68.0,368.0,Heidelberg Spectralis,0,0
317,Aflibercept,147,wk20,74.0,411.0,Heidelberg Spectralis,0,0
317,Aflibercept,173,wk24,73.0,342.0,Heidelberg Spectralis,1,0
317,Aflibercept,194,wk28,73.0,380.0,Heidelberg Spectralis,0,0
317,Aflibercept,224,wk32,74.0,387.0,Heidelberg Spectralis,1,0
317,Aflibercept,252,wk36,68.0,,,1,0
317,Aflibercept,282,wk40,75.0,382.0,Heidelberg Spectralis,1,0
317,Aflibercept,314,wk44,71.0,,,1,1
317,Aflibercept,331,wk48,70.0,,,1,0
317,Aflibercept,361,wk52,73.0,376.0,Heidelberg Spectralis,1,0
317,Aflibercept,476,wk68,73.0,,,0,0
318,Ranibizumab,0,baseline,77.0,424.0,Zeiss Cirrus,1,0
318,Ranibizumab,24,wk4,77.0,367.0,Zeiss Cirrus,1,0
318,Ranibizumab,59,wk8,74.0,348.0,Zeiss Cirrus,1,0
318,Ranibizumab,88,wk12,78.0,328.0,Zeiss Cirrus,1,0
318,Ranibizumab,117,wk16,75.0,,,1,0
318,Ranibizumab,135,wk20,75.0,320.0,Zeiss Cirrus,1,0
318,Ranibizumab,175,wk24,72.0,274.0,Zeiss Cirrus,1,0
318,Ranibizumab,202,wk28,74.0,292.0,Zeiss Cirrus,1,0
318,Ranibizumab,226,wk32,76.0,340.0,Zeiss Cirrus,1,0
318,Ranibizumab,253,wk36,73.0,311.0,Zeiss Cirrus,1,0
318,Ranibizumab,276,wk40,71.0,245.0,Zeiss Cirrus,1,0
318,Ranibizumab,301,wk44,70.0,,,1,0
318,Ranibizumab,329,wk48,72.0,263.0,Zeiss Cirrus,1,0
318,Ranibizumab,361,wk52,75.0,286.0,Zeiss Cirrus,1,0
318,Ranibizumab,398,wk56,78.0,299.0,Zeiss Cirrus,1,0
318,Ranibizumab,510,wk72,69.0,313.0,Zeiss Cirrus,1,0
318,Ranibizumab,535,wk76,69.0,271.0,Zeiss Cirrus,0,0
318,Ranibizumab,593,wk84,74.0,297.0,Zeiss Cirrus,1,0
318,Ranibizumab,614,wk88,76.0,367.0,Zeiss Cirrus,1,0
318,Ranibizumab,665,wk96,67.0,334.0,Zeiss Cirrus,0,0
318,Ranibizumab,700,wk100,67.0,334.0,Zeiss Cirrus,1,0
318,Ranibizumab,730,wk104,67.0,310.0,Zeiss Cirrus,0,0
319,Aflibercept,0,baseline,78.0,417.0,Zeiss Cirrus,1,0
319,Aflibercept,22,wk4,89.0,333.0,Zeiss Cirrus,1,0
319,Aflibercept,62,wk8,87.0,286.0,Zeiss Cirrus,1,0
319,Aflibercept,85,wk12,93.0,305.0,Zeiss Cirrus,1,0
319,Aflibercept,106,wk16,91.0,264.0,Zeiss Cirrus,0,0
319,Aflibercept,135,wk20,92.0,238.0,Zeiss Cirrus,1,0
319,Aflibercept,163,wk24,99.0,150.0,Zeiss Cirrus,1,0
319,Aflibercept,192,wk28,100.0,,,1,1
319,Aflibercept,225,wk32,93.0,247.0,Zeiss Cirrus,0,0
319,Aflibercept,253,wk36,100.0,224.0,Zeiss Cirrus,0,0
319,Aflibercept,273,wk40,94.0,246.0,Zeiss Cirrus,1,0
319,Aflibercept,301,wk44,99.0,,,1,0
319,Aflibercept,329,wk48,100.0,222.0,Zeiss Cirrus,0,0
319,Aflibercept,361,wk52,100.0,210.0,Zeiss Cirrus,0,0
319,Aflibercept,385,wk56,99.0,,,1,0
319,Aflibercept,415,wk60,96.0,,,0,0
319,Aflibercept,474,wk68,98.0,170.0,Zeiss Cirrus,1,0
319,Aflibercept,582,wk84,100.0,,,1,0
319,Aflibercept,676,wk96,100.0,236.0,Zeiss Cirrus,1,0
319,Aflibercept,703,wk100,99.0,150.0,Zeiss Cirrus,1,0
319,Aflibercept,725,wk104,100.0,150.0,Zeiss Cirrus,0,0
320,Ranibizumab,0,baseline,74.0,789.0,Heidelberg Spectralis,1,0
320,Ranibizumab,32,wk4,78.0,705.0,Heidelberg Spectralis,1,0
320,Ranibizumab,63,wk8,78.0,610.0,Heidelberg Spectralis,1,0
320,Ranibizumab,88,wk12,78.0,,,1,0
320,Ranibizumab,115,wk16,72.0,567.0,Heidelberg Spectralis,1,0
320,Ranibizumab,137,wk20,83.0,598.0,Heidelberg Spectralis,0,0
320,Ranibizumab,164,wk24,77.0,,,1,0
320,Ranibizumab,196,wk28,80.0,543.0,Heidelberg Spectralis,1,0
320,Ranibizumab,229,wk32,70.0,531.0,Heidelberg Spectralis,0,0
320,Ranibizumab,251,wk36,71.0,552.0,Heidelberg Spectralis,1,0
320,Ranibizumab,277,wk40,74.0,542.0,Heidelberg Spectralis,1,0
320,Ranibizumab,306,wk44,80.0,499.0,Heidelberg Spectralis,1,0
320,Ranibizumab,342,wk48,75.0,537.0,Heidelberg Spectralis,1,0
320,Ranibizumab,368,wk52,77.0,548.0,Heidelberg Spectralis,1,0
320,Ranibizumab,388,wk56,76.0,533.0,Heidelberg Spectralis,1,0
320,Ranibizumab,473,wk68,78.0,546.0,Heidelberg Spectralis,1,0
320,Ranibizumab,525,wk76,75.0,502.0,Heidelberg Spectralis,1,0
320,Ranibizumab,611,wk88,79.0,546.0,Heidelberg Spectralis,0,0
320,Ranibizumab,676,wk96,86.0,564.0,Heidelberg Spectralis,0,0
320,Ranibizumab,734,wk104,74.0,568.0,Heidelberg Spectralis,0,0
321,Bevacizumab,0,baseline,69.0,405.0,Heidelberg Spectralis,1,0
321,Bevacizumab,22,wk4,70.0,380.0,Heidelberg Spectralis,1,0
321,Bevacizumab,55,wk8,63.0,,,1,0
321,Bevacizumab,79,wk12,68.0,380.0,Heidelberg Spectralis,1,0
321,Bevacizumab,109,wk16,63.0,320.0,Heidelberg Spectralis,0,0
321,Bevacizumab,136,wk20,62.0,310.0,Heidelberg Spectralis,1,0
321,Bevacizumab,168,wk24,70.0,,,0,0
321,Bevacizumab,198,wk28,72.0,298.0,Heidelberg Spectralis,0,0
321,Bevacizumab,223,wk32,63.0,272.0,Heidelberg Spectralis,0,0
321,Bevacizumab,247,wk36,64.0,257.0,Heidelberg Spectralis,1,0
321,Bevacizumab,287,wk40,69.0,293.0,Heidelberg Spectralis,0,0
321,Bevacizumab,302,wk44,65.0,316.0,Heidelberg Spectralis,0,0
321,Bevacizumab,336,wk48,67.0,354.0,Heidelberg Spectralis,0,0
321,Bevacizumab,364,wk52,66.0,298.0,Heidelberg Spectralis,1,0
321,Bevacizumab,385,wk56,66.0,326.0,Heidelberg Spectralis,0,0
321,Bevacizumab,504,wk72,69.0,314.0,Heidelberg Spectralis,1,0
321,Bevacizumab,565,wk80,56.0,348.0,Heidelberg Spectralis,0,0
321,Bevacizumab,612,wk88,63.0,261.0,Heidelberg Spectralis,0,0
321,Bevacizumab,679,wk96,54.0,309.0,Heidelberg Spectralis,0,0
321,Bevacizumab,732,wk104,57.0,304.0,Heidelberg Spectralis,0,0
322,Aflibercept,0,baseline,67.0,633.0,Zeiss Cirrus,1,0
322,Aflibercept,31,wk4,65.0,634.0,Zeiss Cirrus,1,0
322,Aflibercept,49,wk8,69.0,,,1,0
322,Aflibercept,86,wk12,74.0,486.0,Zeiss Cirrus,1,0
322,Aflibercept,112,wk16,75.0,,,1,0
322,Aflibercept,135,wk20,70.0,361.0,Zeiss Cirrus,1,0
322,Aflibercept,175,wk24,70.0,482.0,Zeiss Cirrus,1,0
322,Aflibercept,194,wk28,72.0,398.0,Zeiss Cirrus,1,0
322,Aflibercept,231,wk32,83.0,480.0,Zeiss Cirrus,0,0
322,Aflibercept,251,wk36,85.0,418.0,Zeiss Cirrus,1,0
322,Aflibercept,284,wk40,77.0,460.0,Zeiss Cirrus,0,0
322,Aflibercept,311,wk44,82.0,491.0,Zeiss Cirrus,0,0
322,Aflibercept,342,wk48,77.0,411.0,Zeiss Cirrus,0,0
322,Aflibercept,366,wk52,76.0,434.0,Zeiss Cirrus,0,0
322,Aflibercept,455,wk64,80.0,416.0,Zeiss Cirrus,1,0
322,Aflibercept,472,wk68,78.0,365.0,Zeiss Cirrus,0,0
322,Aflibercept,498,wk72,84.0,,,1,0
322,Aflibercept,536,wk76,71.0,418.0,Zeiss Cirrus,0,0
322,Aflibercept,565,wk80,86.0,440.0,Zeiss Cirrus,0,0
322,Aflibercept,589,wk84,90.0,380.0,Zeiss Cirrus,1,0
322,Aflibercept,610,wk88,86.0,393.0,Zeiss Cirrus,1,0
322,Aflibercept,694,wk100,85.0,416.0,Zeiss Cirrus,1,0
322,Aflibercept,725,wk104,88.0,386.0,Zeiss Cirrus,0,0
323,Bevacizumab,0,baseline,39.0,604.0,Zeiss Cirrus,1,0
323,Bevacizumab,25,wk4,42.0,512.0,Zeiss Cirrus,1,0
323,Bevacizumab,62,wk8,53.0,447.0,Zeiss Cirrus,1,0
323,Bevacizumab,78,wk12,57.0,409.0,Zeiss Cirrus,1,0
323,Bevacizumab,117,wk16,52.0,361.0,Zeiss Cirrus,0,0
323,Bevacizumab,146,wk20,52.0,344.0,Zeiss Cirrus,0,0
323,Bevacizumab,173,wk24,56.0,321.0,Zeiss Cirrus,0,0
323,Bevacizumab,197,wk28,54.0,283.0,Zeiss Cirrus,0,0
323,Bevacizumab,217,wk32,57.0,307.0,Zeiss Cirrus,1,0
323,Bevacizumab,245,wk36,60.0,332.0,Zeiss Cirrus,0,0
323,Bevacizumab,282,wk40,55.0,332.0,Zeiss Cirrus,0,0
323,Bevacizumab,306,wk44,55.0,,,0,0
323,Bevacizumab,332,wk48,49.0,285.0,Zeiss Cirrus,0,0
323,Bevacizumab,357,wk52,56.0,303.0,Zeiss Cirrus,1,0
323,Bevacizumab,469,wk68,48.0,,,0,0
323,Bevacizumab,499,wk72,60.0,264.0,Zeiss Cirrus,1,0
323,Bevacizumab,527,wk76,55.0,308.0,Zeiss Cirrus,0,0
323,Bevacizumab,566,wk80,47.0,336.0,Zeiss Cirrus,0,0
323,Bevacizumab,678,wk96,54.0,341.0,Zeiss Cirrus,1,0
323,Bevacizumab,733,wk104,51.0,345.0,Zeiss Cirrus,0,0
324,Bevacizumab,0,baseline,77.0,482.0,Zeiss Cirrus,1,0
324,Bevacizumab,25,wk4,71.0,427.0,Zeiss Cirrus,1,0
324,Bevacizumab,52,wk8,73.0,453.0,Zeiss Cirrus,1,0
324,Bevacizumab,91,wk12,70.0,,,1,0
324,Bevacizumab,119,wk16,69.0,,,0,0
324,Bevacizumab,139,wk20,65.0,,,1,0
324,Bevacizumab,172,wk24,65.0,410.0,Zeiss Cirrus,1,0
324,Bevacizumab,201,wk28,62.0,404.0,Zeiss Cirrus,1,0
324,Bevacizumab,231,wk32,63.0,,,1,0
324,Bevacizumab,257,wk36,67.0,,,1,0
324,Bevacizumab,275,wk40,63.0,422.0,Zeiss Cirrus,1,0
324,Bevacizumab,303,wk44,65.0,434.0,Zeiss Cirrus,1,0
324,Bevacizumab,336,wk48,61.0,358.0,Zeiss Cirrus,1,0
324,Bevacizumab,364,wk52,64.0,399.0,Zeiss Cirrus,0,0
324,Bevacizumab,482,wk68,59.0,399.0,Zeiss Cirrus,1,0
324,Bevacizumab,501,wk72,59.0,398.0,Zeiss Cirrus,1,0
324,Bevacizumab,617,wk88,53.0,368.0,Zeiss Cirrus,0,1
324,Bevacizumab,673,wk96,64.0,358.0,Zeiss Cirrus,0,0
324,Bevacizumab,693,wk100,60.0,417.0,Zeiss Cirrus,0,0
324,Bevacizumab,735,wk104,55.0,407.0,Zeiss Cirrus,0,0
325,Aflibercept,0,baseline,64.0,303.0,Heidelberg Spectralis,1,0
325,Aflibercept,34,wk4,62.0,289.0,Heidelberg Spectralis,1,0
325,Aflibercept,60,wk8,62.0,,,1,0
325,Aflibercept,80,wk12,63.0,218.0,Heidelberg Spectralis,1,0
325,Aflibercept,109,wk16,75.0,275.0,Heidelberg Spectralis,0,0
325,Aflibercept,142,wk20,61.0,273.0,Heidelberg Spectralis,0,0
325,Aflibercept,166,wk24,63.0,,,0,1
325,Aflibercept,203,wk28,65.0,270.0,Heidelberg Spectralis,0,0
325,Aflibercept,227,wk32,64.0,276.0,Heidelberg Spectralis,0,0
325,Aflibercept,252,wk36,60.0,271.0,Heidelberg Spectralis,0,0
325,Aflibercept,284,wk40,65.0,301.0,Heidelberg Spectralis,0,0
325,Aflibercept,305,wk44,73.0,277.0,Heidelberg Spectralis,0,0
325,Aflibercept,342,wk48,62.0,,,0,0
325,Aflibercept,363,wk52,66.0,274.0,Heidelberg Spectralis,0,0
325,Aflibercept,417,wk60,64.0,317.0,Heidelberg Spectralis,1,0
325,Aflibercept,445,wk64,65.0,244.0,Heidelberg Spectralis,0,0
325,Aflibercept,479,wk68,72.0,326.0,Heidelberg Spectralis,0,0
325,Aflibercept,505,wk72,63.0,322.0,Heidelberg Spectralis,1,0
325,Aflibercept,562,wk80,73.0,297.0,Heidelberg Spectralis,1,0
325,Aflibercept,611,wk88,58.0,322.0,Heidelberg Spectralis,0,0
325,Aflibercept,672,wk96,65.0,263.0,Heidelberg Spectralis,0,0
325,Aflibercept,700,wk100,61.0,352.0,Heidelberg Spectralis,1,0
325,Aflibercept,723,wk104,68.0,317.0,Heidelberg Spectralis,0,0
326,Ranibizumab,0,baseline,72.0,432.0,Zeiss Cirrus,1,0
326,Ranibizumab,23,wk4,77.0,432.0,Zeiss Cirrus,1,0
326,Ranibizumab,63,wk8,72.0,366.0,Zeiss Cirrus,1,0
326,Ranibizumab,80,wk12,74.0,401.0,Zeiss Cirrus,1,0
326,Ranibizumab,109,wk16,74.0,324.0,Zeiss Cirrus,1,0
326,Ranibizumab,141,wk20,67.0,322.0,Zeiss Cirrus,0,0
326,Ranibizumab,168,wk24,73.0,385.0,Zeiss Cirrus,1,0
326,Ranibizumab,200,wk28,74.0,399.0,Zeiss Cirrus,0,0
326,Ranibizumab,226,wk32,79.0,366.0,Zeiss Cirrus,0,0
326,Ranibizumab,251,wk36,65.0,436.0,Zeiss Cirrus,1,0
326,Ranibizumab,276,wk40,73.0,399.0,Zeiss Cirrus,1,0
326,Ranibizumab,311,wk44,78.0,346.0,Zeiss Cirrus,1,0
326,Ranibizumab,343,wk48,73.0,412.0,Zeiss Cirrus,1,0
326,Ranibizumab,362,wk52,73.0,375.0,Zeiss Cirrus,0,0
326,Ranibizumab,413,wk60,77.0,342.0,Zeiss Cirrus,0,0
326,Ranibizumab,443,wk64,72.0,393.0,Zeiss Cirrus,1,0
326,Ranibizumab,537,wk76,75.0,353.0,Zeiss Cirrus,0,0
326,Ranibizumab,557,wk80,66.0,371.0,Zeiss Cirrus,0,0
326,Ranibizumab,641,wk92,72.0,376.0,Zeiss Cirrus,1,0
326,Ranibizumab,671,wk96,78.0,,,0,0
326,Ranibizumab,695,wk100,74.0,332.0,Zeiss Cirrus,1,0
326,Ranibizumab,735,wk104,73.0,323.0,Zeiss Cirrus,0,0
327,Bevacizumab,0,baseline,78.0,406.0,Heidelberg Spectralis,1,0
327,Bevacizumab,35,wk4,79.0,446.0,Heidelberg Spectralis,1,0
327,Bevacizumab,54,wk8,78.0,428.0,Heidelberg Spectralis,1,0
327,Bevacizumab,81,wk12,75.0,512.0,Heidelberg Spectralis,1,0
327,Bevacizumab,115,wk16,65.0,466.0,Heidelberg Spectralis,0,0
327,Bevacizumab,144,wk20,68.0,442.0,Heidelberg Spectralis,0,0
327,Bevacizumab,175,wk24,69.0,511.0,Heidelberg Spectralis,0,1
327,Bevacizumab,191,wk28,68.0,434.0,Heidelberg Spectralis,1,0
327,Bevacizumab,231,wk32,70.0,421.0,Heidelberg Spectralis,0,0
327,Bevacizumab,257,wk36,78.0,457.0,Heidelberg Spectralis,0,0
327,Bevacizumab,273,wk40,68.0,453.0,Heidelberg Spectralis,1,0
327,Bevacizumab,312,wk44,74.0,421.0,Heidelberg Spectralis,0,0
327,Bevacizumab,337,wk48,71.0,447.0,Heidelberg Spectralis,0,0
327,Bevacizumab,359,wk52,71.0,450.0,Heidelberg Spectralis,0,0
327,Bevacizumab,389,wk56,71.0,420.0,Heidelberg Spectralis,0,0
327,Bevacizumab,425,wk60,74.0,475.0,Heidelberg Spectralis,0,0
327,Bevacizumab,448,wk64,78.0,508.0,Heidelberg Spectralis,1,0
327,Bevacizumab,477,wk68,77.0,,,0,0
327,Bevacizumab,499,wk72,75.0,445.0,Heidelberg Spectralis,1,0
327,Bevacizumab,619,wk88,73.0,421.0,Heidelberg Spectralis,0,0
327,Bevacizumab,704,wk100,79.0,509.0,Heidelberg Spectralis,1,0
327,Bevacizumab,723,wk104,80.0,456.0,Heidelberg Spectralis,0,0
328,Bevacizumab,0,baseline,69.0,456.0,Heidelberg Spectralis,1,0
328,Bevacizumab,25,wk4,75.0,411.0,Heidelberg Spectralis,1,0
328,Bevacizumab,54,wk8,73.0,351.0,Heidelberg Spectralis,1,0
328,Bevacizumab,82,wk12,78.0,373.0,Heidelberg Spectralis,1,0
328,Bevacizumab,107,wk16,83.0,342.0,Heidelberg Spectralis,0,0
328,Bevacizumab,139,wk20,85.0,303.0,Heidelberg Spectralis,1,0
328,Bevacizumab,167,wk24,85.0,264.0,Heidelberg Spectralis,0,0
328,Bevacizumab,203,wk28,83.0,401.0,Heidelberg Spectralis,1,0
328,Bevacizumab,218,wk32,89.0,304.0,Heidelberg Spectralis,0,0
328,Bevacizumab,252,wk36,96.0,315.0,Heidelberg Spectralis,1,0
328,Bevacizumab,282,wk40,83.0,305.0,Heidelberg Spectralis,0,0
328,Bevacizumab,310,wk44,82.0,,,1,0
328,Bevacizumab,332,wk48,89.0,331.0,Heidelberg Spectralis,0,1
328,Bevacizumab,371,wk52,86.0,304.0,Heidelberg Spectralis,1,0
328,Bevacizumab,444,wk64,87.0,251.0,Heidelberg Spectralis,1,0
328,Bevacizumab,501,wk72,80.0,311.0,Heidelberg Spectralis,1,0
328,Bevacizumab,529,wk76,89.0,321.0,Heidelberg Spectralis,0,1
328,Bevacizumab,566,wk80,85.0,,,1,0
328,Bevacizumab,638,wk92,88.0,256.0,Heidelberg Spectralis,0,0
328,Bevacizumab,666,wk96,87.0,,,0,0
328,Bevacizumab,696,wk100,83.0,201.0,Heidelberg Spectralis,1,0
328,Bevacizumab,730,wk104,84.0,258.0,Heidelberg Spectralis,0,0
329,Aflibercept,0,baseline,66.0,336.0,Zeiss Cirrus,1,0
329,Aflibercept,25,wk4,74.0,295.0,Zeiss Cirrus,1,0
329,Aflibercept,49,wk8,70.0,257.0,Zeiss Cirrus,1,0
329,Aflibercept,85,wk12,75.0,366.0,Zeiss Cirrus,1,0
329,Aflibercept,118,wk16,82.0,288.0,Zeiss Cirrus,1,0
329,Aflibercept,138,wk20,81.0,253.0,Zeiss Cirrus,1,0
330,Aflibercept,0,baseline,62.0,512.0,Zeiss Cirrus,1,0
330,Aflibercept,33,wk4,65.0,381.0,Zeiss Cirrus,1,0
330,Aflibercept,55,wk8,70.0,,,1,0
330,Aflibercept,89,wk12,81.0,338.0,Zeiss Cirrus,1,0
330,Aflibercept,107,wk16,77.0,281.0,Zeiss Cirrus,1,0
330,Aflibercept,133,wk20,82.0,296.0,Zeiss Cirrus,1,0
330,Aflibercept,167,wk24,91.0,,,1,0
330,Aflibercept,190,wk28,80.0,,,1,0
330,Aflibercept,217,wk32,82.0,199.0,Zeiss Cirrus,1,1
330,Aflibercept,254,wk36,93.0,179.0,Zeiss Cirrus,1,0
330,Aflibercept,279,wk40,85.0,235.0,Zeiss Cirrus,1,0
330,Aflibercept,313,wk44,82.0,224.0,Zeiss Cirrus,1,0
330,Aflibercept,335,wk48,92.0,,,1,0
330,Aflibercept,360,wk52,85.0,219.0,Zeiss Cirrus,1,0
330,Aflibercept,395,wk56,86.0,234.0,Zeiss Cirrus,1,0
330,Aflibercept,445,wk64,88.0,243.0,Zeiss Cirrus,0,0
330,Aflibercept,483,wk68,90.0,217.0,Zeiss Cirrus,1,0
330,Aflibercept,510,wk72,80.0,259.0,Zeiss Cirrus,0,0
330,Aflibercept,560,wk80,84.0,241.0,Zeiss Cirrus,0,0
330,Aflibercept,593,wk84,86.0,246.0,Zeiss Cirrus,1,0
330,Aflibercept,619,wk88,82.0,213.0,Zeiss Cirrus,0,0
330,Aflibercept,639,wk92,81.0,273.0,Zeiss Cirrus,0,0
330,Aflibercept,703,wk100,84.0,274.0,Zeiss Cirrus,0,0
330,Aflibercept,724,wk104,87.0,268.0,Zeiss Cirrus,0,0
331,Ranibizumab,0,baseline,61.0,541.0,Zeiss Cirrus,1,0
331,Ranibizumab,25,wk4,70.0,484.0,Zeiss Cirrus,1,0
331,Ranibizumab,56,wk8,70.0,426.0,Zeiss Cirrus,1,0
331,Ranibizumab,81,wk12,79.0,,,1,0
331,Ranibizumab,119,wk16,76.0,,,1,0
331,Ranibizumab,147,wk20,76.0,324.0,Zeiss Cirrus,1,0
331,Ranibizumab,166,wk24,83.0,309.0,Zeiss Cirrus,1,0
331,Ranibizumab,196,wk28,78.0,311.0,Zeiss Cirrus,0,0
331,Ranibizumab,217,wk32,85.0,223.0,Zeiss Cirrus,0,0
331,Ranibizumab,247,wk36,80.0,283.0,Zeiss Cirrus,1,0
331,Ranibizumab,286,wk40,79.0,277.0,Zeiss Cirrus,0,0
331,Ranibizumab,301,wk44,87.0,291.0,Zeiss Cirrus,1,0
331,Ranibizumab,343,wk48,77.0,223.0,Zeiss Cirrus,1,0
332,Ranibizumab,0,baseline,62.0,565.0,Zeiss Cirrus,1,0
332,Ranibizumab,24,wk4,59.0,,,1,0
332,Ranibizumab,54,wk8,77.0,426.0,Zeiss Cirrus,1,0
332,Ranibizumab,88,wk12,68.0,,,1,0
332,Ranibizumab,107,wk16,68.0,400.0,Zeiss Cirrus,0,0
332,Ranibizumab,134,wk20,75.0,356.0,Zeiss Cirrus,0,0
332,Ranibizumab,169,wk24,74.0,366.0,Zeiss Cirrus,0,0
332,Ranibizumab,192,wk28,78.0,357.0,Zeiss Cirrus,0,1
332,Ranibizumab,221,wk32,76.0,347.0,Zeiss Cirrus,1,0
332,Ranibizumab,245,wk36,77.0,269.0,Zeiss Cirrus,0,0
332,Ranibizumab,274,wk40,75.0,379.0,Zeiss Cirrus,0,0
332,Ranibizumab,303,wk44,78.0,318.0,Zeiss Cirrus,1,0
332,Ranibizumab,331,wk48,71.0,,,0,0
332,Ranibizumab,358,wk52,75.0,316.0,Zeiss Cirrus,0,0
332,Ranibizumab,398,wk56,74.0,350.0,Zeiss Cirrus,0,0
332,Ranibizumab,422,wk60,80.0,296.0,Zeiss Cirrus,0,0
332,Ranibizumab,507,wk72,70.0,,,0,0
332,Ranibizumab,559,wk80,74.0,,,1,0
332,Ranibizumab,678,wk96,75.0,,,0,0
332,Ranibizumab,700,wk100,77.0,263.0,Zeiss Cirrus,1,0
332,Ranibizumab,732,wk104,77.0,251.0,Zeiss Cirrus,0,0
333,Ranibizumab,0,baseline,73.0,417.0,Heidelberg Spectralis,1,0
333,Ranibizumab,25,wk4,77.0,359.0,Heidelberg Spectralis,1,0
333,Ranibizumab,54,wk8,88.0,380.0,Heidelberg Spectralis,1,0
333,Ranibizumab,86,wk12,84.0,369.0,Heidelberg Spectralis,1,0
333,Ranibizumab,117,wk16,87.0,,,1,0
333,Ranibizumab,137,wk20,80.0,283.0,Heidelberg Spectralis,1,0
333,Ranibizumab,165,wk24,90.0,336.0,Heidelberg Spectralis,1,0
333,Ranibizumab,196,wk28,85.0,408.0,Heidelberg Spectralis,0,0
333,Ranibizumab,217,wk32,82.0,342.0,Heidelberg Spectralis,1,0
333,Ranibizumab,257,wk36,85.0,,,0,0
333,Ranibizumab,277,wk40,85.0,335.0,Heidelberg Spectralis,1,0
333,Ranibizumab,305,wk44,91.0,380.0,Heidelberg Spectralis,1,0
333,Ranibizumab,331,wk48,84.0,337.0,Heidelberg Spectralis,1,0
333,Ranibizumab,371,wk52,88.0,337.0,Heidelberg Spectralis,1,0
333,Ranibizumab,390,wk56,85.0,371.0,Heidelberg Spectralis,1,0
333,Ranibizumab,423,wk60,91.0,321.0,Heidelberg Spectralis,0,0
333,Ranibizumab,510,wk72,93.0,374.0,Heidelberg Spectralis,0,0
333,Ranibizumab,538,wk76,93.0,369.0,Heidelberg Spectralis,1,0
333,Ranibizumab,647,wk92,92.0,,,0,0
333,Ranibizumab,676,wk96,96.0,373.0,Heidelberg Spectralis,1,0
333,Ranibizumab,730,wk104,90.0,365.0,Heidelberg Spectralis,0,0
334,Bevacizumab,0,baseline,78.0,291.0,Zeiss Stratus,1,0
334,Bevacizumab,21,wk4,85.0,289.0,Zeiss Stratus,1,0
334,Bevacizumab,51,wk8,78.0,354.0,Zeiss Stratus,1,0
334,Bevacizumab,79,wk12,81.0,419.0,Zeiss Stratus,1,0
334,Bevacizumab,105,wk16,89.0,,,0,0
334,Bevacizumab,134,wk20,84.0,423.0,Zeiss Stratus,1,0
334,Bevacizumab,164,wk24,91.0,408.0,Zeiss Stratus,1,0
334,Bevacizumab,198,wk28,83.0,478.0,Zeiss Stratus,1,0
334,Bevacizumab,231,wk32,80.0,430.0,Zeiss Stratus,1,0
334,Bevacizumab,249,wk36,85.0,448.0,Zeiss Stratus,0,0
334,Bevacizumab,287,wk40,86.0,441.0,Zeiss Stratus,1,0
334,Bevacizumab,305,wk44,86.0,403.0,Zeiss Stratus,0,0
334,Bevacizumab,334,wk48,85.0,433.0,Zeiss Stratus,1,0
334,Bevacizumab,363,wk52,84.0,426.0,Zeiss Stratus,0,0
334,Bevacizumab,426,wk60,88.0,398.0,Zeiss Stratus,0,0
334,Bevacizumab,453,wk64,88.0,438.0,Zeiss Stratus,0,0
334,Bevacizumab,470,wk68,91.0,477.0,Zeiss Stratus,0,0
334,Bevacizumab,503,wk72,88.0,411.0,Zeiss Stratus,1,0
334,Bevacizumab,538,wk76,78.0,435.0,Zeiss Stratus,0,0
334,Bevacizumab,593,wk84,88.0,442.0,Zeiss Stratus,1,0
334,Bevacizumab,670,wk96,85.0,432.0,Zeiss Stratus,0,0
334,Bevacizumab,693,wk100,86.0,439.0,Zeiss Stratus,0,0
334,Bevacizumab,721,wk104,85.0,415.0,Zeiss Stratus,0,0
335,Aflibercept,0,baseline,42.0,465.0,Zeiss Cirrus,1,0
335,Aflibercept,34,wk4,54.0,392.0,Zeiss Cirrus,1,0
335,Aflibercept,54,wk8,47.0,473.0,Zeiss Cirrus,1,0
335,Aflibercept,90,wk12,65.0,403.0,Zeiss Cirrus,1,0
335,Aflibercept,113,wk16,57.0,381.0,Zeiss Cirrus,0,0
335,Aflibercept,147,wk20,60.0,418.0,Zeiss Cirrus,1,0
335,Aflibercept,166,wk24,65.0,451.0,Zeiss Cirrus,1,0
335,Aflibercept,203,wk28,61.0,428.0,Zeiss Cirrus,0,0
335,Aflibercept,219,wk32,57.0,397.0,Zeiss Cirrus,0,0
335,Aflibercept,259,wk36,65.0,421.0,Zeiss Cirrus,0,0
335,Aflibercept,277,wk40,65.0,403.0,Zeiss Cirrus,0,0
335,Aflibercept,314,wk44,61.0,439.0,Zeiss Cirrus,1,0
335,Aflibercept,343,wk48,63.0,425.0,Zeiss Cirrus,1,0
335,Aflibercept,357,wk52,63.0,429.0,Zeiss Cirrus,1,0
335,Aflibercept,392,wk56,68.0,391.0,Zeiss Cirrus,0,0
335,Aflibercept,448,wk64,63.0,428.0,Zeiss Cirrus,0,0
335,Aflibercept,476,wk68,67.0,,,1,0
335,Aflibercept,501,wk72,71.0,446.0,Zeiss Cirrus,1,0
335,Aflibercept,587,wk84,62.0,,,1,0
335,Aflibercept,619,wk88,57.0,,,0,0
335,Aflibercept,722,wk104,61.0,466.0,Zeiss Cirrus,0,0
336,Aflibercept,0,baseline,66.0,676.0,Heidelberg Spectralis,1,0
336,Aflibercept,26,wk4,67.0,,,1,0
336,Aflibercept,60,wk8,65.0,465.0,Heidelberg Spectralis,1,0
336,Aflibercept,88,wk12,70.0,424.0,Heidelberg Spectralis,1,0
336,Aflibercept,116,wk16,69.0,372.0,Heidelberg Spectralis,0,0
336,Aflibercept,146,wk20,67.0,388.0,Heidelberg Spectralis,0,0
336,Aflibercept,168,wk24,66.0,,,0,0
336,Aflibercept,195,wk28,64.0,383.0,Heidelberg Spectralis,0,0
336,Aflibercept,222,wk32,69.0,406.0,Heidelberg Spectralis,1,0
336,Aflibercept,255,wk36,71.0,362.0,Heidelberg Spectralis,0,0
336,Aflibercept,283,wk40,69.0,381.0,Heidelberg Spectralis,0,0
336,Aflibercept,309,wk44,74.0,308.0,Heidelberg Spectralis,1,0
336,Aflibercept,343,wk48,65.0,371.0,Heidelberg Spectralis,0,0
336,Aflibercept,367,wk52,70.0,342.0,Heidelberg Spectralis,1,0
336,Aflibercept,473,wk68,72.0,353.0,Heidelberg Spectralis,1,0
336,Aflibercept,506,wk72,69.0,294.0,Heidelberg Spectralis,0,0
336,Aflibercept,529,wk76,77.0,294.0,Heidelberg Spectralis,0,0
336,Aflibercept,567,wk80,72.0,289.0,Heidelberg Spectralis,1,0
336,Aflibercept,614,wk88,70.0,278.0,Heidelberg Spectralis,1,0
336,Aflibercept,638,wk92,77.0,278.0,Heidelberg Spectralis,0,0
336,Aflibercept,667,wk96,78.0,301.0,Heidelberg Spectralis,1,0
336,Aflibercept,707,wk100,74.0,,,0,0
336,Aflibercept,729,wk104,75.0,300.0,Heidelberg Spectralis,0,0
337,Bevacizumab,0,baseline,70.0,436.0,Zeiss Cirrus,1,0
337,Bevacizumab,28,wk4,69.0,408.0,Zeiss Cirrus,1,0
337,Bevacizumab,55,wk8,77.0,382.0,Zeiss Cirrus,1,0
337,Bevacizumab,80,wk12,73.0,439.0,Zeiss Cirrus,1,0
337,Bevacizumab,111,wk16,82.0,356.0,Zeiss Cirrus,1,0
337,Bevacizumab,145,wk20,79.0,381.0,Zeiss Cirrus,0,0
337,Bevacizumab,166,wk24,74.0,,,1,0
337,Bevacizumab,201,wk28,81.0,402.0,Zeiss Cirrus,0,0
337,Bevacizumab,228,wk32,83.0,,,0,0
337,Bevacizumab,252,wk36,81.0,384.0,Zeiss Cirrus,1,0
337,Bevacizumab,274,wk40,75.0,394.0,Zeiss Cirrus,0,0
337,Bevacizumab,307,wk44,87.0,373.0,Zeiss Cirrus,0,0
337,Bevacizumab,336,wk48,80.0,448.0,Zeiss Cirrus,1,0
337,Bevacizumab,369,wk52,81.0,376.0,Zeiss Cirrus,1,0
337,Bevacizumab,398,wk56,80.0,350.0,Zeiss Cirrus,1,0
337,Bevacizumab,427,wk60,77.0,343.0,Zeiss Cirrus,1,0
338,Aflibercept,0,baseline,76.0,502.0,Heidelberg Spectralis,1,0
338,Aflibercept,28,wk4,72.0,442.0,Heidelberg Spectralis,1,0
338,Aflibercept,61,wk8,77.0,,,1,0
338,Aflibercept,88,wk12,74.0,439.0,Heidelberg Spectralis,1,0
338,Aflibercept,113,wk16,67.0,424.0,Heidelberg Spectralis,0,0
338,Aflibercept,136,wk20,75.0,,,0,0
338,Aflibercept,161,wk24,78.0,376.0,Heidelberg Spectralis,0,0
338,Aflibercept,196,wk28,70.0,342.0,Heidelberg Spectralis,1,0
338,Aflibercept,231,wk32,65.0,389.0,Heidelberg Spectralis,0,0
338,Aflibercept,245,wk36,75.0,346.0,Heidelberg Spectralis,0,0
338,Aflibercept,284,wk40,68.0,385.0,Heidelberg Spectralis,0,1
338,Aflibercept,303,wk44,70.0,374.0,Heidelberg Spectralis,1,0
338,Aflibercept,343,wk48,72.0,,,0,0
338,Aflibercept,362,wk52,71.0,377.0,Heidelberg Spectralis,1,0
338,Aflibercept,476,wk68,69.0,402.0,Heidelberg Spectralis,0,0
338,Aflibercept,506,wk72,62.0,404.0,Heidelberg Spectralis,1,0
338,Aflibercept,590,wk84,70.0,370.0,Heidelberg Spectralis,0,0
339,Aflibercept,0,baseline,62.0,431.0,Heidelberg Spectralis,1,0
339,Aflibercept,27,wk4,70.0,447.0,Heidelberg Spectralis,1,0
339,Aflibercept,58,wk8,74.0,390.0,Heidelberg Spectralis,1,0
339,Aflibercept,81,wk12,76.0,389.0,Heidelberg Spectralis,1,0
339,Aflibercept,111,wk16,81.0,417.0,Heidelberg Spectralis,1,0
339,Aflibercept,144,wk20,85.0,364.0,Heidelberg Spectralis,1,0
339,Aflibercept,165,wk24,82.0,340.0,Heidelberg Spectralis,1,0
339,Aflibercept,191,wk28,79.0,333.0,Heidelberg Spectralis,1,0
339,Aflibercept,228,wk32,78.0,,,1,0
339,Aflibercept,256,wk36,79.0,,,1,0
339,Aflibercept,279,wk40,82.0,358.0,Heidelberg Spectralis,1,0
339,Aflibercept,311,wk44,87.0,334.0,Heidelberg Spectralis,1,0
339,Aflibercept,330,wk48,77.0,350.0,Heidelberg Spectralis,1,0
339,Aflibercept,359,wk52,82.0,342.0,Heidelberg Spectralis,1,0
339,Aflibercept,385,wk56,78.0,371.0,Heidelberg Spectralis,1,0
339,Aflibercept,453,wk64,81.0,339.0,Heidelberg Spectralis,0,0
339,Aflibercept,525,wk76,86.0,332.0,Heidelberg Spectralis,1,0
339,Aflibercept,623,wk88,86.0,349.0,Heidelberg Spectralis,1,0
339,Aflibercept,648,wk92,89.0,346.0,Heidelberg Spectralis,0,0
339,Aflibercept,702,wk100,85.0,329.0,Heidelberg Spectralis,0,0
339,Aflibercept,735,wk104,91.0,340.0,Heidelberg Spectralis,0,0
340,Aflibercept,0,baseline,63.0,382.0,Zeiss Cirrus,1,0
340,Aflibercept,32,wk4,68.0,353.0,Zeiss Cirrus,1,0
340,Aflibercept,53,wk8,71.0,279.0,Zeiss Cirrus,1,0
340,Aflibercept,81,wk12,66.0,,,1,0
340,Aflibercept,117,wk16,69.0,,,1,0
340,Aflibercept,138,wk20,71.0,300.0,Zeiss Cirrus,0,0
340,Aflibercept,170,wk24,79.0,276.0,Zeiss Cirrus,0,0
340,Aflibercept,191,wk28,81.0,234.0,Zeiss Cirrus,1,0
340,Aflibercept,229,wk32,87.0,186.0,Zeiss Cirrus,0,0
340,Aflibercept,259,wk36,85.0,318.0,Zeiss Cirrus,1,0
340,Aflibercept,281,wk40,75.0,251.0,Zeiss Cirrus,1,0
340,Aflibercept,313,wk44,78.0,,,1,0
340,Aflibercept,336,wk48,76.0,224.0,Zeiss Cirrus,1,0
340,Aflibercept,360,wk52,80.0,261.0,Zeiss Cirrus,0,0
340,Aflibercept,385,wk56,90.0,235.0,Zeiss Cirrus,0,0
340,Aflibercept,423,wk60,80.0,259.0,Zeiss Cirrus,0,0
340,Aflibercept,454,wk64,76.0,215.0,Zeiss Cirrus,1,0
340,Aflibercept,481,wk68,75.0,204.0,Zeiss Cirrus,1,0
340,Aflibercept,590,wk84,80.0,192.0,Zeiss Cirrus,0,0
340,Aflibercept,665,wk96,75.0,187.0,Zeiss Cirrus,1,0
340,Aflibercept,698,wk100,80.0,206.0,Zeiss Cirrus,0,0
340,Aflibercept,722,wk104,76.0,179.0,Zeiss Cirrus,0,0
341,Bevacizumab,0,baseline,78.0,525.0,Heidelberg Spectralis,1,0
341,Bevacizumab,22,wk4,73.0,442.0,Heidelberg Spectralis,1,0
341,Bevacizumab,58,wk8,74.0,,,1,0
341,Bevacizumab,90,wk12,78.0,436.0,Heidelberg Spectralis,1,0
341,Bevacizumab,118,wk16,81.0,434.0,Heidelberg Spectralis,0,0
341,Bevacizumab,135,wk20,67.0,370.0,Heidelberg Spectralis,1,0
341,Bevacizumab,173,wk24,68.0,381.0,Heidelberg Spectralis,1,0
341,Bevacizumab,200,wk28,70.0,397.0,Heidelberg Spectralis,1,0
341,Bevacizumab,225,wk32,74.0,,,1,0
341,Bevacizumab,246,wk36,74.0,371.0,Heidelberg Spectralis,0,0
341,Bevacizumab,274,wk40,72.0,432.0,Heidelberg Spectralis,1,0
341,Bevacizumab,301,wk44,76.0,367.0,Heidelberg Spectralis,0,0
341,Bevacizumab,335,wk48,74.0,,,0,0
341,Bevacizumab,364,wk52,71.0,389.0,Heidelberg Spectralis,1,0
341,Bevacizumab,395,wk56,74.0,,,0,0
341,Bevacizumab,445,wk64,72.0,432.0,Heidelberg Spectralis,1,0
341,Bevacizumab,502,wk72,74.0,400.0,Heidelberg Spectralis,1,0
341,Bevacizumab,526,wk76,84.0,410.0,Heidelberg Spectralis,1,0
341,Bevacizumab,591,wk84,81.0,,,0,0
341,Bevacizumab,609,wk88,76.0,490.0,Heidelberg Spectralis,0,0
341,Bevacizumab,665,wk96,78.0,442.0,Heidelberg Spectralis,0,0
341,Bevacizumab,732,wk104,86.0,492.0,Heidelberg Spectralis,0,0
342,Bevacizumab,0,baseline,77.0,443.0,Heidelberg Spectralis,1,0
342,Bevacizumab,29,wk4,74.0,364.0,Heidelberg Spectralis,1,0
342,Bevacizumab,61,wk8,78.0,389.0,Heidelberg Spectralis,1,0
342,Bevacizumab,78,wk12,81.0,333.0,Heidelberg Spectralis,1,0
342,Bevacizumab,110,wk16,84.0,343.0,Heidelberg Spectralis,1,0
342,Bevacizumab,135,wk20,83.0,319.0,Heidelberg Spectralis,0,0
342,Bevacizumab,161,wk24,90.0,,,0,0
342,Bevacizumab,200,wk28,89.0,362.0,Heidelberg Spectralis,1,0
342,Bevacizumab,220,wk32,82.0,381.0,Heidelberg Spectralis,1,0
342,Bevacizumab,254,wk36,81.0,364.0,Heidelberg Spectralis,1,0
342,Bevacizumab,275,wk40,79.0,344.0,Heidelberg Spectralis,1,0
342,Bevacizumab,302,wk44,82.0,312.0,Heidelberg Spectralis,1,0
342,Bevacizumab,336,wk48,83.0,365.0,Heidelberg Spectralis,0,0
342,Bevacizumab,370,wk52,84.0,349.0,Heidelberg Spectralis,1,0
342,Bevacizumab,442,wk64,77.0,398.0,Heidelberg Spectralis,0,0
342,Bevacizumab,474,wk68,80.0,360.0,Heidelberg Spectralis,0,0
342,Bevacizumab,500,wk72,90.0,354.0,Heidelberg Spectralis,1,0
342,Bevacizumab,527,wk76,80.0,349.0,Heidelberg Spectralis,0,0
342,Bevacizumab,558,wk80,77.0,412.0,Heidelberg Spectralis,0,0
342,Bevacizumab,592,wk84,76.0,317.0,Heidelberg Spectralis,1,0
342,Bevacizumab,674,wk96,88.0,304.0,Heidelberg Spectralis,0,0
342,Bevacizumab,693,wk100,79.0,378.0,Heidelberg Spectralis,0,0
342,Bevacizumab,730,wk104,80.0,347.0,Heidelberg Spectralis,0,0
343,Bevacizumab,0,baseline,68.0,471.0,Zeiss Cirrus,1,0
343,Bevacizumab,29,wk4,80.0,392.0,Zeiss Cirrus,1,0
343,Bevacizumab,58,wk8,75.0,394.0,Zeiss Cirrus,1,0
343,Bevacizumab,91,wk12,78.0,424.0,Zeiss Cirrus,1,0
343,Bevacizumab,118,wk16,75.0,407.0,Zeiss Cirrus,0,0
343,Bevacizumab,146,wk20,75.0,382.0,Zeiss Cirrus,0,0
343,Bevacizumab,173,wk24,76.0,346.0,Zeiss Cirrus,0,0
343,Bevacizumab,191,wk28,83.0,367.0,Zeiss Cirrus,0,0
343,Bevacizumab,224,wk32,77.0,339.0,Zeiss Cirrus,1,0
343,Bevacizumab,259,wk36,75.0,467.0,Zeiss Cirrus,0,0
343,Bevacizumab,273,wk40,78.0,,,1,1
343,Bevacizumab,310,wk44,71.0,374.0,Zeiss Cirrus,0,0
343,Bevacizumab,342,wk48,88.0,319.0,Zeiss Cirrus,1,0
343,Bevacizumab,360,wk52,78.0,352.0,Zeiss Cirrus,0,0
343,Bevacizumab,398,wk56,74.0,339.0,Zeiss Cirrus,0,0
343,Bevacizumab,503,wk72,76.0,304.0,Zeiss Cirrus,0,0
343,Bevacizumab,620,wk88,74.0,312.0,Zeiss Cirrus,1,0
343,Bevacizumab,671,wk96,74.0,297.0,Zeiss Cirrus,1,0
343,Bevacizumab,700,wk100,67.0,253.0,Zeiss Cirrus,0,0
343,Bevacizumab,732,wk104,74.0,288.0,Zeiss Cirrus,0,0
344,Bevacizumab,0,baseline,72.0,438.0,Zeiss Stratus,1,0
344,Bevacizumab,27,wk4,77.0,354.0,Zeiss Stratus,1,0
344,Bevacizumab,57,wk8,75.0,483.0,Zeiss Stratus,1,0
344,Bevacizumab,87,wk12,72.0,358.0,Zeiss Stratus,1,0
344,Bevacizumab,118,wk16,74.0,319.0,Zeiss Stratus,0,0
344,Bevacizumab,144,wk20,80.0,339.0,Zeiss Stratus,1,0
344,Bevacizumab,170,wk24,86.0,346.0,Zeiss Stratus,0,0
344,Bevacizumab,190,wk28,81.0,354.0,Zeiss Stratus,1,1
344,Bevacizumab,228,wk32,89.0,421.0,Zeiss Stratus,1,0
344,Bevacizumab,255,wk36,89.0,342.0,Zeiss Stratus,0,0
344,Bevacizumab,279,wk40,84.0,370.0,Zeiss Stratus,0,0
344,Bevacizumab,303,wk44,73.0,327.0,Zeiss Stratus,0,0
344,Bevacizumab,339,wk48,73.0,,,1,0
344,Bevacizumab,364,wk52,80.0,332.0,Zeiss Stratus,1,0
344,Bevacizumab,481,wk68,79.0,370.0,Zeiss Stratus,0,0
344,Bevacizumab,583,wk84,80.0,,,1,0
344,Bevacizumab,623,wk88,87.0,344.0,Zeiss Stratus,1,0
344,Bevacizumab,650,wk92,84.0,348.0,Zeiss Stratus,1,1
344,Bevacizumab,703,wk100,84.0,304.0,Zeiss Stratus,1,0
344,Bevacizumab,722,wk104,84.0,335.0,Zeiss Stratus,0,0
345,Ranibizumab,0,baseline,78.0,465.0,Zeiss Cirrus,1,0
345,Ranibizumab,35,wk4,83.0,422.0,Zeiss Cirrus,1,0
345,Ranibizumab,63,wk8,79.0,429.0,Zeiss Cirrus,1,0
345,Ranibizumab,77,wk12,90.0,366.0,Zeiss Cirrus,1,0
345,Ranibizumab,110,wk16,88.0,303.0,Zeiss Cirrus,1,0
345,Ranibizumab,138,wk20,79.0,358.0,Zeiss Cirrus,1,0
345,Ranibizumab,167,wk24,92.0,311.0,Zeiss Cirrus,1,0
345,Ranibizumab,202,wk28,83.0,269.0,Zeiss Cirrus,1,0
345,Ranibizumab,219,wk32,84.0,364.0,Zeiss Cirrus,1,0
345,Ranibizumab,254,wk36,83.0,324.0,Zeiss Cirrus,1,0
345,Ranibizumab,277,wk40,81.0,323.0,Zeiss Cirrus,1,0
345,Ranibizumab,311,wk44,82.0,,,1,0
345,Ranibizumab,330,wk48,91.0,288.0,Zeiss Cirrus,1,0
345,Ranibizumab,368,wk52,85.0,316.0,Zeiss Cirrus,0,0
345,Ranibizumab,398,wk56,78.0,,,1,0
345,Ranibizumab,417,wk60,87.0,305.0,Zeiss Cirrus,0,0
345,Ranibizumab,479,wk68,82.0,339.0,Zeiss Cirrus,1,0
345,Ranibizumab,534,wk76,87.0,,,1,0
345,Ranibizumab,616,wk88,91.0,367.0,Zeiss Cirrus,0,0
345,Ranibizumab,678,wk96,88.0,,,1,0
345,Ranibizumab,699,wk100,89.0,255.0,Zeiss Cirrus,1,0
345,Ranibizumab,728,wk104,88.0,323.0,Zeiss Cirrus,0,0
346,Bevacizumab,0,baseline,53.0,489.0,Zeiss Cirrus,1,0
346,Bevacizumab,29,wk4,53.0,486.0,Zeiss Cirrus,1,0
346,Bevacizumab,53,wk8,58.0,435.0,Zeiss Cirrus,1,0
346,Bevacizumab,84,wk12,60.0,393.0,Zeiss Cirrus,1,0
346,Bevacizumab,109,wk16,61.0,301.0,Zeiss Cirrus,1,0
346,Bevacizumab,138,wk20,64.0,393.0,Zeiss Cirrus,1,0
346,Bevacizumab,169,wk24,59.0,,,1,0
346,Bevacizumab,199,wk28,60.0,,,1,0
346,Bevacizumab,231,wk32,62.0,371.0,Zeiss Cirrus,1,0
346,Bevacizumab,252,wk36,66.0,392.0,Zeiss Cirrus,1,1
346,Bevacizumab,279,wk40,62.0,323.0,Zeiss Cirrus,1,0
346,Bevacizumab,305,wk44,59.0,354.0,Zeiss Cirrus,1,0
346,Bevacizumab,330,wk48,57.0,332.0,Zeiss Cirrus,1,0
346,Bevacizumab,371,wk52,60.0,343.0,Zeiss Cirrus,0,0
346,Bevacizumab,394,wk56,59.0,319.0,Zeiss Cirrus,1,0
346,Bevacizumab,427,wk60,59.0,388.0,Zeiss Cirrus,1,0
346,Bevacizumab,448,wk64,57.0,364.0,Zeiss Cirrus,0,0
346,Bevacizumab,477,wk68,57.0,,,0,0
346,Bevacizumab,505,wk72,64.0,410.0,Zeiss Cirrus,1,0
346,Bevacizumab,609,wk88,56.0,,,1,0
346,Bevacizumab,696,wk100,66.0,395.0,Zeiss Cirrus,0,0
346,Bevacizumab,721,wk104,61.0,373.0,Zeiss Cirrus,0,0
347,Aflibercept,0,baseline,55.0,377.0,Heidelberg Spectralis,1,0
347,Aflibercept,31,wk4,68.0,296.0,Heidelberg Spectralis,1,0
347,Aflibercept,53,wk8,74.0,292.0,Heidelberg Spectralis,1,0
347,Aflibercept,84,wk12,72.0,282.0,Heidelberg Spectralis,1,0
347,Aflibercept,116,wk16,72.0,219.0,Heidelberg Spectralis,0,0
347,Aflibercept,136,wk20,73.0,218.0,Heidelberg Spectralis,1,0
347,Aflibercept,171,wk24,73.0,197.0,Heidelberg Spectralis,0,0
347,Aflibercept,193,wk28,75.0,229.0,Heidelberg Spectralis,1,0
347,Aflibercept,228,wk32,77.0,196.0,Heidelberg Spectralis,1,1
347,Aflibercept,255,wk36,79.0,184.0,Heidelberg Spectralis,1,0
347,Aflibercept,285,wk40,88.0,221.0,Heidelberg Spectralis,1,0
347,Aflibercept,315,wk44,85.0,,,1,0
347,Aflibercept,339,wk48,72.0,227.0,Heidelberg Spectralis,1,0
347,Aflibercept,367,wk52,79.0,192.0,Heidelberg Spectralis,0,0
347,Aflibercept,424,wk60,80.0,221.0,Heidelberg Spectralis,0,0
347,Aflibercept,480,wk68,83.0,150.0,Heidelberg Spectralis,1,0
347,Aflibercept,557,wk80,82.0,210.0,Heidelberg Spectralis,1,0
347,Aflibercept,582,wk84,82.0,175.0,Heidelberg Spectralis,0,0
347,Aflibercept,610,wk88,79.0,209.0,Heidelberg Spectralis,0,0
347,Aflibercept,675,wk96,77.0,273.0,Heidelberg Spectralis,0,0
347,Aflibercept,722,wk104,84.0,219.0,Heidelberg Spectralis,0,0
348,Bevacizumab,0,baseline,71.0,348.0,Zeiss Cirrus,1,0
348,Bevacizumab,29,wk4,75.0,352.0,Zeiss Cirrus,1,0
348,Bevacizumab,59,wk8,65.0,342.0,Zeiss Cirrus,1,0
348,Bevacizumab,87,wk12,73.0,368.0,Zeiss Cirrus,1,0
348,Bevacizumab,105,wk16,68.0,406.0,Zeiss Cirrus,1,0
348,Bevacizumab,134,wk20,70.0,,,1,0
348,Bevacizumab,164,wk24,76.0,386.0,Zeiss Cirrus,0,0
348,Bevacizumab,193,wk28,67.0,357.0,Zeiss Cirrus,0,0
348,Bevacizumab,226,wk32,74.0,,,0,1
348,Bevacizumab,253,wk36,68.0,,,0,0
348,Bevacizumab,282,wk40,69.0,356.0,Zeiss Cirrus,0,0
348,Bevacizumab,306,wk44,70.0,399.0,Zeiss Cirrus,1,0
348,Bevacizumab,335,wk48,68.0,,,0,0
348,Bevacizumab,365,wk52,70.0,387.0,Zeiss Cirrus,1,0
348,Bevacizumab,399,wk56,70.0,,,1,0
348,Bevacizumab,471,wk68,62.0,367.0,Zeiss Cirrus,1,0
348,Bevacizumab,509,wk72,66.0,368.0,Zeiss Cirrus,0,0
348,Bevacizumab,530,wk76,70.0,397.0,Zeiss Cirrus,0,0
348,Bevacizumab,566,wk80,69.0,396.0,Zeiss Cirrus,1,0
348,Bevacizumab,582,wk84,72.0,,,0,0
348,Bevacizumab,651,wk92,72.0,336.0,Zeiss Cirrus,0,0
348,Bevacizumab,730,wk104,72.0,368.0,Zeiss Cirrus,0,0
349,Aflibercept,0,baseline,76.0,425.0,Zeiss Cirrus,1,0
349,Aflibercept,23,wk4,78.0,390.0,Zeiss Cirrus,1,0
349,Aflibercept,58,wk8,82.0,,,1,0
349,Aflibercept,88,wk12,74.0,322.0,Zeiss Cirrus,1,0
349,Aflibercept,109,wk16,66.0,,,1,0
349,Aflibercept,144,wk20,73.0,322.0,Zeiss Cirrus,1,0
349,Aflibercept,161,wk24,72.0,349.0,Zeiss Cirrus,0,0
349,Aflibercept,201,wk28,72.0,,,1,0
349,Aflibercept,217,wk32,75.0,293.0,Zeiss Cirrus,0,0
349,Aflibercept,258,wk36,72.0,338.0,Zeiss Cirrus,0,0
349,Aflibercept,275,wk40,80.0,353.0,Zeiss Cirrus,1,0
349,Aflibercept,303,wk44,64.0,,,1,0
349,Aflibercept,342,wk48,74.0,305.0,Zeiss Cirrus,0,0
349,Aflibercept,359,wk52,72.0,323.0,Zeiss Cirrus,0,0
349,Aflibercept,482,wk68,75.0,311.0,Zeiss Cirrus,0,0
349,Aflibercept,508,wk72,73.0,319.0,Zeiss Cirrus,0,0
349,Aflibercept,561,wk80,84.0,,,0,0
349,Aflibercept,582,wk84,84.0,272.0,Zeiss Cirrus,0,0
349,Aflibercept,650,wk92,76.0,249.0,Zeiss Cirrus,0,0
349,Aflibercept,702,wk100,81.0,240.0,Zeiss Cirrus,1,0
349,Aflibercept,735,wk104,85.0,244.0,Zeiss Cirrus,0,0
350,Ranibizumab,0,baseline,59.0,427.0,Zeiss Cirrus,1,0
350,Ranibizumab,35,wk4,68.0,430.0,Zeiss Cirrus,1,0
350,Ranibizumab,51,wk8,69.0,421.0,Zeiss Cirrus,1,0
350,Ranibizumab,80,wk12,76.0,408.0,Zeiss Cirrus,1,0
350,Ranibizumab,106,wk16,78.0,458.0,Zeiss Cirrus,1,0
350,Ranibizumab,139,wk20,72.0,426.0,Zeiss Cirrus,0,0
350,Ranibizumab,164,wk24,76.0,468.0,Zeiss Cirrus,1,0
350,Ranibizumab,201,wk28,77.0,429.0,Zeiss Cirrus,0,0
350,Ranibizumab,226,wk32,72.0,478.0,Zeiss Cirrus,1,0
350,Ranibizumab,246,wk36,75.0,423.0,Zeiss Cirrus,0,0
350,Ranibizumab,279,wk40,72.0,483.0,Zeiss Cirrus,0,0
350,Ranibizumab,303,wk44,75.0,408.0,Zeiss Cirrus,1,0
350,Ranibizumab,340,wk48,73.0,401.0,Zeiss Cirrus,0,0
350,Ranibizumab,359,wk52,78.0,443.0,Zeiss Cirrus,0,0
350,Ranibizumab,389,wk56,79.0,439.0,Zeiss Cirrus,0,0
350,Ranibizumab,454,wk64,76.0,463.0,Zeiss Cirrus,0,0
350,Ranibizumab,535,wk76,77.0,449.0,Zeiss Cirrus,1,0
350,Ranibizumab,612,wk88,74.0,449.0,Zeiss Cirrus,0,0
350,Ranibizumab,640,wk92,74.0,443.0,Zeiss Cirrus,1,0
350,Ranibizumab,670,wk96,75.0,435.0,Zeiss Cirrus,1,0
350,Ranibizumab,726,wk104,78.0,451.0,Zeiss Cirrus,0,0
351,Aflibercept,0,baseline,56.0,380.0,Zeiss Cirrus,1,0
351,Aflibercept,24,wk4,64.0,404.0,Zeiss Cirrus,1,0
351,Aflibercept,55,wk8,77.0,336.0,Zeiss Cirrus,1,0
351,Aflibercept,88,wk12,78.0,317.0,Zeiss Cirrus,1,0
351,Aflibercept,113,wk16,90.0,,,1,0
351,Aflibercept,145,wk20,77.0,281.0,Zeiss Cirrus,1,0
351,Aflibercept,169,wk24,77.0,,,1,0
351,Aflibercept,190,wk28,89.0,307.0,Zeiss Cirrus,1,0
351,Aflibercept,223,wk32,82.0,319.0,Zeiss Cirrus,1,0
351,Aflibercept,247,wk36,77.0,283.0,Zeiss Cirrus,1,0
351,Aflibercept,282,wk40,84.0,305.0,Zeiss Cirrus,1,0
351,Aflibercept,307,wk44,88.0,225.0,Zeiss Cirrus,1,0
351,Aflibercept,330,wk48,86.0,,,1,0
351,Aflibercept,367,wk52,83.0,298.0,Zeiss Cirrus,1,0
351,Aflibercept,391,wk56,83.0,335.0,Zeiss Cirrus,1,0
351,Aflibercept,427,wk60,86.0,282.0,Zeiss Cirrus,0,0
351,Aflibercept,471,wk68,77.0,308.0,Zeiss Cirrus,1,0
351,Aflibercept,507,wk72,82.0,321.0,Zeiss Cirrus,0,0
351,Aflibercept,537,wk76,81.0,227.0,Zeiss Cirrus,0,0
351,Aflibercept,566,wk80,85.0,256.0,Zeiss Cirrus,1,0
351,Aflibercept,581,wk84,82.0,281.0,Zeiss Cirrus,1,0
351,Aflibercept,640,wk92,82.0,211.0,Zeiss Cirrus,1,0
351,Aflibercept,670,wk96,75.0,220.0,Zeiss Cirrus,1,0
351,Aflibercept,704,wk100,69.0,194.0,Zeiss Cirrus,0,0
351,Aflibercept,730,wk104,78.0,222.0,Zeiss Cirrus,0,0
352,Ranibizumab,0,baseline,65.0,454.0,Zeiss Cirrus,1,0
352,Ranibizumab,35,wk4,71.0,384.0,Zeiss Cirrus,1,0
352,Ranibizumab,60,wk8,74.0,413.0,Zeiss Cirrus,1,0
352,Ranibizumab,84,wk12,75.0,337.0,Zeiss Cirrus,1,0
352,Ranibizumab,110,wk16,77.0,339.0,Zeiss Cirrus,0,0
352,Ranibizumab,145,wk20,88.0,286.0,Zeiss Cirrus,0,0
352,Ranibizumab,175,wk24,81.0,290.0,Zeiss Cirrus,1,0
352,Ranibizumab,201,wk28,77.0,284.0,Zeiss Cirrus,0,0
352,Ranibizumab,226,wk32,79.0,313.0,Zeiss Cirrus,0,0
352,Ranibizumab,249,wk36,82.0,293.0,Zeiss Cirrus,0,0
352,Ranibizumab,278,wk40,88.0,,,0,0
352,Ranibizumab,307,wk44,87.0,272.0,Zeiss Cirrus,1,0
352,Ranibizumab,332,wk48,79.0,250.0,Zeiss Cirrus,0,0
352,Ranibizumab,365,wk52,82.0,291.0,Zeiss Cirrus,0,0
352,Ranibizumab,387,wk56,78.0,,,0,0
352,Ranibizumab,443,wk64,86.0,260.0,Zeiss Cirrus,1,0
352,Ranibizumab,532,wk76,81.0,331.0,Zeiss Cirrus,0,0
352,Ranibizumab,617,wk88,77.0,339.0,Zeiss Cirrus,1,0
352,Ranibizumab,671,wk96,83.0,353.0,Zeiss Cirrus,1,0
352,Ranibizumab,694,wk100,76.0,296.0,Zeiss Cirrus,0,0
352,Ranibizumab,722,wk104,79.0,330.0,Zeiss Cirrus,0,0
353,Ranibizumab,0,baseline,78.0,531.0,Zeiss Cirrus,1,0
353,Ranibizumab,25,wk4,78.0,466.0,Zeiss Cirrus,1,0
353,Ranibizumab,52,wk8,83.0,366.0,Zeiss Cirrus,1,0
353,Ranibizumab,80,wk12,80.0,400.0,Zeiss Cirrus,1,0
353,Ranibizumab,115,wk16,87.0,321.0,Zeiss Cirrus,0,0
353,Ranibizumab,136,wk20,77.0,,,1,0
353,Ranibizumab,173,wk24,78.0,316.0,Zeiss Cirrus,0,0
353,Ranibizumab,189,wk28,79.0,325.0,Zeiss Cirrus,1,0
353,Ranibizumab,225,wk32,80.0,285.0,Zeiss Cirrus,0,0
353,Ranibizumab,246,wk36,87.0,314.0,Zeiss Cirrus,0,0
353,Ranibizumab,277,wk40,85.0,312.0,Zeiss Cirrus,1,0
353,Ranibizumab,315,wk44,84.0,,,1,0
353,Ranibizumab,331,wk48,80.0,286.0,Zeiss Cirrus,0,0
353,Ranibizumab,364,wk52,83.0,301.0,Zeiss Cirrus,0,0
353,Ranibizumab,443,wk64,82.0,316.0,Zeiss Cirrus,1,0
353,Ranibizumab,556,wk80,86.0,265.0,Zeiss Cirrus,0,0
353,Ranibizumab,594,wk84,87.0,256.0,Zeiss Cirrus,0,0
353,Ranibizumab,678,wk96,82.0,271.0,Zeiss Cirrus,1,0
353,Ranibizumab,707,wk100,86.0,277.0,Zeiss Cirrus,0,0
353,Ranibizumab,726,wk104,86.0,262.0,Zeiss Cirrus,0,0
354,Ranibizumab,0,baseline,70.0,593.0,Heidelberg Spectralis,1,0
354,Ranibizumab,25,wk4,70.0,565.0,Heidelberg Spectralis,1,0
354,Ranibizumab,62,wk8,69.0,,,1,0
354,Ranibizumab,77,wk12,67.0,440.0,Heidelberg Spectralis,1,0
354,Ranibizumab,118,wk16,65.0,406.0,Heidelberg Spectralis,1,0
354,Ranibizumab,133,wk20,64.0,378.0,Heidelberg Spectralis,0,0
354,Ranibizumab,166,wk24,64.0,408.0,Heidelberg Spectralis,1,0
354,Ranibizumab,201,wk28,64.0,382.0,Heidelberg Spectralis,0,0
354,Ranibizumab,219,wk32,58.0,,,1,0
354,Ranibizumab,247,wk36,62.0,,,1,0
354,Ranibizumab,273,wk40,56.0,,,0,0
354,Ranibizumab,309,wk44,58.0,339.0,Heidelberg Spectralis,1,0
354,Ranibizumab,341,wk48,64.0,337.0,Heidelberg Spectralis,0,0
354,Ranibizumab,371,wk52,62.0,368.0,Heidelberg Spectralis,1,0
354,Ranibizumab,445,wk64,64.0,344.0,Heidelberg Spectralis,0,0
354,Ranibizumab,501,wk72,71.0,365.0,Heidelberg Spectralis,0,0
354,Ranibizumab,555,wk80,74.0,325.0,Heidelberg Spectralis,1,0
354,Ranibizumab,613,wk88,66.0,420.0,Heidelberg Spectralis,1,0
354,Ranibizumab,699,wk100,67.0,343.0,Heidelberg Spectralis,1,0
354,Ranibizumab,732,wk104,65.0,383.0,Heidelberg Spectralis,0,0
355,Bevacizumab,0,baseline,62.0,599.0,Zeiss Cirrus,1,0
355,Bevacizumab,35,wk4,70.0,502.0,Zeiss Cirrus,1,0
355,Bevacizumab,60,wk8,83.0,523.0,Zeiss Cirrus,1,0
355,Bevacizumab,87,wk12,81.0,478.0,Zeiss Cirrus,1,0
355,Bevacizumab,111,wk16,80.0,442.0,Zeiss Cirrus,1,0
355,Bevacizumab,136,wk20,81.0,455.0,Zeiss Cirrus,1,0
355,Bevacizumab,173,wk24,83.0,463.0,Zeiss Cirrus,1,0
355,Bevacizumab,203,wk28,79.0,447.0,Zeiss Cirrus,1,0
355,Bevacizumab,219,wk32,90.0,394.0,Zeiss Cirrus,0,0
355,Bevacizumab,252,wk36,93.0,439.0,Zeiss Cirrus,0,0
355,Bevacizumab,286,wk40,84.0,441.0,Zeiss Cirrus,1,1
355,Bevacizumab,306,wk44,86.0,428.0,Zeiss Cirrus,1,0
355,Bevacizumab,339,wk48,85.0,419.0,Zeiss Cirrus,1,0
355,Bevacizumab,365,wk52,87.0,446.0,Zeiss Cirrus,0,0
355,Bevacizumab,427,wk60,91.0,460.0,Zeiss Cirrus,0,0
355,Bevacizumab,503,wk72,94.0,400.0,Zeiss Cirrus,1,0
355,Bevacizumab,530,wk76,83.0,,,1,0
355,Bevacizumab,565,wk80,82.0,,,1,0
355,Bevacizumab,581,wk84,87.0,437.0,Zeiss Cirrus,0,0
355,Bevacizumab,666,wk96,91.0,451.0,Zeiss Cirrus,1,0
355,Bevacizumab,725,wk104,89.0,410.0,Zeiss Cirrus,0,0
356,Bevacizumab,0,baseline,56.0,343.0,Heidelberg Spectralis,1,0
356,Bevacizumab,26,wk4,42.0,330.0,Heidelberg Spectralis,1,0
356,Bevacizumab,58,wk8,48.0,338.0,Heidelberg Spectralis,1,0
356,Bevacizumab,83,wk12,49.0,,,1,0
356,Bevacizumab,113,wk16,47.0,303.0,Heidelberg Spectralis,0,0
356,Bevacizumab,147,wk20,56.0,278.0,Heidelberg Spectralis,1,0
356,Bevacizumab,161,wk24,52.0,339.0,Heidelberg Spectralis,0,0
356,Bevacizumab,192,wk28,46.0,300.0,Heidelberg Spectralis,1,0
356,Bevacizumab,230,wk32,51.0,329.0,Heidelberg Spectralis,0,0
356,Bevacizumab,253,wk36,41.0,309.0,Heidelberg Spectralis,0,0
356,Bevacizumab,283,wk40,39.0,315.0,Heidelberg Spectralis,0,0
356,Bevacizumab,310,wk44,49.0,308.0,Heidelberg Spectralis,0,0
356,Bevacizumab,338,wk48,44.0,312.0,Heidelberg Spectralis,0,0
357,Ranibizumab,0,baseline,78.0,354.0,Heidelberg Spectralis,1,0
357,Ranibizumab,23,wk4,83.0,271.0,Heidelberg Spectralis,1,0
357,Ranibizumab,54,wk8,80.0,275.0,Heidelberg Spectralis,1,0
357,Ranibizumab,78,wk12,73.0,290.0,Heidelberg Spectralis,1,0
357,Ranibizumab,119,wk16,81.0,221.0,Heidelberg Spectralis,1,0
357,Ranibizumab,134,wk20,87.0,255.0,Heidelberg Spectralis,1,0
357,Ranibizumab,171,wk24,84.0,220.0,Heidelberg Spectralis,0,0
357,Ranibizumab,197,wk28,91.0,195.0,Heidelberg Spectralis,1,0
357,Ranibizumab,226,wk32,89.0,191.0,Heidelberg Spectralis,0,0
357,Ranibizumab,252,wk36,88.0,228.0,Heidelberg Spectralis,0,0
357,Ranibizumab,281,wk40,83.0,208.0,Heidelberg Spectralis,1,0
357,Ranibizumab,301,wk44,82.0,213.0,Heidelberg Spectralis,0,0
357,Ranibizumab,334,wk48,83.0,160.0,Heidelberg Spectralis,1,0
357,Ranibizumab,361,wk52,87.0,186.0,Heidelberg Spectralis,0,0
357,Ranibizumab,454,wk64,88.0,,,0,0
357,Ranibizumab,538,wk76,89.0,179.0,Heidelberg Spectralis,1,1
357,Ranibizumab,590,wk84,89.0,168.0,Heidelberg Spectralis,1,0
357,Ranibizumab,650,wk92,90.0,,,0,0
357,Ranibizumab,677,wk96,91.0,213.0,Heidelberg Spectralis,1,0
357,Ranibizumab,695,wk100,99.0,167.0,Heidelberg Spectralis,0,0
357,Ranibizumab,722,wk104,94.0,150.0,Heidelberg Spectralis,0,0
358,Ranibizumab,0,baseline,60.0,401.0,Zeiss Cirrus,1,0
358,Ranibizumab,27,wk4,63.0,359.0,Zeiss Cirrus,1,0
358,Ranibizumab,49,wk8,77.0,280.0,Zeiss Cirrus,1,0
358,Ranibizumab,88,wk12,83.0,313.0,Zeiss Cirrus,1,0
358,Ranibizumab,117,wk16,88.0,262.0,Zeiss Cirrus,1,0
358,Ranibizumab,134,wk20,82.0,268.0,Zeiss Cirrus,0,0
358,Ranibizumab,167,wk24,85.0,289.0,Zeiss Cirrus,0,0
358,Ranibizumab,198,wk28,85.0,314.0,Zeiss Cirrus,1,0
358,Ranibizumab,220,wk32,89.0,205.0,Zeiss Cirrus,1,0
358,Ranibizumab,259,wk36,94.0,232.0,Zeiss Cirrus,1,0
358,Ranibizumab,277,wk40,85.0,294.0,Zeiss Cirrus,0,0
358,Ranibizumab,303,wk44,93.0,270.0,Zeiss Cirrus,1,0
358,Ranibizumab,339,wk48,90.0,,,1,1
358,Ranibizumab,364,wk52,92.0,252.0,Zeiss Cirrus,1,0
358,Ranibizumab,447,wk64,98.0,247.0,Zeiss Cirrus,1,0
358,Ranibizumab,538,wk76,94.0,224.0,Zeiss Cirrus,1,0
358,Ranibizumab,582,wk84,95.0,257.0,Zeiss Cirrus,0,0
358,Ranibizumab,622,wk88,98.0,288.0,Zeiss Cirrus,1,0
358,Ranibizumab,641,wk92,98.0,266.0,Zeiss Cirrus,1,0
358,Ranibizumab,673,wk96,96.0,251.0,Zeiss Cirrus,0,0
358,Ranibizumab,695,wk100,100.0,,,1,0
358,Ranibizumab,726,wk104,100.0,271.0,Zeiss Cirrus,0,0
359,Ranibizumab,0,baseline,57.0,462.0,Heidelberg Spectralis,1,0
359,Ranibizumab,32,wk4,66.0,425.0,Heidelberg Spectralis,1,0
359,Ranibizumab,59,wk8,69.0,425.0,Heidelberg Spectralis,1,0
359,Ranibizumab,88,wk12,70.0,393.0,Heidelberg Spectralis,1,0
359,Ranibizumab,111,wk16,77.0,,,0,0
359,Ranibizumab,139,wk20,70.0,,,0,0
359,Ranibizumab,165,wk24,77.0,310.0,Heidelberg Spectralis,1,0
359,Ranibizumab,191,wk28,72.0,352.0,Heidelberg Spectralis,0,0
359,Ranibizumab,224,wk32,75.0,390.0,Heidelberg Spectralis,0,0
359,Ranibizumab,251,wk36,72.0,320.0,Heidelberg Spectralis,1,0
359,Ranibizumab,286,wk40,74.0,379.0,Heidelberg Spectralis,0,0
359,Ranibizumab,305,wk44,74.0,338.0,Heidelberg Spectralis,1,0
359,Ranibizumab,333,wk48,84.0,399.0,Heidelberg Spectralis,0,0
359,Ranibizumab,371,wk52,73.0,325.0,Heidelberg Spectralis,1,0
359,Ranibizumab,399,wk56,71.0,328.0,Heidelberg Spectralis,0,0
359,Ranibizumab,413,wk60,76.0,,,0,1
359,Ranibizumab,472,wk68,69.0,296.0,Heidelberg Spectralis,1,0
359,Ranibizumab,561,wk80,67.0,325.0,Heidelberg Spectralis,0,0
359,Ranibizumab,649,wk92,73.0,311.0,Heidelberg Spectralis,1,0
359,Ranibizumab,730,wk104,73.0,290.0,Heidelberg Spectralis,0,0
360,Ranibizumab,0,baseline,77.0,431.0,Heidelberg Spectralis,1,0
360,Ranibizumab,35,wk4,85.0,,,1,0
360,Ranibizumab,49,wk8,86.0,370.0,Heidelberg Spectralis,1,0
360,Ranibizumab,81,wk12,82.0,385.0,Heidelberg Spectralis,1,0
360,Ranibizumab,114,wk16,88.0,403.0,Heidelberg Spectralis,1,0
360,Ranibizumab,141,wk20,87.0,,,0,0
360,Ranibizumab,175,wk24,88.0,365.0,Heidelberg Spectralis,1,0
360,Ranibizumab,192,wk28,90.0,,,0,0
360,Ranibizumab,226,wk32,84.0,349.0,Heidelberg Spectralis,1,0
360,Ranibizumab,252,wk36,89.0,,,0,0
360,Ranibizumab,286,wk40,82.0,360.0,Heidelberg Spectralis,0,0
360,Ranibizumab,309,wk44,88.0,354.0,Heidelberg Spectralis,0,1
360,Ranibizumab,334,wk48,83.0,343.0,Heidelberg Spectralis,0,0
360,Ranibizumab,367,wk52,85.0,365.0,Heidelberg Spectralis,1,0
360,Ranibizumab,398,wk56,83.0,364.0,Heidelberg Spectralis,0,0
360,Ranibizumab,448,wk64,92.0,373.0,Heidelberg Spectralis,1,0
360,Ranibizumab,474,wk68,85.0,346.0,Heidelberg Spectralis,0,0
360,Ranibizumab,595,wk84,95.0,373.0,Heidelberg Spectralis,0,0
360,Ranibizumab,665,wk96,97.0,,,0,0
360,Ranibizumab,706,wk100,100.0,440.0,Heidelberg Spectralis,0,0
360,Ranibizumab,732,wk104,96.0,386.0,Heidelberg Spectralis,0,0
361,Aflibercept,0,baseline,40.0,402.0,Heidelberg Spectralis,1,0
361,Aflibercept,28,wk4,53.0,,,1,0
361,Aflibercept,53,wk8,62.0,222.0,Heidelberg Spectralis,1,0
361,Aflibercept,77,wk12,56.0,260.0,Heidelberg Spectralis,1,0
361,Aflibercept,115,wk16,62.0,242.0,Heidelberg Spectralis,1,0
361,Aflibercept,145,wk20,63.0,190.0,Heidelberg Spectralis,1,0
361,Aflibercept,172,wk24,62.0,211.0,Heidelberg Spectralis,0,0
361,Aflibercept,197,wk28,64.0,227.0,Heidelberg Spectralis,1,0
361,Aflibercept,222,wk32,61.0,,,1,0
361,Aflibercept,258,wk36,66.0,196.0,Heidelberg Spectralis,1,0
361,Aflibercept,277,wk40,64.0,150.0,Heidelberg Spectralis,0,0
361,Aflibercept,304,wk44,60.0,171.0,Heidelberg Spectralis,0,0
361,Aflibercept,332,wk48,59.0,175.0,Heidelberg Spectralis,0,0
361,Aflibercept,371,wk52,67.0,175.0,Heidelberg Spectralis,0,0
361,Aflibercept,395,wk56,62.0,150.0,Heidelberg Spectralis,0,0
361,Aflibercept,448,wk64,65.0,158.0,Heidelberg Spectralis,1,0
361,Aflibercept,558,wk80,63.0,150.0,Heidelberg Spectralis,1,0
361,Aflibercept,620,wk88,78.0,150.0,Heidelberg Spectralis,0,0
361,Aflibercept,649,wk92,71.0,188.0,Heidelberg Spectralis,0,0
361,Aflibercept,676,wk96,73.0,161.0,Heidelberg Spectralis,1,0
361,Aflibercept,734,wk104,72.0,150.0,Heidelberg Spectralis,0,0
362,Aflibercept,0,baseline,45.0,425.0,Heidelberg Spectralis,1,0
362,Aflibercept,28,wk4,47.0,374.0,Heidelberg Spectralis,1,0
362,Aflibercept,59,wk8,62.0,414.0,Heidelberg Spectralis,1,0
362,Aflibercept,87,wk12,65.0,264.0,Heidelberg Spectralis,1,0
362,Aflibercept,111,wk16,71.0,313.0,Heidelberg Spectralis,0,0
362,Aflibercept,137,wk20,66.0,330.0,Heidelberg Spectralis,1,0
362,Aflibercept,174,wk24,73.0,323.0,Heidelberg Spectralis,0,1
362,Aflibercept,193,wk28,64.0,277.0,Heidelberg Spectralis,1,0
362,Aflibercept,231,wk32,66.0,263.0,Heidelberg Spectralis,1,0
362,Aflibercept,259,wk36,64.0,298.0,Heidelberg Spectralis,1,0
362,Aflibercept,286,wk40,77.0,336.0,Heidelberg Spectralis,1,0
362,Aflibercept,312,wk44,71.0,293.0,Heidelberg Spectralis,0,0
362,Aflibercept,335,wk48,69.0,,,1,0
362,Aflibercept,367,wk52,69.0,305.0,Heidelberg Spectralis,1,0
362,Aflibercept,422,wk60,68.0,329.0,Heidelberg Spectralis,1,0
362,Aflibercept,500,wk72,71.0,303.0,Heidelberg Spectralis,0,1
362,Aflibercept,538,wk76,82.0,302.0,Heidelberg Spectralis,0,0
362,Aflibercept,565,wk80,77.0,316.0,Heidelberg Spectralis,0,0
362,Aflibercept,622,wk88,75.0,294.0,Heidelberg Spectralis,0,0
362,Aflibercept,674,wk96,74.0,,,1,0
362,Aflibercept,723,wk104,83.0,286.0,Heidelberg Spectralis,0,0
363,Aflibercept,0,baseline,61.0,480.0,Zeiss Cirrus,1,0
363,Aflibercept,32,wk4,71.0,445.0,Zeiss Cirrus,1,0
363,Aflibercept,51,wk8,88.0,379.0,Zeiss Cirrus,1,0
363,Aflibercept,81,wk12,96.0,343.0,Zeiss Cirrus,1,0
363,Aflibercept,108,wk16,91.0,363.0,Zeiss Cirrus,1,0
363,Aflibercept,145,wk20,95.0,334.0,Zeiss Cirrus,1,0
363,Aflibercept,161,wk24,97.0,322.0,Zeiss Cirrus,0,0
363,Aflibercept,198,wk28,98.0,308.0,Zeiss Cirrus,1,0
363,Aflibercept,218,wk32,94.0,,,0,0
363,Aflibercept,252,wk36,95.0,,,1,0
363,Aflibercept,287,wk40,96.0,,,1,0
363,Aflibercept,309,wk44,100.0,316.0,Zeiss Cirrus,1,0
363,Aflibercept,330,wk48,93.0,310.0,Zeiss Cirrus,1,1
363,Aflibercept,367,wk52,100.0,319.0,Zeiss Cirrus,0,0
363,Aflibercept,481,wk68,99.0,292.0,Zeiss Cirrus,0,0
363,Aflibercept,511,wk72,100.0,342.0,Zeiss Cirrus,0,0
363,Aflibercept,535,wk76,91.0,,,1,0
363,Aflibercept,584,wk84,100.0,288.0,Zeiss Cirrus,0,0
363,Aflibercept,612,wk88,98.0,306.0,Zeiss Cirrus,0,0
363,Aflibercept,695,wk100,95.0,300.0,Zeiss Cirrus,1,0
363,Aflibercept,730,wk104,100.0,310.0,Zeiss Cirrus,0,0
364,Ranibizumab,0,baseline,34.0,317.0,Zeiss Cirrus,1,0
364,Ranibizumab,26,wk4,36.0,,,1,0
364,Ranibizumab,54,wk8,38.0,,,1,0
364,Ranibizumab,82,wk12,50.0,209.0,Zeiss Cirrus,1,0
364,Ranibizumab,110,wk16,48.0,214.0,Zeiss Cirrus,1,0
364,Ranibizumab,143,wk20,43.0,,,1,0
364,Ranibizumab,161,wk24,47.0,,,0,0
364,Ranibizumab,203,wk28,44.0,270.0,Zeiss Cirrus,1,0
364,Ranibizumab,227,wk32,42.0,,,1,1
364,Ranibizumab,246,wk36,42.0,,,0,0
364,Ranibizumab,286,wk40,47.0,255.0,Zeiss Cirrus,1,0
364,Ranibizumab,302,wk44,53.0,264.0,Zeiss Cirrus,1,0
364,Ranibizumab,335,wk48,47.0,230.0,Zeiss Cirrus,0,0
364,Ranibizumab,369,wk52,46.0,245.0,Zeiss Cirrus,0,0
364,Ranibizumab,421,wk60,41.0,273.0,Zeiss Cirrus,1,0
364,Ranibizumab,480,wk68,45.0,216.0,Zeiss Cirrus,1,0
364,Ranibizumab,526,wk76,50.0,225.0,Zeiss Cirrus,1,0
364,Ranibizumab,582,wk84,41.0,,,1,0
364,Ranibizumab,673,wk96,50.0,213.0,Zeiss Cirrus,0,0
364,Ranibizumab,722,wk104,47.0,241.0,Zeiss Cirrus,0,0
365,Bevacizumab,0,baseline,61.0,776.0,Heidelberg Spectralis,1,0
365,Bevacizumab,30,wk4,69.0,,,1,0
365,Bevacizumab,54,wk8,59.0,541.0,Heidelberg Spectralis,1,0
365,Bevacizumab,90,wk12,61.0,549.0,Heidelberg Spectralis,1,0
365,Bevacizumab,109,wk16,67.0,462.0,Heidelberg Spectralis,0,0
365,Bevacizumab,137,wk20,61.0,,,1,0
365,Bevacizumab,168,wk24,68.0,500.0,Heidelberg Spectralis,1,0
365,Bevacizumab,191,wk28,72.0,456.0,Heidelberg Spectralis,0,0
365,Bevacizumab,228,wk32,62.0,543.0,Heidelberg Spectralis,1,0
365,Bevacizumab,253,wk36,66.0,403.0,Heidelberg Spectralis,0,0
365,Bevacizumab,277,wk40,70.0,403.0,Heidelberg Spectralis,1,0
365,Bevacizumab,311,wk44,66.0,,,0,0
365,Bevacizumab,333,wk48,67.0,468.0,Heidelberg Spectralis,0,0
365,Bevacizumab,365,wk52,67.0,423.0,Heidelberg Spectralis,0,0
365,Bevacizumab,393,wk56,64.0,405.0,Heidelberg Spectralis,1,0
365,Bevacizumab,450,wk64,72.0,384.0,Heidelberg Spectralis,1,0
365,Bevacizumab,565,wk80,64.0,478.0,Heidelberg Spectralis,0,0
365,Bevacizumab,583,wk84,75.0,,,1,0
365,Bevacizumab,623,wk88,73.0,,,1,0
365,Bevacizumab,701,wk100,72.0,363.0,Heidelberg Spectralis,1,1
365,Bevacizumab,721,wk104,72.0,376.0,Heidelberg Spectralis,0,0
366,Aflibercept,0,baseline,74.0,456.0,Heidelberg Spectralis,1,0
366,Aflibercept,31,wk4,77.0,403.0,Heidelberg Spectralis,1,0
366,Aflibercept,58,wk8,75.0,323.0,Heidelberg Spectralis,1,0
366,Aflibercept,88,wk12,74.0,269.0,Heidelberg Spectralis,1,0
366,Aflibercept,106,wk16,76.0,281.0,Heidelberg Spectralis,0,0
366,Aflibercept,137,wk20,79.0,327.0,Heidelberg Spectralis,1,0
366,Aflibercept,167,wk24,78.0,202.0,Heidelberg Spectralis,1,0
366,Aflibercept,197,wk28,80.0,210.0,Heidelberg Spectralis,0,0
366,Aflibercept,227,wk32,79.0,,,0,0
366,Aflibercept,246,wk36,82.0,245.0,Heidelberg Spectralis,0,0
366,Aflibercept,284,wk40,81.0,273.0,Heidelberg Spectralis,1,0
366,Aflibercept,313,wk44,83.0,261.0,Heidelberg Spectralis,1,0
366,Aflibercept,331,wk48,77.0,,,1,0
366,Aflibercept,360,wk52,78.0,245.0,Heidelberg Spectralis,0,0
366,Aflibercept,471,wk68,68.0,233.0,Heidelberg Spectralis,1,0
366,Aflibercept,584,wk84,77.0,260.0,Heidelberg Spectralis,0,0
366,Aflibercept,620,wk88,78.0,294.0,Heidelberg Spectralis,1,0
366,Aflibercept,644,wk92,73.0,242.0,Heidelberg Spectralis,0,0
366,Aflibercept,671,wk96,75.0,,,1,0
366,Aflibercept,703,wk100,79.0,214.0,Heidelberg Spectralis,1,0
366,Aflibercept,732,wk104,76.0,263.0,Heidelberg Spectralis,0,0
367,Bevacizumab,0,baseline,76.0,574.0,Heidelberg Spectralis,1,0
367,Bevacizumab,32,wk4,84.0,561.0,Heidelberg Spectralis,1,0
367,Bevacizumab,57,wk8,99.0,488.0,Heidelberg Spectralis,1,0
367,Bevacizumab,77,wk12,93.0,429.0,Heidelberg Spectralis,1,0
367,Bevacizumab,112,wk16,89.0,416.0,Heidelberg Spectralis,1,0
367,Bevacizumab,147,wk20,95.0,389.0,Heidelberg Spectralis,0,0
367,Bevacizumab,169,wk24,100.0,468.0,Heidelberg Spectralis,1,0
367,Bevacizumab,192,wk28,99.0,377.0,Heidelberg Spectralis,0,0
367,Bevacizumab,227,wk32,100.0,410.0,Heidelberg Spectralis,0,0
367,Bevacizumab,251,wk36,98.0,416.0,Heidelberg Spectralis,1,0
367,Bevacizumab,286,wk40,95.0,432.0,Heidelberg Spectralis,0,0
367,Bevacizumab,313,wk44,94.0,415.0,Heidelberg Spectralis,1,1
367,Bevacizumab,338,wk48,99.0,,,0,0
367,Bevacizumab,365,wk52,99.0,409.0,Heidelberg Spectralis,1,0
367,Bevacizumab,413,wk60,88.0,393.0,Heidelberg Spectralis,0,0
367,Bevacizumab,476,wk68,100.0,429.0,Heidelberg Spectralis,1,0
367,Bevacizumab,510,wk72,100.0,400.0,Heidelberg Spectralis,1,0
367,Bevacizumab,565,wk80,100.0,429.0,Heidelberg Spectralis,0,0
367,Bevacizumab,609,wk88,100.0,403.0,Heidelberg Spectralis,0,0
367,Bevacizumab,640,wk92,99.0,340.0,Heidelberg Spectralis,1,0
367,Bevacizumab,722,wk104,100.0,388.0,Heidelberg Spectralis,0,0
368,Ranibizumab,0,baseline,76.0,400.0,Heidelberg Spectralis,1,0
368,Ranibizumab,29,wk4,76.0,462.0,Heidelberg Spectralis,1,0
368,Ranibizumab,56,wk8,79.0,,,1,0
368,Ranibizumab,85,wk12,74.0,432.0,Heidelberg Spectralis,1,0
368,Ranibizumab,105,wk16,78.0,,,1,0
368,Ranibizumab,146,wk20,72.0,389.0,Heidelberg Spectralis,1,0
368,Ranibizumab,166,wk24,67.0,363.0,Heidelberg Spectralis,1,0
368,Ranibizumab,190,wk28,74.0,350.0,Heidelberg Spectralis,0,0
368,Ranibizumab,223,wk32,83.0,,,0,0
368,Ranibizumab,257,wk36,69.0,386.0,Heidelberg Spectralis,1,0
368,Ranibizumab,279,wk40,78.0,345.0,Heidelberg Spectralis,0,1
368,Ranibizumab,301,wk44,77.0,320.0,Heidelberg Spectralis,1,0
368,Ranibizumab,337,wk48,78.0,350.0,Heidelberg Spectralis,0,0
368,Ranibizumab,367,wk52,76.0,382.0,Heidelberg Spectralis,0,0
368,Ranibizumab,423,wk60,83.0,351.0,Heidelberg Spectralis,0,0
368,Ranibizumab,531,wk76,83.0,458.0,Heidelberg Spectralis,1,0
369,Ranibizumab,0,baseline,75.0,491.0,Zeiss Cirrus,1,0
369,Ranibizumab,34,wk4,83.0,442.0,Zeiss Cirrus,1,0
369,Ranibizumab,52,wk8,80.0,,,1,0
369,Ranibizumab,78,wk12,84.0,430.0,Zeiss Cirrus,1,0
369,Ranibizumab,116,wk16,80.0,491.0,Zeiss Cirrus,1,0
369,Ranibizumab,141,wk20,84.0,,,1,0
369,Ranibizumab,162,wk24,89.0,481.0,Zeiss Cirrus,1,0
369,Ranibizumab,196,wk28,97.0,348.0,Zeiss Cirrus,1,0
369,Ranibizumab,223,wk32,86.0,424.0,Zeiss Cirrus,0,0
369,Ranibizumab,245,wk36,84.0,398.0,Zeiss Cirrus,1,0
369,Ranibizumab,283,wk40,94.0,425.0,Zeiss Cirrus,0,0
369,Ranibizumab,310,wk44,89.0,402.0,Zeiss Cirrus,0,0
369,Ranibizumab,333,wk48,83.0,,,1,0
369,Ranibizumab,357,wk52,86.0,416.0,Zeiss Cirrus,0,0
369,Ranibizumab,476,wk68,77.0,413.0,Zeiss Cirrus,1,0
369,Ranibizumab,586,wk84,82.0,,,1,0
369,Ranibizumab,609,wk88,87.0,405.0,Zeiss Cirrus,0,0
369,Ranibizumab,649,wk92,92.0,382.0,Zeiss Cirrus,1,0
369,Ranibizumab,666,wk96,95.0,382.0,Zeiss Cirrus,0,0
369,Ranibizumab,723,wk104,91.0,405.0,Zeiss Cirrus,0,0
370,Bevacizumab,0,baseline,64.0,439.0,Zeiss Cirrus,1,0
370,Bevacizumab,26,wk4,67.0,416.0,Zeiss Cirrus,1,0
370,Bevacizumab,49,wk8,72.0,366.0,Zeiss Cirrus,1,0
370,Bevacizumab,88,wk12,73.0,339.0,Zeiss Cirrus,1,0
370,Bevacizumab,105,wk16,77.0,336.0,Zeiss Cirrus,0,0
370,Bevacizumab,135,wk20,84.0,307.0,Zeiss Cirrus,0,0
370,Bevacizumab,161,wk24,79.0,302.0,Zeiss Cirrus,0,1
370,Bevacizumab,198,wk28,85.0,,,0,0
370,Bevacizumab,225,wk32,80.0,217.0,Zeiss Cirrus,0,0
370,Bevacizumab,252,wk36,75.0,229.0,Zeiss Cirrus,1,0
370,Bevacizumab,284,wk40,89.0,288.0,Zeiss Cirrus,1,0
370,Bevacizumab,311,wk44,81.0,228.0,Zeiss Cirrus,0,0
370,Bevacizumab,329,wk48,85.0,353.0,Zeiss Cirrus,0,0
370,Bevacizumab,360,wk52,82.0,277.0,Zeiss Cirrus,0,0
370,Bevacizumab,399,wk56,86.0,238.0,Zeiss Cirrus,1,0
370,Bevacizumab,416,wk60,81.0,272.0,Zeiss Cirrus,1,0
370,Bevacizumab,480,wk68,77.0,250.0,Zeiss Cirrus,1,0
370,Bevacizumab,528,wk76,80.0,266.0,Zeiss Cirrus,0,0
370,Bevacizumab,590,wk84,79.0,273.0,Zeiss Cirrus,1,0
371,Bevacizumab,0,baseline,78.0,480.0,Zeiss Stratus,1,0
371,Bevacizumab,33,wk4,80.0,427.0,Zeiss Stratus,1,0
371,Bevacizumab,61,wk8,83.0,,,1,0
371,Bevacizumab,79,wk12,82.0,,,1,0
371,Bevacizumab,117,wk16,86.0,374.0,Zeiss Stratus,0,0
371,Bevacizumab,133,wk20,85.0,340.0,Zeiss Stratus,1,0
371,Bevacizumab,168,wk24,88.0,374.0,Zeiss Stratus,1,0
371,Bevacizumab,202,wk28,81.0,340.0,Zeiss Stratus,1,0
371,Bevacizumab,230,wk32,92.0,369.0,Zeiss Stratus,1,1
371,Bevacizumab,251,wk36,92.0,,,1,0
371,Bevacizumab,287,wk40,90.0,312.0,Zeiss Stratus,1,0
371,Bevacizumab,303,wk44,90.0,347.0,Zeiss Stratus,0,0
371,Bevacizumab,334,wk48,90.0,403.0,Zeiss Stratus,0,0
371,Bevacizumab,358,wk52,90.0,356.0,Zeiss Stratus,0,0
371,Bevacizumab,397,wk56,99.0,364.0,Zeiss Stratus,1,0
371,Bevacizumab,480,wk68,88.0,,,0,0
371,Bevacizumab,499,wk72,85.0,300.0,Zeiss Stratus,1,0
371,Bevacizumab,532,wk76,94.0,,,0,0
371,Bevacizumab,553,wk80,97.0,341.0,Zeiss Stratus,1,0
371,Bevacizumab,642,wk92,88.0,319.0,Zeiss Stratus,1,0
371,Bevacizumab,666,wk96,97.0,287.0,Zeiss Stratus,0,0
371,Bevacizumab,729,wk104,92.0,330.0,Zeiss Stratus,0,0
372,Ranibizumab,0,baseline,67.0,409.0,Zeiss Cirrus,1,0
372,Ranibizumab,21,wk4,75.0,,,1,0
372,Ranibizumab,51,wk8,79.0,289.0,Zeiss Cirrus,1,0
372,Ranibizumab,78,wk12,78.0,220.0,Zeiss Cirrus,1,0
372,Ranibizumab,112,wk16,86.0,207.0,Zeiss Cirrus,1,0
372,Ranibizumab,145,wk20,87.0,166.0,Zeiss Cirrus,0,0
372,Ranibizumab,165,wk24,85.0,164.0,Zeiss Cirrus,1,0
372,Ranibizumab,191,wk28,84.0,,,0,0
372,Ranibizumab,228,wk32,89.0,,,0,0
372,Ranibizumab,246,wk36,89.0,150.0,Zeiss Cirrus,0,0
372,Ranibizumab,286,wk40,84.0,194.0,Zeiss Cirrus,0,0
372,Ranibizumab,304,wk44,82.0,150.0,Zeiss Cirrus,1,1
372,Ranibizumab,329,wk48,87.0,150.0,Zeiss Cirrus,1,0
372,Ranibizumab,368,wk52,87.0,153.0,Zeiss Cirrus,0,0
372,Ranibizumab,422,wk60,87.0,155.0,Zeiss Cirrus,0,0
372,Ranibizumab,475,wk68,84.0,150.0,Zeiss Cirrus,0,0
372,Ranibizumab,508,wk72,95.0,150.0,Zeiss Cirrus,1,0
372,Ranibizumab,531,wk76,86.0,150.0,Zeiss Cirrus,1,0
372,Ranibizumab,556,wk80,86.0,150.0,Zeiss Cirrus,0,0
372,Ranibizumab,582,wk84,93.0,150.0,Zeiss Cirrus,0,0
372,Ranibizumab,669,wk96,87.0,150.0,Zeiss Cirrus,1,0
372,Ranibizumab,696,wk100,93.0,150.0,Zeiss Cirrus,0,0
372,Ranibizumab,735,wk104,92.0,150.0,Zeiss Cirrus,0,0
373,Bevacizumab,0,baseline,70.0,644.0,Heidelberg Spectralis,1,0
373,Bevacizumab,24,wk4,77.0,552.0,Heidelberg Spectralis,1,0
373,Bevacizumab,56,wk8,82.0,583.0,Heidelberg Spectralis,1,0
373,Bevacizumab,79,wk12,86.0,532.0,Heidelberg Spectralis,1,0
373,Bevacizumab,118,wk16,88.0,476.0,Heidelberg Spectralis,1,0
373,Bevacizumab,143,wk20,94.0,464.0,Heidelberg Spectralis,1,0
373,Bevacizumab,165,wk24,94.0,450.0,Heidelberg Spectralis,1,0
373,Bevacizumab,194,wk28,91.0,478.0,Heidelberg Spectralis,1,0
373,Bevacizumab,225,wk32,86.0,410.0,Heidelberg Spectralis,1,0
373,Bevacizumab,247,wk36,86.0,460.0,Heidelberg Spectralis,1,0
373,Bevacizumab,277,wk40,89.0,,,0,0
373,Bevacizumab,314,wk44,92.0,385.0,Heidelberg Spectralis,1,0
373,Bevacizumab,330,wk48,90.0,,,0,0
373,Bevacizumab,357,wk52,92.0,429.0,Heidelberg Spectralis,0,0
373,Bevacizumab,393,wk56,97.0,418.0,Heidelberg Spectralis,0,0
373,Bevacizumab,415,wk60,94.0,418.0,Heidelberg Spectralis,1,0
373,Bevacizumab,509,wk72,92.0,420.0,Heidelberg Spectralis,0,0
373,Bevacizumab,559,wk80,90.0,397.0,Heidelberg Spectralis,0,0
373,Bevacizumab,617,wk88,100.0,398.0,Heidelberg Spectralis,1,0
373,Bevacizumab,705,wk100,91.0,391.0,Heidelberg Spectralis,1,0
373,Bevacizumab,730,wk104,97.0,436.0,Heidelberg Spectralis,0,0
374,Bevacizumab,0,baseline,55.0,260.0,Zeiss Stratus,1,0
374,Bevacizumab,24,wk4,58.0,249.0,Zeiss Stratus,1,0
374,Bevacizumab,63,wk8,56.0,314.0,Zeiss Stratus,1,0
374,Bevacizumab,79,wk12,57.0,276.0,Zeiss Stratus,1,0
374,Bevacizumab,114,wk16,64.0,364.0,Zeiss Stratus,1,0
374,Bevacizumab,134,wk20,65.0,322.0,Zeiss Stratus,1,0
374,Bevacizumab,169,wk24,61.0,,,1,0
374,Bevacizumab,203,wk28,65.0,377.0,Zeiss Stratus,1,0
374,Bevacizumab,228,wk32,61.0,376.0,Zeiss Stratus,1,0
374,Bevacizumab,247,wk36,63.0,,,1,0
374,Bevacizumab,280,wk40,67.0,345.0,Zeiss Stratus,1,0
374,Bevacizumab,310,wk44,67.0,287.0,Zeiss Stratus,1,1
374,Bevacizumab,342,wk48,67.0,263.0,Zeiss Stratus,1,0
374,Bevacizumab,359,wk52,66.0,340.0,Zeiss Stratus,0,0
374,Bevacizumab,448,wk64,64.0,296.0,Zeiss Stratus,1,0
374,Bevacizumab,531,wk76,60.0,397.0,Zeiss Stratus,1,0
374,Bevacizumab,562,wk80,72.0,332.0,Zeiss Stratus,1,0
374,Bevacizumab,618,wk88,69.0,294.0,Zeiss Stratus,0,0
374,Bevacizumab,651,wk92,65.0,351.0,Zeiss Stratus,0,0
374,Bevacizumab,725,wk104,71.0,310.0,Zeiss Stratus,0,0
375,Bevacizumab,0,baseline,64.0,536.0,Zeiss Cirrus,1,0
375,Bevacizumab,31,wk4,68.0,497.0,Zeiss Cirrus,1,0
375,Bevacizumab,53,wk8,74.0,527.0,Zeiss Cirrus,1,0
375,Bevacizumab,82,wk12,71.0,566.0,Zeiss Cirrus,1,0
375,Bevacizumab,110,wk16,67.0,502.0,Zeiss Cirrus,0,0
375,Bevacizumab,140,wk20,73.0,531.0,Zeiss Cirrus,1,0
375,Bevacizumab,163,wk24,69.0,521.0,Zeiss Cirrus,1,0
375,Bevacizumab,190,wk28,75.0,482.0,Zeiss Cirrus,1,0
375,Bevacizumab,223,wk32,70.0,503.0,Zeiss Cirrus,1,1
375,Bevacizumab,245,wk36,78.0,482.0,Zeiss Cirrus,0,0
375,Bevacizumab,286,wk40,70.0,487.0,Zeiss Cirrus,0,0
375,Bevacizumab,308,wk44,77.0,485.0,Zeiss Cirrus,0,0
375,Bevacizumab,331,wk48,65.0,499.0,Zeiss Cirrus,1,0
375,Bevacizumab,365,wk52,70.0,497.0,Zeiss Cirrus,0,0
375,Bevacizumab,398,wk56,65.0,483.0,Zeiss Cirrus,0,0
375,Bevacizumab,425,wk60,72.0,465.0,Zeiss Cirrus,0,0
375,Bevacizumab,447,wk64,70.0,512.0,Zeiss Cirrus,0,0
375,Bevacizumab,506,wk72,67.0,,,1,0
375,Bevacizumab,533,wk76,73.0,561.0,Zeiss Cirrus,0,0
375,Bevacizumab,619,wk88,67.0,537.0,Zeiss Cirrus,0,0
375,Bevacizumab,640,wk92,71.0,546.0,Zeiss Cirrus,1,0
375,Bevacizumab,702,wk100,68.0,552.0,Zeiss Cirrus,0,0
375,Bevacizumab,727,wk104,72.0,545.0,Zeiss Cirrus,0,0
376,Bevacizumab,0,baseline,75.0,441.0,Zeiss Cirrus,1,0
376,Bevacizumab,33,wk4,88.0,378.0,Zeiss Cirrus,1,0
376,Bevacizumab,49,wk8,82.0,,,1,0
376,Bevacizumab,83,wk12,76.0,252.0,Zeiss Cirrus,1,0
376,Bevacizumab,108,wk16,83.0,307.0,Zeiss Cirrus,0,0
376,Bevacizumab,145,wk20,82.0,272.0,Zeiss Cirrus,0,0
376,Bevacizumab,165,wk24,81.0,230.0,Zeiss Cirrus,1,0
376,Bevacizumab,199,wk28,77.0,237.0,Zeiss Cirrus,0,0
376,Bevacizumab,217,wk32,73.0,258.0,Zeiss Cirrus,0,0
376,Bevacizumab,258,wk36,83.0,199.0,Zeiss Cirrus,0,0
376,Bevacizumab,284,wk40,84.0,200.0,Zeiss Cirrus,0,0
376,Bevacizumab,302,wk44,82.0,260.0,Zeiss Cirrus,1,0
376,Bevacizumab,341,wk48,85.0,263.0,Zeiss Cirrus,0,0
376,Bevacizumab,362,wk52,82.0,231.0,Zeiss Cirrus,1,0
376,Bevacizumab,387,wk56,80.0,259.0,Zeiss Cirrus,0,0
376,Bevacizumab,417,wk60,81.0,204.0,Zeiss Cirrus,0,0
376,Bevacizumab,451,wk64,84.0,169.0,Zeiss Cirrus,0,0
376,Bevacizumab,531,wk76,76.0,211.0,Zeiss Cirrus,1,0
376,Bevacizumab,558,wk80,82.0,240.0,Zeiss Cirrus,0,0
377,Ranibizumab,0,baseline,77.0,364.0,Heidelberg Spectralis,1,0
377,Ranibizumab,22,wk4,84.0,350.0,Heidelberg Spectralis,1,0
377,Ranibizumab,60,wk8,79.0,239.0,Heidelberg Spectralis,1,0
377,Ranibizumab,84,wk12,83.0,,,1,0
377,Ranibizumab,105,wk16,82.0,,,1,0
377,Ranibizumab,136,wk20,78.0,231.0,Heidelberg Spectralis,1,0
377,Ranibizumab,162,wk24,81.0,223.0,Heidelberg Spectralis,0,0
377,Ranibizumab,189,wk28,85.0,,,1,0
377,Ranibizumab,230,wk32,76.0,214.0,Heidelberg Spectralis,1,0
377,Ranibizumab,246,wk36,75.0,200.0,Heidelberg Spectralis,1,0
377,Ranibizumab,285,wk40,71.0,221.0,Heidelberg Spectralis,1,0
377,Ranibizumab,309,wk44,82.0,253.0,Heidelberg Spectralis,1,0
377,Ranibizumab,330,wk48,87.0,224.0,Heidelberg Spectralis,0,0
377,Ranibizumab,370,wk52,79.0,216.0,Heidelberg Spectralis,0,0
377,Ranibizumab,396,wk56,78.0,150.0,Heidelberg Spectralis,1,0
377,Ranibizumab,470,wk68,71.0,196.0,Heidelberg Spectralis,1,0
377,Ranibizumab,511,wk72,77.0,197.0,Heidelberg Spectralis,0,0
377,Ranibizumab,566,wk80,81.0,,,0,0
377,Ranibizumab,615,wk88,71.0,202.0,Heidelberg Spectralis,1,0
378,Bevacizumab,0,baseline,52.0,707.0,Heidelberg Spectralis,1,0
378,Bevacizumab,23,wk4,64.0,603.0,Heidelberg Spectralis,1,0
378,Bevacizumab,60,wk8,76.0,565.0,Heidelberg Spectralis,1,0
378,Bevacizumab,80,wk12,80.0,499.0,Heidelberg Spectralis,1,0
378,Bevacizumab,110,wk16,84.0,489.0,Heidelberg Spectralis,0,0
378,Bevacizumab,147,wk20,88.0,514.0,Heidelberg Spectralis,0,0
378,Bevacizumab,161,wk24,84.0,,,1,1
378,Bevacizumab,197,wk28,89.0,431.0,Heidelberg Spectralis,1,0
378,Bevacizumab,229,wk32,92.0,,,1,0
378,Bevacizumab,256,wk36,87.0,448.0,Heidelberg Spectralis,1,0
378,Bevacizumab,285,wk40,88.0,401.0,Heidelberg Spectralis,1,0
378,Bevacizumab,306,wk44,96.0,484.0,Heidelberg Spectralis,0,0
378,Bevacizumab,336,wk48,88.0,464.0,Heidelberg Spectralis,0,0
378,Bevacizumab,366,wk52,91.0,452.0,Heidelberg Spectralis,1,0
378,Bevacizumab,422,wk60,96.0,440.0,Heidelberg Spectralis,0,0
378,Bevacizumab,504,wk72,85.0,397.0,Heidelberg Spectralis,0,0
378,Bevacizumab,539,wk76,93.0,,,1,0
378,Bevacizumab,612,wk88,91.0,443.0,Heidelberg Spectralis,0,0
378,Bevacizumab,650,wk92,91.0,411.0,Heidelberg Spectralis,0,0
378,Bevacizumab,707,wk100,97.0,428.0,Heidelberg Spectralis,0,0
378,Bevacizumab,732,wk104,94.0,419.0,Heidelberg Spectralis,0,0
379,Aflibercept,0,baseline,51.0,691.0,Heidelberg Spectralis,1,0
379,Aflibercept,26,wk4,64.0,554.0,Heidelberg Spectralis,1,0
379,Aflibercept,63,wk8,60.0,,,1,0
379,Aflibercept,82,wk12,68.0,,,1,0
379,Aflibercept,115,wk16,68.0,382.0,Heidelberg Spectralis,1,0
379,Aflibercept,133,wk20,63.0,320.0,Heidelberg Spectralis,1,0
379,Aflibercept,175,wk24,61.0,298.0,Heidelberg Spectralis,1,0
379,Aflibercept,190,wk28,75.0,294.0,Heidelberg Spectralis,1,0
379,Aflibercept,230,wk32,73.0,277.0,Heidelberg Spectralis,1,0
379,Aflibercept,256,wk36,70.0,298.0,Heidelberg Spectralis,1,0
379,Aflibercept,277,wk40,70.0,207.0,Heidelberg Spectralis,1,0
379,Aflibercept,315,wk44,74.0,203.0,Heidelberg Spectralis,1,0
379,Aflibercept,332,wk48,68.0,237.0,Heidelberg Spectralis,0,0
379,Aflibercept,365,wk52,70.0,,,1,0
379,Aflibercept,448,wk64,74.0,263.0,Heidelberg Spectralis,1,0
379,Aflibercept,566,wk80,69.0,249.0,Heidelberg Spectralis,0,1
379,Aflibercept,621,wk88,78.0,229.0,Heidelberg Spectralis,0,0
379,Aflibercept,678,wk96,67.0,226.0,Heidelberg Spectralis,1,0
380,Ranibizumab,0,baseline,69.0,269.0,Zeiss Cirrus,1,0
380,Ranibizumab,32,wk4,65.0,294.0,Zeiss Cirrus,1,0
380,Ranibizumab,61,wk8,75.0,358.0,Zeiss Cirrus,1,0
380,Ranibizumab,89,wk12,86.0,253.0,Zeiss Cirrus,1,0
380,Ranibizumab,119,wk16,82.0,210.0,Zeiss Cirrus,1,0
380,Ranibizumab,144,wk20,73.0,298.0,Zeiss Cirrus,0,0
380,Ranibizumab,171,wk24,83.0,265.0,Zeiss Cirrus,0,0
380,Ranibizumab,193,wk28,80.0,,,0,0
380,Ranibizumab,228,wk32,78.0,317.0,Zeiss Cirrus,0,0
380,Ranibizumab,259,wk36,77.0,260.0,Zeiss Cirrus,0,0
380,Ranibizumab,282,wk40,76.0,230.0,Zeiss Cirrus,0,0
380,Ranibizumab,307,wk44,78.0,328.0,Zeiss Cirrus,1,0
380,Ranibizumab,331,wk48,78.0,254.0,Zeiss Cirrus,1,0
380,Ranibizumab,358,wk52,79.0,274.0,Zeiss Cirrus,1,0
380,Ranibizumab,394,wk56,86.0,328.0,Zeiss Cirrus,0,0
380,Ranibizumab,448,wk64,81.0,285.0,Zeiss Cirrus,0,0
380,Ranibizumab,483,wk68,77.0,283.0,Zeiss Cirrus,1,0
380,Ranibizumab,531,wk76,83.0,278.0,Zeiss Cirrus,0,0
380,Ranibizumab,610,wk88,77.0,300.0,Zeiss Cirrus,1,0
380,Ranibizumab,677,wk96,81.0,,,0,0
380,Ranibizumab,724,wk104,84.0,307.0,Zeiss Cirrus,0,0
381,Bevacizumab,0,baseline,70.0,447.0,Zeiss Cirrus,1,0
381,Bevacizumab,26,wk4,68.0,472.0,Zeiss Cirrus,1,0
381,Bevacizumab,52,wk8,64.0,411.0,Zeiss Cirrus,1,0
381,Bevacizumab,87,wk12,63.0,357.0,Zeiss Cirrus,1,0
381,Bevacizumab,116,wk16,64.0,406.0,Zeiss Cirrus,1,0
381,Bevacizumab,142,wk20,62.0,428.0,Zeiss Cirrus,0,0
381,Bevacizumab,161,wk24,65.0,375.0,Zeiss Cirrus,0,0
381,Bevacizumab,202,wk28,62.0,,,1,0
381,Bevacizumab,225,wk32,71.0,398.0,Zeiss Cirrus,1,0
381,Bevacizumab,253,wk36,62.0,385.0,Zeiss Cirrus,0,0
381,Bevacizumab,273,wk40,65.0,389.0,Zeiss Cirrus,1,0
381,Bevacizumab,303,wk44,65.0,405.0,Zeiss Cirrus,0,0
381,Bevacizumab,330,wk48,60.0,398.0,Zeiss Cirrus,1,1
381,Bevacizumab,360,wk52,63.0,402.0,Zeiss Cirrus,0,0
381,Bevacizumab,386,wk56,54.0,398.0,Zeiss Cirrus,1,0
381,Bevacizumab,446,wk64,59.0,415.0,Zeiss Cirrus,0,0
381,Bevacizumab,478,wk68,61.0,,,1,0
381,Bevacizumab,503,wk72,60.0,421.0,Zeiss Cirrus,0,0
381,Bevacizumab,529,wk76,59.0,,,1,0
381,Bevacizumab,559,wk80,62.0,430.0,Zeiss Cirrus,1,0
381,Bevacizumab,619,wk88,53.0,414.0,Zeiss Cirrus,0,0
381,Bevacizumab,638,wk92,59.0,460.0,Zeiss Cirrus,1,0
381,Bevacizumab,676,wk96,63.0,431.0,Zeiss Cirrus,1,0
381,Bevacizumab,727,wk104,59.0,423.0,Zeiss Cirrus,0,0
382,Bevacizumab,0,baseline,76.0,506.0,Zeiss Cirrus,1,0
382,Bevacizumab,29,wk4,79.0,364.0,Zeiss Cirrus,1,0
382,Bevacizumab,52,wk8,80.0,357.0,Zeiss Cirrus,1,0
382,Bevacizumab,84,wk12,85.0,,,1,0
382,Bevacizumab,114,wk16,77.0,,,1,0
382,Bevacizumab,134,wk20,89.0,,,1,0
382,Bevacizumab,169,wk24,81.0,297.0,Zeiss Cirrus,0,0
382,Bevacizumab,194,wk28,82.0,276.0,Zeiss Cirrus,1,0
382,Bevacizumab,228,wk32,85.0,237.0,Zeiss Cirrus,1,0
382,Bevacizumab,252,wk36,81.0,312.0,Zeiss Cirrus,1,0
382,Bevacizumab,274,wk40,80.0,,,1,0
382,Bevacizumab,304,wk44,76.0,,,1,0
382,Bevacizumab,334,wk48,82.0,261.0,Zeiss Cirrus,1,1
382,Bevacizumab,368,wk52,83.0,288.0,Zeiss Cirrus,1,0
382,Bevacizumab,391,wk56,83.0,308.0,Zeiss Cirrus,0,0
382,Bevacizumab,445,wk64,77.0,289.0,Zeiss Cirrus,1,0
382,Bevacizumab,509,wk72,86.0,246.0,Zeiss Cirrus,0,0
382,Bevacizumab,584,wk84,87.0,291.0,Zeiss Cirrus,1,0
382,Bevacizumab,650,wk92,85.0,236.0,Zeiss Cirrus,0,0
382,Bevacizumab,725,wk104,82.0,276.0,Zeiss Cirrus,0,0
383,Aflibercept,0,baseline,75.0,,,1,0
383,Aflibercept,31,wk4,76.0,432.0,Zeiss Cirrus,1,0
383,Aflibercept,62,wk8,72.0,371.0,Zeiss Cirrus,1,0
383,Aflibercept,91,wk12,75.0,378.0,Zeiss Cirrus,1,0
383,Aflibercept,109,wk16,74.0,365.0,Zeiss Cirrus,1,0
383,Aflibercept,139,wk20,82.0,308.0,Zeiss Cirrus,1,0
383,Aflibercept,165,wk24,73.0,306.0,Zeiss Cirrus,1,0
383,Aflibercept,199,wk28,78.0,,,1,0
383,Aflibercept,221,wk32,77.0,275.0,Zeiss Cirrus,1,0
383,Aflibercept,250,wk36,80.0,274.0,Zeiss Cirrus,1,0
383,Aflibercept,275,wk40,82.0,,,1,0
383,Aflibercept,302,wk44,80.0,321.0,Zeiss Cirrus,1,0
383,Aflibercept,337,wk48,82.0,321.0,Zeiss Cirrus,1,0
383,Aflibercept,359,wk52,79.0,312.0,Zeiss Cirrus,1,0
383,Aflibercept,397,wk56,84.0,,,0,0
383,Aflibercept,419,wk60,74.0,276.0,Zeiss Cirrus,1,0
383,Aflibercept,442,wk64,83.0,,,1,0
383,Aflibercept,477,wk68,78.0,325.0,Zeiss Cirrus,1,0
383,Aflibercept,559,wk80,71.0,,,1,0
383,Aflibercept,619,wk88,76.0,308.0,Zeiss Cirrus,0,0
383,Aflibercept,669,wk96,75.0,313.0,Zeiss Cirrus,1,0
383,Aflibercept,697,wk100,74.0,304.0,Zeiss Cirrus,1,0
383,Aflibercept,729,wk104,72.0,314.0,Zeiss Cirrus,0,0
384,Bevacizumab,0,baseline,70.0,614.0,Zeiss Cirrus,1,0
384,Bevacizumab,31,wk4,78.0,511.0,Zeiss Cirrus,1,0
384,Bevacizumab,62,wk8,82.0,503.0,Zeiss Cirrus,1,0
384,Bevacizumab,78,wk12,81.0,492.0,Zeiss Cirrus,1,0
384,Bevacizumab,113,wk16,81.0,,,1,0
384,Bevacizumab,147,wk20,87.0,,,1,0
384,Bevacizumab,172,wk24,87.0,403.0,Zeiss Cirrus,1,0
384,Bevacizumab,203,wk28,81.0,343.0,Zeiss Cirrus,0,0
384,Bevacizumab,230,wk32,81.0,319.0,Zeiss Cirrus,1,0
384,Bevacizumab,258,wk36,85.0,320.0,Zeiss Cirrus,1,0
384,Bevacizumab,279,wk40,89.0,,,1,0
384,Bevacizumab,313,wk44,85.0,320.0,Zeiss Cirrus,1,0
384,Bevacizumab,340,wk48,84.0,346.0,Zeiss Cirrus,1,0
384,Bevacizumab,365,wk52,85.0,327.0,Zeiss Cirrus,0,0
384,Bevacizumab,481,wk68,85.0,360.0,Zeiss Cirrus,0,0
384,Bevacizumab,561,wk80,76.0,334.0,Zeiss Cirrus,1,0
384,Bevacizumab,591,wk84,82.0,288.0,Zeiss Cirrus,1,0
384,Bevacizumab,701,wk100,83.0,300.0,Zeiss Cirrus,0,0
384,Bevacizumab,722,wk104,77.0,313.0,Zeiss Cirrus,0,0
385,Aflibercept,0,baseline,71.0,609.0,Heidelberg Spectralis,1,0
385,Aflibercept,34,wk4,79.0,521.0,Heidelberg Spectralis,1,0
385,Aflibercept,51,wk8,80.0,536.0,Heidelberg Spectralis,1,0
385,Aflibercept,89,wk12,82.0,493.0,Heidelberg Spectralis,1,0
385,Aflibercept,109,wk16,83.0,482.0,Heidelberg Spectralis,1,0
385,Aflibercept,141,wk20,86.0,,,1,0
385,Aflibercept,161,wk24,81.0,459.0,Heidelberg Spectralis,0,0
385,Aflibercept,190,wk28,89.0,439.0,Heidelberg Spectralis,0,0
385,Aflibercept,223,wk32,87.0,419.0,Heidelberg Spectralis,0,0
386,Bevacizumab,0,baseline,74.0,456.0,Zeiss Cirrus,1,0
386,Bevacizumab,33,wk4,85.0,469.0,Zeiss Cirrus,1,0
386,Bevacizumab,52,wk8,77.0,392.0,Zeiss Cirrus,1,0
386,Bevacizumab,85,wk12,95.0,,,1,0
386,Bevacizumab,115,wk16,93.0,412.0,Zeiss Cirrus,1,0
386,Bevacizumab,147,wk20,90.0,399.0,Zeiss Cirrus,0,0
386,Bevacizumab,169,wk24,86.0,402.0,Zeiss Cirrus,1,0
386,Bevacizumab,189,wk28,90.0,,,1,0
386,Bevacizumab,226,wk32,93.0,357.0,Zeiss Cirrus,1,1
386,Bevacizumab,253,wk36,93.0,376.0,Zeiss Cirrus,0,0
386,Bevacizumab,273,wk40,93.0,361.0,Zeiss Cirrus,0,0
386,Bevacizumab,303,wk44,97.0,383.0,Zeiss Cirrus,1,0
386,Bevacizumab,333,wk48,87.0,378.0,Zeiss Cirrus,0,0
386,Bevacizumab,370,wk52,93.0,376.0,Zeiss Cirrus,0,0
386,Bevacizumab,443,wk64,92.0,414.0,Zeiss Cirrus,0,0
386,Bevacizumab,483,wk68,94.0,,,1,0
386,Bevacizumab,505,wk72,92.0,322.0,Zeiss Cirrus,1,0
386,Bevacizumab,562,wk80,94.0,415.0,Zeiss Cirrus,0,0
386,Bevacizumab,671,wk96,100.0,,,1,0
386,Bevacizumab,699,wk100,98.0,365.0,Zeiss Cirrus,0,0
386,Bevacizumab,731,wk104,100.0,387.0,Zeiss Cirrus,0,0
387,Aflibercept,0,baseline,75.0,764.0,Heidelberg Spectralis,1,0
387,Aflibercept,21,wk4,94.0,664.0,Heidelberg Spectralis,1,0
387,Aflibercept,53,wk8,87.0,528.0,Heidelberg Spectralis,1,0
387,Aflibercept,87,wk12,100.0,456.0,Heidelberg Spectralis,1,0
387,Aflibercept,108,wk16,96.0,444.0,Heidelberg Spectralis,0,0
387,Aflibercept,133,wk20,85.0,352.0,Heidelberg Spectralis,1,0
387,Aflibercept,175,wk24,88.0,385.0,Heidelberg Spectralis,1,0
387,Aflibercept,197,wk28,100.0,410.0,Heidelberg Spectralis,1,0
387,Aflibercept,231,wk32,94.0,370.0,Heidelberg Spectralis,1,0
387,Aflibercept,250,wk36,100.0,348.0,Heidelberg Spectralis,1,0
387,Aflibercept,273,wk40,99.0,338.0,Heidelberg Spectralis,0,0
387,Aflibercept,307,wk44,100.0,360.0,Heidelberg Spectralis,0,0
387,Aflibercept,330,wk48,97.0,348.0,Heidelberg Spectralis,0,0
387,Aflibercept,366,wk52,98.0,350.0,Heidelberg Spectralis,0,0
387,Aflibercept,426,wk60,100.0,391.0,Heidelberg Spectralis,1,0
387,Aflibercept,481,wk68,100.0,353.0,Heidelberg Spectralis,1,0
387,Aflibercept,506,wk72,98.0,416.0,Heidelberg Spectralis,1,0
387,Aflibercept,562,wk80,100.0,369.0,Heidelberg Spectralis,1,0
387,Aflibercept,594,wk84,94.0,327.0,Heidelberg Spectralis,0,0
387,Aflibercept,621,wk88,93.0,,,1,0
387,Aflibercept,731,wk104,99.0,368.0,Heidelberg Spectralis,0,0
388,Bevacizumab,0,baseline,76.0,560.0,Heidelberg Spectralis,1,0
388,Bevacizumab,22,wk4,83.0,465.0,Heidelberg Spectralis,1,0
388,Bevacizumab,49,wk8,78.0,431.0,Heidelberg Spectralis,1,0
388,Bevacizumab,86,wk12,79.0,418.0,Heidelberg Spectralis,1,0
388,Bevacizumab,105,wk16,77.0,377.0,Heidelberg Spectralis,1,0
388,Bevacizumab,136,wk20,88.0,355.0,Heidelberg Spectralis,0,0
388,Bevacizumab,162,wk24,77.0,302.0,Heidelberg Spectralis,1,0
388,Bevacizumab,201,wk28,81.0,326.0,Heidelberg Spectralis,1,0
388,Bevacizumab,226,wk32,87.0,315.0,Heidelberg Spectralis,1,1
388,Bevacizumab,253,wk36,87.0,320.0,Heidelberg Spectralis,0,0
388,Bevacizumab,286,wk40,82.0,278.0,Heidelberg Spectralis,1,0
388,Bevacizumab,313,wk44,82.0,,,1,0
388,Bevacizumab,333,wk48,82.0,273.0,Heidelberg Spectralis,0,0
388,Bevacizumab,366,wk52,82.0,308.0,Heidelberg Spectralis,1,0
388,Bevacizumab,414,wk60,86.0,319.0,Heidelberg Spectralis,0,0
388,Bevacizumab,501,wk72,88.0,273.0,Heidelberg Spectralis,1,0
388,Bevacizumab,581,wk84,92.0,308.0,Heidelberg Spectralis,0,0
388,Bevacizumab,618,wk88,93.0,284.0,Heidelberg Spectralis,1,0
388,Bevacizumab,645,wk92,89.0,276.0,Heidelberg Spectralis,0,0
388,Bevacizumab,675,wk96,93.0,291.0,Heidelberg Spectralis,0,0
388,Bevacizumab,702,wk100,89.0,257.0,Heidelberg Spectralis,0,0
388,Bevacizumab,731,wk104,94.0,290.0,Heidelberg Spectralis,0,0
389,Bevacizumab,0,baseline,63.0,420.0,Heidelberg Spectralis,1,0
389,Bevacizumab,30,wk4,68.0,376.0,Heidelberg Spectralis,1,0
389,Bevacizumab,53,wk8,63.0,385.0,Heidelberg Spectralis,1,0
389,Bevacizumab,90,wk12,58.0,398.0,Heidelberg Spectralis,1,0
389,Bevacizumab,110,wk16,60.0,330.0,Heidelberg Spectralis,1,0
389,Bevacizumab,139,wk20,64.0,366.0,Heidelberg Spectralis,1,0
389,Bevacizumab,162,wk24,67.0,405.0,Heidelberg Spectralis,1,0
389,Bevacizumab,192,wk28,59.0,396.0,Heidelberg Spectralis,1,0
389,Bevacizumab,223,wk32,58.0,362.0,Heidelberg Spectralis,1,0
389,Bevacizumab,256,wk36,61.0,402.0,Heidelberg Spectralis,1,0
389,Bevacizumab,278,wk40,63.0,361.0,Heidelberg Spectralis,1,0
389,Bevacizumab,315,wk44,62.0,425.0,Heidelberg Spectralis,1,0
389,Bevacizumab,338,wk48,63.0,389.0,Heidelberg Spectralis,1,0
389,Bevacizumab,363,wk52,63.0,377.0,Heidelberg Spectralis,0,0
389,Bevacizumab,448,wk64,59.0,400.0,Heidelberg Spectralis,0,0
389,Bevacizumab,566,wk80,65.0,311.0,Heidelberg Spectralis,0,0
389,Bevacizumab,648,wk92,61.0,347.0,Heidelberg Spectralis,0,0
389,Bevacizumab,678,wk96,63.0,372.0,Heidelberg Spectralis,0,0
389,Bevacizumab,702,wk100,65.0,382.0,Heidelberg Spectralis,0,0
389,Bevacizumab,731,wk104,62.0,342.0,Heidelberg Spectralis,0,0
390,Ranibizumab,0,baseline,56.0,402.0,Heidelberg Spectralis,1,0
390,Ranibizumab,22,wk4,55.0,380.0,Heidelberg Spectralis,1,0
390,Ranibizumab,63,wk8,63.0,357.0,Heidelberg Spectralis,1,0
390,Ranibizumab,80,wk12,54.0,362.0,Heidelberg Spectralis,1,0
390,Ranibizumab,110,wk16,59.0,406.0,Heidelberg Spectralis,1,0
390,Ranibizumab,140,wk20,55.0,368.0,Heidelberg Spectralis,1,0
390,Ranibizumab,169,wk24,51.0,414.0,Heidelberg Spectralis,0,0
390,Ranibizumab,194,wk28,67.0,425.0,Heidelberg Spectralis,0,0
390,Ranibizumab,229,wk32,65.0,338.0,Heidelberg Spectralis,0,0
390,Ranibizumab,256,wk36,64.0,404.0,Heidelberg Spectralis,1,0
390,Ranibizumab,278,wk40,62.0,396.0,Heidelberg Spectralis,0,0
390,Ranibizumab,310,wk44,63.0,378.0,Heidelberg Spectralis,1,0
390,Ranibizumab,338,wk48,55.0,385.0,Heidelberg Spectralis,1,0
390,Ranibizumab,364,wk52,62.0,399.0,Heidelberg Spectralis,1,0
390,Ranibizumab,395,wk56,64.0,417.0,Heidelberg Spectralis,0,0
390,Ranibizumab,416,wk60,66.0,406.0,Heidelberg Spectralis,0,0
390,Ranibizumab,442,wk64,56.0,423.0,Heidelberg Spectralis,1,0
390,Ranibizumab,472,wk68,71.0,350.0,Heidelberg Spectralis,1,0
390,Ranibizumab,501,wk72,65.0,338.0,Heidelberg Spectralis,0,0
390,Ranibizumab,525,wk76,58.0,368.0,Heidelberg Spectralis,0,0
390,Ranibizumab,563,wk80,65.0,443.0,Heidelberg Spectralis,0,0
390,Ranibizumab,617,wk88,61.0,,,0,0
390,Ranibizumab,675,wk96,72.0,479.0,Heidelberg Spectralis,1,0
390,Ranibizumab,721,wk104,62.0,416.0,Heidelberg Spectralis,0,0
391,Aflibercept,0,baseline,46.0,575.0,Zeiss Cirrus,1,0
391,Aflibercept,21,wk4,50.0,460.0,Zeiss Cirrus,1,0
391,Aflibercept,51,wk8,59.0,,,1,0
391,Aflibercept,84,wk12,69.0,356.0,Zeiss Cirrus,1,0
391,Aflibercept,108,wk16,63.0,367.0,Zeiss Cirrus,1,0
391,Aflibercept,137,wk20,67.0,333.0,Zeiss Cirrus,0,0
391,Aflibercept,164,wk24,72.0,286.0,Zeiss Cirrus,0,0
391,Aflibercept,192,wk28,74.0,286.0,Zeiss Cirrus,0,0
391,Aflibercept,229,wk32,79.0,285.0,Zeiss Cirrus,1,0
391,Aflibercept,259,wk36,66.0,,,1,0
391,Aflibercept,285,wk40,74.0,286.0,Zeiss Cirrus,0,0
391,Aflibercept,312,wk44,70.0,284.0,Zeiss Cirrus,1,0
391,Aflibercept,331,wk48,69.0,277.0,Zeiss Cirrus,0,0
391,Aflibercept,365,wk52,73.0,280.0,Zeiss Cirrus,0,0
391,Aflibercept,387,wk56,73.0,261.0,Zeiss Cirrus,1,0
391,Aflibercept,427,wk60,78.0,308.0,Zeiss Cirrus,1,0
391,Aflibercept,475,wk68,70.0,,,1,0
391,Aflibercept,538,wk76,65.0,369.0,Zeiss Cirrus,1,0
391,Aflibercept,564,wk80,71.0,317.0,Zeiss Cirrus,0,0
391,Aflibercept,586,wk84,66.0,,,1,0
391,Aflibercept,648,wk92,72.0,352.0,Zeiss Cirrus,1,0
391,Aflibercept,697,wk100,68.0,407.0,Zeiss Cirrus,1,0
391,Aflibercept,731,wk104,67.0,332.0,Zeiss Cirrus,0,0
392,Aflibercept,0,baseline,59.0,382.0,Heidelberg Spectralis,1,0
392,Aflibercept,34,wk4,59.0,346.0,Heidelberg Spectralis,1,0
392,Aflibercept,60,wk8,70.0,309.0,Heidelberg Spectralis,1,0
392,Aflibercept,80,wk12,71.0,339.0,Heidelberg Spectralis,1,0
392,Aflibercept,110,wk16,70.0,,,0,0
392,Aflibercept,133,wk20,76.0,300.0,Heidelberg Spectralis,0,0
392,Aflibercept,161,wk24,73.0,240.0,Heidelberg Spectralis,0,0
392,Aflibercept,191,wk28,77.0,288.0,Heidelberg Spectralis,0,0
392,Aflibercept,217,wk32,74.0,250.0,Heidelberg Spectralis,1,0
392,Aflibercept,248,wk36,79.0,247.0,Heidelberg Spectralis,0,0
392,Aflibercept,273,wk40,81.0,273.0,Heidelberg Spectralis,0,0
392,Aflibercept,302,wk44,81.0,249.0,Heidelberg Spectralis,0,0
392,Aflibercept,336,wk48,77.0,265.0,Heidelberg Spectralis,0,0
392,Aflibercept,360,wk52,78.0,242.0,Heidelberg Spectralis,0,0
392,Aflibercept,389,wk56,76.0,243.0,Heidelberg Spectralis,0,0
392,Aflibercept,506,wk72,75.0,253.0,Heidelberg Spectralis,1,0
392,Aflibercept,557,wk80,78.0,234.0,Heidelberg Spectralis,0,0
392,Aflibercept,592,wk84,72.0,,,1,0
392,Aflibercept,615,wk88,79.0,266.0,Heidelberg Spectralis,0,0
392,Aflibercept,647,wk92,75.0,273.0,Heidelberg Spectralis,0,0
392,Aflibercept,677,wk96,72.0,,,1,0
392,Aflibercept,697,wk100,71.0,250.0,Heidelberg Spectralis,0,0
392,Aflibercept,735,wk104,76.0,276.0,Heidelberg Spectralis,0,0
393,Ranibizumab,0,baseline,32.0,390.0,Zeiss Cirrus,1,0
393,Ranibizumab,35,wk4,37.0,343.0,Zeiss Cirrus,1,0
393,Ranibizumab,49,wk8,47.0,277.0,Zeiss Cirrus,1,0
393,Ranibizumab,82,wk12,45.0,331.0,Zeiss Cirrus,1,0
393,Ranibizumab,118,wk16,42.0,298.0,Zeiss Cirrus,0,0
393,Ranibizumab,135,wk20,50.0,255.0,Zeiss Cirrus,1,0
393,Ranibizumab,167,wk24,62.0,275.0,Zeiss Cirrus,1,0
393,Ranibizumab,199,wk28,53.0,228.0,Zeiss Cirrus,1,0
393,Ranibizumab,224,wk32,52.0,230.0,Zeiss Cirrus,1,1
393,Ranibizumab,254,wk36,57.0,297.0,Zeiss Cirrus,1,0
393,Ranibizumab,285,wk40,58.0,,,1,0
393,Ranibizumab,303,wk44,52.0,213.0,Zeiss Cirrus,1,0
393,Ranibizumab,335,wk48,59.0,269.0,Zeiss Cirrus,1,0
393,Ranibizumab,368,wk52,55.0,248.0,Zeiss Cirrus,1,0
393,Ranibizumab,385,wk56,59.0,276.0,Zeiss Cirrus,1,0
393,Ranibizumab,445,wk64,53.0,262.0,Zeiss Cirrus,0,0
393,Ranibizumab,507,wk72,50.0,299.0,Zeiss Cirrus,0,0
393,Ranibizumab,527,wk76,48.0,236.0,Zeiss Cirrus,0,0
393,Ranibizumab,558,wk80,53.0,,,1,0
393,Ranibizumab,619,wk88,48.0,331.0,Zeiss Cirrus,1,0
393,Ranibizumab,641,wk92,52.0,294.0,Zeiss Cirrus,0,0
393,Ranibizumab,675,wk96,48.0,,,0,0
393,Ranibizumab,734,wk104,48.0,301.0,Zeiss Cirrus,0,0
394,Ranibizumab,0,baseline,77.0,406.0,Zeiss Cirrus,1,0
394,Ranibizumab,33,wk4,77.0,426.0,Zeiss Cirrus,1,0
394,Ranibizumab,50,wk8,74.0,,,1,0
394,Ranibizumab,83,wk12,78.0,425.0,Zeiss Cirrus,1,0
394,Ranibizumab,110,wk16,80.0,402.0,Zeiss Cirrus,0,0
394,Ranibizumab,146,wk20,85.0,417.0,Zeiss Cirrus,1,0
394,Ranibizumab,172,wk24,77.0,,,0,0
394,Ranibizumab,195,wk28,84.0,431.0,Zeiss Cirrus,0,0
394,Ranibizumab,224,wk32,79.0,430.0,Zeiss Cirrus,0,1
394,Ranibizumab,248,wk36,72.0,474.0,Zeiss Cirrus,0,0
394,Ranibizumab,280,wk40,82.0,434.0,Zeiss Cirrus,1,0
394,Ranibizumab,303,wk44,84.0,421.0,Zeiss Cirrus,1,0
394,Ranibizumab,335,wk48,74.0,332.0,Zeiss Cirrus,1,0
394,Ranibizumab,365,wk52,77.0,414.0,Zeiss Cirrus,0,0
394,Ranibizumab,393,wk56,80.0,428.0,Zeiss Cirrus,0,1
394,Ranibizumab,446,wk64,72.0,365.0,Zeiss Cirrus,1,0
394,Ranibizumab,476,wk68,73.0,395.0,Zeiss Cirrus,1,0
394,Ranibizumab,538,wk76,74.0,402.0,Zeiss Cirrus,1,0
394,Ranibizumab,620,wk88,74.0,409.0,Zeiss Cirrus,0,0
394,Ranibizumab,649,wk92,73.0,448.0,Zeiss Cirrus,0,0
394,Ranibizumab,672,wk96,67.0,,,0,0
394,Ranibizumab,699,wk100,71.0,,,0,0
394,Ranibizumab,730,wk104,68.0,410.0,Zeiss Cirrus,0,0
395,Aflibercept,0,baseline,67.0,491.0,Heidelberg Spectralis,1,0
395,Aflibercept,34,wk4,79.0,398.0,Heidelberg Spectralis,1,0
395,Aflibercept,49,wk8,89.0,,,1,0
395,Aflibercept,90,wk12,84.0,243.0,Heidelberg Spectralis,1,0
395,Aflibercept,107,wk16,97.0,196.0,Heidelberg Spectralis,0,0
395,Aflibercept,133,wk20,91.0,,,1,0
395,Aflibercept,169,wk24,96.0,189.0,Heidelberg Spectralis,1,0
395,Aflibercept,202,wk28,97.0,180.0,Heidelberg Spectralis,1,0
395,Aflibercept,226,wk32,99.0,204.0,Heidelberg Spectralis,1,0
395,Aflibercept,248,wk36,92.0,162.0,Heidelberg Spectralis,0,0
395,Aflibercept,279,wk40,92.0,195.0,Heidelberg Spectralis,1,0
395,Aflibercept,314,wk44,99.0,169.0,Heidelberg Spectralis,1,0
395,Aflibercept,336,wk48,91.0,150.0,Heidelberg Spectralis,1,0
395,Aflibercept,368,wk52,96.0,174.0,Heidelberg Spectralis,0,0
395,Aflibercept,473,wk68,94.0,177.0,Heidelberg Spectralis,0,0
395,Aflibercept,525,wk76,99.0,155.0,Heidelberg Spectralis,0,0
395,Aflibercept,565,wk80,91.0,161.0,Heidelberg Spectralis,0,0
395,Aflibercept,582,wk84,90.0,151.0,Heidelberg Spectralis,0,0
395,Aflibercept,619,wk88,92.0,153.0,Heidelberg Spectralis,1,0
395,Aflibercept,643,wk92,87.0,150.0,Heidelberg Spectralis,1,0
395,Aflibercept,703,wk100,81.0,150.0,Heidelberg Spectralis,0,0
395,Aflibercept,723,wk104,89.0,150.0,Heidelberg Spectralis,0,0
396,Aflibercept,0,baseline,69.0,410.0,Zeiss Cirrus,1,0
396,Aflibercept,30,wk4,59.0,374.0,Zeiss Cirrus,1,0
396,Aflibercept,54,wk8,64.0,406.0,Zeiss Cirrus,1,0
396,Aflibercept,80,wk12,59.0,324.0,Zeiss Cirrus,1,0
396,Aflibercept,116,wk16,62.0,375.0,Zeiss Cirrus,0,0
396,Aflibercept,136,wk20,60.0,420.0,Zeiss Cirrus,0,0
396,Aflibercept,168,wk24,67.0,372.0,Zeiss Cirrus,0,0
396,Aflibercept,194,wk28,62.0,,,1,0
396,Aflibercept,226,wk32,59.0,411.0,Zeiss Cirrus,1,0
396,Aflibercept,259,wk36,65.0,,,0,0
396,Aflibercept,277,wk40,72.0,426.0,Zeiss Cirrus,0,0
396,Aflibercept,306,wk44,64.0,353.0,Zeiss Cirrus,0,1
396,Aflibercept,338,wk48,69.0,440.0,Zeiss Cirrus,0,0
396,Aflibercept,368,wk52,63.0,372.0,Zeiss Cirrus,1,0
396,Aflibercept,386,wk56,61.0,,,1,0
396,Aflibercept,419,wk60,66.0,364.0,Zeiss Cirrus,1,0
396,Aflibercept,471,wk68,65.0,364.0,Zeiss Cirrus,1,0
396,Aflibercept,588,wk84,66.0,329.0,Zeiss Cirrus,0,0
396,Aflibercept,674,wk96,60.0,312.0,Zeiss Cirrus,1,1
396,Aflibercept,731,wk104,64.0,327.0,Zeiss Cirrus,0,0
397,Ranibizumab,0,baseline,76.0,317.0,Zeiss Cirrus,1,0
397,Ranibizumab,25,wk4,79.0,240.0,Zeiss Cirrus,1,0
397,Ranibizumab,58,wk8,79.0,269.0,Zeiss Cirrus,1,0
397,Ranibizumab,86,wk12,70.0,276.0,Zeiss Cirrus,1,0
397,Ranibizumab,115,wk16,76.0,241.0,Zeiss Cirrus,0,0
397,Ranibizumab,133,wk20,76.0,272.0,Zeiss Cirrus,0,0
397,Ranibizumab,163,wk24,77.0,,,0,0
397,Ranibizumab,192,wk28,73.0,238.0,Zeiss Cirrus,0,0
397,Ranibizumab,217,wk32,68.0,204.0,Zeiss Cirrus,1,0
397,Ranibizumab,252,wk36,78.0,250.0,Zeiss Cirrus,1,0
397,Ranibizumab,275,wk40,77.0,,,0,0
397,Ranibizumab,304,wk44,77.0,192.0,Zeiss Cirrus,1,0
397,Ranibizumab,333,wk48,76.0,270.0,Zeiss Cirrus,0,1
397,Ranibizumab,360,wk52,75.0,250.0,Zeiss Cirrus,1,0
397,Ranibizumab,449,wk64,71.0,,,1,0
397,Ranibizumab,472,wk68,76.0,230.0,Zeiss Cirrus,0,0
397,Ranibizumab,554,wk80,70.0,282.0,Zeiss Cirrus,0,0
397,Ranibizumab,583,wk84,72.0,252.0,Zeiss Cirrus,0,0
397,Ranibizumab,648,wk92,72.0,332.0,Zeiss Cirrus,1,0
397,Ranibizumab,723,wk104,71.0,295.0,Zeiss Cirrus,0,0
398,Aflibercept,0,baseline,52.0,589.0,Heidelberg Spectralis,1,0
398,Aflibercept,29,wk4,61.0,492.0,Heidelberg Spectralis,1,0
398,Aflibercept,54,wk8,58.0,464.0,Heidelberg Spectralis,1,0
398,Aflibercept,77,wk12,70.0,392.0,Heidelberg Spectralis,1,0
398,Aflibercept,109,wk16,60.0,,,1,0
398,Aflibercept,145,wk20,67.0,327.0,Heidelberg Spectralis,0,0
398,Aflibercept,171,wk24,68.0,344.0,Heidelberg Spectralis,1,0
398,Aflibercept,202,wk28,61.0,375.0,Heidelberg Spectralis,0,0
398,Aflibercept,226,wk32,70.0,290.0,Heidelberg Spectralis,1,0
398,Aflibercept,251,wk36,62.0,348.0,Heidelberg Spectralis,0,0
398,Aflibercept,286,wk40,57.0,356.0,Heidelberg Spectralis,0,0
398,Aflibercept,308,wk44,61.0,286.0,Heidelberg Spectralis,1,0
398,Aflibercept,338,wk48,66.0,348.0,Heidelberg Spectralis,1,0
398,Aflibercept,358,wk52,65.0,334.0,Heidelberg Spectralis,0,0
398,Aflibercept,420,wk60,66.0,342.0,Heidelberg Spectralis,0,0
398,Aflibercept,525,wk76,66.0,298.0,Heidelberg Spectralis,1,0
398,Aflibercept,645,wk92,64.0,267.0,Heidelberg Spectralis,0,0
398,Aflibercept,696,wk100,58.0,,,1,0
398,Aflibercept,732,wk104,62.0,250.0,Heidelberg Spectralis,0,0
399,Ranibizumab,0,baseline,77.0,390.0,Zeiss Cirrus,1,0
399,Ranibizumab,27,wk4,83.0,391.0,Zeiss Cirrus,1,0
399,Ranibizumab,52,wk8,74.0,327.0,Zeiss Cirrus,1,0
399,Ranibizumab,80,wk12,76.0,338.0,Zeiss Cirrus,1,0
399,Ranibizumab,106,wk16,77.0,327.0,Zeiss Cirrus,0,0
399,Ranibizumab,141,wk20,70.0,289.0,Zeiss Cirrus,1,0
399,Ranibizumab,175,wk24,84.0,238.0,Zeiss Cirrus,1,0
399,Ranibizumab,199,wk28,81.0,299.0,Zeiss Cirrus,1,0
399,Ranibizumab,218,wk32,79.0,275.0,Zeiss Cirrus,0,0
399,Ranibizumab,255,wk36,73.0,325.0,Zeiss Cirrus,0,0
399,Ranibizumab,280,wk40,84.0,221.0,Zeiss Cirrus,1,0
399,Ranibizumab,309,wk44,80.0,265.0,Zeiss Cirrus,1,0
399,Ranibizumab,331,wk48,84.0,,,0,0
399,Ranibizumab,364,wk52,80.0,276.0,Zeiss Cirrus,1,0
399,Ranibizumab,397,wk56,84.0,299.0,Zeiss Cirrus,0,0
399,Ranibizumab,422,wk60,77.0,291.0,Zeiss Cirrus,0,0
399,Ranibizumab,481,wk68,70.0,299.0,Zeiss Cirrus,1,0
399,Ranibizumab,508,wk72,77.0,303.0,Zeiss Cirrus,1,0
399,Ranibizumab,594,wk84,80.0,256.0,Zeiss Cirrus,1,0
399,Ranibizumab,649,wk92,85.0,291.0,Zeiss Cirrus,1,0
399,Ranibizumab,698,wk100,74.0,346.0,Zeiss Cirrus,1,0
399,Ranibizumab,729,wk104,83.0,326.0,Zeiss Cirrus,0,0
400,Bevacizumab,0,baseline,66.0,694.0,Zeiss Cirrus,1,0
400,Bevacizumab,26,wk4,72.0,617.0,Zeiss Cirrus,1,0
400,Bevacizumab,59,wk8,89.0,548.0,Zeiss Cirrus,1,0
400,Bevacizumab,83,wk12,82.0,475.0,Zeiss Cirrus,1,0
400,Bevacizumab,119,wk16,94.0,487.0,Zeiss Cirrus,1,0
400,Bevacizumab,135,wk20,87.0,491.0,Zeiss Cirrus,1,0
400,Bevacizumab,165,wk24,87.0,487.0,Zeiss Cirrus,1,0
400,Bevacizumab,195,wk28,94.0,397.0,Zeiss Cirrus,1,0
400,Bevacizumab,223,wk32,90.0,437.0,Zeiss Cirrus,1,0
400,Bevacizumab,246,wk36,96.0,430.0,Zeiss Cirrus,1,0
400,Bevacizumab,287,wk40,94.0,476.0,Zeiss Cirrus,0,0
400,Bevacizumab,305,wk44,92.0,405.0,Zeiss Cirrus,1,0
400,Bevacizumab,338,wk48,92.0,429.0,Zeiss Cirrus,0,0
400,Bevacizumab,361,wk52,89.0,454.0,Zeiss Cirrus,0,0
400,Bevacizumab,416,wk60,92.0,385.0,Zeiss Cirrus,1,0
400,Bevacizumab,443,wk64,82.0,409.0,Zeiss Cirrus,0,0
400,Bevacizumab,499,wk72,82.0,438.0,Zeiss Cirrus,1,0
400,Bevacizumab,561,wk80,91.0,425.0,Zeiss Cirrus,0,0
400,Bevacizumab,583,wk84,81.0,,,1,0
400,Bevacizumab,705,wk100,79.0,,,0,0
400,Bevacizumab,725,wk104,80.0,412.0,Zeiss Cirrus,0,0
401,Aflibercept,0,baseline,77.0,460.0,Zeiss Cirrus,1,0
401,Aflibercept,29,wk4,79.0,371.0,Zeiss Cirrus,1,0
401,Aflibercept,53,wk8,79.0,334.0,Zeiss Cirrus,1,0
401,Aflibercept,89,wk12,75.0,287.0,Zeiss Cirrus,1,0
401,Aflibercept,117,wk16,84.0,266.0,Zeiss Cirrus,1,0
401,Aflibercept,141,wk20,82.0,262.0,Zeiss Cirrus,1,0
401,Aflibercept,173,wk24,78.0,281.0,Zeiss Cirrus,1,0
401,Aflibercept,201,wk28,82.0,225.0,Zeiss Cirrus,1,0
401,Aflibercept,221,wk32,75.0,256.0,Zeiss Cirrus,1,0
401,Aflibercept,250,wk36,83.0,,,1,0
401,Aflibercept,282,wk40,82.0,232.0,Zeiss Cirrus,1,0
401,Aflibercept,304,wk44,78.0,269.0,Zeiss Cirrus,1,0
401,Aflibercept,329,wk48,80.0,183.0,Zeiss Cirrus,1,0
401,Aflibercept,364,wk52,80.0,247.0,Zeiss Cirrus,0,0
401,Aflibercept,449,wk64,80.0,247.0,Zeiss Cirrus,1,0
401,Aflibercept,525,wk76,76.0,,,1,0
401,Aflibercept,559,wk80,77.0,211.0,Zeiss Cirrus,0,0
401,Aflibercept,667,wk96,80.0,255.0,Zeiss Cirrus,1,0
401,Aflibercept,693,wk100,83.0,311.0,Zeiss Cirrus,0,0
401,Aflibercept,722,wk104,81.0,314.0,Zeiss Cirrus,0,0
402,Bevacizumab,0,baseline,36.0,579.0,Zeiss Cirrus,1,0
402,Bevacizumab,24,wk4,48.0,,,1,0
402,Bevacizumab,53,wk8,48.0,516.0,Zeiss Cirrus,1,0
402,Bevacizumab,88,wk12,46.0,502.0,Zeiss Cirrus,1,0
402,Bevacizumab,112,wk16,49.0,484.0,Zeiss Cirrus,1,0
402,Bevacizumab,134,wk20,59.0,,,0,0
402,Bevacizumab,167,wk24,51.0,466.0,Zeiss Cirrus,0,0
402,Bevacizumab,198,wk28,51.0,442.0,Zeiss Cirrus,0,0
402,Bevacizumab,219,wk32,55.0,493.0,Zeiss Cirrus,0,0
402,Bevacizumab,257,wk36,57.0,490.0,Zeiss Cirrus,1,0
402,Bevacizumab,286,wk40,52.0,446.0,Zeiss Cirrus,0,0
402,Bevacizumab,304,wk44,51.0,453.0,Zeiss Cirrus,0,0
402,Bevacizumab,342,wk48,55.0,,,0,0
402,Bevacizumab,366,wk52,56.0,475.0,Zeiss Cirrus,1,0
402,Bevacizumab,395,wk56,53.0,445.0,Zeiss Cirrus,0,0
402,Bevacizumab,427,wk60,51.0,472.0,Zeiss Cirrus,1,0
402,Bevacizumab,474,wk68,57.0,480.0,Zeiss Cirrus,1,0
402,Bevacizumab,506,wk72,58.0,499.0,Zeiss Cirrus,1,0
402,Bevacizumab,584,wk84,62.0,520.0,Zeiss Cirrus,1,0
402,Bevacizumab,651,wk92,64.0,474.0,Zeiss Cirrus,1,0
402,Bevacizumab,722,wk104,61.0,462.0,Zeiss Cirrus,0,0
403,Aflibercept,0,baseline,67.0,522.0,Heidelberg Spectralis,1,0
403,Aflibercept,31,wk4,72.0,490.0,Heidelberg Spectralis,1,0
403,Aflibercept,51,wk8,77.0,455.0,Heidelberg Spectralis,1,0
403,Aflibercept,82,wk12,82.0,495.0,Heidelberg Spectralis,1,0
403,Aflibercept,108,wk16,90.0,401.0,Heidelberg Spectralis,1,0
403,Aflibercept,141,wk20,87.0,361.0,Heidelberg Spectralis,1,0
403,Aflibercept,172,wk24,92.0,,,1,1
403,Aflibercept,197,wk28,88.0,408.0,Heidelberg Spectralis,1,0
403,Aflibercept,218,wk32,90.0,,,0,0
403,Aflibercept,245,wk36,88.0,379.0,Heidelberg Spectralis,1,0
403,Aflibercept,274,wk40,87.0,,,0,0
403,Aflibercept,312,wk44,94.0,355.0,Heidelberg Spectralis,1,0
403,Aflibercept,341,wk48,93.0,416.0,Heidelberg Spectralis,0,0
403,Aflibercept,371,wk52,90.0,,,0,0
403,Aflibercept,469,wk68,89.0,386.0,Heidelberg Spectralis,0,0
403,Aflibercept,501,wk72,95.0,377.0,Heidelberg Spectralis,0,0
403,Aflibercept,559,wk80,95.0,415.0,Heidelberg Spectralis,0,0
403,Aflibercept,609,wk88,97.0,383.0,Heidelberg Spectralis,0,0
403,Aflibercept,694,wk100,100.0,,,0,0
403,Aflibercept,725,wk104,96.0,413.0,Heidelberg Spectralis,0,0
404,Ranibizumab,0,baseline,77.0,610.0,Heidelberg Spectralis,1,0
404,Ranibizumab,28,wk4,87.0,482.0,Heidelberg Spectralis,1,0
404,Ranibizumab,52,wk8,73.0,455.0,Heidelberg Spectralis,1,0
404,Ranibizumab,78,wk12,71.0,353.0,Heidelberg Spectralis,1,0
404,Ranibizumab,116,wk16,78.0,314.0,Heidelberg Spectralis,0,0
404,Ranibizumab,144,wk20,78.0,336.0,Heidelberg Spectralis,0,0
404,Ranibizumab,163,wk24,87.0,275.0,Heidelberg Spectralis,0,1
404,Ranibizumab,191,wk28,86.0,321.0,Heidelberg Spectralis,1,0
404,Ranibizumab,222,wk32,87.0,276.0,Heidelberg Spectralis,0,0
404,Ranibizumab,257,wk36,84.0,317.0,Heidelberg Spectralis,1,0
404,Ranibizumab,283,wk40,86.0,,,0,0
404,Ranibizumab,307,wk44,81.0,262.0,Heidelberg Spectralis,0,0
405,Ranibizumab,0,baseline,57.0,490.0,Zeiss Cirrus,1,0
405,Ranibizumab,23,wk4,65.0,469.0,Zeiss Cirrus,1,0
405,Ranibizumab,62,wk8,70.0,,,1,0
405,Ranibizumab,78,wk12,64.0,468.0,Zeiss Cirrus,1,0
405,Ranibizumab,111,wk16,69.0,382.0,Zeiss Cirrus,0,0
405,Ranibizumab,147,wk20,73.0,369.0,Zeiss Cirrus,0,0
405,Ranibizumab,164,wk24,70.0,,,1,0
405,Ranibizumab,197,wk28,72.0,368.0,Zeiss Cirrus,1,0
405,Ranibizumab,223,wk32,75.0,381.0,Zeiss Cirrus,0,0
405,Ranibizumab,245,wk36,66.0,370.0,Zeiss Cirrus,1,0
405,Ranibizumab,282,wk40,75.0,375.0,Zeiss Cirrus,1,0
405,Ranibizumab,313,wk44,73.0,,,0,0
405,Ranibizumab,333,wk48,71.0,342.0,Zeiss Cirrus,1,0
405,Ranibizumab,362,wk52,75.0,379.0,Zeiss Cirrus,0,0
405,Ranibizumab,391,wk56,76.0,347.0,Zeiss Cirrus,0,0
405,Ranibizumab,469,wk68,79.0,429.0,Zeiss Cirrus,1,0
405,Ranibizumab,505,wk72,77.0,289.0,Zeiss Cirrus,0,1
405,Ranibizumab,538,wk76,74.0,363.0,Zeiss Cirrus,0,0
405,Ranibizumab,612,wk88,76.0,355.0,Zeiss Cirrus,1,0
405,Ranibizumab,733,wk104,75.0,356.0,Zeiss Cirrus,0,0
406,Ranibizumab,0,baseline,65.0,478.0,Heidelberg Spectralis,1,0
406,Ranibizumab,32,wk4,66.0,425.0,Heidelberg Spectralis,1,0
406,Ranibizumab,55,wk8,76.0,406.0,Heidelberg Spectralis,1,0
406,Ranibizumab,85,wk12,75.0,338.0,Heidelberg Spectralis,1,0
406,Ranibizumab,118,wk16,79.0,355.0,Heidelberg Spectralis,1,0
406,Ranibizumab,133,wk20,80.0,366.0,Heidelberg Spectralis,0,0
406,Ranibizumab,165,wk24,81.0,352.0,Heidelberg Spectralis,1,0
406,Ranibizumab,202,wk28,80.0,276.0,Heidelberg Spectralis,1,0
406,Ranibizumab,221,wk32,88.0,296.0,Heidelberg Spectralis,1,0
406,Ranibizumab,255,wk36,83.0,352.0,Heidelberg Spectralis,0,0
406,Ranibizumab,276,wk40,80.0,259.0,Heidelberg Spectralis,1,0
406,Ranibizumab,315,wk44,80.0,303.0,Heidelberg Spectralis,1,0
406,Ranibizumab,335,wk48,82.0,296.0,Heidelberg Spectralis,0,0
406,Ranibizumab,369,wk52,80.0,303.0,Heidelberg Spectralis,1,0
406,Ranibizumab,448,wk64,78.0,,,0,0
406,Ranibizumab,475,wk68,80.0,355.0,Heidelberg Spectralis,0,0
406,Ranibizumab,501,wk72,77.0,,,1,0
406,Ranibizumab,531,wk76,75.0,303.0,Heidelberg Spectralis,0,0
406,Ranibizumab,591,wk84,82.0,270.0,Heidelberg Spectralis,1,0
406,Ranibizumab,638,wk92,84.0,299.0,Heidelberg Spectralis,1,0
406,Ranibizumab,701,wk100,84.0,,,0,0
406,Ranibizumab,728,wk104,77.0,279.0,Heidelberg Spectralis,0,0
407,Aflibercept,0,baseline,50.0,510.0,Zeiss Stratus,1,0
407,Aflibercept,27,wk4,53.0,445.0,Zeiss Stratus,1,0
407,Aflibercept,55,wk8,56.0,407.0,Zeiss Stratus,1,0
407,Aflibercept,80,wk12,64.0,368.0,Zeiss Stratus,1,0
407,Aflibercept,118,wk16,60.0,,,0,0
407,Aflibercept,144,wk20,63.0,425.0,Zeiss Stratus,0,0
407,Aflibercept,171,wk24,68.0,351.0,Zeiss Stratus,0,0
407,Aflibercept,195,wk28,64.0,333.0,Zeiss Stratus,0,0
407,Aflibercept,220,wk32,73.0,312.0,Zeiss Stratus,0,0
407,Aflibercept,249,wk36,64.0,321.0,Zeiss Stratus,0,0
407,Aflibercept,284,wk40,64.0,317.0,Zeiss Stratus,0,0
407,Aflibercept,306,wk44,64.0,310.0,Zeiss Stratus,1,0
407,Aflibercept,333,wk48,60.0,326.0,Zeiss Stratus,0,0
407,Aflibercept,370,wk52,62.0,317.0,Zeiss Stratus,0,0
407,Aflibercept,387,wk56,70.0,370.0,Zeiss Stratus,0,0
407,Aflibercept,417,wk60,59.0,,,1,0
407,Aflibercept,474,wk68,65.0,291.0,Zeiss Stratus,1,0
407,Aflibercept,507,wk72,61.0,312.0,Zeiss Stratus,1,0
407,Aflibercept,528,wk76,70.0,250.0,Zeiss Stratus,1,0
407,Aflibercept,583,wk84,65.0,302.0,Zeiss Stratus,1,0
407,Aflibercept,698,wk100,59.0,272.0,Zeiss Stratus,0,0
407,Aflibercept,731,wk104,62.0,279.0,Zeiss Stratus,0,0
408,Ranibizumab,0,baseline,78.0,,,1,0
408,Ranibizumab,28,wk4,86.0,702.0,Heidelberg Spectralis,1,0
408,Ranibizumab,55,wk8,82.0,683.0,Heidelberg Spectralis,1,0
408,Ranibizumab,88,wk12,81.0,625.0,Heidelberg Spectralis,1,0
408,Ranibizumab,117,wk16,87.0,612.0,Heidelberg Spectralis,0,0
408,Ranibizumab,133,wk20,79.0,,,0,0
408,Ranibizumab,166,wk24,87.0,583.0,Heidelberg Spectralis,0,0
408,Ranibizumab,194,wk28,83.0,,,0,0
408,Ranibizumab,225,wk32,84.0,,,0,0
408,Ranibizumab,253,wk36,85.0,499.0,Heidelberg Spectralis,1,0
408,Ranibizumab,277,wk40,86.0,506.0,Heidelberg Spectralis,0,0
408,Ranibizumab,315,wk44,89.0,587.0,Heidelberg Spectralis,0,0
408,Ranibizumab,329,wk48,90.0,513.0,Heidelberg Spectralis,1,0
408,Ranibizumab,361,wk52,84.0,539.0,Heidelberg Spectralis,0,0
408,Ranibizumab,388,wk56,82.0,587.0,Heidelberg Spectralis,0,0
408,Ranibizumab,442,wk64,84.0,577.0,Heidelberg Spectralis,0,0
408,Ranibizumab,535,wk76,93.0,547.0,Heidelberg Spectralis,0,0
408,Ranibizumab,583,wk84,90.0,,,1,0
408,Ranibizumab,618,wk88,90.0,486.0,Heidelberg Spectralis,1,0
408,Ranibizumab,672,wk96,97.0,489.0,Heidelberg Spectralis,1,0
408,Ranibizumab,707,wk100,93.0,471.0,Heidelberg Spectralis,1,0
409,Ranibizumab,0,baseline,40.0,428.0,Heidelberg Spectralis,1,0
409,Ranibizumab,33,wk4,49.0,,,1,0
409,Ranibizumab,55,wk8,64.0,352.0,Heidelberg Spectralis,1,0
409,Ranibizumab,87,wk12,61.0,348.0,Heidelberg Spectralis,1,0
409,Ranibizumab,106,wk16,60.0,332.0,Heidelberg Spectralis,1,0
409,Ranibizumab,136,wk20,61.0,265.0,Heidelberg Spectralis,1,0
409,Ranibizumab,171,wk24,59.0,334.0,Heidelberg Spectralis,1,0
409,Ranibizumab,192,wk28,60.0,,,1,0
409,Ranibizumab,229,wk32,66.0,176.0,Heidelberg Spectralis,1,0
409,Ranibizumab,253,wk36,63.0,,,1,0
409,Ranibizumab,283,wk40,64.0,229.0,Heidelberg Spectralis,1,0
409,Ranibizumab,305,wk44,64.0,244.0,Heidelberg Spectralis,1,1
409,Ranibizumab,332,wk48,61.0,,,1,0
409,Ranibizumab,364,wk52,62.0,265.0,Heidelberg Spectralis,0,0
409,Ranibizumab,455,wk64,62.0,266.0,Heidelberg Spectralis,0,0
409,Ranibizumab,525,wk76,63.0,241.0,Heidelberg Spectralis,1,0
409,Ranibizumab,644,wk92,63.0,280.0,Heidelberg Spectralis,1,0
409,Ranibizumab,666,wk96,60.0,241.0,Heidelberg Spectralis,0,0
409,Ranibizumab,707,wk100,67.0,224.0,Heidelberg Spectralis,1,0
409,Ranibizumab,723,wk104,64.0,242.0,Heidelberg Spectralis,0,0
410,Bevacizumab,0,baseline,59.0,542.0,Heidelberg Spectralis,1,0
410,Bevacizumab,32,wk4,65.0,564.0,Heidelberg Spectralis,1,0
410,Bevacizumab,55,wk8,72.0,439.0,Heidelberg Spectralis,1,0
410,Bevacizumab,88,wk12,78.0,469.0,Heidelberg Spectralis,1,0
410,Bevacizumab,106,wk16,74.0,491.0,Heidelberg Spectralis,0,0
410,Bevacizumab,140,wk20,80.0,445.0,Heidelberg Spectralis,1,0
410,Bevacizumab,172,wk24,78.0,450.0,Heidelberg Spectralis,0,0
410,Bevacizumab,197,wk28,79.0,439.0,Heidelberg Spectralis,0,0
410,Bevacizumab,218,wk32,87.0,440.0,Heidelberg Spectralis,1,0
410,Bevacizumab,255,wk36,77.0,,,1,0
410,Bevacizumab,281,wk40,86.0,463.0,Heidelberg Spectralis,1,0
410,Bevacizumab,312,wk44,82.0,,,0,0
410,Bevacizumab,330,wk48,73.0,441.0,Heidelberg Spectralis,1,0
410,Bevacizumab,364,wk52,82.0,454.0,Heidelberg Spectralis,1,0
410,Bevacizumab,474,wk68,76.0,450.0,Heidelberg Spectralis,0,0
410,Bevacizumab,588,wk84,78.0,387.0,Heidelberg Spectralis,1,0
410,Bevacizumab,694,wk100,82.0,432.0,Heidelberg Spectralis,1,0
410,Bevacizumab,726,wk104,82.0,422.0,Heidelberg Spectralis,0,0
411,Aflibercept,0,baseline,71.0,453.0,Heidelberg Spectralis,1,0
411,Aflibercept,23,wk4,82.0,403.0,Heidelberg Spectralis,1,0
411,Aflibercept,56,wk8,82.0,373.0,Heidelberg Spectralis,1,0
411,Aflibercept,91,wk12,75.0,349.0,Heidelberg Spectralis,1,0
411,Aflibercept,115,wk16,85.0,373.0,Heidelberg Spectralis,1,0
411,Aflibercept,145,wk20,92.0,335.0,Heidelberg Spectralis,1,0
411,Aflibercept,169,wk24,93.0,369.0,Heidelberg Spectralis,1,0
411,Aflibercept,196,wk28,94.0,291.0,Heidelberg Spectralis,1,0
411,Aflibercept,229,wk32,84.0,400.0,Heidelberg Spectralis,1,0
411,Aflibercept,245,wk36,89.0,312.0,Heidelberg Spectralis,1,0
411,Aflibercept,277,wk40,89.0,388.0,Heidelberg Spectralis,1,0
411,Aflibercept,315,wk44,93.0,294.0,Heidelberg Spectralis,0,0
411,Aflibercept,331,wk48,93.0,,,0,0
411,Aflibercept,365,wk52,90.0,327.0,Heidelberg Spectralis,1,0
411,Aflibercept,397,wk56,87.0,284.0,Heidelberg Spectralis,0,0
411,Aflibercept,455,wk64,85.0,352.0,Heidelberg Spectralis,0,0
411,Aflibercept,533,wk76,88.0,294.0,Heidelberg Spectralis,0,0
411,Aflibercept,561,wk80,95.0,220.0,Heidelberg Spectralis,0,0
411,Aflibercept,583,wk84,93.0,284.0,Heidelberg Spectralis,0,0
411,Aflibercept,609,wk88,92.0,277.0,Heidelberg Spectralis,1,0
411,Aflibercept,643,wk92,93.0,315.0,Heidelberg Spectralis,0,0
411,Aflibercept,677,wk96,91.0,243.0,Heidelberg Spectralis,1,0
411,Aflibercept,731,wk104,94.0,267.0,Heidelberg Spectralis,0,0
412,Aflibercept,0,baseline,53.0,508.0,Heidelberg Spectralis,1,0
412,Aflibercept,21,wk4,73.0,,,1,0
412,Aflibercept,52,wk8,68.0,424.0,Heidelberg Spectralis,1,0
412,Aflibercept,86,wk12,83.0,347.0,Heidelberg Spectralis,1,0
412,Aflibercept,114,wk16,78.0,383.0,Heidelberg Spectralis,1,0
412,Aflibercept,140,wk20,86.0,,,1,0
412,Aflibercept,174,wk24,92.0,294.0,Heidelberg Spectralis,1,0
412,Aflibercept,203,wk28,92.0,261.0,Heidelberg Spectralis,0,0
412,Aflibercept,219,wk32,90.0,320.0,Heidelberg Spectralis,1,0
412,Aflibercept,250,wk36,99.0,287.0,Heidelberg Spectralis,1,0
412,Aflibercept,282,wk40,90.0,327.0,Heidelberg Spectralis,0,1
412,Aflibercept,301,wk44,91.0,,,0,0
412,Aflibercept,335,wk48,89.0,288.0,Heidelberg Spectralis,1,0
412,Aflibercept,371,wk52,93.0,299.0,Heidelberg Spectralis,0,0
412,Aflibercept,475,wk68,86.0,,,1,0
412,Aflibercept,554,wk80,93.0,,,1,0
412,Aflibercept,588,wk84,88.0,241.0,Heidelberg Spectralis,0,0
412,Aflibercept,618,wk88,98.0,299.0,Heidelberg Spectralis,0,0
412,Aflibercept,651,wk92,99.0,,,1,0
412,Aflibercept,734,wk104,94.0,281.0,Heidelberg Spectralis,0,0
413,Bevacizumab,0,baseline,70.0,433.0,Zeiss Cirrus,1,0
413,Bevacizumab,27,wk4,72.0,409.0,Zeiss Cirrus,1,0
413,Bevacizumab,51,wk8,74.0,356.0,Zeiss Cirrus,1,0
413,Bevacizumab,88,wk12,76.0,,,1,0
413,Bevacizumab,119,wk16,78.0,403.0,Zeiss Cirrus,0,0
413,Bevacizumab,142,wk20,83.0,342.0,Zeiss Cirrus,1,0
413,Bevacizumab,173,wk24,77.0,414.0,Zeiss Cirrus,1,0
413,Bevacizumab,195,wk28,70.0,319.0,Zeiss Cirrus,0,1
413,Bevacizumab,230,wk32,80.0,340.0,Zeiss Cirrus,1,0
413,Bevacizumab,252,wk36,90.0,395.0,Zeiss Cirrus,0,0
413,Bevacizumab,285,wk40,75.0,347.0,Zeiss Cirrus,0,0
413,Bevacizumab,314,wk44,83.0,371.0,Zeiss Cirrus,0,0
413,Bevacizumab,342,wk48,86.0,,,1,0
413,Bevacizumab,362,wk52,81.0,380.0,Zeiss Cirrus,1,0
413,Bevacizumab,444,wk64,83.0,421.0,Zeiss Cirrus,1,0
413,Bevacizumab,534,wk76,83.0,407.0,Zeiss Cirrus,0,0
413,Bevacizumab,561,wk80,85.0,,,0,0
413,Bevacizumab,585,wk84,81.0,,,1,0
413,Bevacizumab,616,wk88,74.0,371.0,Zeiss Cirrus,1,0
413,Bevacizumab,647,wk92,87.0,436.0,Zeiss Cirrus,1,0
413,Bevacizumab,673,wk96,76.0,415.0,Zeiss Cirrus,1,0
413,Bevacizumab,704,wk100,76.0,,,1,0
413,Bevacizumab,726,wk104,83.0,388.0,Zeiss Cirrus,0,0
414,Bevacizumab,0,baseline,68.0,264.0,Zeiss Cirrus,1,0
414,Bevacizumab,24,wk4,70.0,267.0,Zeiss Cirrus,1,0
414,Bevacizumab,63,wk8,75.0,287.0,Zeiss Cirrus,1,0
414,Bevacizumab,87,wk12,71.0,318.0,Zeiss Cirrus,1,0
414,Bevacizumab,108,wk16,74.0,,,0,0
414,Bevacizumab,146,wk20,64.0,298.0,Zeiss Cirrus,0,0
414,Bevacizumab,162,wk24,67.0,324.0,Zeiss Cirrus,1,0
414,Bevacizumab,192,wk28,63.0,292.0,Zeiss Cirrus,1,0
414,Bevacizumab,224,wk32,66.0,247.0,Zeiss Cirrus,0,0
414,Bevacizumab,255,wk36,66.0,283.0,Zeiss Cirrus,0,0
414,Bevacizumab,275,wk40,70.0,311.0,Zeiss Cirrus,1,0
414,Bevacizumab,303,wk44,65.0,260.0,Zeiss Cirrus,1,0
414,Bevacizumab,335,wk48,66.0,329.0,Zeiss Cirrus,1,1
414,Bevacizumab,365,wk52,69.0,317.0,Zeiss Cirrus,1,0
414,Bevacizumab,424,wk60,77.0,267.0,Zeiss Cirrus,1,0
414,Bevacizumab,441,wk64,77.0,309.0,Zeiss Cirrus,1,0
414,Bevacizumab,509,wk72,63.0,265.0,Zeiss Cirrus,1,0
414,Bevacizumab,534,wk76,68.0,297.0,Zeiss Cirrus,0,0
414,Bevacizumab,562,wk80,68.0,313.0,Zeiss Cirrus,0,0
414,Bevacizumab,614,wk88,67.0,269.0,Zeiss Cirrus,1,0
414,Bevacizumab,646,wk92,69.0,317.0,Zeiss Cirrus,1,0
414,Bevacizumab,696,wk100,64.0,298.0,Zeiss Cirrus,1,0
414,Bevacizumab,729,wk104,68.0,271.0,Zeiss Cirrus,0,0
415,Ranibizumab,0,baseline,49.0,409.0,Zeiss Cirrus,1,0
415,Ranibizumab,31,wk4,53.0,,,1,0
415,Ranibizumab,60,wk8,61.0,311.0,Zeiss Cirrus,1,0
415,Ranibizumab,82,wk12,58.0,307.0,Zeiss Cirrus,1,0
415,Ranibizumab,115,wk16,65.0,278.0,Zeiss Cirrus,1,0
415,Ranibizumab,136,wk20,58.0,263.0,Zeiss Cirrus,1,0
415,Ranibizumab,168,wk24,65.0,286.0,Zeiss Cirrus,0,0
415,Ranibizumab,190,wk28,63.0,235.0,Zeiss Cirrus,0,0
415,Ranibizumab,229,wk32,59.0,180.0,Zeiss Cirrus,1,0
415,Ranibizumab,259,wk36,63.0,228.0,Zeiss Cirrus,1,0
415,Ranibizumab,278,wk40,65.0,270.0,Zeiss Cirrus,0,1
415,Ranibizumab,308,wk44,71.0,301.0,Zeiss Cirrus,0,0
415,Ranibizumab,329,wk48,62.0,250.0,Zeiss Cirrus,1,0
415,Ranibizumab,365,wk52,65.0,225.0,Zeiss Cirrus,0,0
415,Ranibizumab,399,wk56,55.0,247.0,Zeiss Cirrus,0,0
415,Ranibizumab,469,wk68,61.0,231.0,Zeiss Cirrus,1,0
415,Ranibizumab,528,wk76,68.0,237.0,Zeiss Cirrus,0,0
415,Ranibizumab,613,wk88,59.0,246.0,Zeiss Cirrus,1,0
415,Ranibizumab,679,wk96,68.0,208.0,Zeiss Cirrus,1,0
415,Ranibizumab,700,wk100,60.0,,,1,0
415,Ranibizumab,726,wk104,63.0,209.0,Zeiss Cirrus,0,0
416,Bevacizumab,0,baseline,74.0,568.0,Heidelberg Spectralis,1,0
416,Bevacizumab,32,wk4,78.0,,,1,0
416,Bevacizumab,56,wk8,76.0,,,1,0
416,Bevacizumab,88,wk12,74.0,387.0,Heidelberg Spectralis,1,0
416,Bevacizumab,119,wk16,82.0,424.0,Heidelberg Spectralis,0,0
416,Bevacizumab,142,wk20,74.0,382.0,Heidelberg Spectralis,1,0
416,Bevacizumab,174,wk24,82.0,369.0,Heidelberg Spectralis,0,0
416,Bevacizumab,200,wk28,70.0,423.0,Heidelberg Spectralis,1,0
416,Bevacizumab,217,wk32,82.0,392.0,Heidelberg Spectralis,1,1
416,Bevacizumab,254,wk36,82.0,347.0,Heidelberg Spectralis,1,0
416,Bevacizumab,274,wk40,80.0,312.0,Heidelberg Spectralis,1,0
416,Bevacizumab,314,wk44,82.0,358.0,Heidelberg Spectralis,0,0
416,Bevacizumab,341,wk48,75.0,404.0,Heidelberg Spectralis,0,0
416,Bevacizumab,369,wk52,80.0,355.0,Heidelberg Spectralis,0,0
416,Bevacizumab,416,wk60,84.0,437.0,Heidelberg Spectralis,1,0
416,Bevacizumab,442,wk64,82.0,,,0,0
416,Bevacizumab,473,wk68,81.0,391.0,Heidelberg Spectralis,1,0
416,Bevacizumab,510,wk72,86.0,408.0,Heidelberg Spectralis,1,0
416,Bevacizumab,555,wk80,81.0,348.0,Heidelberg Spectralis,0,0
416,Bevacizumab,583,wk84,80.0,385.0,Heidelberg Spectralis,0,0
416,Bevacizumab,613,wk88,81.0,398.0,Heidelberg Spectralis,0,0
416,Bevacizumab,733,wk104,86.0,401.0,Heidelberg Spectralis,0,0
417,Bevacizumab,0,baseline,68.0,360.0,Zeiss Cirrus,1,0
417,Bevacizumab,30,wk4,72.0,306.0,Zeiss Cirrus,1,0
417,Bevacizumab,56,wk8,67.0,251.0,Zeiss Cirrus,1,0
417,Bevacizumab,78,wk12,68.0,303.0,Zeiss Cirrus,1,0
417,Bevacizumab,117,wk16,76.0,315.0,Zeiss Cirrus,0,0
417,Bevacizumab,143,wk20,73.0,223.0,Zeiss Cirrus,0,0
417,Bevacizumab,170,wk24,66.0,,,0,0
417,Bevacizumab,200,wk28,72.0,214.0,Zeiss Cirrus,0,0
417,Bevacizumab,229,wk32,75.0,207.0,Zeiss Cirrus,0,0
417,Bevacizumab,246,wk36,71.0,248.0,Zeiss Cirrus,1,1
417,Bevacizumab,277,wk40,76.0,289.0,Zeiss Cirrus,1,0
417,Bevacizumab,304,wk44,73.0,235.0,Zeiss Cirrus,0,0
417,Bevacizumab,342,wk48,72.0,,,1,0
417,Bevacizumab,368,wk52,71.0,257.0,Zeiss Cirrus,1,0
417,Bevacizumab,474,wk68,75.0,,,1,0
417,Bevacizumab,530,wk76,64.0,180.0,Zeiss Cirrus,0,0
417,Bevacizumab,584,wk84,64.0,,,1,0
417,Bevacizumab,617,wk88,60.0,195.0,Zeiss Cirrus,0,0
417,Bevacizumab,640,wk92,65.0,196.0,Zeiss Cirrus,0,0
417,Bevacizumab,704,wk100,66.0,193.0,Zeiss Cirrus,0,0
417,Bevacizumab,724,wk104,60.0,190.0,Zeiss Cirrus,0,0
418,Bevacizumab,0,baseline,65.0,558.0,Heidelberg Spectralis,1,0
418,Bevacizumab,23,wk4,64.0,,,1,0
418,Bevacizumab,60,wk8,66.0,508.0,Heidelberg Spectralis,1,0
418,Bevacizumab,81,wk12,73.0,483.0,Heidelberg Spectralis,1,0
418,Bevacizumab,108,wk16,77.0,,,0,0
418,Bevacizumab,146,wk20,79.0,387.0,Heidelberg Spectralis,0,0
418,Bevacizumab,162,wk24,77.0,423.0,Heidelberg Spectralis,1,0
418,Bevacizumab,190,wk28,66.0,380.0,Heidelberg Spectralis,0,0
418,Bevacizumab,217,wk32,78.0,387.0,Heidelberg Spectralis,0,0
418,Bevacizumab,258,wk36,78.0,,,0,0
418,Bevacizumab,282,wk40,80.0,428.0,Heidelberg Spectralis,0,0
418,Bevacizumab,309,wk44,75.0,385.0,Heidelberg Spectralis,0,0
418,Bevacizumab,331,wk48,73.0,397.0,Heidelberg Spectralis,1,0
418,Bevacizumab,364,wk52,78.0,375.0,Heidelberg Spectralis,1,0
418,Bevacizumab,455,wk64,74.0,,,1,0
418,Bevacizumab,537,wk76,77.0,389.0,Heidelberg Spectralis,0,0
418,Bevacizumab,566,wk80,75.0,410.0,Heidelberg Spectralis,1,0
418,Bevacizumab,591,wk84,80.0,383.0,Heidelberg Spectralis,1,0
418,Bevacizumab,642,wk92,72.0,389.0,Heidelberg Spectralis,1,0
418,Bevacizumab,669,wk96,82.0,395.0,Heidelberg Spectralis,1,0
418,Bevacizumab,728,wk104,81.0,442.0,Heidelberg Spectralis,0,0
419,Aflibercept,0,baseline,69.0,448.0,Zeiss Cirrus,1,0
419,Aflibercept,30,wk4,73.0,447.0,Zeiss Cirrus,1,0
419,Aflibercept,50,wk8,79.0,412.0,Zeiss Cirrus,1,0
419,Aflibercept,89,wk12,76.0,421.0,Zeiss Cirrus,1,0
419,Aflibercept,110,wk16,84.0,437.0,Zeiss Cirrus,0,0
419,Aflibercept,139,wk20,82.0,445.0,Zeiss Cirrus,1,0
419,Aflibercept,163,wk24,82.0,,,1,0
419,Aflibercept,196,wk28,72.0,397.0,Zeiss Cirrus,0,0
419,Aflibercept,231,wk32,83.0,387.0,Zeiss Cirrus,1,0
419,Aflibercept,256,wk36,84.0,,,1,0
419,Aflibercept,284,wk40,81.0,352.0,Zeiss Cirrus,1,0
419,Aflibercept,313,wk44,86.0,,,1,0
419,Aflibercept,336,wk48,73.0,374.0,Zeiss Cirrus,0,0
419,Aflibercept,362,wk52,81.0,388.0,Zeiss Cirrus,1,0
419,Aflibercept,392,wk56,78.0,387.0,Zeiss Cirrus,0,0
419,Aflibercept,418,wk60,84.0,400.0,Zeiss Cirrus,1,0
419,Aflibercept,451,wk64,85.0,368.0,Zeiss Cirrus,0,0
419,Aflibercept,475,wk68,77.0,341.0,Zeiss Cirrus,0,0
419,Aflibercept,509,wk72,89.0,356.0,Zeiss Cirrus,0,0
419,Aflibercept,533,wk76,74.0,,,1,0
419,Aflibercept,592,wk84,78.0,,,1,0
419,Aflibercept,679,wk96,83.0,364.0,Zeiss Cirrus,0,0
419,Aflibercept,703,wk100,79.0,387.0,Zeiss Cirrus,0,0
419,Aflibercept,731,wk104,78.0,351.0,Zeiss Cirrus,0,0
420,Ranibizumab,0,baseline,57.0,435.0,Heidelberg Spectralis,1,0
420,Ranibizumab,26,wk4,65.0,,,1,0
420,Ranibizumab,52,wk8,60.0,412.0,Heidelberg Spectralis,1,0
420,Ranibizumab,82,wk12,56.0,396.0,Heidelberg Spectralis,1,0
420,Ranibizumab,106,wk16,64.0,389.0,Heidelberg Spectralis,0,0
420,Ranibizumab,136,wk20,60.0,388.0,Heidelberg Spectralis,0,0
420,Ranibizumab,168,wk24,68.0,398.0,Heidelberg Spectralis,1,0
420,Ranibizumab,194,wk28,58.0,403.0,Heidelberg Spectralis,1,0
420,Ranibizumab,231,wk32,65.0,334.0,Heidelberg Spectralis,1,0
420,Ranibizumab,259,wk36,63.0,357.0,Heidelberg Spectralis,1,0
420,Ranibizumab,277,wk40,67.0,350.0,Heidelberg Spectralis,1,0
420,Ranibizumab,314,wk44,62.0,396.0,Heidelberg Spectralis,0,0
420,Ranibizumab,335,wk48,66.0,371.0,Heidelberg Spectralis,1,0
420,Ranibizumab,370,wk52,61.0,355.0,Heidelberg Spectralis,0,0
420,Ranibizumab,474,wk68,55.0,373.0,Heidelberg Spectralis,0,0
420,Ranibizumab,505,wk72,61.0,,,1,0
420,Ranibizumab,556,wk80,59.0,340.0,Heidelberg Spectralis,0,0
420,Ranibizumab,592,wk84,47.0,397.0,Heidelberg Spectralis,1,0
420,Ranibizumab,673,wk96,56.0,332.0,Heidelberg Spectralis,0,0
420,Ranibizumab,696,wk100,52.0,354.0,Heidelberg Spectralis,1,0
420,Ranibizumab,728,wk104,50.0,353.0,Heidelberg Spectralis,0,0
421,Bevacizumab,0,baseline,50.0,531.0,Zeiss Cirrus,1,0
421,Bevacizumab,26,wk4,57.0,444.0,Zeiss Cirrus,1,0
421,Bevacizumab,56,wk8,68.0,397.0,Zeiss Cirrus,1,0
421,Bevacizumab,86,wk12,72.0,356.0,Zeiss Cirrus,1,0
421,Bevacizumab,107,wk16,72.0,296.0,Zeiss Cirrus,0,0
421,Bevacizumab,143,wk20,71.0,305.0,Zeiss Cirrus,0,0
421,Bevacizumab,162,wk24,77.0,296.0,Zeiss Cirrus,1,0
421,Bevacizumab,196,wk28,76.0,320.0,Zeiss Cirrus,1,0
421,Bevacizumab,229,wk32,71.0,299.0,Zeiss Cirrus,1,0
421,Bevacizumab,245,wk36,71.0,275.0,Zeiss Cirrus,1,1
421,Bevacizumab,280,wk40,77.0,267.0,Zeiss Cirrus,1,0
421,Bevacizumab,312,wk44,76.0,260.0,Zeiss Cirrus,1,0
421,Bevacizumab,332,wk48,82.0,336.0,Zeiss Cirrus,0,0
421,Bevacizumab,370,wk52,74.0,285.0,Zeiss Cirrus,1,0
421,Bevacizumab,386,wk56,67.0,324.0,Zeiss Cirrus,0,0
421,Bevacizumab,443,wk64,79.0,311.0,Zeiss Cirrus,0,0
421,Bevacizumab,481,wk68,74.0,293.0,Zeiss Cirrus,0,0
421,Bevacizumab,531,wk76,80.0,,,0,0
421,Bevacizumab,613,wk88,72.0,269.0,Zeiss Cirrus,0,0
421,Bevacizumab,646,wk92,72.0,,,0,0
421,Bevacizumab,670,wk96,62.0,,,0,0
421,Bevacizumab,693,wk100,63.0,328.0,Zeiss Cirrus,0,0
421,Bevacizumab,732,wk104,68.0,326.0,Zeiss Cirrus,0,0
422,Bevacizumab,0,baseline,49.0,503.0,Zeiss Cirrus,1,0
422,Bevacizumab,30,wk4,60.0,,,1,0
422,Bevacizumab,55,wk8,51.0,401.0,Zeiss Cirrus,1,0
422,Bevacizumab,79,wk12,39.0,457.0,Zeiss Cirrus,1,0
422,Bevacizumab,118,wk16,41.0,417.0,Zeiss Cirrus,0,0
422,Bevacizumab,147,wk20,48.0,420.0,Zeiss Cirrus,1,0
422,Bevacizumab,172,wk24,52.0,288.0,Zeiss Cirrus,1,0
422,Bevacizumab,201,wk28,51.0,,,1,1
422,Bevacizumab,219,wk32,48.0,356.0,Zeiss Cirrus,1,0
422,Bevacizumab,257,wk36,47.0,385.0,Zeiss Cirrus,1,0
422,Bevacizumab,286,wk40,43.0,365.0,Zeiss Cirrus,1,0
422,Bevacizumab,301,wk44,41.0,322.0,Zeiss Cirrus,1,0
422,Bevacizumab,330,wk48,47.0,403.0,Zeiss Cirrus,1,0
422,Bevacizumab,359,wk52,46.0,357.0,Zeiss Cirrus,1,0
422,Bevacizumab,442,wk64,52.0,363.0,Zeiss Cirrus,0,0
422,Bevacizumab,476,wk68,46.0,414.0,Zeiss Cirrus,1,0
422,Bevacizumab,499,wk72,47.0,346.0,Zeiss Cirrus,0,0
422,Bevacizumab,564,wk80,40.0,,,1,0
422,Bevacizumab,612,wk88,46.0,388.0,Zeiss Cirrus,1,0
422,Bevacizumab,639,wk92,41.0,389.0,Zeiss Cirrus,0,0
422,Bevacizumab,675,wk96,50.0,418.0,Zeiss Cirrus,0,0
422,Bevacizumab,726,wk104,46.0,410.0,Zeiss Cirrus,0,0
423,Bevacizumab,0,baseline,76.0,473.0,Zeiss Cirrus,1,0
423,Bevacizumab,26,wk4,80.0,495.0,Zeiss Cirrus,1,0
423,Bevacizumab,60,wk8,76.0,418.0,Zeiss Cirrus,1,0
423,Bevacizumab,78,wk12,92.0,365.0,Zeiss Cirrus,1,0
423,Bevacizumab,111,wk16,79.0,366.0,Zeiss Cirrus,0,0
423,Bevacizumab,145,wk20,81.0,387.0,Zeiss Cirrus,1,0
423,Bevacizumab,174,wk24,77.0,352.0,Zeiss Cirrus,0,0
423,Bevacizumab,197,wk28,89.0,370.0,Zeiss Cirrus,1,0
423,Bevacizumab,229,wk32,75.0,356.0,Zeiss Cirrus,1,0
423,Bevacizumab,251,wk36,81.0,426.0,Zeiss Cirrus,1,0
423,Bevacizumab,277,wk40,78.0,348.0,Zeiss Cirrus,1,0
423,Bevacizumab,301,wk44,83.0,418.0,Zeiss Cirrus,1,0
423,Bevacizumab,338,wk48,78.0,389.0,Zeiss Cirrus,1,0
423,Bevacizumab,370,wk52,79.0,383.0,Zeiss Cirrus,0,0
423,Bevacizumab,389,wk56,73.0,355.0,Zeiss Cirrus,0,0
423,Bevacizumab,477,wk68,84.0,383.0,Zeiss Cirrus,1,0
423,Bevacizumab,497,wk72,80.0,398.0,Zeiss Cirrus,0,0
423,Bevacizumab,613,wk88,81.0,364.0,Zeiss Cirrus,0,0
423,Bevacizumab,669,wk96,79.0,,,0,0
423,Bevacizumab,728,wk104,80.0,392.0,Zeiss Cirrus,0,0
424,Aflibercept,0,baseline,52.0,570.0,Heidelberg Spectralis,1,0
424,Aflibercept,23,wk4,57.0,542.0,Heidelberg Spectralis,1,0
424,Aflibercept,55,wk8,67.0,,,1,0
424,Aflibercept,82,wk12,80.0,459.0,Heidelberg Spectralis,1,0
424,Aflibercept,107,wk16,79.0,,,1,0
424,Aflibercept,147,wk20,81.0,487.0,Heidelberg Spectralis,1,0
424,Aflibercept,171,wk24,84.0,,,1,0
424,Aflibercept,189,wk28,81.0,356.0,Heidelberg Spectralis,1,0
424,Aflibercept,224,wk32,86.0,411.0,Heidelberg Spectralis,1,0
424,Aflibercept,259,wk36,82.0,327.0,Heidelberg Spectralis,0,0
424,Aflibercept,285,wk40,88.0,,,1,0
424,Aflibercept,301,wk44,81.0,373.0,Heidelberg Spectralis,0,0
424,Aflibercept,343,wk48,78.0,342.0,Heidelberg Spectralis,0,0
424,Aflibercept,365,wk52,84.0,385.0,Heidelberg Spectralis,1,0
424,Aflibercept,453,wk64,88.0,392.0,Heidelberg Spectralis,0,0
424,Aflibercept,478,wk68,85.0,417.0,Heidelberg Spectralis,1,0
424,Aflibercept,529,wk76,92.0,397.0,Heidelberg Spectralis,0,0
424,Aflibercept,563,wk80,88.0,372.0,Heidelberg Spectralis,0,0
424,Aflibercept,648,wk92,85.0,318.0,Heidelberg Spectralis,0,0
424,Aflibercept,703,wk100,84.0,377.0,Heidelberg Spectralis,0,0
424,Aflibercept,728,wk104,89.0,347.0,Heidelberg Spectralis,0,0
425,Ranibizumab,0,baseline,70.0,475.0,Heidelberg Spectralis,1,0
425,Ranibizumab,25,wk4,74.0,444.0,Heidelberg Spectralis,1,0
425,Ranibizumab,60,wk8,81.0,448.0,Heidelberg Spectralis,1,0
425,Ranibizumab,86,wk12,83.0,322.0,Heidelberg Spectralis,1,0
425,Ranibizumab,109,wk16,83.0,369.0,Heidelberg Spectralis,0,0
425,Ranibizumab,134,wk20,74.0,337.0,Heidelberg Spectralis,0,0
425,Ranibizumab,164,wk24,84.0,295.0,Heidelberg Spectralis,1,0
425,Ranibizumab,196,wk28,86.0,285.0,Heidelberg Spectralis,0,0
425,Ranibizumab,222,wk32,82.0,316.0,Heidelberg Spectralis,0,0
425,Ranibizumab,248,wk36,87.0,283.0,Heidelberg Spectralis,0,0
425,Ranibizumab,287,wk40,89.0,338.0,Heidelberg Spectralis,0,0
425,Ranibizumab,304,wk44,81.0,302.0,Heidelberg Spectralis,0,0
425,Ranibizumab,340,wk48,85.0,339.0,Heidelberg Spectralis,0,0
425,Ranibizumab,366,wk52,84.0,282.0,Heidelberg Spectralis,0,0
425,Ranibizumab,399,wk56,84.0,313.0,Heidelberg Spectralis,0,0
425,Ranibizumab,426,wk60,86.0,,,1,0
425,Ranibizumab,442,wk64,90.0,259.0,Heidelberg Spectralis,1,0
425,Ranibizumab,567,wk80,88.0,281.0,Heidelberg Spectralis,0,0
425,Ranibizumab,586,wk84,91.0,295.0,Heidelberg Spectralis,0,0
425,Ranibizumab,704,wk100,82.0,271.0,Heidelberg Spectralis,0,0
425,Ranibizumab,730,wk104,89.0,241.0,Heidelberg Spectralis,0,0
426,Bevacizumab,0,baseline,73.0,295.0,Zeiss Cirrus,1,0
426,Bevacizumab,21,wk4,79.0,,,1,0
426,Bevacizumab,59,wk8,84.0,217.0,Zeiss Cirrus,1,0
426,Bevacizumab,90,wk12,77.0,294.0,Zeiss Cirrus,1,0
426,Bevacizumab,108,wk16,80.0,,,0,0
426,Bevacizumab,145,wk20,72.0,261.0,Zeiss Cirrus,0,0
426,Bevacizumab,161,wk24,78.0,307.0,Zeiss Cirrus,1,0
426,Bevacizumab,192,wk28,75.0,178.0,Zeiss Cirrus,0,0
426,Bevacizumab,220,wk32,79.0,210.0,Zeiss Cirrus,1,0
426,Bevacizumab,257,wk36,71.0,,,1,0
426,Bevacizumab,284,wk40,78.0,,,1,0
426,Bevacizumab,304,wk44,67.0,225.0,Zeiss Cirrus,1,1
426,Bevacizumab,338,wk48,70.0,239.0,Zeiss Cirrus,1,0
426,Bevacizumab,369,wk52,74.0,223.0,Zeiss Cirrus,1,0
426,Bevacizumab,422,wk60,78.0,168.0,Zeiss Cirrus,1,0
426,Bevacizumab,503,wk72,67.0,263.0,Zeiss Cirrus,0,0
426,Bevacizumab,532,wk76,69.0,250.0,Zeiss Cirrus,0,0
426,Bevacizumab,594,wk84,64.0,200.0,Zeiss Cirrus,0,0
426,Bevacizumab,651,wk92,60.0,194.0,Zeiss Cirrus,0,0
426,Bevacizumab,672,wk96,65.0,237.0,Zeiss Cirrus,1,0
426,Bevacizumab,701,wk100,66.0,165.0,Zeiss Cirrus,1,0
426,Bevacizumab,735,wk104,65.0,190.0,Zeiss Cirrus,0,0
427,Aflibercept,0,baseline,78.0,418.0,Heidelberg Spectralis,1,0
427,Aflibercept,32,wk4,83.0,397.0,Heidelberg Spectralis,1,0
427,Aflibercept,52,wk8,99.0,305.0,Heidelberg Spectralis,1,0
427,Aflibercept,83,wk12,90.0,,,1,0
427,Aflibercept,113,wk16,98.0,299.0,Heidelberg Spectralis,0,0
427,Aflibercept,142,wk20,100.0,303.0,Heidelberg Spectralis,0,0
427,Aflibercept,171,wk24,94.0,280.0,Heidelberg Spectralis,1,0
427,Aflibercept,203,wk28,100.0,,,1,0
427,Aflibercept,217,wk32,100.0,,,0,0
427,Aflibercept,254,wk36,96.0,348.0,Heidelberg Spectralis,1,1
427,Aflibercept,286,wk40,90.0,276.0,Heidelberg Spectralis,0,0
427,Aflibercept,310,wk44,100.0,232.0,Heidelberg Spectralis,1,0
427,Aflibercept,329,wk48,100.0,307.0,Heidelberg Spectralis,1,0
427,Aflibercept,364,wk52,100.0,280.0,Heidelberg Spectralis,1,0
427,Aflibercept,426,wk60,94.0,305.0,Heidelberg Spectralis,0,0
427,Aflibercept,505,wk72,100.0,301.0,Heidelberg Spectralis,1,0
427,Aflibercept,526,wk76,100.0,323.0,Heidelberg Spectralis,1,0
427,Aflibercept,553,wk80,97.0,,,0,0
427,Aflibercept,595,wk84,99.0,355.0,Heidelberg Spectralis,0,0
427,Aflibercept,651,wk92,100.0,292.0,Heidelberg Spectralis,1,0
427,Aflibercept,721,wk104,100.0,346.0,Heidelberg Spectralis,0,0
428,Bevacizumab,0,baseline,77.0,310.0,Heidelberg Spectralis,1,0
428,Bevacizumab,26,wk4,80.0,,,1,0
428,Bevacizumab,60,wk8,74.0,347.0,Heidelberg Spectralis,1,0
428,Bevacizumab,86,wk12,70.0,,,1,0
428,Bevacizumab,116,wk16,79.0,363.0,Heidelberg Spectralis,1,0
428,Bevacizumab,139,wk20,73.0,340.0,Heidelberg Spectralis,1,0
428,Bevacizumab,169,wk24,67.0,378.0,Heidelberg Spectralis,1,0
428,Bevacizumab,194,wk28,78.0,349.0,Heidelberg Spectralis,1,0
428,Bevacizumab,221,wk32,70.0,303.0,Heidelberg Spectralis,1,0
428,Bevacizumab,251,wk36,77.0,,,1,0
428,Bevacizumab,287,wk40,79.0,347.0,Heidelberg Spectralis,1,0
428,Bevacizumab,309,wk44,75.0,327.0,Heidelberg Spectralis,0,0
428,Bevacizumab,340,wk48,77.0,361.0,Heidelberg Spectralis,1,1
428,Bevacizumab,357,wk52,76.0,,,1,0
428,Bevacizumab,413,wk60,77.0,339.0,Heidelberg Spectralis,0,0
428,Bevacizumab,537,wk76,75.0,282.0,Heidelberg Spectralis,0,0
428,Bevacizumab,618,wk88,80.0,335.0,Heidelberg Spectralis,0,0
428,Bevacizumab,637,wk92,85.0,305.0,Heidelberg Spectralis,0,0
428,Bevacizumab,672,wk96,85.0,,,1,0
428,Bevacizumab,722,wk104,81.0,329.0,Heidelberg Spectralis,0,0
429,Ranibizumab,0,baseline,75.0,525.0,Heidelberg Spectralis,1,0
429,Ranibizumab,21,wk4,75.0,488.0,Heidelberg Spectralis,1,0
429,Ranibizumab,59,wk8,68.0,,,1,0
429,Ranibizumab,87,wk12,70.0,427.0,Heidelberg Spectralis,1,0
429,Ranibizumab,111,wk16,58.0,378.0,Heidelberg Spectralis,0,0
429,Ranibizumab,139,wk20,69.0,,,0,0
429,Ranibizumab,163,wk24,70.0,349.0,Heidelberg Spectralis,0,0
429,Ranibizumab,201,wk28,59.0,352.0,Heidelberg Spectralis,1,0
429,Ranibizumab,219,wk32,61.0,329.0,Heidelberg Spectralis,0,0
429,Ranibizumab,249,wk36,68.0,372.0,Heidelberg Spectralis,0,0
429,Ranibizumab,275,wk40,62.0,416.0,Heidelberg Spectralis,1,0
429,Ranibizumab,314,wk44,60.0,343.0,Heidelberg Spectralis,1,0
430,Bevacizumab,0,baseline,76.0,554.0,Heidelberg Spectralis,1,0
430,Bevacizumab,35,wk4,76.0,490.0,Heidelberg Spectralis,1,0
430,Bevacizumab,51,wk8,83.0,453.0,Heidelberg Spectralis,1,0
430,Bevacizumab,89,wk12,88.0,367.0,Heidelberg Spectralis,1,0
430,Bevacizumab,105,wk16,85.0,,,1,0
431,Bevacizumab,0,baseline,62.0,535.0,Zeiss Cirrus,1,0
431,Bevacizumab,24,wk4,69.0,,,1,0
431,Bevacizumab,52,wk8,59.0,544.0,Zeiss Cirrus,1,0
431,Bevacizumab,85,wk12,51.0,529.0,Zeiss Cirrus,1,0
431,Bevacizumab,112,wk16,59.0,531.0,Zeiss Cirrus,1,0
431,Bevacizumab,147,wk20,65.0,,,0,0
431,Bevacizumab,164,wk24,65.0,509.0,Zeiss Cirrus,1,0
431,Bevacizumab,198,wk28,61.0,527.0,Zeiss Cirrus,1,0
431,Bevacizumab,231,wk32,58.0,496.0,Zeiss Cirrus,1,0
431,Bevacizumab,253,wk36,64.0,,,1,0
431,Bevacizumab,282,wk40,71.0,501.0,Zeiss Cirrus,0,0
431,Bevacizumab,312,wk44,55.0,486.0,Zeiss Cirrus,1,0
431,Bevacizumab,341,wk48,56.0,423.0,Zeiss Cirrus,0,0
431,Bevacizumab,358,wk52,57.0,509.0,Zeiss Cirrus,0,0
431,Bevacizumab,417,wk60,54.0,473.0,Zeiss Cirrus,1,0
431,Bevacizumab,451,wk64,55.0,524.0,Zeiss Cirrus,1,0
431,Bevacizumab,533,wk76,47.0,496.0,Zeiss Cirrus,1,1
431,Bevacizumab,564,wk80,47.0,,,0,0
431,Bevacizumab,649,wk92,50.0,473.0,Zeiss Cirrus,1,0
431,Bevacizumab,672,wk96,51.0,484.0,Zeiss Cirrus,1,0
431,Bevacizumab,699,wk100,40.0,,,0,0
431,Bevacizumab,724,wk104,46.0,453.0,Zeiss Cirrus,0,0
432,Aflibercept,0,baseline,56.0,506.0,Heidelberg Spectralis,1,0
432,Aflibercept,22,wk4,65.0,,,1,0
432,Aflibercept,57,wk8,59.0,353.0,Heidelberg Spectralis,1,0
432,Aflibercept,82,wk12,65.0,364.0,Heidelberg Spectralis,1,0
432,Aflibercept,110,wk16,62.0,325.0,Heidelberg Spectralis,1,0
432,Aflibercept,134,wk20,64.0,298.0,Heidelberg Spectralis,0,0
432,Aflibercept,166,wk24,60.0,344.0,Heidelberg Spectralis,1,0
432,Aflibercept,190,wk28,70.0,277.0,Heidelberg Spectralis,1,0
432,Aflibercept,218,wk32,63.0,334.0,Heidelberg Spectralis,0,1
432,Aflibercept,256,wk36,70.0,,,0,0
432,Aflibercept,286,wk40,66.0,303.0,Heidelberg Spectralis,0,0
432,Aflibercept,306,wk44,72.0,,,1,0
432,Aflibercept,339,wk48,70.0,290.0,Heidelberg Spectralis,0,0
432,Aflibercept,366,wk52,68.0,305.0,Heidelberg Spectralis,1,0
432,Aflibercept,426,wk60,66.0,272.0,Heidelberg Spectralis,0,0
432,Aflibercept,441,wk64,62.0,273.0,Heidelberg Spectralis,1,0
432,Aflibercept,480,wk68,65.0,313.0,Heidelberg Spectralis,1,0
432,Aflibercept,497,wk72,69.0,272.0,Heidelberg Spectralis,0,0
432,Aflibercept,535,wk76,64.0,,,0,0
432,Aflibercept,644,wk92,61.0,311.0,Heidelberg Spectralis,0,0
432,Aflibercept,707,wk100,72.0,338.0,Heidelberg Spectralis,0,0
432,Aflibercept,732,wk104,62.0,296.0,Heidelberg Spectralis,0,0
433,Ranibizumab,0,baseline,73.0,539.0,Zeiss Cirrus,1,0
433,Ranibizumab,21,wk4,84.0,,,1,0
433,Ranibizumab,54,wk8,86.0,,,1,0
433,Ranibizumab,80,wk12,83.0,436.0,Zeiss Cirrus,1,0
433,Ranibizumab,117,wk16,80.0,351.0,Zeiss Cirrus,1,0
433,Ranibizumab,146,wk20,86.0,355.0,Zeiss Cirrus,1,0
433,Ranibizumab,170,wk24,88.0,373.0,Zeiss Cirrus,1,0
433,Ranibizumab,189,wk28,89.0,411.0,Zeiss Cirrus,1,0
433,Ranibizumab,223,wk32,81.0,338.0,Zeiss Cirrus,1,0
433,Ranibizumab,249,wk36,87.0,380.0,Zeiss Cirrus,1,0
433,Ranibizumab,286,wk40,88.0,,,1,1
433,Ranibizumab,305,wk44,88.0,324.0,Zeiss Cirrus,0,0
433,Ranibizumab,332,wk48,84.0,325.0,Zeiss Cirrus,1,0
433,Ranibizumab,365,wk52,87.0,361.0,Zeiss Cirrus,1,0
433,Ranibizumab,419,wk60,94.0,400.0,Zeiss Cirrus,1,0
433,Ranibizumab,447,wk64,87.0,390.0,Zeiss Cirrus,1,0
433,Ranibizumab,508,wk72,94.0,,,0,0
433,Ranibizumab,529,wk76,93.0,346.0,Zeiss Cirrus,1,0
433,Ranibizumab,560,wk80,93.0,336.0,Zeiss Cirrus,0,0
433,Ranibizumab,679,wk96,98.0,356.0,Zeiss Cirrus,1,0
433,Ranibizumab,730,wk104,95.0,338.0,Zeiss Cirrus,0,0
434,Bevacizumab,0,baseline,56.0,325.0,Heidelberg Spectralis,1,0
434,Bevacizumab,27,wk4,58.0,323.0,Heidelberg Spectralis,1,0
434,Bevacizumab,52,wk8,65.0,,,1,0
434,Bevacizumab,84,wk12,63.0,298.0,Heidelberg Spectralis,1,0
434,Bevacizumab,117,wk16,52.0,283.0,Heidelberg Spectralis,1,0
434,Bevacizumab,144,wk20,64.0,,,1,0
434,Bevacizumab,173,wk24,53.0,320.0,Heidelberg Spectralis,1,0
434,Bevacizumab,193,wk28,55.0,283.0,Heidelberg Spectralis,1,0
434,Bevacizumab,230,wk32,61.0,272.0,Heidelberg Spectralis,1,0
434,Bevacizumab,249,wk36,61.0,327.0,Heidelberg Spectralis,1,0
434,Bevacizumab,286,wk40,65.0,290.0,Heidelberg Spectralis,1,0
435,Aflibercept,0,baseline,56.0,443.0,Heidelberg Spectralis,1,0
435,Aflibercept,25,wk4,65.0,370.0,Heidelberg Spectralis,1,0
435,Aflibercept,58,wk8,70.0,351.0,Heidelberg Spectralis,1,0
435,Aflibercept,84,wk12,72.0,390.0,Heidelberg Spectralis,1,0
435,Aflibercept,118,wk16,71.0,364.0,Heidelberg Spectralis,1,0
435,Aflibercept,135,wk20,76.0,359.0,Heidelberg Spectralis,1,0
435,Aflibercept,168,wk24,80.0,339.0,Heidelberg Spectralis,1,0
435,Aflibercept,196,wk28,77.0,388.0,Heidelberg Spectralis,1,0
435,Aflibercept,227,wk32,74.0,,,1,0
435,Aflibercept,259,wk36,80.0,397.0,Heidelberg Spectralis,1,1
435,Aflibercept,279,wk40,80.0,398.0,Heidelberg Spectralis,1,0
435,Aflibercept,307,wk44,80.0,355.0,Heidelberg Spectralis,0,0
435,Aflibercept,334,wk48,75.0,417.0,Heidelberg Spectralis,1,0
435,Aflibercept,358,wk52,80.0,370.0,Heidelberg Spectralis,0,0
435,Aflibercept,388,wk56,84.0,,,0,0
435,Aflibercept,447,wk64,81.0,374.0,Heidelberg Spectralis,0,0
435,Aflibercept,475,wk68,80.0,390.0,Heidelberg Spectralis,1,0
435,Aflibercept,507,wk72,79.0,306.0,Heidelberg Spectralis,0,0
435,Aflibercept,525,wk76,87.0,350.0,Heidelberg Spectralis,0,0
435,Aflibercept,650,wk92,87.0,320.0,Heidelberg Spectralis,0,0
435,Aflibercept,722,wk104,94.0,301.0,Heidelberg Spectralis,0,0
436,Bevacizumab,0,baseline,63.0,311.0,Zeiss Cirrus,1,0
436,Bevacizumab,35,wk4,66.0,343.0,Zeiss Cirrus,1,0
436,Bevacizumab,52,wk8,59.0,328.0,Zeiss Cirrus,1,0
436,Bevacizumab,86,wk12,63.0,281.0,Zeiss Cirrus,1,0
436,Bevacizumab,106,wk16,63.0,323.0,Zeiss Cirrus,1,0
436,Bevacizumab,136,wk20,61.0,316.0,Zeiss Cirrus,1,0
436,Bevacizumab,170,wk24,60.0,377.0,Zeiss Cirrus,1,0
436,Bevacizumab,198,wk28,52.0,302.0,Zeiss Cirrus,1,0
436,Bevacizumab,230,wk32,57.0,368.0,Zeiss Cirrus,1,0
436,Bevacizumab,250,wk36,64.0,294.0,Zeiss Cirrus,1,0
436,Bevacizumab,287,wk40,59.0,394.0,Zeiss Cirrus,1,0
436,Bevacizumab,303,wk44,65.0,365.0,Zeiss Cirrus,1,0
436,Bevacizumab,342,wk48,58.0,,,1,0
436,Bevacizumab,366,wk52,60.0,355.0,Zeiss Cirrus,1,0
436,Bevacizumab,418,wk60,47.0,,,0,0
436,Bevacizumab,451,wk64,59.0,336.0,Zeiss Cirrus,0,0
436,Bevacizumab,505,wk72,56.0,339.0,Zeiss Cirrus,1,0
436,Bevacizumab,591,wk84,54.0,386.0,Zeiss Cirrus,1,0
436,Bevacizumab,620,wk88,49.0,322.0,Zeiss Cirrus,0,0
436,Bevacizumab,651,wk92,42.0,,,0,0
436,Bevacizumab,679,wk96,53.0,375.0,Zeiss Cirrus,1,0
436,Bevacizumab,724,wk104,53.0,342.0,Zeiss Cirrus,0,0
437,Ranibizumab,0,baseline,78.0,395.0,Zeiss Cirrus,1,0
437,Ranibizumab,34,wk4,85.0,401.0,Zeiss Cirrus,1,0
437,Ranibizumab,57,wk8,87.0,402.0,Zeiss Cirrus,1,0
437,Ranibizumab,79,wk12,85.0,,,1,0
437,Ranibizumab,114,wk16,88.0,303.0,Zeiss Cirrus,1,0
437,Ranibizumab,144,wk20,82.0,,,0,0
437,Ranibizumab,174,wk24,96.0,,,0,0
437,Ranibizumab,197,wk28,88.0,339.0,Zeiss Cirrus,1,0
437,Ranibizumab,227,wk32,83.0,341.0,Zeiss Cirrus,1,0
437,Ranibizumab,258,wk36,88.0,343.0,Zeiss Cirrus,1,0
437,Ranibizumab,274,wk40,85.0,320.0,Zeiss Cirrus,0,0
437,Ranibizumab,307,wk44,99.0,,,0,0
437,Ranibizumab,342,wk48,91.0,,,0,0
437,Ranibizumab,363,wk52,90.0,324.0,Zeiss Cirrus,1,0
437,Ranibizumab,452,wk64,95.0,,,1,0
437,Ranibizumab,470,wk68,90.0,339.0,Zeiss Cirrus,1,0
437,Ranibizumab,584,wk84,91.0,323.0,Zeiss Cirrus,0,0
437,Ranibizumab,623,wk88,96.0,382.0,Zeiss Cirrus,1,0
437,Ranibizumab,642,wk92,96.0,348.0,Zeiss Cirrus,1,0
437,Ranibizumab,702,wk100,95.0,350.0,Zeiss Cirrus,0,0
437,Ranibizumab,725,wk104,100.0,376.0,Zeiss Cirrus,0,0
438,Bevacizumab,0,baseline,75.0,654.0,Heidelberg Spectralis,1,0
438,Bevacizumab,31,wk4,72.0,533.0,Heidelberg Spectralis,1,0
438,Bevacizumab,60,wk8,72.0,479.0,Heidelberg Spectralis,1,0
438,Bevacizumab,86,wk12,70.0,452.0,Heidelberg Spectralis,1,0
438,Bevacizumab,109,wk16,69.0,408.0,Heidelberg Spectralis,1,0
438,Bevacizumab,137,wk20,70.0,352.0,Heidelberg Spectralis,1,0
438,Bevacizumab,173,wk24,69.0,366.0,Heidelberg Spectralis,1,0
438,Bevacizumab,190,wk28,74.0,403.0,Heidelberg Spectralis,1,0
438,Bevacizumab,225,wk32,64.0,344.0,Heidelberg Spectralis,1,0
438,Bevacizumab,249,wk36,66.0,313.0,Heidelberg Spectralis,1,1
438,Bevacizumab,287,wk40,67.0,374.0,Heidelberg Spectralis,1,0
438,Bevacizumab,311,wk44,69.0,317.0,Heidelberg Spectralis,1,0
438,Bevacizumab,331,wk48,60.0,360.0,Heidelberg Spectralis,1,0
438,Bevacizumab,367,wk52,68.0,344.0,Heidelberg Spectralis,1,0
438,Bevacizumab,420,wk60,70.0,370.0,Heidelberg Spectralis,0,0
438,Bevacizumab,539,wk76,66.0,304.0,Heidelberg Spectralis,1,0
438,Bevacizumab,642,wk92,64.0,329.0,Heidelberg Spectralis,1,0
438,Bevacizumab,726,wk104,65.0,300.0,Heidelberg Spectralis,0,0
439,Aflibercept,0,baseline,46.0,580.0,Heidelberg Spectralis,1,0
439,Aflibercept,35,wk4,50.0,556.0,Heidelberg Spectralis,1,0
439,Aflibercept,56,wk8,66.0,459.0,Heidelberg Spectralis,1,0
439,Aflibercept,86,wk12,67.0,469.0,Heidelberg Spectralis,1,0
439,Aflibercept,113,wk16,70.0,403.0,Heidelberg Spectralis,1,0
439,Aflibercept,141,wk20,80.0,467.0,Heidelberg Spectralis,0,0
439,Aflibercept,165,wk24,84.0,368.0,Heidelberg Spectralis,1,0
439,Aflibercept,203,wk28,74.0,364.0,Heidelberg Spectralis,0,0
439,Aflibercept,219,wk32,77.0,428.0,Heidelberg Spectralis,0,0
439,Aflibercept,259,wk36,87.0,428.0,Heidelberg Spectralis,0,1
439,Aflibercept,280,wk40,79.0,457.0,Heidelberg Spectralis,0,0
439,Aflibercept,312,wk44,80.0,370.0,Heidelberg Spectralis,0,0
439,Aflibercept,343,wk48,87.0,404.0,Heidelberg Spectralis,1,0
439,Aflibercept,358,wk52,82.0,413.0,Heidelberg Spectralis,0,0
439,Aflibercept,396,wk56,80.0,440.0,Heidelberg Spectralis,0,0
439,Aflibercept,509,wk72,78.0,385.0,Heidelberg Spectralis,0,0
439,Aflibercept,611,wk88,78.0,458.0,Heidelberg Spectralis,0,0
440,Bevacizumab,0,baseline,51.0,526.0,Heidelberg Spectralis,1,0
440,Bevacizumab,22,wk4,53.0,504.0,Heidelberg Spectralis,1,0
440,Bevacizumab,60,wk8,63.0,455.0,Heidelberg Spectralis,1,0
440,Bevacizumab,84,wk12,57.0,437.0,Heidelberg Spectralis,1,0
440,Bevacizumab,118,wk16,65.0,,,1,0
440,Bevacizumab,138,wk20,57.0,,,1,0
440,Bevacizumab,169,wk24,58.0,455.0,Heidelberg Spectralis,1,0
440,Bevacizumab,195,wk28,57.0,447.0,Heidelberg Spectralis,1,0
440,Bevacizumab,217,wk32,57.0,469.0,Heidelberg Spectralis,1,0
440,Bevacizumab,254,wk36,64.0,416.0,Heidelberg Spectralis,1,0
440,Bevacizumab,283,wk40,61.0,409.0,Heidelberg Spectralis,1,0
440,Bevacizumab,313,wk44,60.0,416.0,Heidelberg Spectralis,1,0
440,Bevacizumab,334,wk48,66.0,431.0,Heidelberg Spectralis,1,0
440,Bevacizumab,365,wk52,60.0,437.0,Heidelberg Spectralis,0,0
440,Bevacizumab,471,wk68,60.0,365.0,Heidelberg Spectralis,0,0
440,Bevacizumab,526,wk76,56.0,383.0,Heidelberg Spectralis,1,0
440,Bevacizumab,595,wk84,63.0,368.0,Heidelberg Spectralis,0,0
440,Bevacizumab,644,wk92,61.0,325.0,Heidelberg Spectralis,0,0
440,Bevacizumab,729,wk104,59.0,288.0,Heidelberg Spectralis,0,0
441,Ranibizumab,0,baseline,50.0,366.0,Zeiss Stratus,1,0
441,Ranibizumab,25,wk4,62.0,387.0,Zeiss Stratus,1,0
441,Ranibizumab,54,wk8,70.0,407.0,Zeiss Stratus,1,0
441,Ranibizumab,78,wk12,73.0,353.0,Zeiss Stratus,1,0
441,Ranibizumab,114,wk16,68.0,367.0,Zeiss Stratus,0,0
441,Ranibizumab,144,wk20,75.0,344.0,Zeiss Stratus,1,0
441,Ranibizumab,172,wk24,82.0,365.0,Zeiss Stratus,1,0
441,Ranibizumab,200,wk28,79.0,369.0,Zeiss Stratus,0,0
441,Ranibizumab,219,wk32,76.0,347.0,Zeiss Stratus,0,0
441,Ranibizumab,251,wk36,82.0,352.0,Zeiss Stratus,1,1
441,Ranibizumab,273,wk40,74.0,393.0,Zeiss Stratus,1,0
441,Ranibizumab,311,wk44,76.0,406.0,Zeiss Stratus,0,0
441,Ranibizumab,335,wk48,82.0,382.0,Zeiss Stratus,1,0
441,Ranibizumab,366,wk52,79.0,364.0,Zeiss Stratus,1,0
441,Ranibizumab,419,wk60,69.0,341.0,Zeiss Stratus,0,0
441,Ranibizumab,441,wk64,81.0,360.0,Zeiss Stratus,1,0
441,Ranibizumab,477,wk68,70.0,316.0,Zeiss Stratus,1,0
441,Ranibizumab,593,wk84,75.0,,,0,0
441,Ranibizumab,666,wk96,82.0,304.0,Zeiss Stratus,0,0
441,Ranibizumab,698,wk100,79.0,374.0,Zeiss Stratus,1,0
441,Ranibizumab,735,wk104,80.0,322.0,Zeiss Stratus,0,0
442,Aflibercept,0,baseline,77.0,366.0,Heidelberg Spectralis,1,0
442,Aflibercept,23,wk4,71.0,293.0,Heidelberg Spectralis,1,0
442,Aflibercept,58,wk8,72.0,259.0,Heidelberg Spectralis,1,0
442,Aflibercept,88,wk12,72.0,345.0,Heidelberg Spectralis,1,0
442,Aflibercept,108,wk16,73.0,351.0,Heidelberg Spectralis,0,0
442,Aflibercept,146,wk20,73.0,251.0,Heidelberg Spectralis,1,0
442,Aflibercept,175,wk24,76.0,,,1,0
442,Aflibercept,198,wk28,75.0,245.0,Heidelberg Spectralis,0,0
442,Aflibercept,220,wk32,77.0,238.0,Heidelberg Spectralis,1,0
442,Aflibercept,255,wk36,75.0,266.0,Heidelberg Spectralis,0,0
442,Aflibercept,277,wk40,82.0,284.0,Heidelberg Spectralis,1,0
442,Aflibercept,314,wk44,80.0,265.0,Heidelberg Spectralis,0,0
442,Aflibercept,333,wk48,71.0,225.0,Heidelberg Spectralis,1,1
442,Aflibercept,362,wk52,74.0,270.0,Heidelberg Spectralis,0,0
442,Aflibercept,419,wk60,73.0,245.0,Heidelberg Spectralis,0,0
442,Aflibercept,444,wk64,75.0,235.0,Heidelberg Spectralis,0,0
442,Aflibercept,508,wk72,70.0,,,0,0
442,Aflibercept,622,wk88,69.0,201.0,Heidelberg Spectralis,0,0
442,Aflibercept,641,wk92,79.0,264.0,Heidelberg Spectralis,0,0
442,Aflibercept,669,wk96,77.0,,,1,0
442,Aflibercept,724,wk104,78.0,184.0,Heidelberg Spectralis,0,0
443,Bevacizumab,0,baseline,76.0,448.0,Zeiss Cirrus,1,0
443,Bevacizumab,28,wk4,91.0,425.0,Zeiss Cirrus,1,0
443,Bevacizumab,60,wk8,86.0,436.0,Zeiss Cirrus,1,0
443,Bevacizumab,77,wk12,85.0,408.0,Zeiss Cirrus,1,0
443,Bevacizumab,116,wk16,94.0,373.0,Zeiss Cirrus,1,0
443,Bevacizumab,134,wk20,94.0,385.0,Zeiss Cirrus,0,0
443,Bevacizumab,168,wk24,94.0,373.0,Zeiss Cirrus,1,0
443,Bevacizumab,201,wk28,99.0,285.0,Zeiss Cirrus,1,0
443,Bevacizumab,229,wk32,97.0,365.0,Zeiss Cirrus,0,0
443,Bevacizumab,247,wk36,100.0,398.0,Zeiss Cirrus,1,1
443,Bevacizumab,278,wk40,99.0,420.0,Zeiss Cirrus,0,0
443,Bevacizumab,303,wk44,99.0,341.0,Zeiss Cirrus,1,0
443,Bevacizumab,332,wk48,100.0,354.0,Zeiss Cirrus,0,0
443,Bevacizumab,361,wk52,98.0,354.0,Zeiss Cirrus,1,0
443,Bevacizumab,415,wk60,100.0,330.0,Zeiss Cirrus,0,0
443,Bevacizumab,447,wk64,97.0,374.0,Zeiss Cirrus,1,0
443,Bevacizumab,483,wk68,95.0,,,1,0
443,Bevacizumab,537,wk76,95.0,387.0,Zeiss Cirrus,1,0
443,Bevacizumab,585,wk84,95.0,393.0,Zeiss Cirrus,1,0
443,Bevacizumab,677,wk96,98.0,383.0,Zeiss Cirrus,1,0
443,Bevacizumab,694,wk100,97.0,357.0,Zeiss Cirrus,1,0
443,Bevacizumab,735,wk104,95.0,393.0,Zeiss Cirrus,0,0
444,Ranibizumab,0,baseline,75.0,582.0,Heidelberg Spectralis,1,0
444,Ranibizumab,31,wk4,76.0,468.0,Heidelberg Spectralis,1,0
444,Ranibizumab,62,wk8,76.0,442.0,Heidelberg Spectralis,1,0
444,Ranibizumab,85,wk12,69.0,444.0,Heidelberg Spectralis,1,0
444,Ranibizumab,119,wk16,78.0,375.0,Heidelberg Spectralis,0,0
444,Ranibizumab,134,wk20,70.0,384.0,Heidelberg Spectralis,0,0
444,Ranibizumab,171,wk24,72.0,423.0,Heidelberg Spectralis,1,0
444,Ranibizumab,190,wk28,68.0,374.0,Heidelberg Spectralis,0,0
444,Ranibizumab,231,wk32,81.0,308.0,Heidelberg Spectralis,0,0
444,Ranibizumab,249,wk36,78.0,369.0,Heidelberg Spectralis,1,0
444,Ranibizumab,286,wk40,68.0,348.0,Heidelberg Spectralis,0,0
444,Ranibizumab,302,wk44,72.0,356.0,Heidelberg Spectralis,0,0
444,Ranibizumab,336,wk48,71.0,349.0,Heidelberg Spectralis,0,1
444,Ranibizumab,359,wk52,75.0,349.0,Heidelberg Spectralis,0,0
444,Ranibizumab,414,wk60,79.0,379.0,Heidelberg Spectralis,0,0
444,Ranibizumab,481,wk68,77.0,353.0,Heidelberg Spectralis,1,0
444,Ranibizumab,503,wk72,75.0,385.0,Heidelberg Spectralis,0,0
444,Ranibizumab,595,wk84,69.0,343.0,Heidelberg Spectralis,1,0
444,Ranibizumab,613,wk88,81.0,375.0,Heidelberg Spectralis,1,0
444,Ranibizumab,641,wk92,81.0,320.0,Heidelberg Spectralis,1,0
444,Ranibizumab,665,wk96,78.0,,,0,0
444,Ranibizumab,697,wk100,88.0,368.0,Heidelberg Spectralis,0,0
444,Ranibizumab,723,wk104,80.0,374.0,Heidelberg Spectralis,0,0
445,Bevacizumab,0,baseline,60.0,472.0,Zeiss Cirrus,1,0
445,Bevacizumab,22,wk4,61.0,513.0,Zeiss Cirrus,1,0
445,Bevacizumab,57,wk8,60.0,504.0,Zeiss Cirrus,1,0
445,Bevacizumab,86,wk12,51.0,,,1,0
445,Bevacizumab,119,wk16,58.0,511.0,Zeiss Cirrus,1,0
445,Bevacizumab,142,wk20,51.0,529.0,Zeiss Cirrus,0,0
445,Bevacizumab,174,wk24,53.0,508.0,Zeiss Cirrus,0,0
445,Bevacizumab,198,wk28,51.0,523.0,Zeiss Cirrus,0,1
445,Bevacizumab,219,wk32,51.0,450.0,Zeiss Cirrus,0,0
445,Bevacizumab,253,wk36,48.0,543.0,Zeiss Cirrus,1,0
445,Bevacizumab,287,wk40,58.0,519.0,Zeiss Cirrus,1,0
445,Bevacizumab,309,wk44,56.0,545.0,Zeiss Cirrus,1,0
445,Bevacizumab,340,wk48,56.0,546.0,Zeiss Cirrus,1,0
445,Bevacizumab,368,wk52,54.0,526.0,Zeiss Cirrus,0,0
445,Bevacizumab,413,wk60,58.0,467.0,Zeiss Cirrus,0,0
445,Bevacizumab,442,wk64,56.0,,,1,0
445,Bevacizumab,556,wk80,54.0,502.0,Zeiss Cirrus,1,0
445,Bevacizumab,640,wk92,55.0,447.0,Zeiss Cirrus,0,0
445,Bevacizumab,668,wk96,54.0,466.0,Zeiss Cirrus,0,0
445,Bevacizumab,735,wk104,53.0,475.0,Zeiss Cirrus,0,0
446,Aflibercept,0,baseline,78.0,324.0,Heidelberg Spectralis,1,0
446,Aflibercept,27,wk4,73.0,301.0,Heidelberg Spectralis,1,0
446,Aflibercept,50,wk8,73.0,340.0,Heidelberg Spectralis,1,0
446,Aflibercept,88,wk12,83.0,,,1,0
446,Aflibercept,114,wk16,87.0,232.0,Heidelberg Spectralis,0,0
446,Aflibercept,136,wk20,80.0,223.0,Heidelberg Spectralis,0,0
446,Aflibercept,168,wk24,82.0,256.0,Heidelberg Spectralis,0,0
446,Aflibercept,199,wk28,77.0,256.0,Heidelberg Spectralis,0,0
446,Aflibercept,229,wk32,80.0,266.0,Heidelberg Spectralis,1,0
446,Aflibercept,257,wk36,68.0,150.0,Heidelberg Spectralis,1,0
446,Aflibercept,281,wk40,76.0,,,0,0
446,Aflibercept,310,wk44,82.0,260.0,Heidelberg Spectralis,0,0
446,Aflibercept,335,wk48,87.0,209.0,Heidelberg Spectralis,1,0
446,Aflibercept,368,wk52,82.0,216.0,Heidelberg Spectralis,0,0
446,Aflibercept,445,wk64,86.0,214.0,Heidelberg Spectralis,1,0
446,Aflibercept,500,wk72,79.0,213.0,Heidelberg Spectralis,0,0
447,Aflibercept,0,baseline,58.0,464.0,Heidelberg Spectralis,1,0
447,Aflibercept,31,wk4,69.0,348.0,Heidelberg Spectralis,1,0
447,Aflibercept,62,wk8,76.0,328.0,Heidelberg Spectralis,1,0
447,Aflibercept,86,wk12,78.0,310.0,Heidelberg Spectralis,1,0
447,Aflibercept,110,wk16,74.0,229.0,Heidelberg Spectralis,1,0
447,Aflibercept,147,wk20,82.0,252.0,Heidelberg Spectralis,0,0
447,Aflibercept,171,wk24,85.0,,,1,0
447,Aflibercept,192,wk28,83.0,289.0,Heidelberg Spectralis,0,0
447,Aflibercept,217,wk32,79.0,244.0,Heidelberg Spectralis,1,0
447,Aflibercept,257,wk36,87.0,171.0,Heidelberg Spectralis,0,0
447,Aflibercept,279,wk40,89.0,226.0,Heidelberg Spectralis,1,0
447,Aflibercept,307,wk44,89.0,183.0,Heidelberg Spectralis,1,0
447,Aflibercept,340,wk48,94.0,198.0,Heidelberg Spectralis,1,0
447,Aflibercept,368,wk52,88.0,216.0,Heidelberg Spectralis,0,0
447,Aflibercept,395,wk56,83.0,209.0,Heidelberg Spectralis,1,0
447,Aflibercept,422,wk60,85.0,195.0,Heidelberg Spectralis,1,0
447,Aflibercept,444,wk64,89.0,221.0,Heidelberg Spectralis,1,0
447,Aflibercept,530,wk76,81.0,242.0,Heidelberg Spectralis,1,0
447,Aflibercept,564,wk80,85.0,247.0,Heidelberg Spectralis,0,0
447,Aflibercept,582,wk84,75.0,228.0,Heidelberg Spectralis,0,0
447,Aflibercept,698,wk100,76.0,264.0,Heidelberg Spectralis,0,0
447,Aflibercept,727,wk104,72.0,254.0,Heidelberg Spectralis,0,0
448,Ranibizumab,0,baseline,74.0,278.0,Zeiss Cirrus,1,0
448,Ranibizumab,26,wk4,78.0,302.0,Zeiss Cirrus,1,0
448,Ranibizumab,53,wk8,71.0,280.0,Zeiss Cirrus,1,0
448,Ranibizumab,79,wk12,81.0,216.0,Zeiss Cirrus,1,0
448,Ranibizumab,115,wk16,86.0,243.0,Zeiss Cirrus,1,0
448,Ranibizumab,147,wk20,86.0,189.0,Zeiss Cirrus,1,0
448,Ranibizumab,161,wk24,83.0,247.0,Zeiss Cirrus,0,0
448,Ranibizumab,194,wk28,87.0,280.0,Zeiss Cirrus,1,0
448,Ranibizumab,227,wk32,84.0,,,0,0
448,Ranibizumab,253,wk36,84.0,260.0,Zeiss Cirrus,1,0
448,Ranibizumab,287,wk40,82.0,258.0,Zeiss Cirrus,1,0
448,Ranibizumab,302,wk44,78.0,289.0,Zeiss Cirrus,1,0
448,Ranibizumab,333,wk48,81.0,221.0,Zeiss Cirrus,1,0
448,Ranibizumab,367,wk52,85.0,238.0,Zeiss Cirrus,1,0
448,Ranibizumab,385,wk56,86.0,214.0,Zeiss Cirrus,1,0
448,Ranibizumab,451,wk64,83.0,247.0,Zeiss Cirrus,0,0
448,Ranibizumab,539,wk76,82.0,277.0,Zeiss Cirrus,1,0
448,Ranibizumab,554,wk80,87.0,260.0,Zeiss Cirrus,0,0
448,Ranibizumab,666,wk96,94.0,283.0,Zeiss Cirrus,0,0
448,Ranibizumab,694,wk100,85.0,253.0,Zeiss Cirrus,0,0
448,Ranibizumab,727,wk104,83.0,282.0,Zeiss Cirrus,0,0
449,Bevacizumab,0,baseline,55.0,543.0,Heidelberg Spectralis,1,0
449,Bevacizumab,24,wk4,69.0,475.0,Heidelberg Spectralis,1,0
449,Bevacizumab,59,wk8,71.0,,,1,0
449,Bevacizumab,80,wk12,75.0,402.0,Heidelberg Spectralis,1,0
449,Bevacizumab,115,wk16,70.0,374.0,Heidelberg Spectralis,0,0
449,Bevacizumab,136,wk20,80.0,369.0,Heidelberg Spectralis,1,0
449,Bevacizumab,173,wk24,69.0,399.0,Heidelberg Spectralis,0,0
449,Bevacizumab,195,wk28,77.0,363.0,Heidelberg Spectralis,1,0
449,Bevacizumab,227,wk32,79.0,366.0,Heidelberg Spectralis,1,0
449,Bevacizumab,247,wk36,77.0,334.0,Heidelberg Spectralis,1,0
449,Bevacizumab,283,wk40,79.0,397.0,Heidelberg Spectralis,0,0
449,Bevacizumab,301,wk44,76.0,371.0,Heidelberg Spectralis,0,0
449,Bevacizumab,331,wk48,80.0,380.0,Heidelberg Spectralis,0,0
449,Bevacizumab,367,wk52,78.0,352.0,Heidelberg Spectralis,0,0
449,Bevacizumab,420,wk60,80.0,397.0,Heidelberg Spectralis,0,0
449,Bevacizumab,510,wk72,89.0,337.0,Heidelberg Spectralis,1,0
449,Bevacizumab,526,wk76,78.0,334.0,Heidelberg Spectralis,0,0
449,Bevacizumab,559,wk80,84.0,,,1,0
449,Bevacizumab,676,wk96,87.0,362.0,Heidelberg Spectralis,0,0
449,Bevacizumab,733,wk104,86.0,326.0,Heidelberg Spectralis,0,0
450,Ranibizumab,0,baseline,63.0,390.0,Heidelberg Spectralis,1,0
450,Ranibizumab,25,wk4,73.0,,,1,0
450,Ranibizumab,59,wk8,65.0,342.0,Heidelberg Spectralis,1,0
450,Ranibizumab,83,wk12,79.0,364.0,Heidelberg Spectralis,1,0
450,Ranibizumab,119,wk16,72.0,378.0,Heidelberg Spectralis,0,0
450,Ranibizumab,134,wk20,83.0,348.0,Heidelberg Spectralis,1,0
450,Ranibizumab,175,wk24,80.0,335.0,Heidelberg Spectralis,1,0
450,Ranibizumab,195,wk28,83.0,,,1,0
450,Ranibizumab,217,wk32,80.0,372.0,Heidelberg Spectralis,1,0
450,Ranibizumab,256,wk36,80.0,433.0,Heidelberg Spectralis,1,1
450,Ranibizumab,280,wk40,84.0,374.0,Heidelberg Spectralis,1,0
450,Ranibizumab,301,wk44,81.0,376.0,Heidelberg Spectralis,1,0
450,Ranibizumab,335,wk48,81.0,396.0,Heidelberg Spectralis,1,0
450,Ranibizumab,371,wk52,82.0,388.0,Heidelberg Spectralis,1,0
450,Ranibizumab,389,wk56,79.0,347.0,Heidelberg Spectralis,0,0
450,Ranibizumab,417,wk60,87.0,379.0,Heidelberg Spectralis,0,0
450,Ranibizumab,506,wk72,81.0,355.0,Heidelberg Spectralis,1,0
450,Ranibizumab,616,wk88,80.0,316.0,Heidelberg Spectralis,0,0
450,Ranibizumab,641,wk92,79.0,314.0,Heidelberg Spectralis,1,0
450,Ranibizumab,674,wk96,89.0,290.0,Heidelberg Spectralis,0,0
450,Ranibizumab,707,wk100,90.0,279.0,Heidelberg Spectralis,0,0
450,Ranibizumab,722,wk104,86.0,290.0,Heidelberg Spectralis,0,0
451,Aflibercept,0,baseline,63.0,324.0,Zeiss Cirrus,1,0
451,Aflibercept,35,wk4,64.0,232.0,Zeiss Cirrus,1,0
451,Aflibercept,53,wk8,69.0,309.0,Zeiss Cirrus,1,0
451,Aflibercept,83,wk12,69.0,198.0,Zeiss Cirrus,1,0
451,Aflibercept,112,wk16,65.0,196.0,Zeiss Cirrus,0,0
451,Aflibercept,134,wk20,72.0,171.0,Zeiss Cirrus,0,0
451,Aflibercept,171,wk24,64.0,150.0,Zeiss Cirrus,1,0
451,Aflibercept,190,wk28,69.0,173.0,Zeiss Cirrus,1,0
451,Aflibercept,222,wk32,72.0,150.0,Zeiss Cirrus,1,0
451,Aflibercept,247,wk36,63.0,154.0,Zeiss Cirrus,0,0
451,Aflibercept,286,wk40,74.0,180.0,Zeiss Cirrus,0,0
451,Aflibercept,312,wk44,69.0,191.0,Zeiss Cirrus,0,0
451,Aflibercept,334,wk48,73.0,191.0,Zeiss Cirrus,0,0
451,Aflibercept,361,wk52,71.0,159.0,Zeiss Cirrus,0,0
451,Aflibercept,479,wk68,76.0,,,0,0
451,Aflibercept,511,wk72,76.0,175.0,Zeiss Cirrus,1,0
451,Aflibercept,532,wk76,69.0,,,0,0
451,Aflibercept,564,wk80,71.0,150.0,Zeiss Cirrus,0,0
451,Aflibercept,672,wk96,81.0,178.0,Zeiss Cirrus,1,0
451,Aflibercept,726,wk104,77.0,150.0,Zeiss Cirrus,0,0
452,Ranibizumab,0,baseline,64.0,545.0,Heidelberg Spectralis,1,0
452,Ranibizumab,26,wk4,68.0,506.0,Heidelberg Spectralis,1,0
452,Ranibizumab,49,wk8,79.0,455.0,Heidelberg Spectralis,1,0
452,Ranibizumab,84,wk12,75.0,369.0,Heidelberg Spectralis,1,0
452,Ranibizumab,117,wk16,82.0,336.0,Heidelberg Spectralis,1,0
452,Ranibizumab,138,wk20,77.0,337.0,Heidelberg Spectralis,0,0
452,Ranibizumab,161,wk24,84.0,310.0,Heidelberg Spectralis,1,0
452,Ranibizumab,203,wk28,86.0,284.0,Heidelberg Spectralis,0,0
452,Ranibizumab,218,wk32,84.0,330.0,Heidelberg Spectralis,1,0
452,Ranibizumab,247,wk36,86.0,,,1,0
452,Ranibizumab,287,wk40,79.0,317.0,Heidelberg Spectralis,1,0
452,Ranibizumab,307,wk44,84.0,298.0,Heidelberg Spectralis,1,0
452,Ranibizumab,331,wk48,80.0,,,0,0
452,Ranibizumab,365,wk52,84.0,311.0,Heidelberg Spectralis,1,0
452,Ranibizumab,414,wk60,83.0,,,1,0
452,Ranibizumab,454,wk64,84.0,370.0,Heidelberg Spectralis,1,0
452,Ranibizumab,469,wk68,92.0,292.0,Heidelberg Spectralis,0,0
452,Ranibizumab,507,wk72,84.0,304.0,Heidelberg Spectralis,0,0
452,Ranibizumab,538,wk76,77.0,,,1,0
452,Ranibizumab,642,wk92,89.0,,,0,0
452,Ranibizumab,704,wk100,81.0,341.0,Heidelberg Spectralis,0,0
452,Ranibizumab,730,wk104,85.0,332.0,Heidelberg Spectralis,0,0
453,Ranibizumab,0,baseline,50.0,514.0,Heidelberg Spectralis,1,0
453,Ranibizumab,26,wk4,53.0,375.0,Heidelberg Spectralis,1,0
453,Ranibizumab,51,wk8,67.0,400.0,Heidelberg Spectralis,1,0
453,Ranibizumab,77,wk12,68.0,432.0,Heidelberg Spectralis,1,0
453,Ranibizumab,108,wk16,67.0,427.0,Heidelberg Spectralis,1,0
453,Ranibizumab,141,wk20,69.0,,,1,0
453,Ranibizumab,171,wk24,62.0,346.0,Heidelberg Spectralis,1,0
453,Ranibizumab,189,wk28,70.0,322.0,Heidelberg Spectralis,0,0
453,Ranibizumab,219,wk32,73.0,341.0,Heidelberg Spectralis,1,0
453,Ranibizumab,252,wk36,67.0,310.0,Heidelberg Spectralis,0,0
453,Ranibizumab,286,wk40,69.0,344.0,Heidelberg Spectralis,1,0
453,Ranibizumab,301,wk44,67.0,367.0,Heidelberg Spectralis,0,1
453,Ranibizumab,342,wk48,67.0,,,0,0
453,Ranibizumab,361,wk52,68.0,353.0,Heidelberg Spectralis,0,0
453,Ranibizumab,387,wk56,64.0,348.0,Heidelberg Spectralis,1,0
453,Ranibizumab,418,wk60,75.0,391.0,Heidelberg Spectralis,0,0
453,Ranibizumab,481,wk68,74.0,376.0,Heidelberg Spectralis,0,0
453,Ranibizumab,510,wk72,71.0,384.0,Heidelberg Spectralis,0,0
453,Ranibizumab,591,wk84,71.0,425.0,Heidelberg Spectralis,1,0
453,Ranibizumab,702,wk100,85.0,,,0,0
453,Ranibizumab,729,wk104,78.0,427.0,Heidelberg Spectralis,0,0
454,Bevacizumab,0,baseline,75.0,478.0,Heidelberg Spectralis,1,0
454,Bevacizumab,32,wk4,84.0,454.0,Heidelberg Spectralis,1,0
454,Bevacizumab,57,wk8,69.0,431.0,Heidelberg Spectralis,1,0
454,Bevacizumab,89,wk12,76.0,474.0,Heidelberg Spectralis,1,0
454,Bevacizumab,108,wk16,70.0,400.0,Heidelberg Spectralis,0,0
454,Bevacizumab,133,wk20,70.0,468.0,Heidelberg Spectralis,1,0
454,Bevacizumab,167,wk24,73.0,528.0,Heidelberg Spectralis,1,1
454,Bevacizumab,189,wk28,66.0,450.0,Heidelberg Spectralis,0,0
454,Bevacizumab,217,wk32,77.0,,,1,0
454,Bevacizumab,250,wk36,75.0,441.0,Heidelberg Spectralis,1,0
454,Bevacizumab,282,wk40,70.0,463.0,Heidelberg Spectralis,1,0
454,Bevacizumab,306,wk44,74.0,471.0,Heidelberg Spectralis,1,0
454,Bevacizumab,339,wk48,82.0,454.0,Heidelberg Spectralis,0,0
454,Bevacizumab,367,wk52,74.0,457.0,Heidelberg Spectralis,1,0
454,Bevacizumab,397,wk56,74.0,,,0,0
454,Bevacizumab,416,wk60,75.0,448.0,Heidelberg Spectralis,1,0
454,Bevacizumab,481,wk68,74.0,474.0,Heidelberg Spectralis,0,0
454,Bevacizumab,525,wk76,68.0,459.0,Heidelberg Spectralis,0,0
454,Bevacizumab,565,wk80,79.0,445.0,Heidelberg Spectralis,1,0
454,Bevacizumab,674,wk96,75.0,429.0,Heidelberg Spectralis,1,0
454,Bevacizumab,728,wk104,76.0,445.0,Heidelberg Spectralis,0,0
455,Ranibizumab,0,baseline,65.0,723.0,Zeiss Cirrus,1,0
455,Ranibizumab,23,wk4,73.0,648.0,Zeiss Cirrus,1,0
455,Ranibizumab,58,wk8,79.0,563.0,Zeiss Cirrus,1,0
455,Ranibizumab,77,wk12,75.0,556.0,Zeiss Cirrus,1,0
455,Ranibizumab,110,wk16,80.0,494.0,Zeiss Cirrus,1,0
455,Ranibizumab,145,wk20,83.0,505.0,Zeiss Cirrus,1,0
455,Ranibizumab,171,wk24,80.0,494.0,Zeiss Cirrus,0,0
455,Ranibizumab,197,wk28,79.0,550.0,Zeiss Cirrus,1,0
455,Ranibizumab,220,wk32,77.0,455.0,Zeiss Cirrus,1,0
455,Ranibizumab,257,wk36,83.0,544.0,Zeiss Cirrus,1,0
455,Ranibizumab,281,wk40,82.0,421.0,Zeiss Cirrus,1,0
455,Ranibizumab,303,wk44,85.0,451.0,Zeiss Cirrus,1,0
455,Ranibizumab,340,wk48,80.0,469.0,Zeiss Cirrus,1,1
455,Ranibizumab,359,wk52,82.0,457.0,Zeiss Cirrus,0,0
455,Ranibizumab,421,wk60,85.0,,,1,0
455,Ranibizumab,445,wk64,80.0,452.0,Zeiss Cirrus,1,0
455,Ranibizumab,475,wk68,73.0,417.0,Zeiss Cirrus,0,0
455,Ranibizumab,593,wk84,83.0,481.0,Zeiss Cirrus,1,0
455,Ranibizumab,609,wk88,75.0,459.0,Zeiss Cirrus,1,0
455,Ranibizumab,704,wk100,80.0,374.0,Zeiss Cirrus,1,0
455,Ranibizumab,731,wk104,78.0,423.0,Zeiss Cirrus,0,0
456,Aflibercept,0,baseline,78.0,498.0,Zeiss Cirrus,1,0
456,Aflibercept,26,wk4,79.0,,,1,0
456,Aflibercept,63,wk8,82.0,471.0,Zeiss Cirrus,1,0
456,Aflibercept,90,wk12,77.0,465.0,Zeiss Cirrus,1,0
456,Aflibercept,115,wk16,88.0,446.0,Zeiss Cirrus,1,0
456,Aflibercept,146,wk20,85.0,384.0,Zeiss Cirrus,1,0
456,Aflibercept,162,wk24,85.0,485.0,Zeiss Cirrus,1,0
456,Aflibercept,201,wk28,82.0,386.0,Zeiss Cirrus,1,0
456,Aflibercept,226,wk32,76.0,,,1,0
456,Aflibercept,248,wk36,85.0,,,1,0
456,Aflibercept,282,wk40,83.0,362.0,Zeiss Cirrus,1,0
456,Aflibercept,301,wk44,87.0,,,1,0
456,Aflibercept,335,wk48,84.0,428.0,Zeiss Cirrus,1,1
456,Aflibercept,368,wk52,84.0,423.0,Zeiss Cirrus,0,0
456,Aflibercept,385,wk56,83.0,504.0,Zeiss Cirrus,0,0
456,Aflibercept,415,wk60,89.0,474.0,Zeiss Cirrus,0,0
456,Aflibercept,441,wk64,84.0,432.0,Zeiss Cirrus,1,0
456,Aflibercept,555,wk80,90.0,437.0,Zeiss Cirrus,1,0
456,Aflibercept,594,wk84,86.0,457.0,Zeiss Cirrus,1,0
456,Aflibercept,700,wk100,89.0,,,1,0
456,Aflibercept,721,wk104,89.0,509.0,Zeiss Cirrus,0,0
457,Aflibercept,0,baseline,76.0,395.0,Heidelberg Spectralis,1,0
457,Aflibercept,27,wk4,85.0,314.0,Heidelberg Spectralis,1,0
457,Aflibercept,51,wk8,88.0,,,1,0
457,Aflibercept,91,wk12,90.0,335.0,Heidelberg Spectralis,1,0
457,Aflibercept,116,wk16,100.0,350.0,Heidelberg Spectralis,0,0
457,Aflibercept,141,wk20,94.0,,,1,0
457,Aflibercept,163,wk24,98.0,291.0,Heidelberg Spectralis,1,1
457,Aflibercept,199,wk28,89.0,278.0,Heidelberg Spectralis,1,0
457,Aflibercept,223,wk32,91.0,322.0,Heidelberg Spectralis,0,0
457,Aflibercept,251,wk36,92.0,,,1,0
457,Aflibercept,287,wk40,91.0,288.0,Heidelberg Spectralis,1,0
457,Aflibercept,310,wk44,95.0,264.0,Heidelberg Spectralis,1,0
457,Aflibercept,340,wk48,93.0,,,0,0
457,Aflibercept,357,wk52,94.0,301.0,Heidelberg Spectralis,0,0
457,Aflibercept,389,wk56,99.0,267.0,Heidelberg Spectralis,0,0
457,Aflibercept,480,wk68,100.0,356.0,Heidelberg Spectralis,1,0
457,Aflibercept,504,wk72,98.0,303.0,Heidelberg Spectralis,1,0
457,Aflibercept,531,wk76,99.0,301.0,Heidelberg Spectralis,1,0
457,Aflibercept,595,wk84,100.0,303.0,Heidelberg Spectralis,0,0
457,Aflibercept,648,wk92,100.0,337.0,Heidelberg Spectralis,1,0
457,Aflibercept,721,wk104,100.0,307.0,Heidelberg Spectralis,0,0
458,Aflibercept,0,baseline,68.0,484.0,Zeiss Cirrus,1,0
458,Aflibercept,34,wk4,77.0,434.0,Zeiss Cirrus,1,0
458,Aflibercept,49,wk8,68.0,388.0,Zeiss Cirrus,1,0
458,Aflibercept,86,wk12,75.0,338.0,Zeiss Cirrus,1,0
458,Aflibercept,109,wk16,79.0,304.0,Zeiss Cirrus,1,0
458,Aflibercept,133,wk20,74.0,356.0,Zeiss Cirrus,1,0
458,Aflibercept,175,wk24,80.0,,,1,0
458,Aflibercept,194,wk28,79.0,,,1,0
458,Aflibercept,225,wk32,82.0,269.0,Zeiss Cirrus,1,0
458,Aflibercept,250,wk36,74.0,320.0,Zeiss Cirrus,1,0
458,Aflibercept,287,wk40,82.0,281.0,Zeiss Cirrus,1,0
458,Aflibercept,314,wk44,80.0,235.0,Zeiss Cirrus,1,0
458,Aflibercept,330,wk48,81.0,289.0,Zeiss Cirrus,0,0
458,Aflibercept,361,wk52,79.0,291.0,Zeiss Cirrus,0,0
458,Aflibercept,387,wk56,77.0,276.0,Zeiss Cirrus,1,0
458,Aflibercept,420,wk60,76.0,296.0,Zeiss Cirrus,1,0
458,Aflibercept,452,wk64,80.0,288.0,Zeiss Cirrus,1,0
458,Aflibercept,501,wk72,80.0,257.0,Zeiss Cirrus,1,0
458,Aflibercept,616,wk88,80.0,244.0,Zeiss Cirrus,1,0
458,Aflibercept,641,wk92,82.0,290.0,Zeiss Cirrus,1,0
458,Aflibercept,677,wk96,81.0,202.0,Zeiss Cirrus,1,0
458,Aflibercept,699,wk100,76.0,257.0,Zeiss Cirrus,1,0
458,Aflibercept,724,wk104,83.0,232.0,Zeiss Cirrus,0,0
459,Aflibercept,0,baseline,77.0,401.0,Zeiss Cirrus,1,0
459,Aflibercept,31,wk4,81.0,324.0,Zeiss Cirrus,1,0
459,Aflibercept,57,wk8,77.0,335.0,Zeiss Cirrus,1,0
460,Aflibercept,0,baseline,67.0,603.0,Heidelberg Spectralis,1,0
460,Aflibercept,30,wk4,75.0,548.0,Heidelberg Spectralis,1,0
460,Aflibercept,53,wk8,73.0,404.0,Heidelberg Spectralis,1,0
460,Aflibercept,81,wk12,88.0,402.0,Heidelberg Spectralis,1,0
460,Aflibercept,115,wk16,65.0,340.0,Heidelberg Spectralis,0,0
460,Aflibercept,143,wk20,83.0,300.0,Heidelberg Spectralis,0,0
460,Aflibercept,168,wk24,79.0,264.0,Heidelberg Spectralis,0,0
460,Aflibercept,197,wk28,84.0,248.0,Heidelberg Spectralis,0,0
460,Aflibercept,230,wk32,83.0,258.0,Heidelberg Spectralis,0,1
460,Aflibercept,247,wk36,77.0,223.0,Heidelberg Spectralis,0,0
460,Aflibercept,274,wk40,77.0,275.0,Heidelberg Spectralis,1,0
460,Aflibercept,306,wk44,76.0,285.0,Heidelberg Spectralis,0,0
460,Aflibercept,339,wk48,80.0,192.0,Heidelberg Spectralis,0,0
460,Aflibercept,361,wk52,79.0,,,1,0
460,Aflibercept,391,wk56,81.0,227.0,Heidelberg Spectralis,0,0
460,Aflibercept,426,wk60,76.0,277.0,Heidelberg Spectralis,0,0
460,Aflibercept,509,wk72,81.0,283.0,Heidelberg Spectralis,1,0
460,Aflibercept,555,wk80,80.0,249.0,Heidelberg Spectralis,1,0
460,Aflibercept,588,wk84,82.0,307.0,Heidelberg Spectralis,1,0
460,Aflibercept,620,wk88,80.0,274.0,Heidelberg Spectralis,0,0
460,Aflibercept,647,wk92,76.0,296.0,Heidelberg Spectralis,1,0
460,Aflibercept,672,wk96,80.0,281.0,Heidelberg Spectralis,0,0
460,Aflibercept,729,wk104,81.0,278.0,Heidelberg Spectralis,0,0
461,Ranibizumab,0,baseline,74.0,483.0,Heidelberg Spectralis,1,0
461,Ranibizumab,28,wk4,81.0,408.0,Heidelberg Spectralis,1,0
461,Ranibizumab,57,wk8,90.0,324.0,Heidelberg Spectralis,1,0
461,Ranibizumab,82,wk12,80.0,257.0,Heidelberg Spectralis,1,0
461,Ranibizumab,112,wk16,92.0,308.0,Heidelberg Spectralis,1,0
461,Ranibizumab,147,wk20,92.0,247.0,Heidelberg Spectralis,0,0
461,Ranibizumab,173,wk24,100.0,215.0,Heidelberg Spectralis,0,0
461,Ranibizumab,192,wk28,95.0,216.0,Heidelberg Spectralis,1,0
461,Ranibizumab,230,wk32,97.0,254.0,Heidelberg Spectralis,1,0
461,Ranibizumab,253,wk36,94.0,201.0,Heidelberg Spectralis,1,1
461,Ranibizumab,279,wk40,100.0,,,0,0
461,Ranibizumab,310,wk44,100.0,153.0,Heidelberg Spectralis,1,0
461,Ranibizumab,329,wk48,92.0,236.0,Heidelberg Spectralis,0,0
461,Ranibizumab,362,wk52,98.0,210.0,Heidelberg Spectralis,1,0
461,Ranibizumab,425,wk60,96.0,182.0,Heidelberg Spectralis,0,0
461,Ranibizumab,471,wk68,100.0,227.0,Heidelberg Spectralis,0,0
461,Ranibizumab,497,wk72,100.0,156.0,Heidelberg Spectralis,0,0
461,Ranibizumab,619,wk88,100.0,,,1,0
461,Ranibizumab,707,wk100,100.0,192.0,Heidelberg Spectralis,0,0
461,Ranibizumab,735,wk104,100.0,197.0,Heidelberg Spectralis,0,0
462,Aflibercept,0,baseline,61.0,494.0,Heidelberg Spectralis,1,0
462,Aflibercept,25,wk4,68.0,481.0,Heidelberg Spectralis,1,0
462,Aflibercept,61,wk8,69.0,,,1,0
462,Aflibercept,84,wk12,69.0,420.0,Heidelberg Spectralis,1,0
462,Aflibercept,112,wk16,68.0,380.0,Heidelberg Spectralis,1,0
462,Aflibercept,142,wk20,71.0,378.0,Heidelberg Spectralis,1,0
462,Aflibercept,174,wk24,67.0,428.0,Heidelberg Spectralis,0,0
462,Aflibercept,192,wk28,69.0,,,0,0
462,Aflibercept,217,wk32,74.0,334.0,Heidelberg Spectralis,0,0
462,Aflibercept,247,wk36,74.0,381.0,Heidelberg Spectralis,0,0
462,Aflibercept,276,wk40,79.0,360.0,Heidelberg Spectralis,0,0
462,Aflibercept,314,wk44,80.0,425.0,Heidelberg Spectralis,1,0
462,Aflibercept,342,wk48,71.0,398.0,Heidelberg Spectralis,0,0
462,Aflibercept,363,wk52,73.0,377.0,Heidelberg Spectralis,1,0
462,Aflibercept,453,wk64,75.0,388.0,Heidelberg Spectralis,0,0
462,Aflibercept,482,wk68,75.0,373.0,Heidelberg Spectralis,1,0
462,Aflibercept,509,wk72,76.0,373.0,Heidelberg Spectralis,1,0
462,Aflibercept,531,wk76,74.0,347.0,Heidelberg Spectralis,0,1
462,Aflibercept,584,wk84,79.0,411.0,Heidelberg Spectralis,0,0
462,Aflibercept,693,wk100,77.0,365.0,Heidelberg Spectralis,0,0
462,Aflibercept,731,wk104,76.0,399.0,Heidelberg Spectralis,0,0
463,Bevacizumab,0,baseline,76.0,334.0,Heidelberg Spectralis,1,0
463,Bevacizumab,24,wk4,82.0,349.0,Heidelberg Spectralis,1,0
463,Bevacizumab,56,wk8,87.0,311.0,Heidelberg Spectralis,1,0
463,Bevacizumab,87,wk12,89.0,310.0,Heidelberg Spectralis,1,0
463,Bevacizumab,110,wk16,96.0,316.0,Heidelberg Spectralis,1,0
463,Bevacizumab,142,wk20,91.0,341.0,Heidelberg Spectralis,1,0
463,Bevacizumab,172,wk24,99.0,325.0,Heidelberg Spectralis,1,0
463,Bevacizumab,191,wk28,83.0,364.0,Heidelberg Spectralis,1,0
463,Bevacizumab,218,wk32,85.0,342.0,Heidelberg Spectralis,1,1
464,Bevacizumab,0,baseline,54.0,435.0,Zeiss Cirrus,1,0
464,Bevacizumab,30,wk4,51.0,,,1,0
464,Bevacizumab,50,wk8,50.0,492.0,Zeiss Cirrus,1,0
464,Bevacizumab,85,wk12,56.0,406.0,Zeiss Cirrus,1,0
464,Bevacizumab,113,wk16,59.0,437.0,Zeiss Cirrus,1,0
464,Bevacizumab,135,wk20,53.0,,,0,0
464,Bevacizumab,162,wk24,56.0,,,0,0
464,Bevacizumab,202,wk28,58.0,437.0,Zeiss Cirrus,1,0
464,Bevacizumab,218,wk32,57.0,420.0,Zeiss Cirrus,0,0
464,Bevacizumab,247,wk36,62.0,410.0,Zeiss Cirrus,0,0
464,Bevacizumab,274,wk40,64.0,460.0,Zeiss Cirrus,1,0
464,Bevacizumab,304,wk44,53.0,370.0,Zeiss Cirrus,1,0
464,Bevacizumab,335,wk48,61.0,397.0,Zeiss Cirrus,1,0
464,Bevacizumab,358,wk52,56.0,422.0,Zeiss Cirrus,0,0
465,Aflibercept,0,baseline,78.0,423.0,Zeiss Cirrus,1,0
465,Aflibercept,26,wk4,85.0,316.0,Zeiss Cirrus,1,0
465,Aflibercept,63,wk8,85.0,260.0,Zeiss Cirrus,1,0
465,Aflibercept,77,wk12,81.0,256.0,Zeiss Cirrus,1,0
465,Aflibercept,111,wk16,86.0,304.0,Zeiss Cirrus,1,0
465,Aflibercept,134,wk20,82.0,256.0,Zeiss Cirrus,1,0
465,Aflibercept,174,wk24,86.0,155.0,Zeiss Cirrus,1,0
465,Aflibercept,194,wk28,92.0,290.0,Zeiss Cirrus,1,0
465,Aflibercept,226,wk32,84.0,241.0,Zeiss Cirrus,1,0
465,Aflibercept,249,wk36,90.0,226.0,Zeiss Cirrus,1,0
465,Aflibercept,282,wk40,90.0,232.0,Zeiss Cirrus,1,0
465,Aflibercept,312,wk44,81.0,230.0,Zeiss Cirrus,1,0
465,Aflibercept,335,wk48,95.0,254.0,Zeiss Cirrus,1,0
465,Aflibercept,357,wk52,88.0,226.0,Zeiss Cirrus,0,0
465,Aflibercept,392,wk56,88.0,,,0,0
465,Aflibercept,421,wk60,89.0,,,0,0
465,Aflibercept,450,wk64,89.0,230.0,Zeiss Cirrus,1,0
465,Aflibercept,564,wk80,90.0,209.0,Zeiss Cirrus,0,0
465,Aflibercept,585,wk84,81.0,177.0,Zeiss Cirrus,1,0
465,Aflibercept,611,wk88,91.0,154.0,Zeiss Cirrus,0,0
465,Aflibercept,676,wk96,86.0,232.0,Zeiss Cirrus,1,0
465,Aflibercept,700,wk100,81.0,150.0,Zeiss Cirrus,0,0
465,Aflibercept,735,wk104,84.0,187.0,Zeiss Cirrus,0,0
466,Bevacizumab,0,baseline,78.0,364.0,Heidelberg Spectralis,1,0
466,Bevacizumab,32,wk4,78.0,340.0,Heidelberg Spectralis,1,0
466,Bevacizumab,50,wk8,81.0,405.0,Heidelberg Spectralis,1,0
466,Bevacizumab,77,wk12,84.0,352.0,Heidelberg Spectralis,1,0
466,Bevacizumab,114,wk16,84.0,,,0,0
466,Bevacizumab,147,wk20,86.0,,,1,0
466,Bevacizumab,164,wk24,74.0,390.0,Heidelberg Spectralis,1,0
466,Bevacizumab,195,wk28,86.0,468.0,Heidelberg Spectralis,1,0
466,Bevacizumab,231,wk32,85.0,394.0,Heidelberg Spectralis,0,0
466,Bevacizumab,257,wk36,92.0,469.0,Heidelberg Spectralis,0,0
466,Bevacizumab,274,wk40,79.0,430.0,Heidelberg Spectralis,0,0
466,Bevacizumab,302,wk44,86.0,430.0,Heidelberg Spectralis,1,1
466,Bevacizumab,335,wk48,83.0,,,1,0
466,Bevacizumab,368,wk52,84.0,422.0,Heidelberg Spectralis,1,1
466,Bevacizumab,398,wk56,81.0,439.0,Heidelberg Spectralis,0,0
466,Bevacizumab,444,wk64,82.0,435.0,Heidelberg Spectralis,1,0
466,Bevacizumab,469,wk68,81.0,410.0,Heidelberg Spectralis,0,0
466,Bevacizumab,557,wk80,79.0,445.0,Heidelberg Spectralis,0,0
466,Bevacizumab,588,wk84,81.0,387.0,Heidelberg Spectralis,0,0
466,Bevacizumab,645,wk92,84.0,387.0,Heidelberg Spectralis,1,0
466,Bevacizumab,671,wk96,78.0,398.0,Heidelberg Spectralis,1,0
466,Bevacizumab,734,wk104,80.0,401.0,Heidelberg Spectralis,0,0
467,Ranibizumab,0,baseline,78.0,407.0,Zeiss Cirrus,1,0
467,Ranibizumab,21,wk4,93.0,,,1,0
467,Ranibizumab,62,wk8,79.0,389.0,Zeiss Cirrus,1,0
467,Ranibizumab,77,wk12,85.0,366.0,Zeiss Cirrus,1,0
467,Ranibizumab,118,wk16,90.0,384.0,Zeiss Cirrus,0,0
467,Ranibizumab,134,wk20,95.0,365.0,Zeiss Cirrus,1,0
467,Ranibizumab,172,wk24,92.0,330.0,Zeiss Cirrus,0,0
467,Ranibizumab,189,wk28,92.0,370.0,Zeiss Cirrus,1,0
467,Ranibizumab,231,wk32,92.0,328.0,Zeiss Cirrus,1,0
467,Ranibizumab,247,wk36,94.0,378.0,Zeiss Cirrus,0,0
467,Ranibizumab,275,wk40,96.0,,,0,0
467,Ranibizumab,308,wk44,90.0,354.0,Zeiss Cirrus,1,0
467,Ranibizumab,329,wk48,99.0,401.0,Zeiss Cirrus,0,0
467,Ranibizumab,357,wk52,94.0,353.0,Zeiss Cirrus,1,0
467,Ranibizumab,418,wk60,91.0,440.0,Zeiss Cirrus,1,0
467,Ranibizumab,445,wk64,86.0,364.0,Zeiss Cirrus,0,0
467,Ranibizumab,508,wk72,83.0,361.0,Zeiss Cirrus,1,0
467,Ranibizumab,528,wk76,88.0,413.0,Zeiss Cirrus,0,0
467,Ranibizumab,557,wk80,97.0,303.0,Zeiss Cirrus,1,0
467,Ranibizumab,589,wk84,82.0,326.0,Zeiss Cirrus,0,0
467,Ranibizumab,610,wk88,88.0,366.0,Zeiss Cirrus,0,0
467,Ranibizumab,667,wk96,83.0,413.0,Zeiss Cirrus,0,0
468,Aflibercept,0,baseline,59.0,475.0,Zeiss Cirrus,1,0
468,Aflibercept,28,wk4,70.0,415.0,Zeiss Cirrus,1,0
468,Aflibercept,57,wk8,68.0,410.0,Zeiss Cirrus,1,0
468,Aflibercept,86,wk12,75.0,318.0,Zeiss Cirrus,1,0
468,Aflibercept,105,wk16,83.0,298.0,Zeiss Cirrus,0,0
468,Aflibercept,137,wk20,83.0,,,1,0
468,Aflibercept,175,wk24,83.0,335.0,Zeiss Cirrus,0,0
468,Aflibercept,193,wk28,87.0,307.0,Zeiss Cirrus,1,0
468,Aflibercept,223,wk32,81.0,317.0,Zeiss Cirrus,0,0
468,Aflibercept,246,wk36,96.0,268.0,Zeiss Cirrus,0,0
468,Aflibercept,285,wk40,84.0,264.0,Zeiss Cirrus,0,0
468,Aflibercept,314,wk44,88.0,329.0,Zeiss Cirrus,0,0
468,Aflibercept,329,wk48,90.0,336.0,Zeiss Cirrus,0,0
468,Aflibercept,367,wk52,87.0,300.0,Zeiss Cirrus,1,0
468,Aflibercept,387,wk56,82.0,304.0,Zeiss Cirrus,0,0
468,Aflibercept,425,wk60,85.0,263.0,Zeiss Cirrus,1,0
468,Aflibercept,473,wk68,91.0,289.0,Zeiss Cirrus,1,0
468,Aflibercept,498,wk72,96.0,,,1,0
468,Aflibercept,616,wk88,100.0,329.0,Zeiss Cirrus,1,0
468,Aflibercept,679,wk96,94.0,341.0,Zeiss Cirrus,0,0
468,Aflibercept,694,wk100,100.0,,,0,0
468,Aflibercept,722,wk104,99.0,315.0,Zeiss Cirrus,0,0
469,Bevacizumab,0,baseline,64.0,453.0,Heidelberg Spectralis,1,0
469,Bevacizumab,27,wk4,72.0,439.0,Heidelberg Spectralis,1,0
469,Bevacizumab,59,wk8,68.0,448.0,Heidelberg Spectralis,1,0
469,Bevacizumab,89,wk12,74.0,373.0,Heidelberg Spectralis,1,0
469,Bevacizumab,111,wk16,75.0,371.0,Heidelberg Spectralis,1,0
469,Bevacizumab,141,wk20,71.0,,,1,0
469,Bevacizumab,171,wk24,70.0,,,1,0
469,Bevacizumab,197,wk28,66.0,320.0,Heidelberg Spectralis,1,0
469,Bevacizumab,229,wk32,70.0,378.0,Heidelberg Spectralis,1,0
469,Bevacizumab,253,wk36,74.0,,,1,0
469,Bevacizumab,275,wk40,71.0,308.0,Heidelberg Spectralis,1,0
469,Bevacizumab,306,wk44,64.0,,,1,0
469,Bevacizumab,342,wk48,75.0,357.0,Heidelberg Spectralis,1,0
469,Bevacizumab,366,wk52,73.0,375.0,Heidelberg Spectralis,0,0
469,Bevacizumab,418,wk60,68.0,414.0,Heidelberg Spectralis,0,0
469,Bevacizumab,525,wk76,76.0,382.0,Heidelberg Spectralis,0,0
469,Bevacizumab,567,wk80,75.0,415.0,Heidelberg Spectralis,1,0
469,Bevacizumab,609,wk88,69.0,460.0,Heidelberg Spectralis,1,0
469,Bevacizumab,674,wk96,73.0,435.0,Heidelberg Spectralis,0,0
469,Bevacizumab,695,wk100,66.0,430.0,Heidelberg Spectralis,0,0
469,Bevacizumab,721,wk104,68.0,464.0,Heidelberg Spectralis,0,0
470,Bevacizumab,0,baseline,73.0,311.0,Zeiss Cirrus,1,0
470,Bevacizumab,26,wk4,79.0,301.0,Zeiss Cirrus,1,0
470,Bevacizumab,55,wk8,72.0,,,1,0
470,Bevacizumab,77,wk12,68.0,322.0,Zeiss Cirrus,1,0
470,Bevacizumab,116,wk16,82.0,352.0,Zeiss Cirrus,1,0
470,Bevacizumab,140,wk20,77.0,,,1,0
470,Bevacizumab,162,wk24,73.0,318.0,Zeiss Cirrus,1,0
470,Bevacizumab,192,wk28,73.0,350.0,Zeiss Cirrus,1,0
470,Bevacizumab,222,wk32,71.0,319.0,Zeiss Cirrus,0,0
470,Bevacizumab,252,wk36,73.0,360.0,Zeiss Cirrus,1,0
470,Bevacizumab,275,wk40,65.0,402.0,Zeiss Cirrus,1,0
470,Bevacizumab,314,wk44,71.0,344.0,Zeiss Cirrus,1,0
470,Bevacizumab,336,wk48,69.0,351.0,Zeiss Cirrus,1,0
470,Bevacizumab,370,wk52,72.0,339.0,Zeiss Cirrus,1,0
470,Bevacizumab,387,wk56,61.0,300.0,Zeiss Cirrus,1,0
470,Bevacizumab,421,wk60,72.0,347.0,Zeiss Cirrus,1,0
470,Bevacizumab,470,wk68,66.0,310.0,Zeiss Cirrus,0,0
470,Bevacizumab,499,wk72,74.0,361.0,Zeiss Cirrus,1,0
470,Bevacizumab,539,wk76,69.0,294.0,Zeiss Cirrus,0,0
470,Bevacizumab,560,wk80,72.0,296.0,Zeiss Cirrus,0,0
470,Bevacizumab,610,wk88,66.0,,,0,0
470,Bevacizumab,704,wk100,71.0,313.0,Zeiss Cirrus,1,0
470,Bevacizumab,727,wk104,67.0,299.0,Zeiss Cirrus,0,0
471,Bevacizumab,0,baseline,65.0,427.0,Heidelberg Spectralis,1,0
471,Bevacizumab,25,wk4,73.0,417.0,Heidelberg Spectralis,1,0
471,Bevacizumab,63,wk8,82.0,386.0,Heidelberg Spectralis,1,0
471,Bevacizumab,91,wk12,83.0,365.0,Heidelberg Spectralis,1,0
471,Bevacizumab,119,wk16,79.0,326.0,Heidelberg Spectralis,0,0
471,Bevacizumab,147,wk20,81.0,342.0,Heidelberg Spectralis,1,0
471,Bevacizumab,174,wk24,85.0,385.0,Heidelberg Spectralis,1,0
471,Bevacizumab,191,wk28,81.0,283.0,Heidelberg Spectralis,1,0
471,Bevacizumab,228,wk32,87.0,322.0,Heidelberg Spectralis,0,0
471,Bevacizumab,249,wk36,88.0,288.0,Heidelberg Spectralis,1,0
471,Bevacizumab,276,wk40,92.0,315.0,Heidelberg Spectralis,1,0
471,Bevacizumab,314,wk44,85.0,,,1,0
471,Bevacizumab,335,wk48,91.0,230.0,Heidelberg Spectralis,1,0
471,Bevacizumab,371,wk52,88.0,292.0,Heidelberg Spectralis,1,0
471,Bevacizumab,393,wk56,87.0,273.0,Heidelberg Spectralis,1,0
471,Bevacizumab,482,wk68,82.0,304.0,Heidelberg Spectralis,1,0
471,Bevacizumab,499,wk72,87.0,268.0,Heidelberg Spectralis,1,0
471,Bevacizumab,527,wk76,83.0,,,0,0
471,Bevacizumab,554,wk80,79.0,316.0,Heidelberg Spectralis,1,0
471,Bevacizumab,610,wk88,89.0,294.0,Heidelberg Spectralis,1,0
471,Bevacizumab,650,wk92,75.0,315.0,Heidelberg Spectralis,1,1
471,Bevacizumab,670,wk96,78.0,315.0,Heidelberg Spectralis,1,0
471,Bevacizumab,698,wk100,76.0,326.0,Heidelberg Spectralis,0,0
471,Bevacizumab,723,wk104,77.0,269.0,Heidelberg Spectralis,0,0
472,Ranibizumab,0,baseline,76.0,410.0,Heidelberg Spectralis,1,0
472,Ranibizumab,27,wk4,81.0,,,1,0
472,Ranibizumab,52,wk8,76.0,333.0,Heidelberg Spectralis,1,0
472,Ranibizumab,77,wk12,78.0,361.0,Heidelberg Spectralis,1,0
472,Ranibizumab,116,wk16,77.0,,,1,0
472,Ranibizumab,136,wk20,70.0,316.0,Heidelberg Spectralis,1,0
472,Ranibizumab,166,wk24,76.0,327.0,Heidelberg Spectralis,1,0
472,Ranibizumab,198,wk28,71.0,294.0,Heidelberg Spectralis,1,0
472,Ranibizumab,225,wk32,73.0,287.0,Heidelberg Spectralis,1,0
472,Ranibizumab,251,wk36,75.0,282.0,Heidelberg Spectralis,0,0
472,Ranibizumab,287,wk40,81.0,264.0,Heidelberg Spectralis,0,0
472,Ranibizumab,310,wk44,75.0,293.0,Heidelberg Spectralis,0,1
472,Ranibizumab,333,wk48,72.0,271.0,Heidelberg Spectralis,0,0
472,Ranibizumab,361,wk52,76.0,,,0,0
472,Ranibizumab,393,wk56,84.0,249.0,Heidelberg Spectralis,0,0
472,Ranibizumab,450,wk64,78.0,293.0,Heidelberg Spectralis,0,0
472,Ranibizumab,559,wk80,84.0,240.0,Heidelberg Spectralis,0,0
472,Ranibizumab,583,wk84,84.0,269.0,Heidelberg Spectralis,0,0
472,Ranibizumab,643,wk92,78.0,265.0,Heidelberg Spectralis,0,0
472,Ranibizumab,706,wk100,84.0,286.0,Heidelberg Spectralis,0,0
472,Ranibizumab,729,wk104,81.0,242.0,Heidelberg Spectralis,0,0
473,Bevacizumab,0,baseline,74.0,474.0,Heidelberg Spectralis,1,0
473,Bevacizumab,21,wk4,67.0,,,1,0
473,Bevacizumab,58,wk8,68.0,,,1,0
473,Bevacizumab,83,wk12,64.0,418.0,Heidelberg Spectralis,1,0
473,Bevacizumab,108,wk16,61.0,380.0,Heidelberg Spectralis,0,0
473,Bevacizumab,145,wk20,62.0,380.0,Heidelberg Spectralis,1,0
473,Bevacizumab,171,wk24,62.0,406.0,Heidelberg Spectralis,1,0
473,Bevacizumab,196,wk28,52.0,422.0,Heidelberg Spectralis,1,0
473,Bevacizumab,223,wk32,68.0,391.0,Heidelberg Spectralis,1,0
473,Bevacizumab,255,wk36,61.0,,,0,0
473,Bevacizumab,287,wk40,61.0,423.0,Heidelberg Spectralis,1,0
473,Bevacizumab,309,wk44,62.0,392.0,Heidelberg Spectralis,1,0
473,Bevacizumab,336,wk48,61.0,434.0,Heidelberg Spectralis,1,0
473,Bevacizumab,371,wk52,60.0,390.0,Heidelberg Spectralis,1,0
473,Bevacizumab,454,wk64,59.0,385.0,Heidelberg Spectralis,0,0
473,Bevacizumab,469,wk68,54.0,422.0,Heidelberg Spectralis,1,0
473,Bevacizumab,538,wk76,59.0,451.0,Heidelberg Spectralis,0,0
473,Bevacizumab,555,wk80,60.0,433.0,Heidelberg Spectralis,0,0
473,Bevacizumab,677,wk96,68.0,394.0,Heidelberg Spectralis,1,0
473,Bevacizumab,728,wk104,60.0,423.0,Heidelberg Spectralis,0,0
474,Bevacizumab,0,baseline,64.0,437.0,Zeiss Cirrus,1,0
474,Bevacizumab,26,wk4,61.0,420.0,Zeiss Cirrus,1,0
474,Bevacizumab,55,wk8,65.0,333.0,Zeiss Cirrus,1,0
474,Bevacizumab,91,wk12,59.0,343.0,Zeiss Cirrus,1,0
474,Bevacizumab,110,wk16,57.0,,,1,0
474,Bevacizumab,143,wk20,59.0,335.0,Zeiss Cirrus,1,0
475,Ranibizumab,0,baseline,38.0,390.0,Zeiss Cirrus,1,0
475,Ranibizumab,30,wk4,37.0,322.0,Zeiss Cirrus,1,0
475,Ranibizumab,62,wk8,36.0,327.0,Zeiss Cirrus,1,0
475,Ranibizumab,86,wk12,45.0,273.0,Zeiss Cirrus,1,0
475,Ranibizumab,107,wk16,33.0,160.0,Zeiss Cirrus,1,0
475,Ranibizumab,142,wk20,36.0,195.0,Zeiss Cirrus,1,0
475,Ranibizumab,161,wk24,44.0,185.0,Zeiss Cirrus,1,0
475,Ranibizumab,190,wk28,32.0,246.0,Zeiss Cirrus,1,0
475,Ranibizumab,228,wk32,39.0,179.0,Zeiss Cirrus,1,0
475,Ranibizumab,249,wk36,39.0,190.0,Zeiss Cirrus,0,0
475,Ranibizumab,274,wk40,47.0,199.0,Zeiss Cirrus,1,0
475,Ranibizumab,302,wk44,47.0,213.0,Zeiss Cirrus,0,0
475,Ranibizumab,332,wk48,45.0,,,0,0
475,Ranibizumab,368,wk52,43.0,197.0,Zeiss Cirrus,1,0
475,Ranibizumab,394,wk56,44.0,173.0,Zeiss Cirrus,1,0
475,Ranibizumab,474,wk68,51.0,152.0,Zeiss Cirrus,0,0
475,Ranibizumab,507,wk72,36.0,194.0,Zeiss Cirrus,0,1
475,Ranibizumab,529,wk76,44.0,180.0,Zeiss Cirrus,1,0
475,Ranibizumab,562,wk80,42.0,,,1,0
475,Ranibizumab,679,wk96,44.0,194.0,Zeiss Cirrus,0,0
475,Ranibizumab,693,wk100,43.0,193.0,Zeiss Cirrus,0,0
475,Ranibizumab,734,wk104,42.0,169.0,Zeiss Cirrus,0,0
476,Ranibizumab,0,baseline,62.0,411.0,Heidelberg Spectralis,1,0
476,Ranibizumab,27,wk4,65.0,,,1,0
476,Ranibizumab,56,wk8,73.0,387.0,Heidelberg Spectralis,1,0
476,Ranibizumab,79,wk12,70.0,389.0,Heidelberg Spectralis,1,0
476,Ranibizumab,112,wk16,86.0,,,1,0
476,Ranibizumab,144,wk20,76.0,314.0,Heidelberg Spectralis,0,0
476,Ranibizumab,163,wk24,73.0,364.0,Heidelberg Spectralis,1,0
476,Ranibizumab,194,wk28,91.0,315.0,Heidelberg Spectralis,1,0
476,Ranibizumab,231,wk32,78.0,401.0,Heidelberg Spectralis,1,0
476,Ranibizumab,250,wk36,86.0,318.0,Heidelberg Spectralis,0,0
476,Ranibizumab,286,wk40,69.0,353.0,Heidelberg Spectralis,1,0
476,Ranibizumab,311,wk44,84.0,313.0,Heidelberg Spectralis,1,0
476,Ranibizumab,343,wk48,72.0,359.0,Heidelberg Spectralis,1,0
476,Ranibizumab,370,wk52,80.0,328.0,Heidelberg Spectralis,1,0
476,Ranibizumab,395,wk56,85.0,331.0,Heidelberg Spectralis,1,0
476,Ranibizumab,414,wk60,81.0,388.0,Heidelberg Spectralis,1,0
476,Ranibizumab,479,wk68,82.0,369.0,Heidelberg Spectralis,1,0
476,Ranibizumab,504,wk72,80.0,373.0,Heidelberg Spectralis,1,0
476,Ranibizumab,530,wk76,80.0,374.0,Heidelberg Spectralis,1,0
476,Ranibizumab,557,wk80,86.0,,,0,0
476,Ranibizumab,593,wk84,81.0,365.0,Heidelberg Spectralis,1,0
476,Ranibizumab,623,wk88,80.0,392.0,Heidelberg Spectralis,1,0
476,Ranibizumab,643,wk92,83.0,410.0,Heidelberg Spectralis,1,0
476,Ranibizumab,732,wk104,84.0,401.0,Heidelberg Spectralis,0,0
477,Aflibercept,0,baseline,78.0,461.0,Heidelberg Spectralis,1,0
477,Aflibercept,28,wk4,83.0,418.0,Heidelberg Spectralis,1,0
477,Aflibercept,56,wk8,93.0,,,1,0
477,Aflibercept,85,wk12,91.0,,,1,0
477,Aflibercept,111,wk16,96.0,407.0,Heidelberg Spectralis,0,0
477,Aflibercept,135,wk20,98.0,323.0,Heidelberg Spectralis,1,0
477,Aflibercept,163,wk24,99.0,361.0,Heidelberg Spectralis,1,0
477,Aflibercept,199,wk28,98.0,,,1,0
477,Aflibercept,221,wk32,100.0,353.0,Heidelberg Spectralis,1,0
477,Aflibercept,248,wk36,97.0,350.0,Heidelberg Spectralis,0,0
477,Aflibercept,276,wk40,100.0,422.0,Heidelberg Spectralis,0,0
477,Aflibercept,303,wk44,100.0,348.0,Heidelberg Spectralis,1,0
477,Aflibercept,338,wk48,100.0,339.0,Heidelberg Spectralis,0,0
477,Aflibercept,363,wk52,100.0,356.0,Heidelberg Spectralis,0,0
477,Aflibercept,426,wk60,99.0,329.0,Heidelberg Spectralis,0,0
477,Aflibercept,450,wk64,100.0,381.0,Heidelberg Spectralis,0,0
477,Aflibercept,481,wk68,100.0,339.0,Heidelberg Spectralis,1,0
477,Aflibercept,502,wk72,99.0,343.0,Heidelberg Spectralis,1,0
477,Aflibercept,611,wk88,100.0,311.0,Heidelberg Spectralis,1,0
477,Aflibercept,641,wk92,100.0,369.0,Heidelberg Spectralis,0,0
477,Aflibercept,724,wk104,97.0,318.0,Heidelberg Spectralis,0,0
478,Aflibercept,0,baseline,77.0,538.0,Zeiss Cirrus,1,0
478,Aflibercept,23,wk4,74.0,495.0,Zeiss Cirrus,1,0
478,Aflibercept,55,wk8,67.0,477.0,Zeiss Cirrus,1,0
478,Aflibercept,82,wk12,71.0,395.0,Zeiss Cirrus,1,0
478,Aflibercept,116,wk16,63.0,442.0,Zeiss Cirrus,1,0
478,Aflibercept,142,wk20,66.0,377.0,Zeiss Cirrus,0,0
478,Aflibercept,164,wk24,70.0,417.0,Zeiss Cirrus,1,0
478,Aflibercept,196,wk28,70.0,409.0,Zeiss Cirrus,0,0
478,Aflibercept,218,wk32,68.0,358.0,Zeiss Cirrus,0,0
478,Aflibercept,256,wk36,65.0,398.0,Zeiss Cirrus,0,0
478,Aflibercept,277,wk40,60.0,,,1,0
478,Aflibercept,302,wk44,73.0,452.0,Zeiss Cirrus,1,0
478,Aflibercept,330,wk48,66.0,391.0,Zeiss Cirrus,1,0
478,Aflibercept,367,wk52,66.0,397.0,Zeiss Cirrus,1,0
478,Aflibercept,391,wk56,59.0,403.0,Zeiss Cirrus,0,0
478,Aflibercept,455,wk64,57.0,422.0,Zeiss Cirrus,0,0
478,Aflibercept,470,wk68,66.0,415.0,Zeiss Cirrus,0,0
478,Aflibercept,505,wk72,57.0,408.0,Zeiss Cirrus,1,0
478,Aflibercept,560,wk80,66.0,405.0,Zeiss Cirrus,1,0
478,Aflibercept,673,wk96,50.0,436.0,Zeiss Cirrus,0,0
478,Aflibercept,702,wk100,47.0,429.0,Zeiss Cirrus,0,0
478,Aflibercept,726,wk104,54.0,428.0,Zeiss Cirrus,0,0
479,Bevacizumab,0,baseline,66.0,458.0,Zeiss Cirrus,1,0
479,Bevacizumab,24,wk4,60.0,432.0,Zeiss Cirrus,1,0
479,Bevacizumab,58,wk8,62.0,450.0,Zeiss Cirrus,1,0
479,Bevacizumab,78,wk12,67.0,366.0,Zeiss Cirrus,1,0
479,Bevacizumab,113,wk16,69.0,424.0,Zeiss Cirrus,0,0
479,Bevacizumab,144,wk20,71.0,409.0,Zeiss Cirrus,1,0
479,Bevacizumab,174,wk24,62.0,384.0,Zeiss Cirrus,0,0
479,Bevacizumab,191,wk28,65.0,399.0,Zeiss Cirrus,0,0
479,Bevacizumab,219,wk32,70.0,,,1,0
479,Bevacizumab,254,wk36,70.0,456.0,Zeiss Cirrus,0,0
479,Bevacizumab,280,wk40,65.0,,,1,0
479,Bevacizumab,309,wk44,64.0,377.0,Zeiss Cirrus,1,0
479,Bevacizumab,332,wk48,72.0,421.0,Zeiss Cirrus,1,0
479,Bevacizumab,365,wk52,67.0,399.0,Zeiss Cirrus,0,0
479,Bevacizumab,413,wk60,64.0,383.0,Zeiss Cirrus,1,0
479,Bevacizumab,483,wk68,63.0,407.0,Zeiss Cirrus,1,1
479,Bevacizumab,510,wk72,60.0,395.0,Zeiss Cirrus,1,0
479,Bevacizumab,565,wk80,61.0,445.0,Zeiss Cirrus,1,0
479,Bevacizumab,611,wk88,62.0,,,0,0
479,Bevacizumab,637,wk92,61.0,,,1,0
479,Bevacizumab,704,wk100,61.0,,,1,0
479,Bevacizumab,734,wk104,60.0,447.0,Zeiss Cirrus,0,0
480,Ranibizumab,0,baseline,66.0,626.0,Heidelberg Spectralis,1,0
480,Ranibizumab,29,wk4,73.0,567.0,Heidelberg Spectralis,1,0
480,Ranibizumab,55,wk8,70.0,541.0,Heidelberg Spectralis,1,0
480,Ranibizumab,91,wk12,78.0,526.0,Heidelberg Spectralis,1,0
480,Ranibizumab,116,wk16,84.0,455.0,Heidelberg Spectralis,0,0
480,Ranibizumab,146,wk20,86.0,,,0,0
480,Ranibizumab,173,wk24,76.0,472.0,Heidelberg Spectralis,1,0
480,Ranibizumab,202,wk28,82.0,425.0,Heidelberg Spectralis,1,0
480,Ranibizumab,224,wk32,80.0,,,0,0
480,Ranibizumab,257,wk36,78.0,351.0,Heidelberg Spectralis,0,0
480,Ranibizumab,284,wk40,81.0,429.0,Heidelberg Spectralis,1,0
480,Ranibizumab,303,wk44,87.0,445.0,Heidelberg Spectralis,1,0
480,Ranibizumab,329,wk48,88.0,487.0,Heidelberg Spectralis,0,1
480,Ranibizumab,367,wk52,81.0,433.0,Heidelberg Spectralis,0,0
480,Ranibizumab,385,wk56,79.0,470.0,Heidelberg Spectralis,1,0
480,Ranibizumab,446,wk64,76.0,368.0,Heidelberg Spectralis,1,0
480,Ranibizumab,475,wk68,80.0,373.0,Heidelberg Spectralis,0,0
480,Ranibizumab,537,wk76,77.0,424.0,Heidelberg Spectralis,0,0
480,Ranibizumab,562,wk80,74.0,442.0,Heidelberg Spectralis,1,0
480,Ranibizumab,610,wk88,66.0,,,0,0
480,Ranibizumab,668,wk96,75.0,424.0,Heidelberg Spectralis,0,1
480,Ranibizumab,693,wk100,75.0,395.0,Heidelberg Spectralis,1,0
480,Ranibizumab,735,wk104,73.0,369.0,Heidelberg Spectralis,0,0
481,Bevacizumab,0,baseline,76.0,560.0,Zeiss Cirrus,1,0
481,Bevacizumab,21,wk4,84.0,,,1,0
481,Bevacizumab,60,wk8,89.0,522.0,Zeiss Cirrus,1,0
481,Bevacizumab,83,wk12,93.0,500.0,Zeiss Cirrus,1,0
481,Bevacizumab,108,wk16,92.0,522.0,Zeiss Cirrus,1,0
481,Bevacizumab,141,wk20,91.0,475.0,Zeiss Cirrus,1,0
481,Bevacizumab,169,wk24,95.0,435.0,Zeiss Cirrus,1,1
481,Bevacizumab,202,wk28,88.0,500.0,Zeiss Cirrus,1,0
481,Bevacizumab,219,wk32,100.0,,,0,0
481,Bevacizumab,248,wk36,88.0,501.0,Zeiss Cirrus,0,0
481,Bevacizumab,284,wk40,100.0,454.0,Zeiss Cirrus,1,0
481,Bevacizumab,309,wk44,100.0,459.0,Zeiss Cirrus,1,0
481,Bevacizumab,336,wk48,99.0,423.0,Zeiss Cirrus,1,0
481,Bevacizumab,368,wk52,97.0,464.0,Zeiss Cirrus,0,0
481,Bevacizumab,394,wk56,93.0,466.0,Zeiss Cirrus,0,0
481,Bevacizumab,418,wk60,93.0,477.0,Zeiss Cirrus,0,0
481,Bevacizumab,448,wk64,97.0,462.0,Zeiss Cirrus,1,0
481,Bevacizumab,476,wk68,100.0,443.0,Zeiss Cirrus,1,0
481,Bevacizumab,559,wk80,96.0,447.0,Zeiss Cirrus,0,0
481,Bevacizumab,668,wk96,96.0,,,0,0
481,Bevacizumab,729,wk104,99.0,477.0,Zeiss Cirrus,0,0
482,Ranibizumab,0,baseline,55.0,611.0,Zeiss Cirrus,1,0
482,Ranibizumab,34,wk4,61.0,486.0,Zeiss Cirrus,1,0
482,Ranibizumab,54,wk8,63.0,558.0,Zeiss Cirrus,1,0
482,Ranibizumab,90,wk12,58.0,444.0,Zeiss Cirrus,1,0
482,Ranibizumab,117,wk16,65.0,432.0,Zeiss Cirrus,1,0
482,Ranibizumab,138,wk20,67.0,,,1,0
482,Ranibizumab,163,wk24,77.0,450.0,Zeiss Cirrus,1,1
482,Ranibizumab,191,wk28,63.0,,,1,0
482,Ranibizumab,221,wk32,68.0,326.0,Zeiss Cirrus,1,0
482,Ranibizumab,251,wk36,66.0,343.0,Zeiss Cirrus,0,0
482,Ranibizumab,277,wk40,66.0,,,1,0
482,Ranibizumab,302,wk44,66.0,406.0,Zeiss Cirrus,0,0
482,Ranibizumab,342,wk48,65.0,363.0,Zeiss Cirrus,1,0
482,Ranibizumab,357,wk52,65.0,376.0,Zeiss Cirrus,1,0
482,Ranibizumab,416,wk60,64.0,355.0,Zeiss Cirrus,0,0
482,Ranibizumab,533,wk76,67.0,,,1,0
482,Ranibizumab,589,wk84,63.0,336.0,Zeiss Cirrus,1,0
482,Ranibizumab,674,wk96,68.0,332.0,Zeiss Cirrus,1,0
482,Ranibizumab,731,wk104,71.0,257.0,Zeiss Cirrus,0,0
483,Bevacizumab,0,baseline,28.0,593.0,Zeiss Cirrus,1,0
483,Bevacizumab,22,wk4,37.0,493.0,Zeiss Cirrus,1,0
483,Bevacizumab,53,wk8,48.0,,,1,0
483,Bevacizumab,80,wk12,45.0,364.0,Zeiss Cirrus,1,0
483,Bevacizumab,111,wk16,50.0,319.0,Zeiss Cirrus,1,0
483,Bevacizumab,137,wk20,60.0,334.0,Zeiss Cirrus,1,0
483,Bevacizumab,166,wk24,51.0,229.0,Zeiss Cirrus,0,0
483,Bevacizumab,191,wk28,48.0,276.0,Zeiss Cirrus,1,0
483,Bevacizumab,226,wk32,58.0,306.0,Zeiss Cirrus,0,0
483,Bevacizumab,247,wk36,48.0,251.0,Zeiss Cirrus,0,0
483,Bevacizumab,286,wk40,55.0,256.0,Zeiss Cirrus,1,0
483,Bevacizumab,302,wk44,64.0,318.0,Zeiss Cirrus,1,0
483,Bevacizumab,339,wk48,57.0,291.0,Zeiss Cirrus,0,1
483,Bevacizumab,367,wk52,55.0,257.0,Zeiss Cirrus,0,0
483,Bevacizumab,391,wk56,59.0,302.0,Zeiss Cirrus,1,0
483,Bevacizumab,449,wk64,60.0,240.0,Zeiss Cirrus,0,0
483,Bevacizumab,510,wk72,65.0,255.0,Zeiss Cirrus,1,0
483,Bevacizumab,592,wk84,56.0,264.0,Zeiss Cirrus,0,0
483,Bevacizumab,668,wk96,60.0,242.0,Zeiss Cirrus,1,0
483,Bevacizumab,693,wk100,68.0,249.0,Zeiss Cirrus,0,0
483,Bevacizumab,726,wk104,64.0,280.0,Zeiss Cirrus,0,0
484,Bevacizumab,0,baseline,73.0,621.0,Zeiss Cirrus,1,0
484,Bevacizumab,23,wk4,76.0,587.0,Zeiss Cirrus,1,0
484,Bevacizumab,55,wk8,82.0,,,1,0
484,Bevacizumab,85,wk12,71.0,555.0,Zeiss Cirrus,1,0
484,Bevacizumab,116,wk16,82.0,562.0,Zeiss Cirrus,1,0
484,Bevacizumab,135,wk20,79.0,,,0,0
484,Bevacizumab,173,wk24,76.0,498.0,Zeiss Cirrus,0,0
484,Bevacizumab,203,wk28,80.0,488.0,Zeiss Cirrus,1,0
484,Bevacizumab,224,wk32,82.0,500.0,Zeiss Cirrus,0,1
484,Bevacizumab,255,wk36,73.0,,,0,0
484,Bevacizumab,273,wk40,76.0,503.0,Zeiss Cirrus,1,0
484,Bevacizumab,309,wk44,84.0,474.0,Zeiss Cirrus,0,0
484,Bevacizumab,330,wk48,76.0,475.0,Zeiss Cirrus,0,0
484,Bevacizumab,371,wk52,79.0,495.0,Zeiss Cirrus,0,0
484,Bevacizumab,421,wk60,86.0,512.0,Zeiss Cirrus,0,0
484,Bevacizumab,475,wk68,81.0,443.0,Zeiss Cirrus,0,0
484,Bevacizumab,539,wk76,79.0,523.0,Zeiss Cirrus,1,0
484,Bevacizumab,565,wk80,71.0,,,1,0
484,Bevacizumab,670,wk96,66.0,471.0,Zeiss Cirrus,0,0
484,Bevacizumab,705,wk100,68.0,475.0,Zeiss Cirrus,1,0
484,Bevacizumab,731,wk104,69.0,441.0,Zeiss Cirrus,0,0
485,Aflibercept,0,baseline,74.0,329.0,Zeiss Cirrus,1,0
485,Aflibercept,26,wk4,90.0,265.0,Zeiss Cirrus,1,0
485,Aflibercept,56,wk8,83.0,262.0,Zeiss Cirrus,1,0
485,Aflibercept,88,wk12,95.0,281.0,Zeiss Cirrus,1,0
485,Aflibercept,109,wk16,89.0,205.0,Zeiss Cirrus,0,0
485,Aflibercept,145,wk20,98.0,217.0,Zeiss Cirrus,1,0
485,Aflibercept,171,wk24,100.0,213.0,Zeiss Cirrus,1,0
485,Aflibercept,202,wk28,100.0,208.0,Zeiss Cirrus,0,1
485,Aflibercept,225,wk32,100.0,175.0,Zeiss Cirrus,1,0
485,Aflibercept,254,wk36,97.0,194.0,Zeiss Cirrus,1,0
485,Aflibercept,285,wk40,100.0,202.0,Zeiss Cirrus,1,0
485,Aflibercept,309,wk44,100.0,,,1,0
485,Aflibercept,342,wk48,100.0,189.0,Zeiss Cirrus,1,0
485,Aflibercept,364,wk52,100.0,193.0,Zeiss Cirrus,1,0
486,Aflibercept,0,baseline,51.0,499.0,Zeiss Cirrus,1,0
486,Aflibercept,23,wk4,56.0,349.0,Zeiss Cirrus,1,0
486,Aflibercept,59,wk8,75.0,347.0,Zeiss Cirrus,1,0
486,Aflibercept,79,wk12,68.0,331.0,Zeiss Cirrus,1,0
486,Aflibercept,112,wk16,61.0,268.0,Zeiss Cirrus,0,0
486,Aflibercept,142,wk20,71.0,286.0,Zeiss Cirrus,1,0
486,Aflibercept,168,wk24,76.0,301.0,Zeiss Cirrus,0,0
486,Aflibercept,197,wk28,77.0,230.0,Zeiss Cirrus,0,0
486,Aflibercept,218,wk32,76.0,,,0,0
486,Aflibercept,256,wk36,79.0,243.0,Zeiss Cirrus,0,0
486,Aflibercept,284,wk40,76.0,,,0,0
486,Aflibercept,315,wk44,70.0,257.0,Zeiss Cirrus,1,0
486,Aflibercept,342,wk48,82.0,212.0,Zeiss Cirrus,0,0
486,Aflibercept,358,wk52,74.0,231.0,Zeiss Cirrus,1,0
486,Aflibercept,482,wk68,68.0,243.0,Zeiss Cirrus,1,0
486,Aflibercept,530,wk76,78.0,254.0,Zeiss Cirrus,1,0
486,Aflibercept,591,wk84,68.0,194.0,Zeiss Cirrus,0,0
486,Aflibercept,699,wk100,76.0,283.0,Zeiss Cirrus,0,0
486,Aflibercept,727,wk104,71.0,251.0,Zeiss Cirrus,0,0
487,Ranibizumab,0,baseline,48.0,597.0,Heidelberg Spectralis,1,0
487,Ranibizumab,23,wk4,50.0,461.0,Heidelberg Spectralis,1,0
487,Ranibizumab,61,wk8,51.0,438.0,Heidelberg Spectralis,1,0
487,Ranibizumab,85,wk12,63.0,396.0,Heidelberg Spectralis,1,0
487,Ranibizumab,114,wk16,66.0,415.0,Heidelberg Spectralis,1,0
487,Ranibizumab,133,wk20,69.0,333.0,Heidelberg Spectralis,1,0
487,Ranibizumab,161,wk24,70.0,279.0,Heidelberg Spectralis,1,0
487,Ranibizumab,197,wk28,67.0,261.0,Heidelberg Spectralis,1,0
487,Ranibizumab,229,wk32,76.0,321.0,Heidelberg Spectralis,1,0
487,Ranibizumab,247,wk36,69.0,,,1,0
487,Ranibizumab,277,wk40,71.0,274.0,Heidelberg Spectralis,1,0
487,Ranibizumab,304,wk44,72.0,302.0,Heidelberg Spectralis,1,0
487,Ranibizumab,330,wk48,76.0,318.0,Heidelberg Spectralis,0,0
487,Ranibizumab,360,wk52,70.0,289.0,Heidelberg Spectralis,0,0
487,Ranibizumab,414,wk60,72.0,,,1,0
487,Ranibizumab,455,wk64,77.0,292.0,Heidelberg Spectralis,0,0
487,Ranibizumab,530,wk76,75.0,245.0,Heidelberg Spectralis,1,0
487,Ranibizumab,561,wk80,74.0,330.0,Heidelberg Spectralis,0,0
487,Ranibizumab,609,wk88,86.0,338.0,Heidelberg Spectralis,0,0
487,Ranibizumab,642,wk92,85.0,275.0,Heidelberg Spectralis,1,0
487,Ranibizumab,732,wk104,88.0,324.0,Heidelberg Spectralis,0,0
488,Bevacizumab,0,baseline,68.0,622.0,Heidelberg Spectralis,1,0
488,Bevacizumab,32,wk4,71.0,649.0,Heidelberg Spectralis,1,0
488,Bevacizumab,58,wk8,76.0,567.0,Heidelberg Spectralis,1,0
488,Bevacizumab,80,wk12,81.0,599.0,Heidelberg Spectralis,1,0
488,Bevacizumab,111,wk16,71.0,600.0,Heidelberg Spectralis,1,0
488,Bevacizumab,146,wk20,77.0,579.0,Heidelberg Spectralis,1,0
488,Bevacizumab,165,wk24,74.0,598.0,Heidelberg Spectralis,1,0
488,Bevacizumab,194,wk28,78.0,,,1,0
488,Bevacizumab,222,wk32,81.0,551.0,Heidelberg Spectralis,1,0
488,Bevacizumab,250,wk36,80.0,549.0,Heidelberg Spectralis,1,1
488,Bevacizumab,280,wk40,78.0,608.0,Heidelberg Spectralis,1,0
488,Bevacizumab,307,wk44,83.0,620.0,Heidelberg Spectralis,0,0
488,Bevacizumab,329,wk48,80.0,607.0,Heidelberg Spectralis,1,0
488,Bevacizumab,369,wk52,79.0,588.0,Heidelberg Spectralis,1,0
488,Bevacizumab,479,wk68,81.0,574.0,Heidelberg Spectralis,0,0
488,Bevacizumab,586,wk84,86.0,640.0,Heidelberg Spectralis,1,0
488,Bevacizumab,696,wk100,83.0,644.0,Heidelberg Spectralis,1,0
488,Bevacizumab,727,wk104,88.0,614.0,Heidelberg Spectralis,0,0
489,Ranibizumab,0,baseline,65.0,359.0,Zeiss Cirrus,1,0
489,Ranibizumab,32,wk4,69.0,315.0,Zeiss Cirrus,1,0
489,Ranibizumab,56,wk8,64.0,362.0,Zeiss Cirrus,1,0
489,Ranibizumab,89,wk12,70.0,369.0,Zeiss Cirrus,1,0
489,Ranibizumab,110,wk16,66.0,,,1,0
489,Ranibizumab,145,wk20,78.0,329.0,Zeiss Cirrus,0,0
489,Ranibizumab,165,wk24,68.0,291.0,Zeiss Cirrus,1,0
489,Ranibizumab,203,wk28,69.0,258.0,Zeiss Cirrus,1,0
489,Ranibizumab,217,wk32,71.0,306.0,Zeiss Cirrus,1,0
489,Ranibizumab,253,wk36,68.0,323.0,Zeiss Cirrus,1,0
489,Ranibizumab,278,wk40,81.0,333.0,Zeiss Cirrus,0,0
489,Ranibizumab,307,wk44,77.0,373.0,Zeiss Cirrus,1,0
489,Ranibizumab,338,wk48,79.0,313.0,Zeiss Cirrus,1,0
489,Ranibizumab,362,wk52,72.0,321.0,Zeiss Cirrus,0,0
489,Ranibizumab,413,wk60,68.0,,,0,0
489,Ranibizumab,455,wk64,77.0,345.0,Zeiss Cirrus,0,1
489,Ranibizumab,498,wk72,76.0,321.0,Zeiss Cirrus,0,0
489,Ranibizumab,537,wk76,76.0,295.0,Zeiss Cirrus,0,0
489,Ranibizumab,647,wk92,79.0,305.0,Zeiss Cirrus,0,0
489,Ranibizumab,706,wk100,84.0,350.0,Zeiss Cirrus,1,0
490,Bevacizumab,0,baseline,64.0,500.0,Zeiss Cirrus,1,0
490,Bevacizumab,24,wk4,69.0,509.0,Zeiss Cirrus,1,0
490,Bevacizumab,56,wk8,78.0,385.0,Zeiss Cirrus,1,0
490,Bevacizumab,85,wk12,78.0,312.0,Zeiss Cirrus,1,0
490,Bevacizumab,118,wk16,76.0,419.0,Zeiss Cirrus,1,0
490,Bevacizumab,136,wk20,82.0,,,1,0
490,Bevacizumab,170,wk24,78.0,363.0,Zeiss Cirrus,1,0
490,Bevacizumab,199,wk28,83.0,325.0,Zeiss Cirrus,0,0
490,Bevacizumab,231,wk32,77.0,318.0,Zeiss Cirrus,0,0
490,Bevacizumab,249,wk36,85.0,,,0,0
490,Bevacizumab,277,wk40,79.0,346.0,Zeiss Cirrus,1,0
490,Bevacizumab,303,wk44,81.0,296.0,Zeiss Cirrus,0,0
490,Bevacizumab,332,wk48,85.0,257.0,Zeiss Cirrus,1,0
490,Bevacizumab,360,wk52,82.0,302.0,Zeiss Cirrus,0,0
490,Bevacizumab,398,wk56,86.0,,,0,0
490,Bevacizumab,449,wk64,73.0,340.0,Zeiss Cirrus,0,0
490,Bevacizumab,476,wk68,76.0,266.0,Zeiss Cirrus,0,0
490,Bevacizumab,529,wk76,90.0,275.0,Zeiss Cirrus,1,0
490,Bevacizumab,564,wk80,86.0,314.0,Zeiss Cirrus,0,0
490,Bevacizumab,585,wk84,85.0,278.0,Zeiss Cirrus,0,0
490,Bevacizumab,623,wk88,84.0,238.0,Zeiss Cirrus,0,0
490,Bevacizumab,673,wk96,80.0,270.0,Zeiss Cirrus,1,0
490,Bevacizumab,698,wk100,87.0,290.0,Zeiss Cirrus,0,0
490,Bevacizumab,728,wk104,87.0,277.0,Zeiss Cirrus,0,0
491,Aflibercept,0,baseline,62.0,461.0,Heidelberg Spectralis,1,0
491,Aflibercept,28,wk4,71.0,401.0,Heidelberg Spectralis,1,0
491,Aflibercept,59,wk8,68.0,377.0,Heidelberg Spectralis,1,0
491,Aflibercept,82,wk12,62.0,348.0,Heidelberg Spectralis,1,0
491,Aflibercept,116,wk16,66.0,,,1,0
491,Aflibercept,147,wk20,65.0,309.0,Heidelberg Spectralis,1,0
491,Aflibercept,170,wk24,69.0,256.0,Heidelberg Spectralis,0,0
491,Aflibercept,189,wk28,64.0,261.0,Heidelberg Spectralis,0,0
491,Aflibercept,224,wk32,62.0,236.0,Heidelberg Spectralis,1,0
491,Aflibercept,250,wk36,64.0,,,0,0
491,Aflibercept,278,wk40,72.0,254.0,Heidelberg Spectralis,1,0
491,Aflibercept,310,wk44,65.0,266.0,Heidelberg Spectralis,1,0
491,Aflibercept,330,wk48,59.0,245.0,Heidelberg Spectralis,0,0
491,Aflibercept,366,wk52,69.0,250.0,Heidelberg Spectralis,0,0
491,Aflibercept,423,wk60,69.0,229.0,Heidelberg Spectralis,1,0
491,Aflibercept,480,wk68,73.0,229.0,Heidelberg Spectralis,0,0
491,Aflibercept,559,wk80,70.0,,,1,0
491,Aflibercept,586,wk84,75.0,205.0,Heidelberg Spectralis,1,0
491,Aflibercept,670,wk96,73.0,208.0,Heidelberg Spectralis,0,0
491,Aflibercept,732,wk104,72.0,237.0,Heidelberg Spectralis,0,0
492,Ranibizumab,0,baseline,74.0,665.0,Zeiss Cirrus,1,0
492,Ranibizumab,34,wk4,61.0,,,1,0
492,Ranibizumab,62,wk8,72.0,482.0,Zeiss Cirrus,1,0
492,Ranibizumab,90,wk12,67.0,477.0,Zeiss Cirrus,1,0
492,Ranibizumab,115,wk16,65.0,534.0,Zeiss Cirrus,1,0
492,Ranibizumab,143,wk20,71.0,413.0,Zeiss Cirrus,1,0
492,Ranibizumab,162,wk24,65.0,435.0,Zeiss Cirrus,0,0
492,Ranibizumab,195,wk28,65.0,404.0,Zeiss Cirrus,0,0
492,Ranibizumab,228,wk32,61.0,,,0,0
492,Ranibizumab,257,wk36,66.0,481.0,Zeiss Cirrus,1,0
492,Ranibizumab,285,wk40,68.0,383.0,Zeiss Cirrus,1,0
492,Ranibizumab,302,wk44,67.0,383.0,Zeiss Cirrus,0,0
492,Ranibizumab,338,wk48,69.0,368.0,Zeiss Cirrus,0,0
492,Ranibizumab,359,wk52,66.0,388.0,Zeiss Cirrus,1,0
492,Ranibizumab,399,wk56,68.0,379.0,Zeiss Cirrus,1,0
492,Ranibizumab,420,wk60,63.0,448.0,Zeiss Cirrus,0,0
492,Ranibizumab,451,wk64,70.0,431.0,Zeiss Cirrus,0,0
492,Ranibizumab,480,wk68,63.0,351.0,Zeiss Cirrus,1,0
492,Ranibizumab,501,wk72,69.0,354.0,Zeiss Cirrus,0,0
492,Ranibizumab,585,wk84,65.0,393.0,Zeiss Cirrus,0,0
492,Ranibizumab,666,wk96,67.0,319.0,Zeiss Cirrus,0,0
492,Ranibizumab,707,wk100,57.0,314.0,Zeiss Cirrus,1,0
492,Ranibizumab,728,wk104,64.0,333.0,Zeiss Cirrus,0,0
493,Bevacizumab,0,baseline,52.0,313.0,Zeiss Cirrus,1,0
493,Bevacizumab,22,wk4,62.0,309.0,Zeiss Cirrus,1,0
493,Bevacizumab,61,wk8,56.0,375.0,Zeiss Cirrus,1,0
493,Bevacizumab,81,wk12,57.0,399.0,Zeiss Cirrus,1,0
493,Bevacizumab,109,wk16,60.0,317.0,Zeiss Cirrus,1,0
493,Bevacizumab,142,wk20,59.0,369.0,Zeiss Cirrus,0,0
493,Bevacizumab,169,wk24,57.0,353.0,Zeiss Cirrus,1,0
493,Bevacizumab,196,wk28,61.0,,,0,0
493,Bevacizumab,221,wk32,63.0,362.0,Zeiss Cirrus,1,0
493,Bevacizumab,255,wk36,58.0,403.0,Zeiss Cirrus,1,0
493,Bevacizumab,274,wk40,66.0,378.0,Zeiss Cirrus,1,0
493,Bevacizumab,310,wk44,65.0,347.0,Zeiss Cirrus,0,0
493,Bevacizumab,333,wk48,64.0,342.0,Zeiss Cirrus,1,0
493,Bevacizumab,368,wk52,61.0,354.0,Zeiss Cirrus,0,0
493,Bevacizumab,398,wk56,63.0,333.0,Zeiss Cirrus,0,0
493,Bevacizumab,474,wk68,58.0,325.0,Zeiss Cirrus,0,0
493,Bevacizumab,501,wk72,62.0,365.0,Zeiss Cirrus,0,0
493,Bevacizumab,586,wk84,64.0,344.0,Zeiss Cirrus,0,0
493,Bevacizumab,676,wk96,59.0,345.0,Zeiss Cirrus,1,0
493,Bevacizumab,727,wk104,58.0,336.0,Zeiss Cirrus,0,0
494,Bevacizumab,0,baseline,77.0,384.0,Heidelberg Spectralis,1,0
494,Bevacizumab,25,wk4,83.0,404.0,Heidelberg Spectralis,1,0
494,Bevacizumab,59,wk8,84.0,388.0,Heidelberg Spectralis,1,0
494,Bevacizumab,83,wk12,90.0,358.0,Heidelberg Spectralis,1,0
494,Bevacizumab,107,wk16,87.0,419.0,Heidelberg Spectralis,0,0
494,Bevacizumab,138,wk20,84.0,409.0,Heidelberg Spectralis,1,0
494,Bevacizumab,174,wk24,86.0,360.0,Heidelberg Spectralis,0,0
494,Bevacizumab,194,wk28,85.0,343.0,Heidelberg Spectralis,0,0
494,Bevacizumab,217,wk32,99.0,376.0,Heidelberg Spectralis,1,0
494,Bevacizumab,249,wk36,92.0,364.0,Heidelberg Spectralis,0,0
494,Bevacizumab,274,wk40,85.0,352.0,Heidelberg Spectralis,1,0
494,Bevacizumab,302,wk44,84.0,360.0,Heidelberg Spectralis,1,0
494,Bevacizumab,338,wk48,92.0,391.0,Heidelberg Spectralis,0,0
494,Bevacizumab,371,wk52,88.0,358.0,Heidelberg Spectralis,0,0
494,Bevacizumab,391,wk56,93.0,379.0,Heidelberg Spectralis,1,0
494,Bevacizumab,420,wk60,87.0,329.0,Heidelberg Spectralis,1,1
494,Bevacizumab,510,wk72,86.0,372.0,Heidelberg Spectralis,1,0
494,Bevacizumab,554,wk80,89.0,383.0,Heidelberg Spectralis,1,0
494,Bevacizumab,668,wk96,79.0,342.0,Heidelberg Spectralis,0,0
494,Bevacizumab,701,wk100,87.0,335.0,Heidelberg Spectralis,1,0
494,Bevacizumab,733,wk104,83.0,336.0,Heidelberg Spectralis,0,0
495,Ranibizumab,0,baseline,59.0,310.0,Heidelberg Spectralis,1,0
495,Ranibizumab,33,wk4,63.0,344.0,Heidelberg Spectralis,1,0
495,Ranibizumab,62,wk8,65.0,236.0,Heidelberg Spectralis,1,0
495,Ranibizumab,90,wk12,63.0,207.0,Heidelberg Spectralis,1,0
495,Ranibizumab,107,wk16,64.0,207.0,Heidelberg Spectralis,0,0
495,Ranibizumab,143,wk20,60.0,232.0,Heidelberg Spectralis,0,0
495,Ranibizumab,174,wk24,63.0,202.0,Heidelberg Spectralis,1,0
495,Ranibizumab,197,wk28,66.0,236.0,Heidelberg Spectralis,1,0
495,Ranibizumab,223,wk32,63.0,233.0,Heidelberg Spectralis,0,0
495,Ranibizumab,257,wk36,62.0,184.0,Heidelberg Spectralis,0,0
495,Ranibizumab,274,wk40,64.0,,,1,0
495,Ranibizumab,309,wk44,75.0,,,0,0
495,Ranibizumab,333,wk48,59.0,194.0,Heidelberg Spectralis,0,0
495,Ranibizumab,371,wk52,65.0,210.0,Heidelberg Spectralis,1,0
495,Ranibizumab,391,wk56,62.0,235.0,Heidelberg Spectralis,0,0
495,Ranibizumab,422,wk60,71.0,186.0,Heidelberg Spectralis,0,0
495,Ranibizumab,477,wk68,66.0,213.0,Heidelberg Spectralis,0,0
495,Ranibizumab,499,wk72,63.0,,,0,0
495,Ranibizumab,525,wk76,66.0,184.0,Heidelberg Spectralis,0,0
495,Ranibizumab,564,wk80,64.0,214.0,Heidelberg Spectralis,0,0
495,Ranibizumab,616,wk88,62.0,168.0,Heidelberg Spectralis,1,0
495,Ranibizumab,703,wk100,75.0,150.0,Heidelberg Spectralis,1,0
495,Ranibizumab,732,wk104,69.0,168.0,Heidelberg Spectralis,0,0
496,Ranibizumab,0,baseline,73.0,468.0,Heidelberg Spectralis,1,0
496,Ranibizumab,32,wk4,79.0,448.0,Heidelberg Spectralis,1,0
496,Ranibizumab,63,wk8,75.0,441.0,Heidelberg Spectralis,1,0
496,Ranibizumab,79,wk12,82.0,374.0,Heidelberg Spectralis,1,0
496,Ranibizumab,110,wk16,85.0,363.0,Heidelberg Spectralis,1,0
496,Ranibizumab,142,wk20,82.0,362.0,Heidelberg Spectralis,1,0
496,Ranibizumab,175,wk24,81.0,353.0,Heidelberg Spectralis,1,0
496,Ranibizumab,190,wk28,83.0,383.0,Heidelberg Spectralis,1,0
496,Ranibizumab,217,wk32,76.0,322.0,Heidelberg Spectralis,0,0
496,Ranibizumab,254,wk36,77.0,,,0,0
496,Ranibizumab,278,wk40,79.0,332.0,Heidelberg Spectralis,0,0
496,Ranibizumab,303,wk44,75.0,348.0,Heidelberg Spectralis,0,0
496,Ranibizumab,338,wk48,79.0,319.0,Heidelberg Spectralis,1,0
496,Ranibizumab,371,wk52,82.0,347.0,Heidelberg Spectralis,1,0
496,Ranibizumab,389,wk56,78.0,323.0,Heidelberg Spectralis,1,0
496,Ranibizumab,483,wk68,86.0,280.0,Heidelberg Spectralis,1,0
496,Ranibizumab,509,wk72,87.0,354.0,Heidelberg Spectralis,1,0
496,Ranibizumab,530,wk76,93.0,254.0,Heidelberg Spectralis,0,0
496,Ranibizumab,561,wk80,89.0,333.0,Heidelberg Spectralis,1,0
496,Ranibizumab,591,wk84,84.0,294.0,Heidelberg Spectralis,0,0
496,Ranibizumab,645,wk92,87.0,271.0,Heidelberg Spectralis,1,0
496,Ranibizumab,693,wk100,91.0,313.0,Heidelberg Spectralis,1,0
496,Ranibizumab,721,wk104,92.0,267.0,Heidelberg Spectralis,0,0
497,Ranibizumab,0,baseline,71.0,736.0,Zeiss Cirrus,1,0
497,Ranibizumab,34,wk4,65.0,670.0,Zeiss Cirrus,1,0
497,Ranibizumab,59,wk8,66.0,509.0,Zeiss Cirrus,1,0
497,Ranibizumab,79,wk12,74.0,501.0,Zeiss Cirrus,1,0
497,Ranibizumab,115,wk16,69.0,419.0,Zeiss Cirrus,1,0
497,Ranibizumab,142,wk20,68.0,,,1,0
497,Ranibizumab,167,wk24,76.0,337.0,Zeiss Cirrus,1,0
497,Ranibizumab,189,wk28,73.0,358.0,Zeiss Cirrus,1,0
497,Ranibizumab,219,wk32,61.0,376.0,Zeiss Cirrus,1,1
497,Ranibizumab,246,wk36,77.0,379.0,Zeiss Cirrus,1,0
497,Ranibizumab,283,wk40,69.0,,,1,0
497,Ranibizumab,310,wk44,76.0,403.0,Zeiss Cirrus,1,0
497,Ranibizumab,337,wk48,69.0,342.0,Zeiss Cirrus,1,0
497,Ranibizumab,363,wk52,72.0,368.0,Zeiss Cirrus,0,0
497,Ranibizumab,451,wk64,70.0,338.0,Zeiss Cirrus,0,0
497,Ranibizumab,470,wk68,72.0,338.0,Zeiss Cirrus,1,0
497,Ranibizumab,501,wk72,76.0,378.0,Zeiss Cirrus,1,0
497,Ranibizumab,534,wk76,81.0,335.0,Zeiss Cirrus,1,0
497,Ranibizumab,563,wk80,69.0,377.0,Zeiss Cirrus,0,0
497,Ranibizumab,616,wk88,71.0,314.0,Zeiss Cirrus,1,0
497,Ranibizumab,669,wk96,77.0,330.0,Zeiss Cirrus,0,0
497,Ranibizumab,703,wk100,74.0,362.0,Zeiss Cirrus,0,0
497,Ranibizumab,722,wk104,70.0,307.0,Zeiss Cirrus,0,0
498,Aflibercept,0,baseline,62.0,424.0,Zeiss Cirrus,1,0
498,Aflibercept,35,wk4,76.0,437.0,Zeiss Cirrus,1,0
498,Aflibercept,58,wk8,73.0,414.0,Zeiss Cirrus,1,0
498,Aflibercept,91,wk12,78.0,407.0,Zeiss Cirrus,1,0
498,Aflibercept,107,wk16,85.0,353.0,Zeiss Cirrus,1,0
498,Aflibercept,137,wk20,84.0,378.0,Zeiss Cirrus,1,0
498,Aflibercept,168,wk24,84.0,400.0,Zeiss Cirrus,1,0
498,Aflibercept,194,wk28,91.0,,,1,0
498,Aflibercept,228,wk32,87.0,357.0,Zeiss Cirrus,1,0
498,Aflibercept,259,wk36,87.0,394.0,Zeiss Cirrus,1,0
498,Aflibercept,282,wk40,93.0,320.0,Zeiss Cirrus,0,0
498,Aflibercept,303,wk44,93.0,325.0,Zeiss Cirrus,0,0
498,Aflibercept,343,wk48,82.0,413.0,Zeiss Cirrus,1,0
498,Aflibercept,364,wk52,88.0,359.0,Zeiss Cirrus,1,0
498,Aflibercept,447,wk64,86.0,271.0,Zeiss Cirrus,1,0
498,Aflibercept,561,wk80,91.0,278.0,Zeiss Cirrus,0,0
498,Aflibercept,582,wk84,87.0,285.0,Zeiss Cirrus,1,0
498,Aflibercept,611,wk88,83.0,254.0,Zeiss Cirrus,1,0
498,Aflibercept,670,wk96,85.0,,,1,0
498,Aflibercept,698,wk100,85.0,169.0,Zeiss Cirrus,1,0
498,Aflibercept,725,wk104,84.0,223.0,Zeiss Cirrus,0,0
499,Bevacizumab,0,baseline,48.0,439.0,Zeiss Cirrus,1,0
499,Bevacizumab,33,wk4,58.0,412.0,Zeiss Cirrus,1,0
499,Bevacizumab,56,wk8,60.0,405.0,Zeiss Cirrus,1,0
499,Bevacizumab,83,wk12,58.0,365.0,Zeiss Cirrus,1,0
499,Bevacizumab,116,wk16,60.0,353.0,Zeiss Cirrus,1,0
499,Bevacizumab,142,wk20,54.0,435.0,Zeiss Cirrus,1,0
499,Bevacizumab,166,wk24,59.0,338.0,Zeiss Cirrus,0,0
499,Bevacizumab,203,wk28,64.0,315.0,Zeiss Cirrus,0,0
499,Bevacizumab,222,wk32,66.0,,,1,0
499,Bevacizumab,246,wk36,70.0,363.0,Zeiss Cirrus,0,0
499,Bevacizumab,287,wk40,62.0,,,1,0
499,Bevacizumab,304,wk44,67.0,,,1,0
499,Bevacizumab,338,wk48,63.0,351.0,Zeiss Cirrus,1,0
499,Bevacizumab,368,wk52,67.0,360.0,Zeiss Cirrus,1,0
499,Bevacizumab,395,wk56,67.0,372.0,Zeiss Cirrus,1,0
499,Bevacizumab,507,wk72,72.0,361.0,Zeiss Cirrus,0,0
499,Bevacizumab,537,wk76,60.0,322.0,Zeiss Cirrus,1,0
499,Bevacizumab,554,wk80,68.0,413.0,Zeiss Cirrus,0,0
499,Bevacizumab,584,wk84,61.0,362.0,Zeiss Cirrus,0,0
499,Bevacizumab,669,wk96,59.0,332.0,Zeiss Cirrus,0,0
499,Bevacizumab,734,wk104,58.0,338.0,Zeiss Cirrus,0,0
500,Aflibercept,0,baseline,49.0,513.0,Heidelberg Spectralis,1,0
500,Aflibercept,33,wk4,53.0,402.0,Heidelberg Spectralis,1,0
500,Aflibercept,58,wk8,58.0,386.0,Heidelberg Spectralis,1,0
500,Aflibercept,79,wk12,60.0,341.0,Heidelberg Spectralis,1,0
500,Aflibercept,115,wk16,63.0,,,1,0
500,Aflibercept,143,wk20,68.0,339.0,Heidelberg Spectralis,1,0
500,Aflibercept,172,wk24,71.0,277.0,Heidelberg Spectralis,1,0
500,Aflibercept,200,wk28,66.0,255.0,Heidelberg Spectralis,0,0
500,Aflibercept,222,wk32,73.0,273.0,Heidelberg Spectralis,0,0
500,Aflibercept,258,wk36,69.0,,,1,0
500,Aflibercept,274,wk40,74.0,318.0,Heidelberg Spectralis,0,0
500,Aflibercept,301,wk44,73.0,296.0,Heidelberg Spectralis,1,0
500,Aflibercept,339,wk48,72.0,,,1,1
500,Aflibercept,366,wk52,71.0,261.0,Heidelberg Spectralis,0,0
500,Aflibercept,392,wk56,73.0,339.0,Heidelberg Spectralis,0,0
500,Aflibercept,427,wk60,74.0,280.0,Heidelberg Spectralis,1,0
500,Aflibercept,497,wk72,71.0,257.0,Heidelberg Spectralis,1,0
500,Aflibercept,535,wk76,67.0,227.0,Heidelberg Spectralis,0,0
500,Aflibercept,583,wk84,72.0,279.0,Heidelberg Spectralis,0,0
500,Aflibercept,693,wk100,69.0,264.0,Heidelberg Spectralis,0,1
500,Aflibercept,735,wk104,73.0,265.0,Heidelberg Spectralis,0,0
501,Aflibercept,0,baseline,78.0,417.0,Zeiss Cirrus,1,0
501,Aflibercept,32,wk4,80.0,409.0,Zeiss Cirrus,1,0
501,Aflibercept,50,wk8,83.0,338.0,Zeiss Cirrus,1,0
501,Aflibercept,82,wk12,82.0,,,1,0
501,Aflibercept,114,wk16,79.0,360.0,Zeiss Cirrus,0,0
501,Aflibercept,146,wk20,74.0,340.0,Zeiss Cirrus,1,0
501,Aflibercept,164,wk24,78.0,368.0,Zeiss Cirrus,1,0
501,Aflibercept,195,wk28,89.0,342.0,Zeiss Cirrus,1,0
501,Aflibercept,223,wk32,80.0,341.0,Zeiss Cirrus,0,0
501,Aflibercept,245,wk36,88.0,332.0,Zeiss Cirrus,0,0
501,Aflibercept,278,wk40,85.0,382.0,Zeiss Cirrus,1,0
501,Aflibercept,307,wk44,90.0,373.0,Zeiss Cirrus,1,0
501,Aflibercept,334,wk48,86.0,348.0,Zeiss Cirrus,1,0
501,Aflibercept,362,wk52,85.0,332.0,Zeiss Cirrus,0,0
501,Aflibercept,386,wk56,83.0,308.0,Zeiss Cirrus,0,0
501,Aflibercept,445,wk64,91.0,289.0,Zeiss Cirrus,0,0
501,Aflibercept,505,wk72,87.0,259.0,Zeiss Cirrus,1,0
501,Aflibercept,532,wk76,91.0,315.0,Zeiss Cirrus,1,0
501,Aflibercept,612,wk88,89.0,,,0,0
501,Aflibercept,679,wk96,86.0,244.0,Zeiss Cirrus,1,0
501,Aflibercept,725,wk104,93.0,215.0,Zeiss Cirrus,0,0
502,Ranibizumab,0,baseline,68.0,467.0,Zeiss Cirrus,1,0
502,Ranibizumab,23,wk4,68.0,446.0,Zeiss Cirrus,1,0
502,Ranibizumab,58,wk8,66.0,415.0,Zeiss Cirrus,1,0
502,Ranibizumab,91,wk12,65.0,368.0,Zeiss Cirrus,1,0
502,Ranibizumab,118,wk16,63.0,373.0,Zeiss Cirrus,1,0
502,Ranibizumab,147,wk20,69.0,413.0,Zeiss Cirrus,1,0
502,Ranibizumab,175,wk24,65.0,360.0,Zeiss Cirrus,0,0
502,Ranibizumab,198,wk28,66.0,,,0,0
502,Ranibizumab,224,wk32,73.0,384.0,Zeiss Cirrus,1,0
502,Ranibizumab,249,wk36,67.0,351.0,Zeiss Cirrus,0,0
502,Ranibizumab,278,wk40,64.0,371.0,Zeiss Cirrus,0,0
502,Ranibizumab,311,wk44,69.0,358.0,Zeiss Cirrus,0,0
502,Ranibizumab,330,wk48,72.0,368.0,Zeiss Cirrus,1,0
502,Ranibizumab,365,wk52,67.0,352.0,Zeiss Cirrus,1,0
502,Ranibizumab,395,wk56,65.0,363.0,Zeiss Cirrus,1,0
502,Ranibizumab,426,wk60,77.0,371.0,Zeiss Cirrus,0,0
502,Ranibizumab,442,wk64,67.0,,,0,0
502,Ranibizumab,499,wk72,69.0,364.0,Zeiss Cirrus,1,0
502,Ranibizumab,527,wk76,72.0,,,1,0
502,Ranibizumab,560,wk80,71.0,345.0,Zeiss Cirrus,0,0
502,Ranibizumab,586,wk84,71.0,306.0,Zeiss Cirrus,0,0
502,Ranibizumab,678,wk96,77.0,361.0,Zeiss Cirrus,1,0
502,Ranibizumab,732,wk104,75.0,351.0,Zeiss Cirrus,0,0
503,Aflibercept,0,baseline,78.0,470.0,Zeiss Cirrus,1,0
503,Aflibercept,27,wk4,77.0,380.0,Zeiss Cirrus,1,0
503,Aflibercept,58,wk8,78.0,341.0,Zeiss Cirrus,1,0
503,Aflibercept,79,wk12,74.0,318.0,Zeiss Cirrus,1,0
503,Aflibercept,117,wk16,76.0,317.0,Zeiss Cirrus,0,0
503,Aflibercept,145,wk20,77.0,313.0,Zeiss Cirrus,0,0
503,Aflibercept,169,wk24,66.0,,,0,0
503,Aflibercept,190,wk28,73.0,,,1,0
503,Aflibercept,221,wk32,76.0,253.0,Zeiss Cirrus,0,0
503,Aflibercept,248,wk36,75.0,266.0,Zeiss Cirrus,0,0
503,Aflibercept,287,wk40,68.0,232.0,Zeiss Cirrus,1,0
503,Aflibercept,312,wk44,74.0,,,0,0
503,Aflibercept,331,wk48,76.0,264.0,Zeiss Cirrus,0,0
503,Aflibercept,367,wk52,72.0,268.0,Zeiss Cirrus,1,0
503,Aflibercept,442,wk64,79.0,228.0,Zeiss Cirrus,0,0
503,Aflibercept,479,wk68,75.0,,,0,0
503,Aflibercept,585,wk84,74.0,308.0,Zeiss Cirrus,1,0
503,Aflibercept,675,wk96,82.0,,,0,0
503,Aflibercept,722,wk104,81.0,253.0,Zeiss Cirrus,0,0
504,Aflibercept,0,baseline,76.0,378.0,Heidelberg Spectralis,1,0
504,Aflibercept,27,wk4,76.0,357.0,Heidelberg Spectralis,1,0
504,Aflibercept,59,wk8,83.0,338.0,Heidelberg Spectralis,1,0
504,Aflibercept,83,wk12,72.0,375.0,Heidelberg Spectralis,1,0
504,Aflibercept,108,wk16,76.0,324.0,Heidelberg Spectralis,1,0
504,Aflibercept,138,wk20,83.0,314.0,Heidelberg Spectralis,1,0
504,Aflibercept,166,wk24,80.0,338.0,Heidelberg Spectralis,0,0
504,Aflibercept,197,wk28,77.0,281.0,Heidelberg Spectralis,1,0
504,Aflibercept,223,wk32,80.0,295.0,Heidelberg Spectralis,1,0
504,Aflibercept,259,wk36,78.0,346.0,Heidelberg Spectralis,0,0
504,Aflibercept,285,wk40,82.0,385.0,Heidelberg Spectralis,1,0
504,Aflibercept,303,wk44,74.0,363.0,Heidelberg Spectralis,0,0
504,Aflibercept,331,wk48,78.0,,,1,0
504,Aflibercept,362,wk52,80.0,322.0,Heidelberg Spectralis,0,0
504,Aflibercept,393,wk56,79.0,313.0,Heidelberg Spectralis,1,0
504,Aflibercept,453,wk64,78.0,284.0,Heidelberg Spectralis,0,0
504,Aflibercept,472,wk68,78.0,264.0,Heidelberg Spectralis,0,0
504,Aflibercept,531,wk76,83.0,252.0,Heidelberg Spectralis,1,0
504,Aflibercept,640,wk92,82.0,268.0,Heidelberg Spectralis,1,0
504,Aflibercept,702,wk100,79.0,,,1,0
504,Aflibercept,721,wk104,83.0,265.0,Heidelberg Spectralis,0,0
505,Aflibercept,0,baseline,59.0,419.0,Zeiss Cirrus,1,0
505,Aflibercept,23,wk4,64.0,402.0,Zeiss Cirrus,1,0
505,Aflibercept,62,wk8,74.0,,,1,0
505,Aflibercept,87,wk12,71.0,398.0,Zeiss Cirrus,1,0
505,Aflibercept,106,wk16,71.0,310.0,Zeiss Cirrus,0,0
505,Aflibercept,142,wk20,81.0,332.0,Zeiss Cirrus,1,0
505,Aflibercept,162,wk24,83.0,315.0,Zeiss Cirrus,0,0
505,Aflibercept,192,wk28,81.0,403.0,Zeiss Cirrus,0,0
505,Aflibercept,220,wk32,79.0,319.0,Zeiss Cirrus,0,0
505,Aflibercept,258,wk36,81.0,333.0,Zeiss Cirrus,1,0
505,Aflibercept,277,wk40,83.0,324.0,Zeiss Cirrus,0,0
505,Aflibercept,308,wk44,74.0,,,1,0
505,Aflibercept,332,wk48,83.0,310.0,Zeiss Cirrus,1,0
505,Aflibercept,359,wk52,81.0,329.0,Zeiss Cirrus,0,0
505,Aflibercept,388,wk56,91.0,272.0,Zeiss Cirrus,1,0
505,Aflibercept,454,wk64,81.0,244.0,Zeiss Cirrus,1,0
505,Aflibercept,497,wk72,92.0,284.0,Zeiss Cirrus,1,0
505,Aflibercept,619,wk88,72.0,255.0,Zeiss Cirrus,0,0
505,Aflibercept,638,wk92,89.0,293.0,Zeiss Cirrus,1,0
505,Aflibercept,668,wk96,85.0,356.0,Zeiss Cirrus,1,0
505,Aflibercept,729,wk104,82.0,302.0,Zeiss Cirrus,0,0
506,Aflibercept,0,baseline,60.0,510.0,Zeiss Cirrus,1,0
506,Aflibercept,26,wk4,61.0,516.0,Zeiss Cirrus,1,0
506,Aflibercept,56,wk8,68.0,456.0,Zeiss Cirrus,1,0
506,Aflibercept,77,wk12,83.0,446.0,Zeiss Cirrus,1,0
506,Aflibercept,115,wk16,78.0,414.0,Zeiss Cirrus,1,0
506,Aflibercept,141,wk20,81.0,425.0,Zeiss Cirrus,1,0
506,Aflibercept,171,wk24,78.0,388.0,Zeiss Cirrus,0,0
506,Aflibercept,199,wk28,85.0,431.0,Zeiss Cirrus,0,0
506,Aflibercept,228,wk32,85.0,416.0,Zeiss Cirrus,1,0
506,Aflibercept,256,wk36,88.0,427.0,Zeiss Cirrus,1,0
506,Aflibercept,274,wk40,87.0,,,0,0
506,Aflibercept,309,wk44,79.0,374.0,Zeiss Cirrus,1,0
506,Aflibercept,339,wk48,78.0,397.0,Zeiss Cirrus,1,0
506,Aflibercept,368,wk52,84.0,,,0,0
506,Aflibercept,395,wk56,89.0,424.0,Zeiss Cirrus,0,0
506,Aflibercept,442,wk64,85.0,401.0,Zeiss Cirrus,0,0
506,Aflibercept,510,wk72,88.0,374.0,Zeiss Cirrus,1,0
506,Aflibercept,535,wk76,91.0,397.0,Zeiss Cirrus,0,0
506,Aflibercept,622,wk88,94.0,433.0,Zeiss Cirrus,1,0
506,Aflibercept,651,wk92,94.0,399.0,Zeiss Cirrus,1,0
506,Aflibercept,726,wk104,92.0,430.0,Zeiss Cirrus,0,0
507,Aflibercept,0,baseline,68.0,559.0,Heidelberg Spectralis,1,0
507,Aflibercept,21,wk4,75.0,500.0,Heidelberg Spectralis,1,0
507,Aflibercept,55,wk8,78.0,460.0,Heidelberg Spectralis,1,0
507,Aflibercept,81,wk12,81.0,410.0,Heidelberg Spectralis,1,0
507,Aflibercept,115,wk16,81.0,426.0,Heidelberg Spectralis,1,0
507,Aflibercept,139,wk20,79.0,386.0,Heidelberg Spectralis,1,0
507,Aflibercept,175,wk24,80.0,362.0,Heidelberg Spectralis,1,1
507,Aflibercept,189,wk28,78.0,387.0,Heidelberg Spectralis,0,0
507,Aflibercept,222,wk32,79.0,392.0,Heidelberg Spectralis,0,0
507,Aflibercept,249,wk36,86.0,412.0,Heidelberg Spectralis,1,0
507,Aflibercept,287,wk40,78.0,391.0,Heidelberg Spectralis,0,0
507,Aflibercept,311,wk44,82.0,383.0,Heidelberg Spectralis,0,0
507,Aflibercept,334,wk48,83.0,370.0,Heidelberg Spectralis,0,0
507,Aflibercept,359,wk52,82.0,379.0,Heidelberg Spectralis,0,0
507,Aflibercept,473,wk68,74.0,326.0,Heidelberg Spectralis,1,0
507,Aflibercept,506,wk72,67.0,362.0,Heidelberg Spectralis,0,0
507,Aflibercept,622,wk88,78.0,367.0,Heidelberg Spectralis,1,0
507,Aflibercept,640,wk92,88.0,,,0,0
507,Aflibercept,665,wk96,81.0,321.0,Heidelberg Spectralis,0,0
507,Aflibercept,725,wk104,76.0,330.0,Heidelberg Spectralis,0,0
508,Aflibercept,0,baseline,70.0,608.0,Heidelberg Spectralis,1,0
508,Aflibercept,29,wk4,80.0,447.0,Heidelberg Spectralis,1,0
508,Aflibercept,57,wk8,78.0,483.0,Heidelberg Spectralis,1,0
508,Aflibercept,87,wk12,78.0,,,1,0
508,Aflibercept,118,wk16,86.0,354.0,Heidelberg Spectralis,1,0
508,Aflibercept,145,wk20,93.0,377.0,Heidelberg Spectralis,1,0
508,Aflibercept,170,wk24,87.0,257.0,Heidelberg Spectralis,0,0
508,Aflibercept,200,wk28,82.0,317.0,Heidelberg Spectralis,1,0
508,Aflibercept,221,wk32,75.0,356.0,Heidelberg Spectralis,0,0
508,Aflibercept,255,wk36,91.0,,,0,0
508,Aflibercept,273,wk40,76.0,369.0,Heidelberg Spectralis,1,1
508,Aflibercept,315,wk44,89.0,329.0,Heidelberg Spectralis,1,0
508,Aflibercept,331,wk48,77.0,389.0,Heidelberg Spectralis,0,0
508,Aflibercept,358,wk52,87.0,330.0,Heidelberg Spectralis,0,0
508,Aflibercept,455,wk64,92.0,351.0,Heidelberg Spectralis,0,0
508,Aflibercept,537,wk76,89.0,302.0,Heidelberg Spectralis,1,0
508,Aflibercept,622,wk88,93.0,,,1,0
508,Aflibercept,641,wk92,87.0,,,1,0
508,Aflibercept,667,wk96,76.0,318.0,Heidelberg Spectralis,0,0
508,Aflibercept,732,wk104,85.0,323.0,Heidelberg Spectralis,0,0
509,Bevacizumab,0,baseline,75.0,489.0,Heidelberg Spectralis,1,0
509,Bevacizumab,24,wk4,79.0,367.0,Heidelberg Spectralis,1,0
509,Bevacizumab,62,wk8,88.0,,,1,0
509,Bevacizumab,85,wk12,86.0,338.0,Heidelberg Spectralis,1,0
509,Bevacizumab,118,wk16,90.0,320.0,Heidelberg Spectralis,1,0
509,Bevacizumab,138,wk20,95.0,304.0,Heidelberg Spectralis,0,0
509,Bevacizumab,162,wk24,96.0,,,0,1
509,Bevacizumab,203,wk28,87.0,260.0,Heidelberg Spectralis,0,0
509,Bevacizumab,228,wk32,95.0,270.0,Heidelberg Spectralis,1,0
509,Bevacizumab,248,wk36,94.0,,,1,0
509,Bevacizumab,285,wk40,92.0,256.0,Heidelberg Spectralis,0,0
509,Bevacizumab,312,wk44,92.0,250.0,Heidelberg Spectralis,0,0
509,Bevacizumab,338,wk48,89.0,294.0,Heidelberg Spectralis,0,0
509,Bevacizumab,366,wk52,94.0,254.0,Heidelberg Spectralis,1,0
509,Bevacizumab,387,wk56,96.0,254.0,Heidelberg Spectralis,0,0
509,Bevacizumab,451,wk64,99.0,254.0,Heidelberg Spectralis,1,0
509,Bevacizumab,483,wk68,95.0,286.0,Heidelberg Spectralis,1,0
509,Bevacizumab,528,wk76,100.0,243.0,Heidelberg Spectralis,1,0
509,Bevacizumab,615,wk88,94.0,259.0,Heidelberg Spectralis,0,0
509,Bevacizumab,641,wk92,100.0,320.0,Heidelberg Spectralis,1,0
509,Bevacizumab,669,wk96,100.0,250.0,Heidelberg Spectralis,1,0
509,Bevacizumab,728,wk104,100.0,258.0,Heidelberg Spectralis,0,0
510,Aflibercept,0,baseline,71.0,491.0,Heidelberg Spectralis,1,0
510,Aflibercept,21,wk4,78.0,456.0,Heidelberg Spectralis,1,0
510,Aflibercept,61,wk8,70.0,,,1,0
510,Aflibercept,91,wk12,77.0,337.0,Heidelberg Spectralis,1,0
510,Aflibercept,113,wk16,78.0,378.0,Heidelberg Spectralis,1,0
510,Aflibercept,134,wk20,75.0,312.0,Heidelberg Spectralis,1,0
510,Aflibercept,163,wk24,72.0,,,0,0
510,Aflibercept,203,wk28,85.0,304.0,Heidelberg Spectralis,0,0
510,Aflibercept,228,wk32,74.0,275.0,Heidelberg Spectralis,1,0
510,Aflibercept,258,wk36,79.0,,,1,0
510,Aflibercept,277,wk40,82.0,359.0,Heidelberg Spectralis,1,0
510,Aflibercept,312,wk44,76.0,331.0,Heidelberg Spectralis,0,0
510,Aflibercept,340,wk48,94.0,327.0,Heidelberg Spectralis,1,0
510,Aflibercept,364,wk52,78.0,321.0,Heidelberg Spectralis,0,0
510,Aflibercept,394,wk56,72.0,334.0,Heidelberg Spectralis,1,0
510,Aflibercept,472,wk68,83.0,223.0,Heidelberg Spectralis,1,0
510,Aflibercept,539,wk76,74.0,,,1,0
510,Aflibercept,614,wk88,74.0,,,0,0
510,Aflibercept,650,wk92,78.0,336.0,Heidelberg Spectralis,1,0
510,Aflibercept,723,wk104,72.0,278.0,Heidelberg Spectralis,0,0
511,Bevacizumab,0,baseline,67.0,511.0,Zeiss Cirrus,1,0
511,Bevacizumab,26,wk4,72.0,463.0,Zeiss Cirrus,1,0
511,Bevacizumab,63,wk8,75.0,482.0,Zeiss Cirrus,1,0
511,Bevacizumab,84,wk12,78.0,415.0,Zeiss Cirrus,1,0
511,Bevacizumab,106,wk16,71.0,437.0,Zeiss Cirrus,1,0
511,Bevacizumab,146,wk20,78.0,461.0,Zeiss Cirrus,0,0
511,Bevacizumab,168,wk24,70.0,456.0,Zeiss Cirrus,0,0
511,Bevacizumab,198,wk28,83.0,,,0,0
511,Bevacizumab,223,wk32,79.0,383.0,Zeiss Cirrus,0,0
511,Bevacizumab,254,wk36,75.0,439.0,Zeiss Cirrus,1,0
511,Bevacizumab,286,wk40,70.0,,,0,1
511,Bevacizumab,304,wk44,78.0,397.0,Zeiss Cirrus,0,0
511,Bevacizumab,333,wk48,78.0,381.0,Zeiss Cirrus,0,0
511,Bevacizumab,369,wk52,78.0,403.0,Zeiss Cirrus,0,0
511,Bevacizumab,392,wk56,73.0,396.0,Zeiss Cirrus,0,0
511,Bevacizumab,455,wk64,82.0,470.0,Zeiss Cirrus,1,0
511,Bevacizumab,534,wk76,77.0,425.0,Zeiss Cirrus,1,0
511,Bevacizumab,584,wk84,77.0,442.0,Zeiss Cirrus,0,0
511,Bevacizumab,671,wk96,77.0,496.0,Zeiss Cirrus,0,0
511,Bevacizumab,726,wk104,78.0,433.0,Zeiss Cirrus,0,0
512,Ranibizumab,0,baseline,78.0,399.0,Heidelberg Spectralis,1,0
512,Ranibizumab,24,wk4,78.0,399.0,Heidelberg Spectralis,1,0
512,Ranibizumab,57,wk8,81.0,344.0,Heidelberg Spectralis,1,0
512,Ranibizumab,78,wk12,81.0,336.0,Heidelberg Spectralis,1,0
512,Ranibizumab,118,wk16,80.0,,,1,0
512,Ranibizumab,136,wk20,80.0,332.0,Heidelberg Spectralis,1,0
512,Ranibizumab,163,wk24,85.0,362.0,Heidelberg Spectralis,1,0
512,Ranibizumab,195,wk28,81.0,342.0,Heidelberg Spectralis,1,0
512,Ranibizumab,224,wk32,83.0,310.0,Heidelberg Spectralis,1,0
512,Ranibizumab,246,wk36,75.0,,,1,0
512,Ranibizumab,283,wk40,83.0,298.0,Heidelberg Spectralis,1,0
512,Ranibizumab,303,wk44,78.0,305.0,Heidelberg Spectralis,1,0
512,Ranibizumab,329,wk48,78.0,329.0,Heidelberg Spectralis,0,0
512,Ranibizumab,370,wk52,81.0,307.0,Heidelberg Spectralis,1,0
512,Ranibizumab,475,wk68,79.0,293.0,Heidelberg Spectralis,1,0
512,Ranibizumab,533,wk76,76.0,250.0,Heidelberg Spectralis,0,0
512,Ranibizumab,558,wk80,83.0,327.0,Heidelberg Spectralis,1,0
512,Ranibizumab,582,wk84,90.0,360.0,Heidelberg Spectralis,1,0
512,Ranibizumab,621,wk88,79.0,,,0,0
512,Ranibizumab,639,wk92,81.0,271.0,Heidelberg Spectralis,0,0
512,Ranibizumab,730,wk104,85.0,313.0,Heidelberg Spectralis,0,0
513,Aflibercept,0,baseline,75.0,370.0,Zeiss Cirrus,1,0
513,Aflibercept,28,wk4,73.0,299.0,Zeiss Cirrus,1,0
513,Aflibercept,58,wk8,72.0,273.0,Zeiss Cirrus,1,0
513,Aflibercept,82,wk12,78.0,218.0,Zeiss Cirrus,1,0
513,Aflibercept,112,wk16,74.0,173.0,Zeiss Cirrus,0,0
513,Aflibercept,141,wk20,82.0,218.0,Zeiss Cirrus,1,0
513,Aflibercept,169,wk24,74.0,158.0,Zeiss Cirrus,1,0
513,Aflibercept,191,wk28,79.0,150.0,Zeiss Cirrus,0,0
513,Aflibercept,224,wk32,70.0,150.0,Zeiss Cirrus,0,0
513,Aflibercept,254,wk36,81.0,150.0,Zeiss Cirrus,1,0
513,Aflibercept,273,wk40,86.0,169.0,Zeiss Cirrus,0,1
513,Aflibercept,307,wk44,77.0,150.0,Zeiss Cirrus,1,0
513,Aflibercept,331,wk48,84.0,151.0,Zeiss Cirrus,0,0
513,Aflibercept,357,wk52,79.0,150.0,Zeiss Cirrus,1,0
513,Aflibercept,413,wk60,78.0,163.0,Zeiss Cirrus,0,0
513,Aflibercept,454,wk64,80.0,150.0,Zeiss Cirrus,0,0
513,Aflibercept,483,wk68,83.0,,,0,0
513,Aflibercept,504,wk72,79.0,169.0,Zeiss Cirrus,1,0
513,Aflibercept,616,wk88,83.0,,,1,0
513,Aflibercept,701,wk100,81.0,190.0,Zeiss Cirrus,0,0
513,Aflibercept,729,wk104,80.0,150.0,Zeiss Cirrus,0,0
514,Ranibizumab,0,baseline,71.0,442.0,Heidelberg Spectralis,1,0
514,Ranibizumab,26,wk4,71.0,386.0,Heidelberg Spectralis,1,0
514,Ranibizumab,60,wk8,78.0,427.0,Heidelberg Spectralis,1,0
514,Ranibizumab,84,wk12,78.0,,,1,0
514,Ranibizumab,114,wk16,76.0,382.0,Heidelberg Spectralis,1,0
514,Ranibizumab,136,wk20,82.0,377.0,Heidelberg Spectralis,0,0
514,Ranibizumab,162,wk24,73.0,,,1,0
514,Ranibizumab,200,wk28,76.0,428.0,Heidelberg Spectralis,1,0
514,Ranibizumab,220,wk32,81.0,373.0,Heidelberg Spectralis,1,0
514,Ranibizumab,257,wk36,78.0,397.0,Heidelberg Spectralis,1,1
514,Ranibizumab,278,wk40,83.0,343.0,Heidelberg Spectralis,0,0
514,Ranibizumab,311,wk44,75.0,355.0,Heidelberg Spectralis,0,0
514,Ranibizumab,339,wk48,77.0,404.0,Heidelberg Spectralis,1,0
514,Ranibizumab,357,wk52,80.0,364.0,Heidelberg Spectralis,1,0
514,Ranibizumab,396,wk56,76.0,315.0,Heidelberg Spectralis,1,0
514,Ranibizumab,483,wk68,76.0,407.0,Heidelberg Spectralis,0,0
514,Ranibizumab,501,wk72,76.0,357.0,Heidelberg Spectralis,1,0
514,Ranibizumab,564,wk80,87.0,,,0,0
514,Ranibizumab,645,wk92,87.0,388.0,Heidelberg Spectralis,0,0
514,Ranibizumab,673,wk96,85.0,401.0,Heidelberg Spectralis,1,0
514,Ranibizumab,735,wk104,87.0,449.0,Heidelberg Spectralis,0,0
515,Bevacizumab,0,baseline,43.0,320.0,Zeiss Cirrus,1,0
515,Bevacizumab,33,wk4,58.0,302.0,Zeiss Cirrus,1,0
515,Bevacizumab,50,wk8,63.0,,,1,0
515,Bevacizumab,78,wk12,64.0,311.0,Zeiss Cirrus,1,0
515,Bevacizumab,118,wk16,66.0,301.0,Zeiss Cirrus,1,0
515,Bevacizumab,141,wk20,72.0,285.0,Zeiss Cirrus,0,0
515,Bevacizumab,168,wk24,66.0,291.0,Zeiss Cirrus,0,0
515,Bevacizumab,198,wk28,74.0,265.0,Zeiss Cirrus,1,0
515,Bevacizumab,226,wk32,75.0,243.0,Zeiss Cirrus,0,0
515,Bevacizumab,256,wk36,72.0,237.0,Zeiss Cirrus,0,1
515,Bevacizumab,287,wk40,67.0,192.0,Zeiss Cirrus,0,0
515,Bevacizumab,306,wk44,75.0,245.0,Zeiss Cirrus,1,0
515,Bevacizumab,338,wk48,73.0,270.0,Zeiss Cirrus,0,0
515,Bevacizumab,359,wk52,71.0,254.0,Zeiss Cirrus,1,0
515,Bevacizumab,450,wk64,65.0,281.0,Zeiss Cirrus,0,0
515,Bevacizumab,471,wk68,79.0,326.0,Zeiss Cirrus,1,0
515,Bevacizumab,508,wk72,72.0,304.0,Zeiss Cirrus,0,0
515,Bevacizumab,582,wk84,82.0,276.0,Zeiss Cirrus,0,0
515,Bevacizumab,645,wk92,82.0,275.0,Zeiss Cirrus,0,0
515,Bevacizumab,724,wk104,80.0,285.0,Zeiss Cirrus,0,0
516,Ranibizumab,0,baseline,61.0,497.0,Heidelberg Spectralis,1,0
516,Ranibizumab,28,wk4,65.0,435.0,Heidelberg Spectralis,1,0
516,Ranibizumab,63,wk8,73.0,429.0,Heidelberg Spectralis,1,0
516,Ranibizumab,79,wk12,76.0,407.0,Heidelberg Spectralis,1,0
516,Ranibizumab,107,wk16,78.0,363.0,Heidelberg Spectralis,0,0
516,Ranibizumab,147,wk20,77.0,365.0,Heidelberg Spectralis,1,0
516,Ranibizumab,168,wk24,74.0,373.0,Heidelberg Spectralis,0,0
516,Ranibizumab,191,wk28,85.0,386.0,Heidelberg Spectralis,0,0
516,Ranibizumab,224,wk32,83.0,393.0,Heidelberg Spectralis,0,0
516,Ranibizumab,250,wk36,77.0,367.0,Heidelberg Spectralis,0,0
516,Ranibizumab,282,wk40,84.0,360.0,Heidelberg Spectralis,0,0
516,Ranibizumab,309,wk44,80.0,372.0,Heidelberg Spectralis,0,1
516,Ranibizumab,332,wk48,87.0,381.0,Heidelberg Spectralis,1,0
516,Ranibizumab,358,wk52,83.0,382.0,Heidelberg Spectralis,1,0
516,Ranibizumab,389,wk56,84.0,375.0,Heidelberg Spectralis,0,0
516,Ranibizumab,481,wk68,90.0,397.0,Heidelberg Spectralis,1,0
516,Ranibizumab,506,wk72,89.0,288.0,Heidelberg Spectralis,0,0
516,Ranibizumab,611,wk88,84.0,332.0,Heidelberg Spectralis,0,0
516,Ranibizumab,646,wk92,85.0,,,1,0
516,Ranibizumab,676,wk96,85.0,316.0,Heidelberg Spectralis,1,0
516,Ranibizumab,732,wk104,86.0,305.0,Heidelberg Spectralis,0,0
517,Ranibizumab,0,baseline,50.0,574.0,Heidelberg Spectralis,1,0
517,Ranibizumab,23,wk4,63.0,494.0,Heidelberg Spectralis,1,0
517,Ranibizumab,56,wk8,62.0,559.0,Heidelberg Spectralis,1,0
517,Ranibizumab,88,wk12,67.0,502.0,Heidelberg Spectralis,1,0
517,Ranibizumab,105,wk16,67.0,524.0,Heidelberg Spectralis,1,0
517,Ranibizumab,135,wk20,69.0,487.0,Heidelberg Spectralis,1,0
517,Ranibizumab,171,wk24,77.0,484.0,Heidelberg Spectralis,1,0
517,Ranibizumab,203,wk28,77.0,447.0,Heidelberg Spectralis,0,0
517,Ranibizumab,224,wk32,79.0,504.0,Heidelberg Spectralis,1,0
517,Ranibizumab,247,wk36,77.0,505.0,Heidelberg Spectralis,1,0
517,Ranibizumab,285,wk40,72.0,,,1,0
517,Ranibizumab,308,wk44,74.0,473.0,Heidelberg Spectralis,0,0
517,Ranibizumab,330,wk48,77.0,530.0,Heidelberg Spectralis,1,0
517,Ranibizumab,362,wk52,76.0,478.0,Heidelberg Spectralis,0,1
517,Ranibizumab,386,wk56,69.0,,,1,0
518,Bevacizumab,0,baseline,74.0,364.0,Zeiss Cirrus,1,0
518,Bevacizumab,35,wk4,75.0,,,1,0
518,Bevacizumab,53,wk8,74.0,318.0,Zeiss Cirrus,1,0
518,Bevacizumab,88,wk12,76.0,396.0,Zeiss Cirrus,1,0
518,Bevacizumab,115,wk16,78.0,353.0,Zeiss Cirrus,0,0
518,Bevacizumab,146,wk20,73.0,349.0,Zeiss Cirrus,0,0
518,Bevacizumab,174,wk24,71.0,,,0,0
518,Bevacizumab,189,wk28,70.0,315.0,Zeiss Cirrus,0,0
518,Bevacizumab,223,wk32,64.0,348.0,Zeiss Cirrus,0,0
518,Bevacizumab,249,wk36,76.0,,,1,0
518,Bevacizumab,274,wk40,66.0,,,1,0
518,Bevacizumab,309,wk44,76.0,,,0,0
518,Bevacizumab,329,wk48,78.0,298.0,Zeiss Cirrus,0,0
518,Bevacizumab,359,wk52,74.0,314.0,Zeiss Cirrus,1,0
518,Bevacizumab,481,wk68,70.0,358.0,Zeiss Cirrus,0,0
518,Bevacizumab,506,wk72,71.0,292.0,Zeiss Cirrus,0,0
518,Bevacizumab,583,wk84,78.0,340.0,Zeiss Cirrus,0,0
518,Bevacizumab,674,wk96,74.0,429.0,Zeiss Cirrus,0,0
518,Bevacizumab,704,wk100,73.0,347.0,Zeiss Cirrus,0,0
518,Bevacizumab,721,wk104,69.0,403.0,Zeiss Cirrus,0,0
519,Ranibizumab,0,baseline,78.0,475.0,Zeiss Cirrus,1,0
519,Ranibizumab,23,wk4,75.0,404.0,Zeiss Cirrus,1,0
519,Ranibizumab,63,wk8,78.0,358.0,Zeiss Cirrus,1,0
519,Ranibizumab,84,wk12,69.0,,,1,0
519,Ranibizumab,110,wk16,72.0,394.0,Zeiss Cirrus,1,0
519,Ranibizumab,146,wk20,75.0,332.0,Zeiss Cirrus,1,0
519,Ranibizumab,161,wk24,83.0,,,1,1
519,Ranibizumab,191,wk28,74.0,401.0,Zeiss Cirrus,1,0
519,Ranibizumab,223,wk32,74.0,371.0,Zeiss Cirrus,0,0
519,Ranibizumab,255,wk36,77.0,359.0,Zeiss Cirrus,0,0
519,Ranibizumab,279,wk40,82.0,386.0,Zeiss Cirrus,1,0
519,Ranibizumab,313,wk44,76.0,331.0,Zeiss Cirrus,0,0
519,Ranibizumab,337,wk48,80.0,,,0,0
519,Ranibizumab,361,wk52,76.0,358.0,Zeiss Cirrus,0,0
519,Ranibizumab,426,wk60,75.0,383.0,Zeiss Cirrus,0,0
519,Ranibizumab,455,wk64,77.0,335.0,Zeiss Cirrus,0,0
519,Ranibizumab,533,wk76,81.0,355.0,Zeiss Cirrus,1,0
519,Ranibizumab,590,wk84,74.0,337.0,Zeiss Cirrus,1,0
519,Ranibizumab,647,wk92,77.0,269.0,Zeiss Cirrus,0,0
519,Ranibizumab,727,wk104,75.0,309.0,Zeiss Cirrus,0,0
520,Aflibercept,0,baseline,56.0,396.0,Heidelberg Spectralis,1,0
520,Aflibercept,26,wk4,64.0,363.0,Heidelberg Spectralis,1,0
520,Aflibercept,58,wk8,70.0,,,1,0
520,Aflibercept,87,wk12,77.0,374.0,Heidelberg Spectralis,1,0
520,Aflibercept,112,wk16,78.0,325.0,Heidelberg Spectralis,1,0
520,Aflibercept,146,wk20,79.0,,,0,0
520,Aflibercept,175,wk24,67.0,273.0,Heidelberg Spectralis,1,0
520,Aflibercept,198,wk28,71.0,252.0,Heidelberg Spectralis,0,0
520,Aflibercept,229,wk32,85.0,270.0,Heidelberg Spectralis,0,0
520,Aflibercept,248,wk36,72.0,263.0,Heidelberg Spectralis,0,0
520,Aflibercept,286,wk40,76.0,254.0,Heidelberg Spectralis,0,0
520,Aflibercept,301,wk44,71.0,234.0,Heidelberg Spectralis,0,0
520,Aflibercept,341,wk48,77.0,292.0,Heidelberg Spectralis,0,0
520,Aflibercept,363,wk52,78.0,279.0,Heidelberg Spectralis,1,0
520,Aflibercept,482,wk68,81.0,,,1,0
520,Aflibercept,533,wk76,76.0,275.0,Heidelberg Spectralis,1,0
520,Aflibercept,583,wk84,77.0,226.0,Heidelberg Spectralis,1,0
520,Aflibercept,616,wk88,93.0,287.0,Heidelberg Spectralis,0,0
520,Aflibercept,650,wk92,94.0,321.0,Heidelberg Spectralis,1,0
520,Aflibercept,669,wk96,88.0,253.0,Heidelberg Spectralis,0,0
520,Aflibercept,724,wk104,93.0,272.0,Heidelberg Spectralis,0,0
521,Aflibercept,0,baseline,55.0,340.0,Zeiss Cirrus,1,0
521,Aflibercept,27,wk4,64.0,318.0,Zeiss Cirrus,1,0
521,Aflibercept,49,wk8,78.0,371.0,Zeiss Cirrus,1,0
521,Aflibercept,81,wk12,72.0,295.0,Zeiss Cirrus,1,0
521,Aflibercept,119,wk16,78.0,343.0,Zeiss Cirrus,0,0
521,Aflibercept,143,wk20,80.0,,,0,0
521,Aflibercept,162,wk24,79.0,319.0,Zeiss Cirrus,0,0
521,Aflibercept,200,wk28,77.0,312.0,Zeiss Cirrus,0,1
521,Aflibercept,229,wk32,78.0,306.0,Zeiss Cirrus,0,0
521,Aflibercept,247,wk36,83.0,271.0,Zeiss Cirrus,1,0
521,Aflibercept,274,wk40,83.0,285.0,Zeiss Cirrus,0,0
521,Aflibercept,313,wk44,89.0,301.0,Zeiss Cirrus,1,0
521,Aflibercept,338,wk48,82.0,283.0,Zeiss Cirrus,1,0
521,Aflibercept,357,wk52,84.0,296.0,Zeiss Cirrus,0,0
521,Aflibercept,444,wk64,87.0,265.0,Zeiss Cirrus,0,0
521,Aflibercept,481,wk68,81.0,318.0,Zeiss Cirrus,0,0
521,Aflibercept,589,wk84,87.0,318.0,Zeiss Cirrus,1,0
521,Aflibercept,641,wk92,88.0,282.0,Zeiss Cirrus,1,0
521,Aflibercept,732,wk104,96.0,335.0,Zeiss Cirrus,0,0
522,Ranibizumab,0,baseline,53.0,655.0,Zeiss Stratus,1,0
522,Ranibizumab,35,wk4,61.0,634.0,Zeiss Stratus,1,0
522,Ranibizumab,61,wk8,69.0,569.0,Zeiss Stratus,1,0
522,Ranibizumab,87,wk12,80.0,441.0,Zeiss Stratus,1,0
522,Ranibizumab,113,wk16,84.0,428.0,Zeiss Stratus,0,0
522,Ranibizumab,145,wk20,85.0,448.0,Zeiss Stratus,0,0
522,Ranibizumab,164,wk24,80.0,423.0,Zeiss Stratus,0,0
522,Ranibizumab,190,wk28,80.0,411.0,Zeiss Stratus,0,0
522,Ranibizumab,226,wk32,89.0,364.0,Zeiss Stratus,1,0
522,Ranibizumab,259,wk36,80.0,369.0,Zeiss Stratus,0,0
522,Ranibizumab,281,wk40,87.0,383.0,Zeiss Stratus,0,0
522,Ranibizumab,310,wk44,87.0,374.0,Zeiss Stratus,1,0
522,Ranibizumab,341,wk48,87.0,430.0,Zeiss Stratus,0,0
522,Ranibizumab,360,wk52,87.0,392.0,Zeiss Stratus,1,0
522,Ranibizumab,481,wk68,85.0,401.0,Zeiss Stratus,0,0
522,Ranibizumab,537,wk76,83.0,411.0,Zeiss Stratus,0,0
522,Ranibizumab,583,wk84,79.0,439.0,Zeiss Stratus,1,0
522,Ranibizumab,649,wk92,75.0,379.0,Zeiss Stratus,0,0
522,Ranibizumab,734,wk104,80.0,408.0,Zeiss Stratus,0,0
523,Ranibizumab,0,baseline,61.0,341.0,Zeiss Cirrus,1,0
523,Ranibizumab,26,wk4,52.0,,,1,0
523,Ranibizumab,49,wk8,55.0,266.0,Zeiss Cirrus,1,0
523,Ranibizumab,90,wk12,53.0,264.0,Zeiss Cirrus,1,0
523,Ranibizumab,115,wk16,55.0,219.0,Zeiss Cirrus,0,0
523,Ranibizumab,137,wk20,51.0,286.0,Zeiss Cirrus,1,0
523,Ranibizumab,175,wk24,50.0,293.0,Zeiss Cirrus,0,0
523,Ranibizumab,193,wk28,54.0,231.0,Zeiss Cirrus,0,0
523,Ranibizumab,220,wk32,52.0,256.0,Zeiss Cirrus,1,0
523,Ranibizumab,251,wk36,53.0,269.0,Zeiss Cirrus,1,0
523,Ranibizumab,278,wk40,51.0,,,1,0
523,Ranibizumab,314,wk44,45.0,201.0,Zeiss Cirrus,1,0
523,Ranibizumab,337,wk48,49.0,,,1,0
523,Ranibizumab,359,wk52,50.0,248.0,Zeiss Cirrus,0,0
523,Ranibizumab,397,wk56,44.0,,,0,0
523,Ranibizumab,443,wk64,48.0,252.0,Zeiss Cirrus,0,0
523,Ranibizumab,532,wk76,47.0,243.0,Zeiss Cirrus,1,1
523,Ranibizumab,641,wk92,53.0,279.0,Zeiss Cirrus,1,0
523,Ranibizumab,676,wk96,48.0,246.0,Zeiss Cirrus,1,0
523,Ranibizumab,729,wk104,50.0,270.0,Zeiss Cirrus,0,0
524,Bevacizumab,0,baseline,58.0,345.0,Heidelberg Spectralis,1,0
524,Bevacizumab,30,wk4,72.0,248.0,Heidelberg Spectralis,1,0
524,Bevacizumab,54,wk8,78.0,317.0,Heidelberg Spectralis,1,0
524,Bevacizumab,90,wk12,78.0,265.0,Heidelberg Spectralis,1,0
525,Aflibercept,0,baseline,71.0,476.0,Heidelberg Spectralis,1,0
525,Aflibercept,24,wk4,74.0,508.0,Heidelberg Spectralis,1,0
525,Aflibercept,58,wk8,75.0,,,1,0
525,Aflibercept,88,wk12,84.0,456.0,Heidelberg Spectralis,1,0
525,Aflibercept,105,wk16,86.0,396.0,Heidelberg Spectralis,1,0
525,Aflibercept,138,wk20,80.0,464.0,Heidelberg Spectralis,1,0
525,Aflibercept,172,wk24,83.0,454.0,Heidelberg Spectralis,0,0
525,Aflibercept,191,wk28,79.0,412.0,Heidelberg Spectralis,1,1
525,Aflibercept,228,wk32,90.0,438.0,Heidelberg Spectralis,0,0
525,Aflibercept,251,wk36,84.0,,,1,0
525,Aflibercept,276,wk40,84.0,426.0,Heidelberg Spectralis,0,0
525,Aflibercept,313,wk44,79.0,447.0,Heidelberg Spectralis,1,0
525,Aflibercept,333,wk48,84.0,437.0,Heidelberg Spectralis,1,0
525,Aflibercept,359,wk52,83.0,414.0,Heidelberg Spectralis,0,0
525,Aflibercept,397,wk56,86.0,381.0,Heidelberg Spectralis,0,0
525,Aflibercept,413,wk60,81.0,383.0,Heidelberg Spectralis,1,0
525,Aflibercept,449,wk64,78.0,448.0,Heidelberg Spectralis,0,0
525,Aflibercept,532,wk76,86.0,444.0,Heidelberg Spectralis,1,0
525,Aflibercept,595,wk84,84.0,,,0,0
525,Aflibercept,615,wk88,89.0,425.0,Heidelberg Spectralis,1,0
525,Aflibercept,668,wk96,86.0,416.0,Heidelberg Spectralis,0,0
525,Aflibercept,695,wk100,86.0,338.0,Heidelberg Spectralis,0,0
525,Aflibercept,725,wk104,86.0,405.0,Heidelberg Spectralis,0,0
526,Ranibizumab,0,baseline,64.0,457.0,Zeiss Cirrus,1,0
526,Ranibizumab,26,wk4,73.0,422.0,Zeiss Cirrus,1,0
526,Ranibizumab,52,wk8,73.0,430.0,Zeiss Cirrus,1,0
526,Ranibizumab,80,wk12,79.0,375.0,Zeiss Cirrus,1,0
526,Ranibizumab,111,wk16,82.0,,,1,0
526,Ranibizumab,145,wk20,89.0,367.0,Zeiss Cirrus,0,0
526,Ranibizumab,170,wk24,77.0,365.0,Zeiss Cirrus,1,0
526,Ranibizumab,190,wk28,84.0,321.0,Zeiss Cirrus,0,0
526,Ranibizumab,221,wk32,84.0,,,1,0
526,Ranibizumab,258,wk36,87.0,335.0,Zeiss Cirrus,0,0
526,Ranibizumab,280,wk40,80.0,337.0,Zeiss Cirrus,0,1
526,Ranibizumab,314,wk44,84.0,318.0,Zeiss Cirrus,1,0
526,Ranibizumab,332,wk48,89.0,346.0,Zeiss Cirrus,0,0
526,Ranibizumab,371,wk52,84.0,352.0,Zeiss Cirrus,0,1
526,Ranibizumab,452,wk64,95.0,404.0,Zeiss Cirrus,1,0
526,Ranibizumab,476,wk68,82.0,345.0,Zeiss Cirrus,0,0
526,Ranibizumab,537,wk76,88.0,317.0,Zeiss Cirrus,0,0
526,Ranibizumab,588,wk84,90.0,330.0,Zeiss Cirrus,1,0
526,Ranibizumab,612,wk88,90.0,340.0,Zeiss Cirrus,1,0
526,Ranibizumab,668,wk96,94.0,354.0,Zeiss Cirrus,0,0
526,Ranibizumab,707,wk100,91.0,293.0,Zeiss Cirrus,1,0
526,Ranibizumab,722,wk104,92.0,310.0,Zeiss Cirrus,0,0
527,Ranibizumab,0,baseline,78.0,526.0,Heidelberg Spectralis,1,0
527,Ranibizumab,29,wk4,77.0,502.0,Heidelberg Spectralis,1,0
527,Ranibizumab,52,wk8,75.0,446.0,Heidelberg Spectralis,1,0
527,Ranibizumab,83,wk12,69.0,,,1,0
527,Ranibizumab,119,wk16,67.0,,,1,0
527,Ranibizumab,136,wk20,68.0,389.0,Heidelberg Spectralis,0,0
527,Ranibizumab,163,wk24,63.0,387.0,Heidelberg Spectralis,1,0
527,Ranibizumab,199,wk28,73.0,,,1,0
527,Ranibizumab,224,wk32,72.0,,,1,1
527,Ranibizumab,259,wk36,68.0,439.0,Heidelberg Spectralis,0,0
527,Ranibizumab,283,wk40,66.0,363.0,Heidelberg Spectralis,0,0
527,Ranibizumab,303,wk44,76.0,408.0,Heidelberg Spectralis,1,0
527,Ranibizumab,336,wk48,72.0,350.0,Heidelberg Spectralis,1,0
527,Ranibizumab,358,wk52,69.0,402.0,Heidelberg Spectralis,0,0
527,Ranibizumab,423,wk60,68.0,385.0,Heidelberg Spectralis,0,0
528,Bevacizumab,0,baseline,65.0,716.0,Heidelberg Spectralis,1,0
528,Bevacizumab,25,wk4,65.0,641.0,Heidelberg Spectralis,1,0
528,Bevacizumab,50,wk8,71.0,619.0,Heidelberg Spectralis,1,0
528,Bevacizumab,87,wk12,75.0,554.0,Heidelberg Spectralis,1,0
528,Bevacizumab,107,wk16,77.0,,,1,0
528,Bevacizumab,144,wk20,74.0,,,0,0
528,Bevacizumab,170,wk24,68.0,536.0,Heidelberg Spectralis,0,0
528,Bevacizumab,197,wk28,72.0,473.0,Heidelberg Spectralis,1,0
528,Bevacizumab,227,wk32,75.0,521.0,Heidelberg Spectralis,1,0
528,Bevacizumab,247,wk36,73.0,474.0,Heidelberg Spectralis,0,0
528,Bevacizumab,275,wk40,63.0,451.0,Heidelberg Spectralis,0,0
528,Bevacizumab,305,wk44,77.0,497.0,Heidelberg Spectralis,1,0
528,Bevacizumab,338,wk48,69.0,,,0,0
528,Bevacizumab,370,wk52,75.0,472.0,Heidelberg Spectralis,1,0
528,Bevacizumab,424,wk60,70.0,478.0,Heidelberg Spectralis,1,0
529,Bevacizumab,0,baseline,74.0,384.0,Heidelberg Spectralis,1,0
529,Bevacizumab,30,wk4,79.0,389.0,Heidelberg Spectralis,1,0
529,Bevacizumab,50,wk8,81.0,444.0,Heidelberg Spectralis,1,0
529,Bevacizumab,79,wk12,84.0,370.0,Heidelberg Spectralis,1,0
529,Bevacizumab,108,wk16,81.0,458.0,Heidelberg Spectralis,0,0
529,Bevacizumab,136,wk20,83.0,370.0,Heidelberg Spectralis,0,0
529,Bevacizumab,175,wk24,84.0,,,0,0
529,Bevacizumab,201,wk28,83.0,397.0,Heidelberg Spectralis,0,0
529,Bevacizumab,230,wk32,89.0,430.0,Heidelberg Spectralis,0,0
529,Bevacizumab,255,wk36,80.0,,,0,1
529,Bevacizumab,280,wk40,83.0,442.0,Heidelberg Spectralis,0,0
529,Bevacizumab,302,wk44,93.0,407.0,Heidelberg Spectralis,0,0
529,Bevacizumab,332,wk48,79.0,399.0,Heidelberg Spectralis,0,0
529,Bevacizumab,361,wk52,86.0,407.0,Heidelberg Spectralis,1,0
529,Bevacizumab,397,wk56,85.0,,,0,0
529,Bevacizumab,480,wk68,91.0,362.0,Heidelberg Spectralis,1,0
529,Bevacizumab,528,wk76,88.0,,,0,0
529,Bevacizumab,562,wk80,95.0,448.0,Heidelberg Spectralis,0,0
529,Bevacizumab,617,wk88,91.0,399.0,Heidelberg Spectralis,1,0
529,Bevacizumab,679,wk96,88.0,,,0,0
529,Bevacizumab,726,wk104,93.0,378.0,Heidelberg Spectralis,0,0
530,Aflibercept,0,baseline,74.0,400.0,Heidelberg Spectralis,1,0
530,Aflibercept,27,wk4,69.0,393.0,Heidelberg Spectralis,1,0
530,Aflibercept,52,wk8,64.0,237.0,Heidelberg Spectralis,1,0
530,Aflibercept,80,wk12,74.0,247.0,Heidelberg Spectralis,1,0
530,Aflibercept,116,wk16,70.0,234.0,Heidelberg Spectralis,0,0
530,Aflibercept,142,wk20,69.0,257.0,Heidelberg Spectralis,0,0
530,Aflibercept,169,wk24,71.0,251.0,Heidelberg Spectralis,0,0
530,Aflibercept,198,wk28,73.0,238.0,Heidelberg Spectralis,0,0
530,Aflibercept,221,wk32,67.0,226.0,Heidelberg Spectralis,0,0
530,Aflibercept,253,wk36,68.0,225.0,Heidelberg Spectralis,1,0
530,Aflibercept,279,wk40,73.0,219.0,Heidelberg Spectralis,0,0
530,Aflibercept,302,wk44,67.0,,,0,0
530,Aflibercept,332,wk48,68.0,229.0,Heidelberg Spectralis,0,1
530,Aflibercept,358,wk52,69.0,216.0,Heidelberg Spectralis,1,0
530,Aflibercept,391,wk56,66.0,150.0,Heidelberg Spectralis,1,0
530,Aflibercept,414,wk60,64.0,194.0,Heidelberg Spectralis,0,0
530,Aflibercept,443,wk64,65.0,,,0,0
530,Aflibercept,501,wk72,72.0,210.0,Heidelberg Spectralis,0,0
530,Aflibercept,619,wk88,72.0,259.0,Heidelberg Spectralis,0,0
530,Aflibercept,642,wk92,71.0,264.0,Heidelberg Spectralis,1,0
530,Aflibercept,705,wk100,73.0,278.0,Heidelberg Spectralis,0,0
530,Aflibercept,727,wk104,73.0,265.0,Heidelberg Spectralis,0,0
531,Bevacizumab,0,baseline,56.0,653.0,Heidelberg Spectralis,1,0
531,Bevacizumab,28,wk4,54.0,566.0,Heidelberg Spectralis,1,0
531,Bevacizumab,58,wk8,55.0,526.0,Heidelberg Spectralis,1,0
531,Bevacizumab,87,wk12,52.0,494.0,Heidelberg Spectralis,1,0
531,Bevacizumab,106,wk16,47.0,541.0,Heidelberg Spectralis,0,0
531,Bevacizumab,139,wk20,39.0,,,1,0
531,Bevacizumab,173,wk24,48.0,446.0,Heidelberg Spectralis,0,0
531,Bevacizumab,189,wk28,49.0,435.0,Heidelberg Spectralis,0,0
531,Bevacizumab,227,wk32,44.0,476.0,Heidelberg Spectralis,0,0
531,Bevacizumab,252,wk36,42.0,519.0,Heidelberg Spectralis,0,0
531,Bevacizumab,277,wk40,38.0,396.0,Heidelberg Spectralis,0,0
531,Bevacizumab,313,wk44,49.0,415.0,Heidelberg Spectralis,0,1
531,Bevacizumab,342,wk48,41.0,479.0,Heidelberg Spectralis,0,0
531,Bevacizumab,370,wk52,44.0,430.0,Heidelberg Spectralis,1,0
531,Bevacizumab,396,wk56,45.0,,,1,0
531,Bevacizumab,420,wk60,43.0,426.0,Heidelberg Spectralis,1,0
531,Bevacizumab,450,wk64,43.0,386.0,Heidelberg Spectralis,0,0
531,Bevacizumab,471,wk68,49.0,400.0,Heidelberg Spectralis,1,0
531,Bevacizumab,533,wk76,51.0,423.0,Heidelberg Spectralis,1,0
531,Bevacizumab,564,wk80,46.0,386.0,Heidelberg Spectralis,0,0
531,Bevacizumab,675,wk96,43.0,443.0,Heidelberg Spectralis,0,0
531,Bevacizumab,723,wk104,44.0,405.0,Heidelberg Spectralis,0,0
532,Bevacizumab,0,baseline,36.0,535.0,Zeiss Cirrus,1,0
532,Bevacizumab,23,wk4,40.0,449.0,Zeiss Cirrus,1,0
532,Bevacizumab,61,wk8,44.0,536.0,Zeiss Cirrus,1,0
532,Bevacizumab,91,wk12,50.0,429.0,Zeiss Cirrus,1,0
532,Bevacizumab,116,wk16,43.0,462.0,Zeiss Cirrus,0,0
532,Bevacizumab,137,wk20,55.0,390.0,Zeiss Cirrus,0,0
532,Bevacizumab,171,wk24,55.0,,,0,0
532,Bevacizumab,200,wk28,57.0,,,0,0
532,Bevacizumab,228,wk32,57.0,,,0,0
532,Bevacizumab,254,wk36,55.0,440.0,Zeiss Cirrus,0,0
532,Bevacizumab,283,wk40,63.0,417.0,Zeiss Cirrus,1,0
532,Bevacizumab,301,wk44,52.0,394.0,Zeiss Cirrus,1,0
532,Bevacizumab,337,wk48,52.0,402.0,Zeiss Cirrus,1,0
532,Bevacizumab,360,wk52,57.0,422.0,Zeiss Cirrus,1,0
532,Bevacizumab,398,wk56,55.0,433.0,Zeiss Cirrus,1,0
532,Bevacizumab,474,wk68,55.0,,,0,0
532,Bevacizumab,536,wk76,46.0,451.0,Zeiss Cirrus,1,0
532,Bevacizumab,581,wk84,54.0,428.0,Zeiss Cirrus,0,0
532,Bevacizumab,704,wk100,48.0,556.0,Zeiss Cirrus,0,0
532,Bevacizumab,733,wk104,47.0,480.0,Zeiss Cirrus,0,0
533,Ranibizumab,0,baseline,61.0,517.0,Zeiss Cirrus,1,0
533,Ranibizumab,21,wk4,71.0,490.0,Zeiss Cirrus,1,0
533,Ranibizumab,60,wk8,70.0,483.0,Zeiss Cirrus,1,0
533,Ranibizumab,78,wk12,67.0,402.0,Zeiss Cirrus,1,0
533,Ranibizumab,110,wk16,70.0,455.0,Zeiss Cirrus,1,0
533,Ranibizumab,136,wk20,78.0,466.0,Zeiss Cirrus,0,0
533,Ranibizumab,162,wk24,81.0,421.0,Zeiss Cirrus,1,0
533,Ranibizumab,200,wk28,74.0,479.0,Zeiss Cirrus,1,0
533,Ranibizumab,230,wk32,84.0,503.0,Zeiss Cirrus,0,0
533,Ranibizumab,248,wk36,78.0,406.0,Zeiss Cirrus,1,0
533,Ranibizumab,286,wk40,74.0,438.0,Zeiss Cirrus,1,0
533,Ranibizumab,315,wk44,70.0,,,0,0
533,Ranibizumab,336,wk48,76.0,435.0,Zeiss Cirrus,0,0
533,Ranibizumab,358,wk52,75.0,431.0,Zeiss Cirrus,1,0
533,Ranibizumab,414,wk60,73.0,,,0,0
533,Ranibizumab,445,wk64,79.0,421.0,Zeiss Cirrus,0,0
533,Ranibizumab,473,wk68,74.0,399.0,Zeiss Cirrus,0,0
533,Ranibizumab,508,wk72,76.0,437.0,Zeiss Cirrus,0,0
533,Ranibizumab,530,wk76,77.0,416.0,Zeiss Cirrus,1,0
533,Ranibizumab,620,wk88,78.0,449.0,Zeiss Cirrus,0,0
533,Ranibizumab,638,wk92,79.0,391.0,Zeiss Cirrus,1,0
533,Ranibizumab,668,wk96,82.0,462.0,Zeiss Cirrus,1,0
533,Ranibizumab,701,wk100,82.0,408.0,Zeiss Cirrus,0,0
533,Ranibizumab,734,wk104,81.0,431.0,Zeiss Cirrus,0,0
534,Bevacizumab,0,baseline,74.0,374.0,Zeiss Cirrus,1,0
534,Bevacizumab,33,wk4,76.0,420.0,Zeiss Cirrus,1,0
534,Bevacizumab,50,wk8,83.0,468.0,Zeiss Cirrus,1,0
534,Bevacizumab,87,wk12,96.0,525.0,Zeiss Cirrus,1,0
534,Bevacizumab,111,wk16,87.0,442.0,Zeiss Cirrus,0,0
534,Bevacizumab,145,wk20,90.0,494.0,Zeiss Cirrus,1,0
534,Bevacizumab,165,wk24,91.0,523.0,Zeiss Cirrus,1,1
534,Bevacizumab,191,wk28,90.0,556.0,Zeiss Cirrus,1,0
534,Bevacizumab,228,wk32,92.0,516.0,Zeiss Cirrus,1,0
534,Bevacizumab,259,wk36,100.0,547.0,Zeiss Cirrus,0,0
534,Bevacizumab,273,wk40,89.0,530.0,Zeiss Cirrus,0,0
534,Bevacizumab,308,wk44,100.0,510.0,Zeiss Cirrus,0,0
534,Bevacizumab,336,wk48,98.0,478.0,Zeiss Cirrus,0,0
534,Bevacizumab,369,wk52,92.0,522.0,Zeiss Cirrus,1,0
534,Bevacizumab,386,wk56,93.0,533.0,Zeiss Cirrus,1,0
534,Bevacizumab,417,wk60,88.0,,,1,0
534,Bevacizumab,530,wk76,94.0,,,0,0
534,Bevacizumab,582,wk84,87.0,455.0,Zeiss Cirrus,1,0
535,Bevacizumab,0,baseline,78.0,584.0,Heidelberg Spectralis,1,0
535,Bevacizumab,29,wk4,78.0,524.0,Heidelberg Spectralis,1,0
535,Bevacizumab,54,wk8,77.0,499.0,Heidelberg Spectralis,1,0
535,Bevacizumab,88,wk12,86.0,524.0,Heidelberg Spectralis,1,0
535,Bevacizumab,107,wk16,82.0,435.0,Heidelberg Spectralis,1,0
535,Bevacizumab,134,wk20,83.0,457.0,Heidelberg Spectralis,1,0
535,Bevacizumab,168,wk24,82.0,460.0,Heidelberg Spectralis,1,0
535,Bevacizumab,192,wk28,86.0,507.0,Heidelberg Spectralis,0,0
535,Bevacizumab,221,wk32,81.0,472.0,Heidelberg Spectralis,1,0
535,Bevacizumab,251,wk36,80.0,422.0,Heidelberg Spectralis,0,0
535,Bevacizumab,281,wk40,85.0,509.0,Heidelberg Spectralis,0,0
535,Bevacizumab,301,wk44,81.0,464.0,Heidelberg Spectralis,1,0
535,Bevacizumab,341,wk48,86.0,437.0,Heidelberg Spectralis,0,0
535,Bevacizumab,370,wk52,83.0,431.0,Heidelberg Spectralis,0,0
535,Bevacizumab,447,wk64,83.0,360.0,Heidelberg Spectralis,1,0
535,Bevacizumab,509,wk72,85.0,376.0,Heidelberg Spectralis,0,0
535,Bevacizumab,531,wk76,81.0,383.0,Heidelberg Spectralis,1,0
535,Bevacizumab,565,wk80,90.0,468.0,Heidelberg Spectralis,0,0
535,Bevacizumab,584,wk84,83.0,344.0,Heidelberg Spectralis,1,0
535,Bevacizumab,693,wk100,85.0,393.0,Heidelberg Spectralis,0,0
535,Bevacizumab,735,wk104,86.0,348.0,Heidelberg Spectralis,0,0
536,Bevacizumab,0,baseline,29.0,543.0,Heidelberg Spectralis,1,0
536,Bevacizumab,25,wk4,26.0,484.0,Heidelberg Spectralis,1,0
536,Bevacizumab,59,wk8,46.0,,,1,0
536,Bevacizumab,83,wk12,45.0,,,1,0
536,Bevacizumab,110,wk16,46.0,370.0,Heidelberg Spectralis,0,0
536,Bevacizumab,135,wk20,56.0,397.0,Heidelberg Spectralis,0,0
536,Bevacizumab,166,wk24,56.0,339.0,Heidelberg Spectralis,1,0
536,Bevacizumab,192,wk28,41.0,338.0,Heidelberg Spectralis,1,1
536,Bevacizumab,219,wk32,50.0,352.0,Heidelberg Spectralis,0,0
536,Bevacizumab,253,wk36,47.0,334.0,Heidelberg Spectralis,1,0
536,Bevacizumab,280,wk40,50.0,322.0,Heidelberg Spectralis,1,0
536,Bevacizumab,308,wk44,42.0,335.0,Heidelberg Spectralis,1,0
536,Bevacizumab,332,wk48,41.0,366.0,Heidelberg Spectralis,0,0
536,Bevacizumab,364,wk52,49.0,,,1,0
536,Bevacizumab,394,wk56,56.0,373.0,Heidelberg Spectralis,1,0
536,Bevacizumab,417,wk60,46.0,361.0,Heidelberg Spectralis,0,0
536,Bevacizumab,447,wk64,49.0,331.0,Heidelberg Spectralis,0,1
536,Bevacizumab,511,wk72,49.0,424.0,Heidelberg Spectralis,1,0
537,Bevacizumab,0,baseline,68.0,448.0,Zeiss Cirrus,1,0
537,Bevacizumab,30,wk4,75.0,414.0,Zeiss Cirrus,1,0
537,Bevacizumab,55,wk8,72.0,332.0,Zeiss Cirrus,1,0
537,Bevacizumab,78,wk12,72.0,310.0,Zeiss Cirrus,1,0
537,Bevacizumab,113,wk16,80.0,296.0,Zeiss Cirrus,1,0
537,Bevacizumab,141,wk20,80.0,295.0,Zeiss Cirrus,1,0
537,Bevacizumab,170,wk24,84.0,,,0,0
537,Bevacizumab,202,wk28,81.0,233.0,Zeiss Cirrus,1,0
537,Bevacizumab,226,wk32,75.0,257.0,Zeiss Cirrus,1,0
537,Bevacizumab,256,wk36,83.0,240.0,Zeiss Cirrus,1,0
537,Bevacizumab,273,wk40,83.0,244.0,Zeiss Cirrus,0,0
537,Bevacizumab,313,wk44,80.0,254.0,Zeiss Cirrus,1,0
537,Bevacizumab,339,wk48,82.0,273.0,Zeiss Cirrus,1,1
537,Bevacizumab,364,wk52,82.0,275.0,Zeiss Cirrus,1,0
537,Bevacizumab,417,wk60,83.0,235.0,Zeiss Cirrus,1,0
537,Bevacizumab,482,wk68,82.0,290.0,Zeiss Cirrus,0,0
537,Bevacizumab,553,wk80,89.0,253.0,Zeiss Cirrus,1,0
537,Bevacizumab,585,wk84,93.0,252.0,Zeiss Cirrus,0,0
537,Bevacizumab,673,wk96,93.0,187.0,Zeiss Cirrus,1,0
537,Bevacizumab,723,wk104,94.0,265.0,Zeiss Cirrus,0,0
538,Ranibizumab,0,baseline,76.0,400.0,Heidelberg Spectralis,1,0
538,Ranibizumab,35,wk4,87.0,379.0,Heidelberg Spectralis,1,0
538,Ranibizumab,49,wk8,94.0,314.0,Heidelberg Spectralis,1,0
538,Ranibizumab,85,wk12,87.0,,,1,0
538,Ranibizumab,112,wk16,86.0,253.0,Heidelberg Spectralis,1,0
538,Ranibizumab,143,wk20,82.0,310.0,Heidelberg Spectralis,1,0
538,Ranibizumab,166,wk24,93.0,,,0,0
538,Ranibizumab,198,wk28,94.0,309.0,Heidelberg Spectralis,1,0
538,Ranibizumab,224,wk32,93.0,210.0,Heidelberg Spectralis,0,0
538,Ranibizumab,252,wk36,90.0,231.0,Heidelberg Spectralis,0,0
538,Ranibizumab,275,wk40,91.0,,,0,0
538,Ranibizumab,313,wk44,97.0,200.0,Heidelberg Spectralis,1,0
538,Ranibizumab,335,wk48,92.0,212.0,Heidelberg Spectralis,1,0
538,Ranibizumab,369,wk52,91.0,240.0,Heidelberg Spectralis,1,0
538,Ranibizumab,385,wk56,98.0,242.0,Heidelberg Spectralis,1,0
538,Ranibizumab,414,wk60,93.0,225.0,Heidelberg Spectralis,1,0
538,Ranibizumab,499,wk72,91.0,162.0,Heidelberg Spectralis,1,0
538,Ranibizumab,526,wk76,99.0,,,0,0
538,Ranibizumab,614,wk88,94.0,164.0,Heidelberg Spectralis,1,0
538,Ranibizumab,638,wk92,93.0,185.0,Heidelberg Spectralis,0,0
538,Ranibizumab,700,wk100,88.0,179.0,Heidelberg Spectralis,1,0
538,Ranibizumab,734,wk104,92.0,150.0,Heidelberg Spectralis,0,0
539,Aflibercept,0,baseline,68.0,440.0,Zeiss Cirrus,1,0
539,Aflibercept,23,wk4,70.0,356.0,Zeiss Cirrus,1,0
539,Aflibercept,54,wk8,67.0,,,1,0
539,Aflibercept,85,wk12,76.0,282.0,Zeiss Cirrus,1,0
539,Aflibercept,116,wk16,77.0,,,0,0
539,Aflibercept,143,wk20,74.0,218.0,Zeiss Cirrus,0,0
539,Aflibercept,162,wk24,73.0,255.0,Zeiss Cirrus,0,0
539,Aflibercept,193,wk28,72.0,248.0,Zeiss Cirrus,0,1
539,Aflibercept,218,wk32,75.0,,,0,0
539,Aflibercept,259,wk36,75.0,235.0,Zeiss Cirrus,0,0
539,Aflibercept,273,wk40,69.0,202.0,Zeiss Cirrus,1,0
539,Aflibercept,307,wk44,70.0,179.0,Zeiss Cirrus,0,0
539,Aflibercept,342,wk48,74.0,265.0,Zeiss Cirrus,1,0
539,Aflibercept,367,wk52,77.0,,,0,0
539,Aflibercept,393,wk56,79.0,266.0,Zeiss Cirrus,1,0
539,Aflibercept,427,wk60,74.0,274.0,Zeiss Cirrus,1,0
539,Aflibercept,475,wk68,74.0,229.0,Zeiss Cirrus,0,0
539,Aflibercept,562,wk80,75.0,267.0,Zeiss Cirrus,1,0
539,Aflibercept,587,wk84,73.0,255.0,Zeiss Cirrus,1,0
539,Aflibercept,623,wk88,68.0,228.0,Zeiss Cirrus,1,0
539,Aflibercept,670,wk96,67.0,264.0,Zeiss Cirrus,1,0
539,Aflibercept,731,wk104,70.0,267.0,Zeiss Cirrus,0,0
540,Ranibizumab,0,baseline,41.0,659.0,Heidelberg Spectralis,1,0
540,Ranibizumab,30,wk4,42.0,487.0,Heidelberg Spectralis,1,0
540,Ranibizumab,57,wk8,65.0,393.0,Heidelberg Spectralis,1,0
540,Ranibizumab,89,wk12,67.0,360.0,Heidelberg Spectralis,1,0
540,Ranibizumab,105,wk16,69.0,,,1,0
540,Ranibizumab,145,wk20,74.0,,,1,0
540,Ranibizumab,171,wk24,74.0,236.0,Heidelberg Spectralis,1,0
540,Ranibizumab,203,wk28,70.0,228.0,Heidelberg Spectralis,1,0
540,Ranibizumab,226,wk32,73.0,194.0,Heidelberg Spectralis,1,0
540,Ranibizumab,259,wk36,63.0,198.0,Heidelberg Spectralis,1,0
540,Ranibizumab,287,wk40,75.0,,,1,0
540,Ranibizumab,310,wk44,75.0,171.0,Heidelberg Spectralis,1,0
540,Ranibizumab,337,wk48,73.0,,,1,0
540,Ranibizumab,363,wk52,72.0,183.0,Heidelberg Spectralis,0,0
540,Ranibizumab,395,wk56,61.0,151.0,Heidelberg Spectralis,0,0
540,Ranibizumab,455,wk64,73.0,202.0,Heidelberg Spectralis,0,0
540,Ranibizumab,558,wk80,65.0,160.0,Heidelberg Spectralis,1,0
540,Ranibizumab,620,wk88,70.0,171.0,Heidelberg Spectralis,1,0
540,Ranibizumab,646,wk92,71.0,,,0,0
540,Ranibizumab,667,wk96,72.0,164.0,Heidelberg Spectralis,1,0
540,Ranibizumab,727,wk104,64.0,171.0,Heidelberg Spectralis,0,0
541,Ranibizumab,0,baseline,77.0,359.0,Heidelberg Spectralis,1,0
541,Ranibizumab,23,wk4,79.0,302.0,Heidelberg Spectralis,1,0
541,Ranibizumab,58,wk8,78.0,365.0,Heidelberg Spectralis,1,0
541,Ranibizumab,84,wk12,85.0,256.0,Heidelberg Spectralis,1,0
541,Ranibizumab,117,wk16,72.0,236.0,Heidelberg Spectralis,0,0
541,Ranibizumab,139,wk20,73.0,285.0,Heidelberg Spectralis,0,0
541,Ranibizumab,169,wk24,72.0,289.0,Heidelberg Spectralis,0,0
541,Ranibizumab,194,wk28,75.0,,,1,0
541,Ranibizumab,229,wk32,78.0,252.0,Heidelberg Spectralis,0,0
541,Ranibizumab,257,wk36,72.0,244.0,Heidelberg Spectralis,1,0
541,Ranibizumab,284,wk40,79.0,210.0,Heidelberg Spectralis,1,0
541,Ranibizumab,314,wk44,72.0,243.0,Heidelberg Spectralis,1,0
541,Ranibizumab,334,wk48,82.0,253.0,Heidelberg Spectralis,1,0
541,Ranibizumab,363,wk52,77.0,243.0,Heidelberg Spectralis,1,0
541,Ranibizumab,397,wk56,80.0,255.0,Heidelberg Spectralis,1,0
541,Ranibizumab,505,wk72,75.0,,,1,0
541,Ranibizumab,555,wk80,79.0,282.0,Heidelberg Spectralis,1,0
541,Ranibizumab,590,wk84,76.0,258.0,Heidelberg Spectralis,1,0
541,Ranibizumab,619,wk88,81.0,,,0,0
541,Ranibizumab,667,wk96,76.0,,,1,1
541,Ranibizumab,694,wk100,78.0,182.0,Heidelberg Spectralis,0,0
541,Ranibizumab,733,wk104,81.0,196.0,Heidelberg Spectralis,0,0
542,Bevacizumab,0,baseline,62.0,382.0,Heidelberg Spectralis,1,0
542,Bevacizumab,27,wk4,67.0,344.0,Heidelberg Spectralis,1,0
542,Bevacizumab,59,wk8,63.0,362.0,Heidelberg Spectralis,1,0
542,Bevacizumab,78,wk12,74.0,359.0,Heidelberg Spectralis,1,0
542,Bevacizumab,107,wk16,62.0,337.0,Heidelberg Spectralis,0,0
542,Bevacizumab,146,wk20,70.0,374.0,Heidelberg Spectralis,0,0
542,Bevacizumab,163,wk24,66.0,,,0,0
542,Bevacizumab,203,wk28,73.0,401.0,Heidelberg Spectralis,0,0
542,Bevacizumab,225,wk32,70.0,,,0,0
542,Bevacizumab,246,wk36,67.0,374.0,Heidelberg Spectralis,0,0
542,Bevacizumab,286,wk40,71.0,408.0,Heidelberg Spectralis,0,1
542,Bevacizumab,308,wk44,59.0,436.0,Heidelberg Spectralis,0,0
542,Bevacizumab,330,wk48,71.0,396.0,Heidelberg Spectralis,0,0
542,Bevacizumab,359,wk52,70.0,388.0,Heidelberg Spectralis,1,0
542,Bevacizumab,420,wk60,74.0,423.0,Heidelberg Spectralis,0,0
542,Bevacizumab,454,wk64,63.0,358.0,Heidelberg Spectralis,1,0
542,Bevacizumab,470,wk68,68.0,424.0,Heidelberg Spectralis,0,0
542,Bevacizumab,536,wk76,78.0,423.0,Heidelberg Spectralis,0,0
542,Bevacizumab,623,wk88,69.0,375.0,Heidelberg Spectralis,0,0
542,Bevacizumab,649,wk92,74.0,439.0,Heidelberg Spectralis,1,0
542,Bevacizumab,668,wk96,74.0,341.0,Heidelberg Spectralis,0,0
542,Bevacizumab,706,wk100,78.0,395.0,Heidelberg Spectralis,1,0
542,Bevacizumab,734,wk104,75.0,415.0,Heidelberg Spectralis,0,0
543,Bevacizumab,0,baseline,61.0,396.0,Heidelberg Spectralis,1,0
543,Bevacizumab,21,wk4,59.0,380.0,Heidelberg Spectralis,1,0
543,Bevacizumab,56,wk8,69.0,384.0,Heidelberg Spectralis,1,0
543,Bevacizumab,81,wk12,63.0,352.0,Heidelberg Spectralis,1,0
543,Bevacizumab,109,wk16,71.0,304.0,Heidelberg Spectralis,1,0
543,Bevacizumab,145,wk20,80.0,325.0,Heidelberg Spectralis,1,0
543,Bevacizumab,164,wk24,74.0,386.0,Heidelberg Spectralis,1,0
543,Bevacizumab,192,wk28,81.0,273.0,Heidelberg Spectralis,1,0
543,Bevacizumab,230,wk32,75.0,344.0,Heidelberg Spectralis,1,0
543,Bevacizumab,258,wk36,70.0,382.0,Heidelberg Spectralis,1,0
543,Bevacizumab,279,wk40,79.0,374.0,Heidelberg Spectralis,1,0
543,Bevacizumab,313,wk44,71.0,,,0,0
543,Bevacizumab,342,wk48,75.0,353.0,Heidelberg Spectralis,1,0
543,Bevacizumab,361,wk52,76.0,347.0,Heidelberg Spectralis,1,0
543,Bevacizumab,391,wk56,83.0,343.0,Heidelberg Spectralis,1,0
543,Bevacizumab,454,wk64,77.0,354.0,Heidelberg Spectralis,1,0
543,Bevacizumab,562,wk80,76.0,,,1,0
543,Bevacizumab,584,wk84,72.0,298.0,Heidelberg Spectralis,0,0
543,Bevacizumab,679,wk96,74.0,211.0,Heidelberg Spectralis,1,0
543,Bevacizumab,733,wk104,74.0,235.0,Heidelberg Spectralis,0,0
544,Ranibizumab,0,baseline,66.0,415.0,Heidelberg Spectralis,1,0
544,Ranibizumab,29,wk4,73.0,372.0,Heidelberg Spectralis,1,0
544,Ranibizumab,61,wk8,74.0,369.0,Heidelberg Spectralis,1,0
544,Ranibizumab,87,wk12,86.0,338.0,Heidelberg Spectralis,1,0
544,Ranibizumab,106,wk16,85.0,329.0,Heidelberg Spectralis,0,0
544,Ranibizumab,144,wk20,79.0,292.0,Heidelberg Spectralis,1,0
544,Ranibizumab,167,wk24,92.0,319.0,Heidelberg Spectralis,0,0
544,Ranibizumab,194,wk28,79.0,282.0,Heidelberg Spectralis,0,0
544,Ranibizumab,228,wk32,83.0,287.0,Heidelberg Spectralis,0,0
544,Ranibizumab,247,wk36,84.0,,,0,0
544,Ranibizumab,286,wk40,79.0,298.0,Heidelberg Spectralis,1,0
544,Ranibizumab,315,wk44,85.0,295.0,Heidelberg Spectralis,1,0
544,Ranibizumab,341,wk48,90.0,267.0,Heidelberg Spectralis,1,0
544,Ranibizumab,362,wk52,85.0,290.0,Heidelberg Spectralis,0,0
544,Ranibizumab,397,wk56,89.0,305.0,Heidelberg Spectralis,0,0
544,Ranibizumab,443,wk64,93.0,305.0,Heidelberg Spectralis,0,0
544,Ranibizumab,480,wk68,76.0,247.0,Heidelberg Spectralis,0,0
544,Ranibizumab,504,wk72,82.0,269.0,Heidelberg Spectralis,1,0
544,Ranibizumab,594,wk84,92.0,231.0,Heidelberg Spectralis,1,0
544,Ranibizumab,707,wk100,94.0,289.0,Heidelberg Spectralis,0,0
544,Ranibizumab,732,wk104,88.0,251.0,Heidelberg Spectralis,0,0
545,Aflibercept,0,baseline,67.0,427.0,Zeiss Cirrus,1,0
545,Aflibercept,31,wk4,76.0,334.0,Zeiss Cirrus,1,0
545,Aflibercept,59,wk8,76.0,315.0,Zeiss Cirrus,1,0
545,Aflibercept,90,wk12,84.0,247.0,Zeiss Cirrus,1,0
545,Aflibercept,111,wk16,77.0,207.0,Zeiss Cirrus,1,0
545,Aflibercept,147,wk20,84.0,256.0,Zeiss Cirrus,1,0
545,Aflibercept,168,wk24,81.0,232.0,Zeiss Cirrus,1,0
545,Aflibercept,192,wk28,79.0,158.0,Zeiss Cirrus,0,0
545,Aflibercept,226,wk32,91.0,170.0,Zeiss Cirrus,1,0
545,Aflibercept,258,wk36,86.0,186.0,Zeiss Cirrus,1,0
545,Aflibercept,286,wk40,84.0,233.0,Zeiss Cirrus,1,0
545,Aflibercept,307,wk44,86.0,202.0,Zeiss Cirrus,1,0
545,Aflibercept,330,wk48,80.0,230.0,Zeiss Cirrus,1,0
545,Aflibercept,363,wk52,85.0,174.0,Zeiss Cirrus,1,0
545,Aflibercept,417,wk60,90.0,,,0,0
545,Aflibercept,502,wk72,81.0,150.0,Zeiss Cirrus,1,0
545,Aflibercept,530,wk76,88.0,150.0,Zeiss Cirrus,1,0
545,Aflibercept,557,wk80,85.0,150.0,Zeiss Cirrus,1,0
545,Aflibercept,585,wk84,90.0,150.0,Zeiss Cirrus,1,0
545,Aflibercept,643,wk92,90.0,150.0,Zeiss Cirrus,0,0
545,Aflibercept,670,wk96,95.0,159.0,Zeiss Cirrus,1,0
545,Aflibercept,703,wk100,75.0,,,1,0
545,Aflibercept,727,wk104,89.0,152.0,Zeiss Cirrus,0,0
546,Bevacizumab,0,baseline,78.0,562.0,Heidelberg Spectralis,1,0
546,Bevacizumab,28,wk4,68.0,535.0,Heidelberg Spectralis,1,0
546,Bevacizumab,61,wk8,76.0,493.0,Heidelberg Spectralis,1,0
546,Bevacizumab,87,wk12,71.0,551.0,Heidelberg Spectralis,1,0
546,Bevacizumab,119,wk16,69.0,475.0,Heidelberg Spectralis,1,0
546,Bevacizumab,142,wk20,74.0,486.0,Heidelberg Spectralis,0,0
546,Bevacizumab,167,wk24,70.0,481.0,Heidelberg Spectralis,1,0
546,Bevacizumab,200,wk28,71.0,495.0,Heidelberg Spectralis,0,0
546,Bevacizumab,226,wk32,77.0,451.0,Heidelberg Spectralis,1,0
546,Bevacizumab,249,wk36,82.0,457.0,Heidelberg Spectralis,0,0
546,Bevacizumab,279,wk40,75.0,396.0,Heidelberg Spectralis,1,0
546,Bevacizumab,304,wk44,73.0,417.0,Heidelberg Spectralis,1,0
546,Bevacizumab,330,wk48,75.0,436.0,Heidelberg Spectralis,1,0
546,Bevacizumab,362,wk52,74.0,469.0,Heidelberg Spectralis,1,1
546,Bevacizumab,386,wk56,76.0,496.0,Heidelberg Spectralis,1,0
546,Bevacizumab,415,wk60,78.0,,,1,0
546,Bevacizumab,528,wk76,73.0,442.0,Heidelberg Spectralis,1,0
546,Bevacizumab,583,wk84,81.0,474.0,Heidelberg Spectralis,0,0
546,Bevacizumab,670,wk96,75.0,442.0,Heidelberg Spectralis,0,0
546,Bevacizumab,732,wk104,75.0,493.0,Heidelberg Spectralis,0,0
547,Ranibizumab,0,baseline,69.0,478.0,Zeiss Cirrus,1,0
547,Ranibizumab,21,wk4,71.0,,,1,0
547,Ranibizumab,51,wk8,64.0,438.0,Zeiss Cirrus,1,0
547,Ranibizumab,88,wk12,68.0,385.0,Zeiss Cirrus,1,0
547,Ranibizumab,114,wk16,59.0,421.0,Zeiss Cirrus,0,0
547,Ranibizumab,135,wk20,64.0,373.0,Zeiss Cirrus,1,0
547,Ranibizumab,171,wk24,59.0,351.0,Zeiss Cirrus,1,0
547,Ranibizumab,203,wk28,71.0,343.0,Zeiss Cirrus,0,0
547,Ranibizumab,222,wk32,63.0,360.0,Zeiss Cirrus,1,0
547,Ranibizumab,257,wk36,58.0,403.0,Zeiss Cirrus,1,0
547,Ranibizumab,277,wk40,59.0,407.0,Zeiss Cirrus,0,0
547,Ranibizumab,308,wk44,64.0,329.0,Zeiss Cirrus,1,0
547,Ranibizumab,334,wk48,64.0,370.0,Zeiss Cirrus,0,0
547,Ranibizumab,367,wk52,61.0,364.0,Zeiss Cirrus,0,0
547,Ranibizumab,395,wk56,58.0,396.0,Zeiss Cirrus,0,0
547,Ranibizumab,426,wk60,62.0,351.0,Zeiss Cirrus,0,0
547,Ranibizumab,481,wk68,60.0,373.0,Zeiss Cirrus,0,0
547,Ranibizumab,511,wk72,51.0,305.0,Zeiss Cirrus,0,0
547,Ranibizumab,558,wk80,61.0,404.0,Zeiss Cirrus,0,0
547,Ranibizumab,645,wk92,49.0,400.0,Zeiss Cirrus,1,0
547,Ranibizumab,723,wk104,57.0,444.0,Zeiss Cirrus,0,0
548,Bevacizumab,0,baseline,78.0,460.0,Heidelberg Spectralis,1,0
548,Bevacizumab,29,wk4,76.0,422.0,Heidelberg Spectralis,1,0
548,Bevacizumab,49,wk8,86.0,378.0,Heidelberg Spectralis,1,0
548,Bevacizumab,79,wk12,78.0,417.0,Heidelberg Spectralis,1,0
548,Bevacizumab,105,wk16,74.0,379.0,Heidelberg Spectralis,0,0
548,Bevacizumab,137,wk20,77.0,308.0,Heidelberg Spectralis,1,0
548,Bevacizumab,172,wk24,82.0,363.0,Heidelberg Spectralis,1,0
548,Bevacizumab,201,wk28,80.0,348.0,Heidelberg Spectralis,1,0
548,Bevacizumab,226,wk32,78.0,334.0,Heidelberg Spectralis,1,0
548,Bevacizumab,253,wk36,81.0,,,1,0
548,Bevacizumab,286,wk40,79.0,368.0,Heidelberg Spectralis,1,0
548,Bevacizumab,308,wk44,78.0,348.0,Heidelberg Spectralis,1,0
548,Bevacizumab,339,wk48,82.0,328.0,Heidelberg Spectralis,1,0
548,Bevacizumab,363,wk52,81.0,362.0,Heidelberg Spectralis,0,0
548,Bevacizumab,424,wk60,79.0,338.0,Heidelberg Spectralis,0,0
548,Bevacizumab,508,wk72,86.0,324.0,Heidelberg Spectralis,1,0
548,Bevacizumab,539,wk76,83.0,321.0,Heidelberg Spectralis,0,0
548,Bevacizumab,566,wk80,84.0,,,1,0
548,Bevacizumab,621,wk88,78.0,392.0,Heidelberg Spectralis,0,0
548,Bevacizumab,701,wk100,88.0,371.0,Heidelberg Spectralis,1,0
548,Bevacizumab,730,wk104,87.0,342.0,Heidelberg Spectralis,0,0
549,Aflibercept,0,baseline,78.0,482.0,Heidelberg Spectralis,1,0
549,Aflibercept,26,wk4,83.0,370.0,Heidelberg Spectralis,1,0
549,Aflibercept,58,wk8,87.0,298.0,Heidelberg Spectralis,1,0
549,Aflibercept,84,wk12,93.0,276.0,Heidelberg Spectralis,1,0
549,Aflibercept,107,wk16,93.0,207.0,Heidelberg Spectralis,1,0
549,Aflibercept,139,wk20,95.0,190.0,Heidelberg Spectralis,0,0
549,Aflibercept,169,wk24,82.0,150.0,Heidelberg Spectralis,0,0
549,Aflibercept,192,wk28,96.0,176.0,Heidelberg Spectralis,1,0
549,Aflibercept,223,wk32,96.0,150.0,Heidelberg Spectralis,0,0
549,Aflibercept,257,wk36,90.0,160.0,Heidelberg Spectralis,1,0
549,Aflibercept,280,wk40,91.0,195.0,Heidelberg Spectralis,1,0
549,Aflibercept,307,wk44,86.0,196.0,Heidelberg Spectralis,1,0
549,Aflibercept,335,wk48,93.0,150.0,Heidelberg Spectralis,1,0
549,Aflibercept,367,wk52,93.0,150.0,Heidelberg Spectralis,1,0
549,Aflibercept,472,wk68,98.0,150.0,Heidelberg Spectralis,0,0
549,Aflibercept,567,wk80,92.0,170.0,Heidelberg Spectralis,0,0
549,Aflibercept,583,wk84,88.0,179.0,Heidelberg Spectralis,0,0
549,Aflibercept,667,wk96,86.0,230.0,Heidelberg Spectralis,1,0
549,Aflibercept,695,wk100,100.0,190.0,Heidelberg Spectralis,1,0
549,Aflibercept,724,wk104,98.0,158.0,Heidelberg Spectralis,0,0
550,Aflibercept,0,baseline,46.0,496.0,Zeiss Cirrus,1,0
550,Aflibercept,25,wk4,51.0,426.0,Zeiss Cirrus,1,0
550,Aflibercept,59,wk8,58.0,372.0,Zeiss Cirrus,1,0
550,Aflibercept,90,wk12,68.0,,,1,0
550,Aflibercept,107,wk16,70.0,326.0,Zeiss Cirrus,0,0
550,Aflibercept,142,wk20,63.0,324.0,Zeiss Cirrus,0,0
550,Aflibercept,168,wk24,72.0,312.0,Zeiss Cirrus,0,0
550,Aflibercept,203,wk28,66.0,250.0,Zeiss Cirrus,0,0
550,Aflibercept,223,wk32,69.0,332.0,Zeiss Cirrus,0,0
550,Aflibercept,257,wk36,73.0,254.0,Zeiss Cirrus,0,0
550,Aflibercept,273,wk40,70.0,298.0,Zeiss Cirrus,0,0
550,Aflibercept,305,wk44,71.0,294.0,Zeiss Cirrus,1,0
550,Aflibercept,337,wk48,70.0,330.0,Zeiss Cirrus,0,0
550,Aflibercept,358,wk52,73.0,275.0,Zeiss Cirrus,0,0
550,Aflibercept,394,wk56,81.0,294.0,Zeiss Cirrus,1,0
550,Aflibercept,421,wk60,72.0,244.0,Zeiss Cirrus,0,0
550,Aflibercept,475,wk68,68.0,294.0,Zeiss Cirrus,0,0
550,Aflibercept,507,wk72,71.0,,,0,0
550,Aflibercept,538,wk76,73.0,262.0,Zeiss Cirrus,0,0
550,Aflibercept,560,wk80,67.0,353.0,Zeiss Cirrus,0,0
550,Aflibercept,581,wk84,74.0,347.0,Zeiss Cirrus,1,0
550,Aflibercept,611,wk88,80.0,307.0,Zeiss Cirrus,0,0
550,Aflibercept,642,wk92,80.0,,,0,0
550,Aflibercept,669,wk96,79.0,380.0,Zeiss Cirrus,1,0
550,Aflibercept,700,wk100,71.0,400.0,Zeiss Cirrus,1,0
550,Aflibercept,730,wk104,77.0,375.0,Zeiss Cirrus,0,0
551,Bevacizumab,0,baseline,42.0,293.0,Zeiss Cirrus,1,0
551,Bevacizumab,27,wk4,45.0,245.0,Zeiss Cirrus,1,0
551,Bevacizumab,55,wk8,49.0,,,1,0
551,Bevacizumab,82,wk12,43.0,334.0,Zeiss Cirrus,1,0
551,Bevacizumab,108,wk16,60.0,364.0,Zeiss Cirrus,1,0
551,Bevacizumab,137,wk20,53.0,363.0,Zeiss Cirrus,0,0
551,Bevacizumab,161,wk24,55.0,287.0,Zeiss Cirrus,0,1
551,Bevacizumab,198,wk28,54.0,346.0,Zeiss Cirrus,1,0
551,Bevacizumab,231,wk32,58.0,300.0,Zeiss Cirrus,0,0
551,Bevacizumab,252,wk36,60.0,321.0,Zeiss Cirrus,1,0
551,Bevacizumab,286,wk40,53.0,338.0,Zeiss Cirrus,1,0
551,Bevacizumab,313,wk44,60.0,351.0,Zeiss Cirrus,0,0
551,Bevacizumab,343,wk48,52.0,277.0,Zeiss Cirrus,1,0
551,Bevacizumab,368,wk52,57.0,340.0,Zeiss Cirrus,1,0
551,Bevacizumab,413,wk60,55.0,352.0,Zeiss Cirrus,0,0
551,Bevacizumab,473,wk68,53.0,351.0,Zeiss Cirrus,1,0
551,Bevacizumab,553,wk80,57.0,333.0,Zeiss Cirrus,0,0
551,Bevacizumab,582,wk84,50.0,,,1,0
551,Bevacizumab,613,wk88,51.0,376.0,Zeiss Cirrus,0,0
551,Bevacizumab,642,wk92,57.0,338.0,Zeiss Cirrus,0,0
551,Bevacizumab,675,wk96,43.0,325.0,Zeiss Cirrus,0,0
551,Bevacizumab,698,wk100,58.0,406.0,Zeiss Cirrus,1,0
551,Bevacizumab,728,wk104,52.0,330.0,Zeiss Cirrus,0,0
552,Ranibizumab,0,baseline,75.0,552.0,Zeiss Cirrus,1,0
552,Ranibizumab,21,wk4,82.0,529.0,Zeiss Cirrus,1,0
552,Ranibizumab,54,wk8,82.0,447.0,Zeiss Cirrus,1,0
552,Ranibizumab,91,wk12,82.0,391.0,Zeiss Cirrus,1,0
552,Ranibizumab,106,wk16,83.0,445.0,Zeiss Cirrus,1,0
552,Ranibizumab,137,wk20,81.0,391.0,Zeiss Cirrus,0,0
552,Ranibizumab,175,wk24,89.0,337.0,Zeiss Cirrus,1,0
552,Ranibizumab,203,wk28,76.0,377.0,Zeiss Cirrus,1,0
552,Ranibizumab,222,wk32,86.0,,,0,1
552,Ranibizumab,251,wk36,81.0,391.0,Zeiss Cirrus,1,0
552,Ranibizumab,277,wk40,85.0,414.0,Zeiss Cirrus,1,0
552,Ranibizumab,315,wk44,79.0,368.0,Zeiss Cirrus,1,0
552,Ranibizumab,337,wk48,81.0,310.0,Zeiss Cirrus,0,0
552,Ranibizumab,367,wk52,83.0,350.0,Zeiss Cirrus,1,0
552,Ranibizumab,425,wk60,91.0,390.0,Zeiss Cirrus,0,0
552,Ranibizumab,446,wk64,79.0,329.0,Zeiss Cirrus,1,0
552,Ranibizumab,511,wk72,71.0,368.0,Zeiss Cirrus,1,0
552,Ranibizumab,560,wk80,77.0,339.0,Zeiss Cirrus,0,0
553,Ranibizumab,0,baseline,66.0,310.0,Zeiss Stratus,1,0
553,Ranibizumab,30,wk4,66.0,286.0,Zeiss Stratus,1,0
553,Ranibizumab,52,wk8,70.0,265.0,Zeiss Stratus,1,0
553,Ranibizumab,91,wk12,79.0,243.0,Zeiss Stratus,1,0
553,Ranibizumab,109,wk16,72.0,255.0,Zeiss Stratus,0,0
553,Ranibizumab,144,wk20,84.0,,,1,0
553,Ranibizumab,166,wk24,76.0,,,1,0
553,Ranibizumab,196,wk28,70.0,250.0,Zeiss Stratus,1,0
553,Ranibizumab,231,wk32,76.0,300.0,Zeiss Stratus,0,0
553,Ranibizumab,255,wk36,79.0,327.0,Zeiss Stratus,0,0
553,Ranibizumab,284,wk40,81.0,,,0,0
553,Ranibizumab,313,wk44,79.0,228.0,Zeiss Stratus,0,0
553,Ranibizumab,341,wk48,78.0,267.0,Zeiss Stratus,1,1
553,Ranibizumab,366,wk52,78.0,288.0,Zeiss Stratus,0,0
553,Ranibizumab,470,wk68,72.0,236.0,Zeiss Stratus,0,0
553,Ranibizumab,499,wk72,79.0,315.0,Zeiss Stratus,1,0
553,Ranibizumab,561,wk80,77.0,243.0,Zeiss Stratus,0,0
553,Ranibizumab,593,wk84,79.0,252.0,Zeiss Stratus,1,0
553,Ranibizumab,705,wk100,77.0,257.0,Zeiss Stratus,1,0
553,Ranibizumab,725,wk104,79.0,229.0,Zeiss Stratus,0,0
554,Bevacizumab,0,baseline,69.0,387.0,Zeiss Cirrus,1,0
554,Bevacizumab,25,wk4,70.0,312.0,Zeiss Cirrus,1,0
554,Bevacizumab,49,wk8,73.0,431.0,Zeiss Cirrus,1,0
554,Bevacizumab,84,wk12,66.0,,,1,0
554,Bevacizumab,109,wk16,64.0,387.0,Zeiss Cirrus,0,0
554,Bevacizumab,143,wk20,68.0,400.0,Zeiss Cirrus,1,0
554,Bevacizumab,168,wk24,76.0,,,0,0
554,Bevacizumab,190,wk28,61.0,,,0,0
554,Bevacizumab,220,wk32,71.0,372.0,Zeiss Cirrus,1,0
554,Bevacizumab,247,wk36,66.0,417.0,Zeiss Cirrus,1,0
554,Bevacizumab,278,wk40,69.0,436.0,Zeiss Cirrus,1,0
554,Bevacizumab,310,wk44,67.0,,,0,0
554,Bevacizumab,334,wk48,63.0,408.0,Zeiss Cirrus,1,0
554,Bevacizumab,359,wk52,66.0,387.0,Zeiss Cirrus,0,0
554,Bevacizumab,419,wk60,67.0,396.0,Zeiss Cirrus,1,0
554,Bevacizumab,447,wk64,67.0,388.0,Zeiss Cirrus,1,0
554,Bevacizumab,470,wk68,63.0,407.0,Zeiss Cirrus,1,0
554,Bevacizumab,505,wk72,71.0,363.0,Zeiss Cirrus,1,0
554,Bevacizumab,534,wk76,67.0,428.0,Zeiss Cirrus,0,0
554,Bevacizumab,564,wk80,68.0,,,0,0
554,Bevacizumab,622,wk88,65.0,,,0,0
554,Bevacizumab,642,wk92,72.0,460.0,Zeiss Cirrus,1,0
554,Bevacizumab,701,wk100,71.0,460.0,Zeiss Cirrus,1,0
554,Bevacizumab,722,wk104,72.0,455.0,Zeiss Cirrus,0,0
555,Aflibercept,0,baseline,65.0,489.0,Heidelberg Spectralis,1,0
555,Aflibercept,27,wk4,71.0,430.0,Heidelberg Spectralis,1,0
555,Aflibercept,53,wk8,82.0,388.0,Heidelberg Spectralis,1,0
555,Aflibercept,87,wk12,84.0,322.0,Heidelberg Spectralis,1,0
555,Aflibercept,106,wk16,87.0,290.0,Heidelberg Spectralis,1,0
555,Aflibercept,134,wk20,90.0,,,1,0
555,Aflibercept,168,wk24,86.0,319.0,Heidelberg Spectralis,1,0
555,Aflibercept,199,wk28,91.0,334.0,Heidelberg Spectralis,1,0
555,Aflibercept,230,wk32,81.0,312.0,Heidelberg Spectralis,1,0
556,Bevacizumab,0,baseline,76.0,421.0,Zeiss Cirrus,1,0
556,Bevacizumab,35,wk4,82.0,376.0,Zeiss Cirrus,1,0
557,Bevacizumab,0,baseline,67.0,506.0,Heidelberg Spectralis,1,0
557,Bevacizumab,32,wk4,70.0,503.0,Heidelberg Spectralis,1,0
557,Bevacizumab,62,wk8,64.0,327.0,Heidelberg Spectralis,1,0
557,Bevacizumab,79,wk12,72.0,,,1,0
557,Bevacizumab,119,wk16,70.0,389.0,Heidelberg Spectralis,1,0
557,Bevacizumab,136,wk20,67.0,343.0,Heidelberg Spectralis,1,0
557,Bevacizumab,162,wk24,74.0,309.0,Heidelberg Spectralis,0,0
557,Bevacizumab,192,wk28,72.0,358.0,Heidelberg Spectralis,1,0
557,Bevacizumab,225,wk32,71.0,298.0,Heidelberg Spectralis,0,0
557,Bevacizumab,255,wk36,70.0,327.0,Heidelberg Spectralis,1,0
557,Bevacizumab,285,wk40,78.0,,,1,0
557,Bevacizumab,311,wk44,70.0,344.0,Heidelberg Spectralis,1,0
557,Bevacizumab,343,wk48,77.0,341.0,Heidelberg Spectralis,1,1
557,Bevacizumab,365,wk52,72.0,318.0,Heidelberg Spectralis,0,0
557,Bevacizumab,390,wk56,73.0,297.0,Heidelberg Spectralis,1,0
557,Bevacizumab,447,wk64,72.0,330.0,Heidelberg Spectralis,0,0
557,Bevacizumab,471,wk68,71.0,,,0,0
557,Bevacizumab,567,wk80,69.0,299.0,Heidelberg Spectralis,1,0
557,Bevacizumab,646,wk92,60.0,316.0,Heidelberg Spectralis,1,0
557,Bevacizumab,725,wk104,70.0,318.0,Heidelberg Spectralis,0,0
558,Aflibercept,0,baseline,62.0,468.0,Heidelberg Spectralis,1,0
558,Aflibercept,25,wk4,66.0,380.0,Heidelberg Spectralis,1,0
558,Aflibercept,53,wk8,73.0,346.0,Heidelberg Spectralis,1,0
558,Aflibercept,83,wk12,82.0,265.0,Heidelberg Spectralis,1,0
558,Aflibercept,114,wk16,79.0,,,1,0
558,Aflibercept,135,wk20,78.0,243.0,Heidelberg Spectralis,1,0
558,Aflibercept,173,wk24,81.0,260.0,Heidelberg Spectralis,1,0
558,Aflibercept,196,wk28,86.0,290.0,Heidelberg Spectralis,1,0
558,Aflibercept,225,wk32,89.0,,,0,0
558,Aflibercept,254,wk36,77.0,231.0,Heidelberg Spectralis,1,0
558,Aflibercept,280,wk40,77.0,,,0,0
558,Aflibercept,311,wk44,82.0,,,1,1
558,Aflibercept,339,wk48,84.0,,,0,0
558,Aflibercept,365,wk52,83.0,215.0,Heidelberg Spectralis,0,0
558,Aflibercept,396,wk56,85.0,217.0,Heidelberg Spectralis,0,0
558,Aflibercept,425,wk60,83.0,150.0,Heidelberg Spectralis,1,0
558,Aflibercept,471,wk68,86.0,216.0,Heidelberg Spectralis,1,0
558,Aflibercept,511,wk72,81.0,175.0,Heidelberg Spectralis,1,0
558,Aflibercept,589,wk84,81.0,195.0,Heidelberg Spectralis,1,0
558,Aflibercept,698,wk100,73.0,,,1,0
558,Aflibercept,734,wk104,78.0,208.0,Heidelberg Spectralis,0,0
559,Ranibizumab,0,baseline,68.0,401.0,Zeiss Cirrus,1,0
559,Ranibizumab,32,wk4,68.0,374.0,Zeiss Cirrus,1,0
559,Ranibizumab,52,wk8,64.0,,,1,0
559,Ranibizumab,89,wk12,57.0,337.0,Zeiss Cirrus,1,0
559,Ranibizumab,111,wk16,60.0,,,0,0
559,Ranibizumab,142,wk20,61.0,352.0,Zeiss Cirrus,0,0
559,Ranibizumab,174,wk24,61.0,,,1,0
559,Ranibizumab,194,wk28,63.0,346.0,Zeiss Cirrus,0,0
559,Ranibizumab,227,wk32,57.0,339.0,Zeiss Cirrus,0,0
559,Ranibizumab,245,wk36,59.0,355.0,Zeiss Cirrus,0,0
559,Ranibizumab,282,wk40,62.0,354.0,Zeiss Cirrus,0,0
559,Ranibizumab,309,wk44,61.0,,,0,0
559,Ranibizumab,335,wk48,66.0,296.0,Zeiss Cirrus,0,0
559,Ranibizumab,368,wk52,63.0,337.0,Zeiss Cirrus,0,0
559,Ranibizumab,418,wk60,63.0,349.0,Zeiss Cirrus,0,0
559,Ranibizumab,442,wk64,63.0,355.0,Zeiss Cirrus,0,0
559,Ranibizumab,471,wk68,68.0,340.0,Zeiss Cirrus,1,0
559,Ranibizumab,503,wk72,58.0,,,0,0
559,Ranibizumab,616,wk88,68.0,330.0,Zeiss Cirrus,1,0
559,Ranibizumab,638,wk92,60.0,327.0,Zeiss Cirrus,0,0
559,Ranibizumab,672,wk96,61.0,271.0,Zeiss Cirrus,0,0
559,Ranibizumab,707,wk100,70.0,252.0,Zeiss Cirrus,1,0
559,Ranibizumab,724,wk104,63.0,310.0,Zeiss Cirrus,0,0
560,Ranibizumab,0,baseline,42.0,641.0,Heidelberg Spectralis,1,0
560,Ranibizumab,32,wk4,48.0,563.0,Heidelberg Spectralis,1,0
560,Ranibizumab,59,wk8,53.0,556.0,Heidelberg Spectralis,1,0
560,Ranibizumab,77,wk12,59.0,474.0,Heidelberg Spectralis,1,0
560,Ranibizumab,105,wk16,61.0,508.0,Heidelberg Spectralis,1,0
560,Ranibizumab,134,wk20,61.0,420.0,Heidelberg Spectralis,1,0
560,Ranibizumab,167,wk24,66.0,449.0,Heidelberg Spectralis,1,0
560,Ranibizumab,203,wk28,63.0,424.0,Heidelberg Spectralis,1,0
560,Ranibizumab,218,wk32,63.0,449.0,Heidelberg Spectralis,0,0
560,Ranibizumab,254,wk36,66.0,453.0,Heidelberg Spectralis,1,0
560,Ranibizumab,287,wk40,62.0,451.0,Heidelberg Spectralis,1,0
560,Ranibizumab,301,wk44,69.0,422.0,Heidelberg Spectralis,1,0
560,Ranibizumab,339,wk48,59.0,,,1,0
560,Ranibizumab,367,wk52,65.0,428.0,Heidelberg Spectralis,0,0
560,Ranibizumab,470,wk68,64.0,422.0,Heidelberg Spectralis,1,0
560,Ranibizumab,507,wk72,71.0,448.0,Heidelberg Spectralis,0,0
560,Ranibizumab,591,wk84,62.0,479.0,Heidelberg Spectralis,0,0
560,Ranibizumab,674,wk96,68.0,390.0,Heidelberg Spectralis,0,0
560,Ranibizumab,721,wk104,65.0,428.0,Heidelberg Spectralis,0,0
561,Aflibercept,0,baseline,69.0,506.0,Zeiss Cirrus,1,0
561,Aflibercept,25,wk4,71.0,448.0,Zeiss Cirrus,1,0
561,Aflibercept,55,wk8,78.0,418.0,Zeiss Cirrus,1,0
561,Aflibercept,77,wk12,85.0,379.0,Zeiss Cirrus,1,0
561,Aflibercept,116,wk16,73.0,393.0,Zeiss Cirrus,0,0
561,Aflibercept,140,wk20,78.0,352.0,Zeiss Cirrus,0,0
561,Aflibercept,172,wk24,76.0,348.0,Zeiss Cirrus,0,0
561,Aflibercept,191,wk28,81.0,323.0,Zeiss Cirrus,1,0
561,Aflibercept,231,wk32,73.0,385.0,Zeiss Cirrus,1,0
561,Aflibercept,252,wk36,73.0,403.0,Zeiss Cirrus,0,0
561,Aflibercept,277,wk40,78.0,367.0,Zeiss Cirrus,0,0
561,Aflibercept,315,wk44,77.0,327.0,Zeiss Cirrus,0,0
561,Aflibercept,334,wk48,75.0,348.0,Zeiss Cirrus,1,0
561,Aflibercept,364,wk52,77.0,349.0,Zeiss Cirrus,1,0
561,Aflibercept,385,wk56,84.0,376.0,Zeiss Cirrus,1,0
561,Aflibercept,421,wk60,70.0,355.0,Zeiss Cirrus,0,0
561,Aflibercept,510,wk72,81.0,305.0,Zeiss Cirrus,0,0
561,Aflibercept,595,wk84,78.0,400.0,Zeiss Cirrus,0,0
561,Aflibercept,617,wk88,90.0,374.0,Zeiss Cirrus,0,0
561,Aflibercept,670,wk96,85.0,362.0,Zeiss Cirrus,1,0
561,Aflibercept,723,wk104,84.0,409.0,Zeiss Cirrus,0,0
562,Bevacizumab,0,baseline,46.0,485.0,Heidelberg Spectralis,1,0
562,Bevacizumab,27,wk4,52.0,,,1,0
562,Bevacizumab,58,wk8,63.0,,,1,0
562,Bevacizumab,88,wk12,60.0,398.0,Heidelberg Spectralis,1,0
562,Bevacizumab,111,wk16,63.0,405.0,Heidelberg Spectralis,0,0
562,Bevacizumab,141,wk20,75.0,378.0,Heidelberg Spectralis,1,0
562,Bevacizumab,174,wk24,72.0,394.0,Heidelberg Spectralis,0,0
562,Bevacizumab,203,wk28,67.0,394.0,Heidelberg Spectralis,1,0
562,Bevacizumab,228,wk32,71.0,392.0,Heidelberg Spectralis,0,1
562,Bevacizumab,252,wk36,74.0,472.0,Heidelberg Spectralis,1,0
562,Bevacizumab,273,wk40,76.0,330.0,Heidelberg Spectralis,1,0
562,Bevacizumab,302,wk44,64.0,,,1,0
562,Bevacizumab,337,wk48,71.0,398.0,Heidelberg Spectralis,1,0
562,Bevacizumab,361,wk52,72.0,380.0,Heidelberg Spectralis,0,0
562,Bevacizumab,419,wk60,73.0,395.0,Heidelberg Spectralis,1,0
562,Bevacizumab,505,wk72,75.0,,,1,0
562,Bevacizumab,531,wk76,72.0,397.0,Heidelberg Spectralis,0,0
562,Bevacizumab,588,wk84,74.0,,,1,0
562,Bevacizumab,623,wk88,75.0,432.0,Heidelberg Spectralis,1,0
562,Bevacizumab,735,wk104,69.0,461.0,Heidelberg Spectralis,0,0
563,Aflibercept,0,baseline,61.0,504.0,Zeiss Cirrus,1,0
563,Aflibercept,30,wk4,68.0,417.0,Zeiss Cirrus,1,0
563,Aflibercept,56,wk8,69.0,358.0,Zeiss Cirrus,1,0
563,Aflibercept,88,wk12,77.0,363.0,Zeiss Cirrus,1,0
563,Aflibercept,114,wk16,79.0,353.0,Zeiss Cirrus,0,0
563,Aflibercept,135,wk20,74.0,293.0,Zeiss Cirrus,1,0
563,Aflibercept,167,wk24,76.0,,,0,0
563,Aflibercept,203,wk28,79.0,,,0,0
563,Aflibercept,221,wk32,75.0,293.0,Zeiss Cirrus,0,0
563,Aflibercept,251,wk36,80.0,,,1,0
563,Aflibercept,278,wk40,81.0,294.0,Zeiss Cirrus,0,1
563,Aflibercept,307,wk44,80.0,289.0,Zeiss Cirrus,0,0
563,Aflibercept,343,wk48,77.0,308.0,Zeiss Cirrus,0,0
563,Aflibercept,368,wk52,78.0,289.0,Zeiss Cirrus,1,0
563,Aflibercept,483,wk68,75.0,303.0,Zeiss Cirrus,1,0
563,Aflibercept,505,wk72,74.0,,,1,0
563,Aflibercept,621,wk88,76.0,302.0,Zeiss Cirrus,0,0
563,Aflibercept,643,wk92,76.0,281.0,Zeiss Cirrus,0,0
563,Aflibercept,695,wk100,74.0,300.0,Zeiss Cirrus,1,0
563,Aflibercept,735,wk104,76.0,272.0,Zeiss Cirrus,0,0
564,Bevacizumab,0,baseline,76.0,389.0,Heidelberg Spectralis,1,0
564,Bevacizumab,33,wk4,84.0,,,1,0
564,Bevacizumab,53,wk8,78.0,437.0,Heidelberg Spectralis,1,0
564,Bevacizumab,88,wk12,86.0,352.0,Heidelberg Spectralis,1,0
564,Bevacizumab,118,wk16,89.0,390.0,Heidelberg Spectralis,1,0
564,Bevacizumab,147,wk20,91.0,377.0,Heidelberg Spectralis,1,0
564,Bevacizumab,171,wk24,85.0,,,0,0
564,Bevacizumab,195,wk28,91.0,401.0,Heidelberg Spectralis,0,0
564,Bevacizumab,223,wk32,88.0,348.0,Heidelberg Spectralis,0,0
564,Bevacizumab,254,wk36,93.0,354.0,Heidelberg Spectralis,1,0
564,Bevacizumab,287,wk40,91.0,321.0,Heidelberg Spectralis,0,0
564,Bevacizumab,314,wk44,81.0,372.0,Heidelberg Spectralis,1,0
564,Bevacizumab,339,wk48,91.0,295.0,Heidelberg Spectralis,0,1
564,Bevacizumab,359,wk52,88.0,355.0,Heidelberg Spectralis,1,0
564,Bevacizumab,399,wk56,91.0,360.0,Heidelberg Spectralis,0,0
564,Bevacizumab,420,wk60,93.0,373.0,Heidelberg Spectralis,1,0
564,Bevacizumab,447,wk64,87.0,375.0,Heidelberg Spectralis,1,0
564,Bevacizumab,529,wk76,91.0,,,0,0
564,Bevacizumab,642,wk92,94.0,290.0,Heidelberg Spectralis,0,0
564,Bevacizumab,674,wk96,100.0,312.0,Heidelberg Spectralis,0,0
564,Bevacizumab,727,wk104,100.0,327.0,Heidelberg Spectralis,0,0
565,Ranibizumab,0,baseline,77.0,720.0,Zeiss Cirrus,1,0
565,Ranibizumab,26,wk4,86.0,614.0,Zeiss Cirrus,1,0
565,Ranibizumab,56,wk8,83.0,551.0,Zeiss Cirrus,1,0
565,Ranibizumab,89,wk12,88.0,473.0,Zeiss Cirrus,1,0
565,Ranibizumab,108,wk16,81.0,494.0,Zeiss Cirrus,1,0
566,Aflibercept,0,baseline,49.0,359.0,Heidelberg Spectralis,1,0
566,Aflibercept,31,wk4,49.0,363.0,Heidelberg Spectralis,1,0
566,Aflibercept,60,wk8,54.0,311.0,Heidelberg Spectralis,1,0
566,Aflibercept,77,wk12,44.0,350.0,Heidelberg Spectralis,1,0
566,Aflibercept,116,wk16,48.0,,,1,0
566,Aflibercept,134,wk20,49.0,,,1,0
566,Aflibercept,161,wk24,45.0,281.0,Heidelberg Spectralis,1,0
566,Aflibercept,198,wk28,46.0,320.0,Heidelberg Spectralis,0,0
566,Aflibercept,219,wk32,55.0,,,1,1
566,Aflibercept,250,wk36,45.0,302.0,Heidelberg Spectralis,1,0
566,Aflibercept,273,wk40,51.0,349.0,Heidelberg Spectralis,1,0
566,Aflibercept,315,wk44,50.0,342.0,Heidelberg Spectralis,0,0
566,Aflibercept,342,wk48,49.0,236.0,Heidelberg Spectralis,1,0
566,Aflibercept,364,wk52,48.0,296.0,Heidelberg Spectralis,0,0
566,Aflibercept,448,wk64,46.0,319.0,Heidelberg Spectralis,1,0
566,Aflibercept,535,wk76,50.0,293.0,Heidelberg Spectralis,0,0
566,Aflibercept,618,wk88,41.0,364.0,Heidelberg Spectralis,0,0
566,Aflibercept,672,wk96,50.0,,,1,0
566,Aflibercept,700,wk100,44.0,453.0,Heidelberg Spectralis,1,0
566,Aflibercept,721,wk104,43.0,393.0,Heidelberg Spectralis,0,0
567,Aflibercept,0,baseline,69.0,440.0,Zeiss Cirrus,1,0
567,Aflibercept,35,wk4,63.0,,,1,0
567,Aflibercept,54,wk8,76.0,411.0,Zeiss Cirrus,1,0
567,Aflibercept,87,wk12,68.0,436.0,Zeiss Cirrus,1,0
567,Aflibercept,114,wk16,75.0,474.0,Zeiss Cirrus,1,0
567,Aflibercept,146,wk20,78.0,442.0,Zeiss Cirrus,0,0
567,Aflibercept,162,wk24,72.0,455.0,Zeiss Cirrus,0,0
567,Aflibercept,196,wk28,77.0,520.0,Zeiss Cirrus,1,0
567,Aflibercept,222,wk32,73.0,468.0,Zeiss Cirrus,1,0
567,Aflibercept,252,wk36,79.0,456.0,Zeiss Cirrus,1,0
567,Aflibercept,279,wk40,70.0,521.0,Zeiss Cirrus,0,0
567,Aflibercept,306,wk44,79.0,501.0,Zeiss Cirrus,0,0
567,Aflibercept,338,wk48,72.0,471.0,Zeiss Cirrus,1,0
567,Aflibercept,370,wk52,75.0,474.0,Zeiss Cirrus,0,0
567,Aflibercept,424,wk60,75.0,459.0,Zeiss Cirrus,0,0
567,Aflibercept,502,wk72,82.0,,,1,0
567,Aflibercept,554,wk80,78.0,488.0,Zeiss Cirrus,1,0
567,Aflibercept,586,wk84,81.0,470.0,Zeiss Cirrus,0,0
567,Aflibercept,609,wk88,85.0,442.0,Zeiss Cirrus,1,0
567,Aflibercept,699,wk100,92.0,443.0,Zeiss Cirrus,1,0
567,Aflibercept,729,wk104,84.0,469.0,Zeiss Cirrus,0,0
568,Ranibizumab,0,baseline,55.0,426.0,Heidelberg Spectralis,1,0
568,Ranibizumab,29,wk4,65.0,369.0,Heidelberg Spectralis,1,0
568,Ranibizumab,60,wk8,63.0,,,1,0
568,Ranibizumab,79,wk12,69.0,299.0,Heidelberg Spectralis,1,0
568,Ranibizumab,106,wk16,72.0,316.0,Heidelberg Spectralis,0,0
568,Ranibizumab,142,wk20,73.0,,,0,0
568,Ranibizumab,172,wk24,66.0,248.0,Heidelberg Spectralis,0,0
568,Ranibizumab,194,wk28,77.0,223.0,Heidelberg Spectralis,0,0
568,Ranibizumab,223,wk32,73.0,299.0,Heidelberg Spectralis,0,0
568,Ranibizumab,255,wk36,70.0,260.0,Heidelberg Spectralis,0,0
568,Ranibizumab,276,wk40,63.0,283.0,Heidelberg Spectralis,0,0
568,Ranibizumab,315,wk44,71.0,228.0,Heidelberg Spectralis,0,0
568,Ranibizumab,335,wk48,70.0,203.0,Heidelberg Spectralis,1,0
568,Ranibizumab,358,wk52,71.0,247.0,Heidelberg Spectralis,1,0
568,Ranibizumab,426,wk60,77.0,275.0,Heidelberg Spectralis,0,0
568,Ranibizumab,497,wk72,70.0,235.0,Heidelberg Spectralis,0,0
568,Ranibizumab,535,wk76,71.0,,,1,0
568,Ranibizumab,564,wk80,67.0,282.0,Heidelberg Spectralis,0,0
568,Ranibizumab,589,wk84,73.0,300.0,Heidelberg Spectralis,0,0
568,Ranibizumab,645,wk92,62.0,276.0,Heidelberg Spectralis,0,0
568,Ranibizumab,698,wk100,65.0,313.0,Heidelberg Spectralis,0,0
568,Ranibizumab,725,wk104,65.0,282.0,Heidelberg Spectralis,0,0
569,Aflibercept,0,baseline,69.0,398.0,Zeiss Cirrus,1,0
569,Aflibercept,24,wk4,70.0,449.0,Zeiss Cirrus,1,0
569,Aflibercept,52,wk8,70.0,462.0,Zeiss Cirrus,1,0
569,Aflibercept,85,wk12,81.0,501.0,Zeiss Cirrus,1,0
569,Aflibercept,106,wk16,80.0,518.0,Zeiss Cirrus,1,0
569,Aflibercept,140,wk20,68.0,467.0,Zeiss Cirrus,1,0
569,Aflibercept,165,wk24,83.0,,,0,0
569,Aflibercept,201,wk28,72.0,529.0,Zeiss Cirrus,0,0
569,Aflibercept,220,wk32,72.0,474.0,Zeiss Cirrus,0,0
569,Aflibercept,256,wk36,78.0,484.0,Zeiss Cirrus,1,0
569,Aflibercept,282,wk40,79.0,506.0,Zeiss Cirrus,1,0
569,Aflibercept,307,wk44,75.0,545.0,Zeiss Cirrus,1,0
569,Aflibercept,333,wk48,84.0,516.0,Zeiss Cirrus,0,0
569,Aflibercept,370,wk52,78.0,504.0,Zeiss Cirrus,1,0
569,Aflibercept,397,wk56,79.0,547.0,Zeiss Cirrus,0,0
569,Aflibercept,415,wk60,79.0,,,1,0
569,Aflibercept,452,wk64,78.0,526.0,Zeiss Cirrus,0,0
569,Aflibercept,507,wk72,74.0,515.0,Zeiss Cirrus,0,0
569,Aflibercept,533,wk76,77.0,523.0,Zeiss Cirrus,0,0
569,Aflibercept,560,wk80,76.0,519.0,Zeiss Cirrus,0,0
569,Aflibercept,584,wk84,80.0,555.0,Zeiss Cirrus,0,0
569,Aflibercept,672,wk96,79.0,554.0,Zeiss Cirrus,1,0
569,Aflibercept,703,wk100,77.0,524.0,Zeiss Cirrus,0,0
569,Aflibercept,729,wk104,76.0,522.0,Zeiss Cirrus,0,0
570,Ranibizumab,0,baseline,74.0,386.0,Zeiss Cirrus,1,0
570,Ranibizumab,21,wk4,73.0,292.0,Zeiss Cirrus,1,0
570,Ranibizumab,55,wk8,82.0,,,1,0
570,Ranibizumab,80,wk12,78.0,234.0,Zeiss Cirrus,1,0
570,Ranibizumab,109,wk16,80.0,,,1,0
570,Ranibizumab,147,wk20,76.0,292.0,Zeiss Cirrus,1,0
570,Ranibizumab,172,wk24,89.0,247.0,Zeiss Cirrus,1,0
570,Ranibizumab,200,wk28,81.0,167.0,Zeiss Cirrus,1,0
570,Ranibizumab,219,wk32,81.0,190.0,Zeiss Cirrus,1,0
570,Ranibizumab,256,wk36,75.0,226.0,Zeiss Cirrus,1,0
570,Ranibizumab,282,wk40,87.0,202.0,Zeiss Cirrus,1,0
570,Ranibizumab,310,wk44,78.0,183.0,Zeiss Cirrus,1,0
570,Ranibizumab,330,wk48,84.0,206.0,Zeiss Cirrus,1,0
570,Ranibizumab,367,wk52,81.0,211.0,Zeiss Cirrus,0,0
570,Ranibizumab,385,wk56,82.0,195.0,Zeiss Cirrus,0,0
570,Ranibizumab,445,wk64,80.0,238.0,Zeiss Cirrus,1,0
570,Ranibizumab,526,wk76,76.0,263.0,Zeiss Cirrus,0,0
570,Ranibizumab,585,wk84,76.0,280.0,Zeiss Cirrus,0,0
570,Ranibizumab,623,wk88,79.0,243.0,Zeiss Cirrus,0,0
570,Ranibizumab,698,wk100,75.0,255.0,Zeiss Cirrus,1,0
570,Ranibizumab,731,wk104,79.0,289.0,Zeiss Cirrus,0,0
571,Ranibizumab,0,baseline,58.0,384.0,Heidelberg Spectralis,1,0
571,Ranibizumab,24,wk4,61.0,397.0,Heidelberg Spectralis,1,0
571,Ranibizumab,61,wk8,67.0,340.0,Heidelberg Spectralis,1,0
571,Ranibizumab,90,wk12,58.0,,,1,0
571,Ranibizumab,106,wk16,66.0,327.0,Heidelberg Spectralis,1,0
571,Ranibizumab,145,wk20,61.0,372.0,Heidelberg Spectralis,0,0
571,Ranibizumab,175,wk24,68.0,,,1,0
571,Ranibizumab,192,wk28,64.0,312.0,Heidelberg Spectralis,0,0
571,Ranibizumab,219,wk32,65.0,363.0,Heidelberg Spectralis,1,0
571,Ranibizumab,251,wk36,64.0,350.0,Heidelberg Spectralis,1,0
571,Ranibizumab,278,wk40,62.0,299.0,Heidelberg Spectralis,1,0
571,Ranibizumab,312,wk44,61.0,337.0,Heidelberg Spectralis,0,0
571,Ranibizumab,342,wk48,66.0,352.0,Heidelberg Spectralis,1,0
571,Ranibizumab,363,wk52,66.0,325.0,Heidelberg Spectralis,0,0
571,Ranibizumab,421,wk60,72.0,385.0,Heidelberg Spectralis,0,0
571,Ranibizumab,504,wk72,64.0,370.0,Heidelberg Spectralis,1,0
571,Ranibizumab,526,wk76,70.0,317.0,Heidelberg Spectralis,0,0
571,Ranibizumab,651,wk92,66.0,325.0,Heidelberg Spectralis,1,0
571,Ranibizumab,733,wk104,66.0,305.0,Heidelberg Spectralis,0,0
572,Ranibizumab,0,baseline,46.0,568.0,Zeiss Cirrus,1,0
572,Ranibizumab,32,wk4,53.0,483.0,Zeiss Cirrus,1,0
572,Ranibizumab,49,wk8,60.0,,,1,0
572,Ranibizumab,88,wk12,60.0,,,1,0
572,Ranibizumab,115,wk16,66.0,,,0,0
572,Ranibizumab,137,wk20,60.0,272.0,Zeiss Cirrus,1,0
572,Ranibizumab,174,wk24,66.0,296.0,Zeiss Cirrus,1,0
572,Ranibizumab,195,wk28,62.0,240.0,Zeiss Cirrus,1,0
572,Ranibizumab,229,wk32,59.0,259.0,Zeiss Cirrus,1,0
572,Ranibizumab,251,wk36,67.0,214.0,Zeiss Cirrus,1,0
572,Ranibizumab,273,wk40,62.0,267.0,Zeiss Cirrus,1,0
572,Ranibizumab,313,wk44,63.0,,,0,0
572,Ranibizumab,329,wk48,67.0,,,0,0
572,Ranibizumab,371,wk52,62.0,274.0,Zeiss Cirrus,1,0
572,Ranibizumab,476,wk68,65.0,295.0,Zeiss Cirrus,1,0
572,Ranibizumab,559,wk80,71.0,215.0,Zeiss Cirrus,0,0
573,Bevacizumab,0,baseline,58.0,351.0,Heidelberg Spectralis,1,0
573,Bevacizumab,23,wk4,61.0,345.0,Heidelberg Spectralis,1,0
573,Bevacizumab,58,wk8,55.0,364.0,Heidelberg Spectralis,1,0
573,Bevacizumab,86,wk12,59.0,350.0,Heidelberg Spectralis,1,0
573,Bevacizumab,111,wk16,53.0,313.0,Heidelberg Spectralis,0,0
573,Bevacizumab,147,wk20,58.0,352.0,Heidelberg Spectralis,1,0
573,Bevacizumab,173,wk24,53.0,,,1,0
573,Bevacizumab,190,wk28,59.0,,,1,0
573,Bevacizumab,221,wk32,53.0,336.0,Heidelberg Spectralis,1,0
573,Bevacizumab,255,wk36,54.0,327.0,Heidelberg Spectralis,1,0
573,Bevacizumab,280,wk40,61.0,345.0,Heidelberg Spectralis,1,0
573,Bevacizumab,301,wk44,55.0,394.0,Heidelberg Spectralis,1,0
573,Bevacizumab,334,wk48,55.0,,,0,0
573,Bevacizumab,358,wk52,57.0,349.0,Heidelberg Spectralis,1,0
573,Bevacizumab,399,wk56,47.0,386.0,Heidelberg Spectralis,1,0
573,Bevacizumab,473,wk68,67.0,342.0,Heidelberg Spectralis,0,0
573,Bevacizumab,497,wk72,62.0,407.0,Heidelberg Spectralis,0,0
573,Bevacizumab,553,wk80,55.0,,,0,0
573,Bevacizumab,641,wk92,66.0,362.0,Heidelberg Spectralis,0,0
573,Bevacizumab,732,wk104,58.0,413.0,Heidelberg Spectralis,0,0
574,Bevacizumab,0,baseline,77.0,566.0,Heidelberg Spectralis,1,0
574,Bevacizumab,30,wk4,76.0,505.0,Heidelberg Spectralis,1,0
574,Bevacizumab,55,wk8,76.0,517.0,Heidelberg Spectralis,1,0
574,Bevacizumab,85,wk12,62.0,518.0,Heidelberg Spectralis,1,0
574,Bevacizumab,110,wk16,67.0,495.0,Heidelberg Spectralis,1,0
574,Bevacizumab,134,wk20,60.0,479.0,Heidelberg Spectralis,0,0
574,Bevacizumab,173,wk24,73.0,432.0,Heidelberg Spectralis,1,0
574,Bevacizumab,195,wk28,65.0,430.0,Heidelberg Spectralis,0,0
574,Bevacizumab,220,wk32,71.0,,,1,0
574,Bevacizumab,248,wk36,72.0,460.0,Heidelberg Spectralis,0,0
574,Bevacizumab,286,wk40,66.0,526.0,Heidelberg Spectralis,1,0
574,Bevacizumab,304,wk44,60.0,552.0,Heidelberg Spectralis,1,0
574,Bevacizumab,337,wk48,59.0,467.0,Heidelberg Spectralis,0,1
574,Bevacizumab,359,wk52,65.0,465.0,Heidelberg Spectralis,0,0
574,Bevacizumab,391,wk56,70.0,459.0,Heidelberg Spectralis,1,0
574,Bevacizumab,424,wk60,71.0,435.0,Heidelberg Spectralis,1,0
574,Bevacizumab,479,wk68,68.0,425.0,Heidelberg Spectralis,1,0
574,Bevacizumab,497,wk72,66.0,517.0,Heidelberg Spectralis,1,0
574,Bevacizumab,563,wk80,72.0,,,0,0
574,Bevacizumab,585,wk84,70.0,,,0,1
574,Bevacizumab,649,wk92,70.0,519.0,Heidelberg Spectralis,0,0
574,Bevacizumab,678,wk96,69.0,468.0,Heidelberg Spectralis,1,0
574,Bevacizumab,721,wk104,69.0,491.0,Heidelberg Spectralis,0,0
575,Bevacizumab,0,baseline,74.0,499.0,Zeiss Cirrus,1,0
575,Bevacizumab,23,wk4,74.0,443.0,Zeiss Cirrus,1,0
575,Bevacizumab,57,wk8,76.0,,,1,0
575,Bevacizumab,83,wk12,80.0,401.0,Zeiss Cirrus,1,0
575,Bevacizumab,106,wk16,76.0,368.0,Zeiss Cirrus,1,0
575,Bevacizumab,140,wk20,85.0,412.0,Zeiss Cirrus,0,0
575,Bevacizumab,171,wk24,74.0,396.0,Zeiss Cirrus,1,0
575,Bevacizumab,195,wk28,79.0,384.0,Zeiss Cirrus,1,0
575,Bevacizumab,218,wk32,75.0,,,1,0
575,Bevacizumab,245,wk36,82.0,373.0,Zeiss Cirrus,0,0
575,Bevacizumab,277,wk40,80.0,417.0,Zeiss Cirrus,1,0
575,Bevacizumab,314,wk44,76.0,314.0,Zeiss Cirrus,1,0
575,Bevacizumab,336,wk48,77.0,337.0,Zeiss Cirrus,0,0
575,Bevacizumab,357,wk52,79.0,377.0,Zeiss Cirrus,1,0
575,Bevacizumab,444,wk64,68.0,382.0,Zeiss Cirrus,0,0
575,Bevacizumab,527,wk76,83.0,356.0,Zeiss Cirrus,0,0
575,Bevacizumab,554,wk80,77.0,384.0,Zeiss Cirrus,1,0
575,Bevacizumab,585,wk84,77.0,,,0,0
575,Bevacizumab,610,wk88,73.0,,,1,0
575,Bevacizumab,693,wk100,73.0,416.0,Zeiss Cirrus,1,0
575,Bevacizumab,724,wk104,77.0,385.0,Zeiss Cirrus,0,0
576,Ranibizumab,0,baseline,53.0,418.0,Heidelberg Spectralis,1,0
576,Ranibizumab,30,wk4,64.0,406.0,Heidelberg Spectralis,1,0
576,Ranibizumab,57,wk8,53.0,384.0,Heidelberg Spectralis,1,0
576,Ranibizumab,86,wk12,51.0,392.0,Heidelberg Spectralis,1,0
576,Ranibizumab,114,wk16,60.0,390.0,Heidelberg Spectralis,0,0
576,Ranibizumab,135,wk20,65.0,367.0,Heidelberg Spectralis,0,0
576,Ranibizumab,166,wk24,61.0,,,0,0
576,Ranibizumab,192,wk28,56.0,391.0,Heidelberg Spectralis,1,0
576,Ranibizumab,228,wk32,68.0,386.0,Heidelberg Spectralis,0,0
576,Ranibizumab,254,wk36,60.0,386.0,Heidelberg Spectralis,1,0
576,Ranibizumab,274,wk40,59.0,379.0,Heidelberg Spectralis,1,0
576,Ranibizumab,307,wk44,59.0,379.0,Heidelberg Spectralis,0,0
576,Ranibizumab,330,wk48,63.0,403.0,Heidelberg Spectralis,0,0
576,Ranibizumab,365,wk52,61.0,,,1,0
576,Ranibizumab,392,wk56,69.0,341.0,Heidelberg Spectralis,1,0
576,Ranibizumab,497,wk72,75.0,,,1,0
576,Ranibizumab,535,wk76,64.0,364.0,Heidelberg Spectralis,1,0
576,Ranibizumab,642,wk92,70.0,360.0,Heidelberg Spectralis,0,0
576,Ranibizumab,679,wk96,66.0,,,0,0
576,Ranibizumab,698,wk100,67.0,377.0,Heidelberg Spectralis,1,0
576,Ranibizumab,731,wk104,64.0,428.0,Heidelberg Spectralis,0,0
577,Ranibizumab,0,baseline,73.0,486.0,Zeiss Cirrus,1,0
577,Ranibizumab,27,wk4,83.0,397.0,Zeiss Cirrus,1,0
577,Ranibizumab,61,wk8,85.0,,,1,0
577,Ranibizumab,81,wk12,75.0,334.0,Zeiss Cirrus,1,0
577,Ranibizumab,119,wk16,84.0,,,0,0
577,Ranibizumab,138,wk20,95.0,280.0,Zeiss Cirrus,1,0
577,Ranibizumab,170,wk24,95.0,306.0,Zeiss Cirrus,1,0
577,Ranibizumab,199,wk28,82.0,309.0,Zeiss Cirrus,1,0
577,Ranibizumab,231,wk32,88.0,361.0,Zeiss Cirrus,0,0
577,Ranibizumab,247,wk36,87.0,302.0,Zeiss Cirrus,1,0
577,Ranibizumab,276,wk40,97.0,331.0,Zeiss Cirrus,0,0
577,Ranibizumab,301,wk44,100.0,,,1,0
577,Ranibizumab,334,wk48,88.0,305.0,Zeiss Cirrus,1,1
577,Ranibizumab,359,wk52,90.0,301.0,Zeiss Cirrus,1,0
577,Ranibizumab,398,wk56,99.0,304.0,Zeiss Cirrus,0,0
578,Bevacizumab,0,baseline,39.0,438.0,Heidelberg Spectralis,1,0
578,Bevacizumab,30,wk4,37.0,352.0,Heidelberg Spectralis,1,0
578,Bevacizumab,61,wk8,45.0,342.0,Heidelberg Spectralis,1,0
578,Bevacizumab,78,wk12,34.0,233.0,Heidelberg Spectralis,1,0
578,Bevacizumab,111,wk16,47.0,282.0,Heidelberg Spectralis,0,0
578,Bevacizumab,144,wk20,36.0,281.0,Heidelberg Spectralis,1,0
578,Bevacizumab,167,wk24,36.0,271.0,Heidelberg Spectralis,1,0
578,Bevacizumab,193,wk28,34.0,235.0,Heidelberg Spectralis,0,0
578,Bevacizumab,217,wk32,33.0,206.0,Heidelberg Spectralis,0,1
578,Bevacizumab,254,wk36,36.0,,,1,0
578,Bevacizumab,278,wk40,33.0,200.0,Heidelberg Spectralis,1,0
578,Bevacizumab,302,wk44,35.0,237.0,Heidelberg Spectralis,0,0
578,Bevacizumab,343,wk48,35.0,,,0,0
578,Bevacizumab,358,wk52,35.0,212.0,Heidelberg Spectralis,0,0
578,Bevacizumab,391,wk56,40.0,230.0,Heidelberg Spectralis,0,0
578,Bevacizumab,425,wk60,36.0,,,0,0
578,Bevacizumab,469,wk68,35.0,250.0,Heidelberg Spectralis,1,0
578,Bevacizumab,511,wk72,30.0,269.0,Heidelberg Spectralis,0,0
578,Bevacizumab,581,wk84,35.0,258.0,Heidelberg Spectralis,0,0
578,Bevacizumab,645,wk92,35.0,261.0,Heidelberg Spectralis,1,0
578,Bevacizumab,671,wk96,32.0,284.0,Heidelberg Spectralis,0,0
578,Bevacizumab,723,wk104,27.0,265.0,Heidelberg Spectralis,0,0
579,Aflibercept,0,baseline,75.0,358.0,Heidelberg Spectralis,1,0
579,Aflibercept,24,wk4,73.0,,,1,0
579,Aflibercept,56,wk8,81.0,305.0,Heidelberg Spectralis,1,0
579,Aflibercept,90,wk12,75.0,360.0,Heidelberg Spectralis,1,0
579,Aflibercept,108,wk16,85.0,298.0,Heidelberg Spectralis,1,0
579,Aflibercept,138,wk20,90.0,333.0,Heidelberg Spectralis,1,0
579,Aflibercept,161,wk24,80.0,281.0,Heidelberg Spectralis,1,0
579,Aflibercept,196,wk28,82.0,350.0,Heidelberg Spectralis,1,1
579,Aflibercept,225,wk32,92.0,275.0,Heidelberg Spectralis,1,0
579,Aflibercept,258,wk36,79.0,337.0,Heidelberg Spectralis,0,0
579,Aflibercept,285,wk40,81.0,320.0,Heidelberg Spectralis,0,0
579,Aflibercept,305,wk44,88.0,307.0,Heidelberg Spectralis,1,0
579,Aflibercept,339,wk48,85.0,255.0,Heidelberg Spectralis,1,0
579,Aflibercept,364,wk52,83.0,309.0,Heidelberg Spectralis,1,0
579,Aflibercept,417,wk60,83.0,351.0,Heidelberg Spectralis,1,0
579,Aflibercept,445,wk64,93.0,325.0,Heidelberg Spectralis,0,0
579,Aflibercept,478,wk68,90.0,348.0,Heidelberg Spectralis,0,0
579,Aflibercept,508,wk72,83.0,331.0,Heidelberg Spectralis,0,0
579,Aflibercept,535,wk76,87.0,,,1,0
579,Aflibercept,564,wk80,86.0,262.0,Heidelberg Spectralis,1,0
579,Aflibercept,645,wk92,82.0,288.0,Heidelberg Spectralis,0,0
579,Aflibercept,666,wk96,81.0,349.0,Heidelberg Spectralis,0,0
579,Aflibercept,732,wk104,86.0,309.0,Heidelberg Spectralis,0,0
580,Aflibercept,0,baseline,69.0,334.0,Zeiss Cirrus,1,0
580,Aflibercept,26,wk4,76.0,355.0,Zeiss Cirrus,1,0
580,Aflibercept,52,wk8,80.0,294.0,Zeiss Cirrus,1,0
580,Aflibercept,82,wk12,87.0,244.0,Zeiss Cirrus,1,0
580,Aflibercept,110,wk16,90.0,,,0,0
580,Aflibercept,141,wk20,91.0,326.0,Zeiss Cirrus,1,0
580,Aflibercept,174,wk24,82.0,284.0,Zeiss Cirrus,1,0
580,Aflibercept,189,wk28,95.0,248.0,Zeiss Cirrus,1,1
580,Aflibercept,228,wk32,93.0,277.0,Zeiss Cirrus,0,0
580,Aflibercept,256,wk36,90.0,243.0,Zeiss Cirrus,0,0
580,Aflibercept,283,wk40,91.0,228.0,Zeiss Cirrus,1,0
580,Aflibercept,309,wk44,95.0,,,1,0
580,Aflibercept,338,wk48,94.0,,,1,0
580,Aflibercept,363,wk52,95.0,259.0,Zeiss Cirrus,1,0
580,Aflibercept,477,wk68,92.0,225.0,Zeiss Cirrus,0,0
580,Aflibercept,530,wk76,98.0,249.0,Zeiss Cirrus,0,0
580,Aflibercept,562,wk80,95.0,,,0,0
580,Aflibercept,595,wk84,98.0,,,0,0
580,Aflibercept,645,wk92,100.0,262.0,Zeiss Cirrus,0,0
580,Aflibercept,693,wk100,94.0,261.0,Zeiss Cirrus,0,0
580,Aflibercept,722,wk104,96.0,285.0,Zeiss Cirrus,0,0
581,Aflibercept,0,baseline,77.0,500.0,Zeiss Cirrus,1,0
581,Aflibercept,26,wk4,73.0,412.0,Zeiss Cirrus,1,0
581,Aflibercept,62,wk8,82.0,407.0,Zeiss Cirrus,1,0
581,Aflibercept,87,wk12,77.0,300.0,Zeiss Cirrus,1,0
581,Aflibercept,110,wk16,80.0,309.0,Zeiss Cirrus,0,0
581,Aflibercept,137,wk20,85.0,358.0,Zeiss Cirrus,0,0
581,Aflibercept,167,wk24,79.0,308.0,Zeiss Cirrus,1,0
581,Aflibercept,200,wk28,73.0,,,1,0
581,Aflibercept,226,wk32,75.0,283.0,Zeiss Cirrus,0,0
581,Aflibercept,245,wk36,85.0,,,0,0
581,Aflibercept,283,wk40,83.0,283.0,Zeiss Cirrus,0,0
581,Aflibercept,309,wk44,80.0,286.0,Zeiss Cirrus,1,0
581,Aflibercept,340,wk48,85.0,302.0,Zeiss Cirrus,0,0
581,Aflibercept,367,wk52,82.0,277.0,Zeiss Cirrus,0,0
581,Aflibercept,390,wk56,81.0,253.0,Zeiss Cirrus,0,0
581,Aflibercept,422,wk60,74.0,296.0,Zeiss Cirrus,0,0
581,Aflibercept,478,wk68,81.0,296.0,Zeiss Cirrus,1,0
581,Aflibercept,511,wk72,85.0,310.0,Zeiss Cirrus,1,0
581,Aflibercept,565,wk80,86.0,285.0,Zeiss Cirrus,1,0
582,Bevacizumab,0,baseline,38.0,519.0,Heidelberg Spectralis,1,0
582,Bevacizumab,24,wk4,43.0,437.0,Heidelberg Spectralis,1,0
582,Bevacizumab,61,wk8,41.0,415.0,Heidelberg Spectralis,1,0
582,Bevacizumab,91,wk12,48.0,405.0,Heidelberg Spectralis,1,0
582,Bevacizumab,106,wk16,55.0,336.0,Heidelberg Spectralis,1,0
582,Bevacizumab,144,wk20,52.0,375.0,Heidelberg Spectralis,1,0
582,Bevacizumab,164,wk24,49.0,378.0,Heidelberg Spectralis,0,0
582,Bevacizumab,197,wk28,59.0,370.0,Heidelberg Spectralis,0,0
582,Bevacizumab,222,wk32,59.0,334.0,Heidelberg Spectralis,0,0
582,Bevacizumab,246,wk36,55.0,414.0,Heidelberg Spectralis,0,0
582,Bevacizumab,278,wk40,47.0,338.0,Heidelberg Spectralis,1,1
582,Bevacizumab,313,wk44,53.0,385.0,Heidelberg Spectralis,1,0
582,Bevacizumab,330,wk48,58.0,360.0,Heidelberg Spectralis,0,0
582,Bevacizumab,368,wk52,55.0,353.0,Heidelberg Spectralis,0,0
582,Bevacizumab,427,wk60,54.0,311.0,Heidelberg Spectralis,1,0
582,Bevacizumab,506,wk72,53.0,362.0,Heidelberg Spectralis,1,0
582,Bevacizumab,585,wk84,51.0,,,1,0
582,Bevacizumab,622,wk88,56.0,373.0,Heidelberg Spectralis,0,0
582,Bevacizumab,647,wk92,53.0,364.0,Heidelberg Spectralis,1,0
582,Bevacizumab,706,wk100,56.0,,,0,0
582,Bevacizumab,734,wk104,53.0,330.0,Heidelberg Spectralis,0,0
583,Ranibizumab,0,baseline,60.0,479.0,Heidelberg Spectralis,1,0
583,Ranibizumab,23,wk4,56.0,490.0,Heidelberg Spectralis,1,0
583,Ranibizumab,62,wk8,63.0,390.0,Heidelberg Spectralis,1,0
583,Ranibizumab,77,wk12,77.0,,,1,0
583,Ranibizumab,116,wk16,71.0,,,0,0
583,Ranibizumab,146,wk20,80.0,408.0,Heidelberg Spectralis,1,0
583,Ranibizumab,164,wk24,83.0,346.0,Heidelberg Spectralis,0,0
583,Ranibizumab,199,wk28,69.0,348.0,Heidelberg Spectralis,1,0
583,Ranibizumab,226,wk32,79.0,333.0,Heidelberg Spectralis,1,0
583,Ranibizumab,250,wk36,74.0,343.0,Heidelberg Spectralis,0,0
583,Ranibizumab,284,wk40,77.0,404.0,Heidelberg Spectralis,1,0
583,Ranibizumab,310,wk44,82.0,385.0,Heidelberg Spectralis,0,0
583,Ranibizumab,343,wk48,81.0,401.0,Heidelberg Spectralis,1,0
583,Ranibizumab,371,wk52,78.0,357.0,Heidelberg Spectralis,1,0
583,Ranibizumab,396,wk56,82.0,371.0,Heidelberg Spectralis,1,0
583,Ranibizumab,420,wk60,71.0,379.0,Heidelberg Spectralis,0,0
583,Ranibizumab,483,wk68,77.0,336.0,Heidelberg Spectralis,0,0
583,Ranibizumab,530,wk76,77.0,328.0,Heidelberg Spectralis,0,0
583,Ranibizumab,649,wk92,66.0,,,1,0
583,Ranibizumab,672,wk96,79.0,308.0,Heidelberg Spectralis,0,0
583,Ranibizumab,705,wk100,79.0,415.0,Heidelberg Spectralis,1,0
583,Ranibizumab,732,wk104,76.0,339.0,Heidelberg Spectralis,0,0
584,Ranibizumab,0,baseline,76.0,392.0,Zeiss Cirrus,1,0
584,Ranibizumab,26,wk4,72.0,298.0,Zeiss Cirrus,1,0
584,Ranibizumab,62,wk8,76.0,288.0,Zeiss Cirrus,1,0
584,Ranibizumab,90,wk12,87.0,247.0,Zeiss Cirrus,1,0
584,Ranibizumab,116,wk16,85.0,264.0,Zeiss Cirrus,1,0
584,Ranibizumab,134,wk20,87.0,256.0,Zeiss Cirrus,1,0
584,Ranibizumab,172,wk24,86.0,264.0,Zeiss Cirrus,1,0
584,Ranibizumab,190,wk28,87.0,,,1,0
584,Ranibizumab,220,wk32,80.0,244.0,Zeiss Cirrus,0,0
584,Ranibizumab,245,wk36,83.0,238.0,Zeiss Cirrus,1,0
584,Ranibizumab,276,wk40,89.0,233.0,Zeiss Cirrus,0,0
584,Ranibizumab,308,wk44,84.0,199.0,Zeiss Cirrus,1,0
584,Ranibizumab,332,wk48,85.0,237.0,Zeiss Cirrus,0,0
584,Ranibizumab,366,wk52,86.0,244.0,Zeiss Cirrus,0,0
584,Ranibizumab,414,wk60,85.0,262.0,Zeiss Cirrus,1,0
584,Ranibizumab,442,wk64,92.0,258.0,Zeiss Cirrus,0,0
584,Ranibizumab,477,wk68,87.0,265.0,Zeiss Cirrus,1,0
584,Ranibizumab,503,wk72,83.0,199.0,Zeiss Cirrus,1,0
584,Ranibizumab,561,wk80,83.0,201.0,Zeiss Cirrus,1,0
584,Ranibizumab,585,wk84,84.0,237.0,Zeiss Cirrus,0,0
584,Ranibizumab,616,wk88,82.0,,,1,0
584,Ranibizumab,701,wk100,89.0,254.0,Zeiss Cirrus,1,0
584,Ranibizumab,727,wk104,85.0,218.0,Zeiss Cirrus,0,0
585,Aflibercept,0,baseline,55.0,410.0,Zeiss Cirrus,1,0
585,Aflibercept,32,wk4,63.0,413.0,Zeiss Cirrus,1,0
585,Aflibercept,54,wk8,62.0,,,1,0
585,Aflibercept,86,wk12,65.0,379.0,Zeiss Cirrus,1,0
585,Aflibercept,117,wk16,68.0,392.0,Zeiss Cirrus,0,0
585,Aflibercept,136,wk20,60.0,356.0,Zeiss Cirrus,0,0
585,Aflibercept,166,wk24,70.0,314.0,Zeiss Cirrus,1,0
585,Aflibercept,195,wk28,63.0,289.0,Zeiss Cirrus,0,0
585,Aflibercept,222,wk32,74.0,315.0,Zeiss Cirrus,0,0
585,Aflibercept,254,wk36,70.0,,,0,0
585,Aflibercept,281,wk40,70.0,314.0,Zeiss Cirrus,0,0
585,Aflibercept,314,wk44,71.0,,,0,0
585,Aflibercept,332,wk48,65.0,304.0,Zeiss Cirrus,1,0
585,Aflibercept,369,wk52,70.0,308.0,Zeiss Cirrus,1,0
585,Aflibercept,392,wk56,72.0,325.0,Zeiss Cirrus,1,0
585,Aflibercept,418,wk60,64.0,229.0,Zeiss Cirrus,0,0
585,Aflibercept,469,wk68,67.0,,,0,0
585,Aflibercept,557,wk80,80.0,301.0,Zeiss Cirrus,1,0
585,Aflibercept,645,wk92,79.0,335.0,Zeiss Cirrus,1,0
585,Aflibercept,675,wk96,77.0,377.0,Zeiss Cirrus,0,0
585,Aflibercept,697,wk100,80.0,283.0,Zeiss Cirrus,1,0
585,Aflibercept,724,wk104,81.0,309.0,Zeiss Cirrus,0,0
586,Aflibercept,0,baseline,65.0,398.0,Zeiss Cirrus,1,0
586,Aflibercept,35,wk4,67.0,372.0,Zeiss Cirrus,1,0
586,Aflibercept,62,wk8,71.0,,,1,0
586,Aflibercept,82,wk12,74.0,393.0,Zeiss Cirrus,1,0
586,Aflibercept,111,wk16,69.0,359.0,Zeiss Cirrus,0,0
586,Aflibercept,138,wk20,72.0,362.0,Zeiss Cirrus,0,0
586,Aflibercept,173,wk24,69.0,358.0,Zeiss Cirrus,0,0
586,Aflibercept,198,wk28,67.0,,,0,0
587,Ranibizumab,0,baseline,65.0,314.0,Heidelberg Spectralis,1,0
587,Ranibizumab,21,wk4,73.0,385.0,Heidelberg Spectralis,1,0
587,Ranibizumab,52,wk8,75.0,392.0,Heidelberg Spectralis,1,0
588,Ranibizumab,0,baseline,66.0,460.0,Heidelberg Spectralis,1,0
588,Ranibizumab,31,wk4,71.0,490.0,Heidelberg Spectralis,1,0
588,Ranibizumab,61,wk8,63.0,475.0,Heidelberg Spectralis,1,0
588,Ranibizumab,81,wk12,63.0,452.0,Heidelberg Spectralis,1,0
588,Ranibizumab,111,wk16,66.0,470.0,Heidelberg Spectralis,1,0
588,Ranibizumab,134,wk20,63.0,481.0,Heidelberg Spectralis,0,0
588,Ranibizumab,175,wk24,58.0,,,1,1
588,Ranibizumab,197,wk28,66.0,437.0,Heidelberg Spectralis,1,0
588,Ranibizumab,231,wk32,62.0,431.0,Heidelberg Spectralis,1,0
588,Ranibizumab,253,wk36,57.0,431.0,Heidelberg Spectralis,0,0
588,Ranibizumab,273,wk40,64.0,,,0,0
588,Ranibizumab,312,wk44,62.0,437.0,Heidelberg Spectralis,0,0
588,Ranibizumab,342,wk48,66.0,417.0,Heidelberg Spectralis,0,0
588,Ranibizumab,363,wk52,61.0,421.0,Heidelberg Spectralis,0,0
588,Ranibizumab,422,wk60,60.0,409.0,Heidelberg Spectralis,0,0
588,Ranibizumab,448,wk64,70.0,,,1,0
588,Ranibizumab,560,wk80,65.0,404.0,Heidelberg Spectralis,1,0
588,Ranibizumab,615,wk88,70.0,466.0,Heidelberg Spectralis,0,0
588,Ranibizumab,649,wk92,65.0,376.0,Heidelberg Spectralis,0,0
588,Ranibizumab,667,wk96,63.0,,,1,0
588,Ranibizumab,705,wk100,64.0,434.0,Heidelberg Spectralis,1,0
588,Ranibizumab,722,wk104,64.0,427.0,Heidelberg Spectralis,0,0
589,Bevacizumab,0,baseline,75.0,485.0,Zeiss Cirrus,1,0
589,Bevacizumab,30,wk4,81.0,437.0,Zeiss Cirrus,1,0
589,Bevacizumab,58,wk8,79.0,430.0,Zeiss Cirrus,1,0
589,Bevacizumab,80,wk12,81.0,,,1,0
589,Bevacizumab,118,wk16,88.0,398.0,Zeiss Cirrus,1,0
589,Bevacizumab,144,wk20,81.0,429.0,Zeiss Cirrus,0,0
589,Bevacizumab,175,wk24,88.0,377.0,Zeiss Cirrus,1,0
589,Bevacizumab,203,wk28,92.0,373.0,Zeiss Cirrus,1,0
589,Bevacizumab,217,wk32,97.0,309.0,Zeiss Cirrus,0,0
589,Bevacizumab,252,wk36,98.0,317.0,Zeiss Cirrus,1,0
589,Bevacizumab,273,wk40,87.0,373.0,Zeiss Cirrus,1,0
589,Bevacizumab,312,wk44,85.0,,,1,1
589,Bevacizumab,329,wk48,94.0,364.0,Zeiss Cirrus,1,0
589,Bevacizumab,357,wk52,88.0,382.0,Zeiss Cirrus,1,0
589,Bevacizumab,399,wk56,81.0,380.0,Zeiss Cirrus,0,0
589,Bevacizumab,450,wk64,91.0,428.0,Zeiss Cirrus,1,0
589,Bevacizumab,539,wk76,91.0,,,0,0
589,Bevacizumab,588,wk84,91.0,460.0,Zeiss Cirrus,0,0
589,Bevacizumab,701,wk100,100.0,367.0,Zeiss Cirrus,0,0
589,Bevacizumab,734,wk104,94.0,380.0,Zeiss Cirrus,0,0
590,Bevacizumab,0,baseline,40.0,461.0,Heidelberg Spectralis,1,0
590,Bevacizumab,28,wk4,35.0,491.0,Heidelberg Spectralis,1,0
590,Bevacizumab,52,wk8,49.0,,,1,0
590,Bevacizumab,83,wk12,49.0,381.0,Heidelberg Spectralis,1,0
590,Bevacizumab,107,wk16,47.0,383.0,Heidelberg Spectralis,1,0
590,Bevacizumab,146,wk20,53.0,456.0,Heidelberg Spectralis,1,0
590,Bevacizumab,172,wk24,53.0,,,1,0
590,Bevacizumab,199,wk28,52.0,404.0,Heidelberg Spectralis,1,0
590,Bevacizumab,231,wk32,53.0,374.0,Heidelberg Spectralis,1,0
590,Bevacizumab,253,wk36,61.0,389.0,Heidelberg Spectralis,1,0
590,Bevacizumab,278,wk40,55.0,,,1,1
590,Bevacizumab,310,wk44,50.0,363.0,Heidelberg Spectralis,1,0
590,Bevacizumab,335,wk48,51.0,385.0,Heidelberg Spectralis,1,0
590,Bevacizumab,358,wk52,53.0,381.0,Heidelberg Spectralis,1,0
590,Bevacizumab,421,wk60,49.0,416.0,Heidelberg Spectralis,0,0
590,Bevacizumab,443,wk64,55.0,,,0,0
590,Bevacizumab,503,wk72,55.0,406.0,Heidelberg Spectralis,0,0
590,Bevacizumab,553,wk80,47.0,399.0,Heidelberg Spectralis,0,0
590,Bevacizumab,584,wk84,49.0,398.0,Heidelberg Spectralis,1,0
590,Bevacizumab,621,wk88,49.0,403.0,Heidelberg Spectralis,0,0
590,Bevacizumab,668,wk96,59.0,384.0,Heidelberg Spectralis,1,0
590,Bevacizumab,732,wk104,52.0,380.0,Heidelberg Spectralis,0,0
591,Bevacizumab,0,baseline,76.0,678.0,Heidelberg Spectralis,1,0
591,Bevacizumab,31,wk4,75.0,618.0,Heidelberg Spectralis,1,0
591,Bevacizumab,58,wk8,69.0,551.0,Heidelberg Spectralis,1,0
591,Bevacizumab,88,wk12,87.0,458.0,Heidelberg Spectralis,1,0
591,Bevacizumab,105,wk16,83.0,466.0,Heidelberg Spectralis,0,0
591,Bevacizumab,140,wk20,85.0,390.0,Heidelberg Spectralis,0,0
591,Bevacizumab,163,wk24,85.0,446.0,Heidelberg Spectralis,1,1
591,Bevacizumab,202,wk28,85.0,456.0,Heidelberg Spectralis,0,0
591,Bevacizumab,222,wk32,86.0,395.0,Heidelberg Spectralis,1,0
591,Bevacizumab,259,wk36,88.0,384.0,Heidelberg Spectralis,1,0
591,Bevacizumab,273,wk40,87.0,452.0,Heidelberg Spectralis,0,0
591,Bevacizumab,306,wk44,87.0,390.0,Heidelberg Spectralis,0,0
591,Bevacizumab,343,wk48,90.0,427.0,Heidelberg Spectralis,1,0
591,Bevacizumab,367,wk52,84.0,404.0,Heidelberg Spectralis,1,0
591,Bevacizumab,426,wk60,87.0,336.0,Heidelberg Spectralis,0,0
591,Bevacizumab,441,wk64,82.0,379.0,Heidelberg Spectralis,1,0
591,Bevacizumab,502,wk72,94.0,411.0,Heidelberg Spectralis,1,0
591,Bevacizumab,525,wk76,90.0,366.0,Heidelberg Spectralis,0,0
591,Bevacizumab,556,wk80,88.0,351.0,Heidelberg Spectralis,0,0
591,Bevacizumab,639,wk92,91.0,369.0,Heidelberg Spectralis,0,0
591,Bevacizumab,724,wk104,90.0,371.0,Heidelberg Spectralis,0,0
592,Bevacizumab,0,baseline,57.0,366.0,Heidelberg Spectralis,1,0
592,Bevacizumab,21,wk4,60.0,325.0,Heidelberg Spectralis,1,0
592,Bevacizumab,54,wk8,67.0,282.0,Heidelberg Spectralis,1,0
592,Bevacizumab,79,wk12,57.0,281.0,Heidelberg Spectralis,1,0
592,Bevacizumab,106,wk16,58.0,309.0,Heidelberg Spectralis,1,0
592,Bevacizumab,137,wk20,62.0,315.0,Heidelberg Spectralis,1,0
592,Bevacizumab,175,wk24,56.0,291.0,Heidelberg Spectralis,1,0
592,Bevacizumab,199,wk28,62.0,322.0,Heidelberg Spectralis,1,0
592,Bevacizumab,224,wk32,67.0,254.0,Heidelberg Spectralis,1,0
592,Bevacizumab,256,wk36,51.0,291.0,Heidelberg Spectralis,1,0
592,Bevacizumab,284,wk40,60.0,300.0,Heidelberg Spectralis,1,0
592,Bevacizumab,301,wk44,63.0,,,1,0
592,Bevacizumab,341,wk48,64.0,307.0,Heidelberg Spectralis,1,0
592,Bevacizumab,360,wk52,62.0,300.0,Heidelberg Spectralis,1,0
592,Bevacizumab,471,wk68,62.0,295.0,Heidelberg Spectralis,0,0
592,Bevacizumab,536,wk76,73.0,255.0,Heidelberg Spectralis,0,0
592,Bevacizumab,620,wk88,77.0,284.0,Heidelberg Spectralis,0,0
592,Bevacizumab,637,wk92,71.0,,,0,0
592,Bevacizumab,676,wk96,64.0,319.0,Heidelberg Spectralis,0,0
592,Bevacizumab,696,wk100,70.0,290.0,Heidelberg Spectralis,0,0
592,Bevacizumab,730,wk104,72.0,279.0,Heidelberg Spectralis,0,0
593,Aflibercept,0,baseline,76.0,368.0,Zeiss Cirrus,1,0
593,Aflibercept,35,wk4,74.0,428.0,Zeiss Cirrus,1,0
593,Aflibercept,55,wk8,91.0,440.0,Zeiss Cirrus,1,0
593,Aflibercept,77,wk12,89.0,314.0,Zeiss Cirrus,1,0
593,Aflibercept,110,wk16,89.0,352.0,Zeiss Cirrus,1,0
593,Aflibercept,133,wk20,92.0,345.0,Zeiss Cirrus,0,0
593,Aflibercept,167,wk24,94.0,324.0,Zeiss Cirrus,1,0
593,Aflibercept,192,wk28,87.0,354.0,Zeiss Cirrus,0,0
593,Aflibercept,230,wk32,97.0,315.0,Zeiss Cirrus,0,0
593,Aflibercept,256,wk36,95.0,382.0,Zeiss Cirrus,1,0
593,Aflibercept,273,wk40,97.0,,,1,0
593,Aflibercept,308,wk44,93.0,,,0,0
593,Aflibercept,329,wk48,84.0,331.0,Zeiss Cirrus,0,0
593,Aflibercept,360,wk52,94.0,329.0,Zeiss Cirrus,0,0
593,Aflibercept,447,wk64,94.0,314.0,Zeiss Cirrus,1,0
593,Aflibercept,537,wk76,86.0,265.0,Zeiss Cirrus,0,0
593,Aflibercept,591,wk84,88.0,302.0,Zeiss Cirrus,1,0
593,Aflibercept,621,wk88,92.0,297.0,Zeiss Cirrus,1,0
593,Aflibercept,668,wk96,89.0,270.0,Zeiss Cirrus,1,1
593,Aflibercept,726,wk104,86.0,252.0,Zeiss Cirrus,0,0
594,Aflibercept,0,baseline,54.0,442.0,Zeiss Cirrus,1,0
594,Aflibercept,25,wk4,58.0,407.0,Zeiss Cirrus,1,0
594,Aflibercept,50,wk8,69.0,342.0,Zeiss Cirrus,1,0
594,Aflibercept,82,wk12,71.0,343.0,Zeiss Cirrus,1,0
594,Aflibercept,110,wk16,71.0,329.0,Zeiss Cirrus,0,0
594,Aflibercept,135,wk20,64.0,323.0,Zeiss Cirrus,0,0
594,Aflibercept,167,wk24,72.0,303.0,Zeiss Cirrus,0,0
594,Aflibercept,191,wk28,81.0,,,0,0
594,Aflibercept,224,wk32,77.0,258.0,Zeiss Cirrus,0,0
594,Aflibercept,259,wk36,80.0,272.0,Zeiss Cirrus,0,0
594,Aflibercept,279,wk40,77.0,296.0,Zeiss Cirrus,0,0
594,Aflibercept,309,wk44,76.0,229.0,Zeiss Cirrus,0,0
594,Aflibercept,335,wk48,74.0,,,1,1
594,Aflibercept,370,wk52,76.0,270.0,Zeiss Cirrus,0,0
594,Aflibercept,445,wk64,75.0,221.0,Zeiss Cirrus,0,0
594,Aflibercept,471,wk68,72.0,,,0,0
594,Aflibercept,590,wk84,70.0,223.0,Zeiss Cirrus,0,0
594,Aflibercept,623,wk88,75.0,259.0,Zeiss Cirrus,1,0
594,Aflibercept,647,wk92,73.0,,,0,0
594,Aflibercept,667,wk96,79.0,261.0,Zeiss Cirrus,0,0
594,Aflibercept,694,wk100,75.0,306.0,Zeiss Cirrus,1,0
594,Aflibercept,734,wk104,77.0,255.0,Zeiss Cirrus,0,0
595,Ranibizumab,0,baseline,70.0,454.0,Zeiss Cirrus,1,0
595,Ranibizumab,24,wk4,70.0,404.0,Zeiss Cirrus,1,0
595,Ranibizumab,50,wk8,70.0,418.0,Zeiss Cirrus,1,0
595,Ranibizumab,86,wk12,71.0,,,1,0
595,Ranibizumab,114,wk16,73.0,364.0,Zeiss Cirrus,1,0
595,Ranibizumab,138,wk20,77.0,390.0,Zeiss Cirrus,1,0
595,Ranibizumab,161,wk24,75.0,368.0,Zeiss Cirrus,1,0
595,Ranibizumab,200,wk28,76.0,372.0,Zeiss Cirrus,1,0
595,Ranibizumab,224,wk32,80.0,321.0,Zeiss Cirrus,1,0
595,Ranibizumab,250,wk36,75.0,356.0,Zeiss Cirrus,1,1
595,Ranibizumab,273,wk40,82.0,362.0,Zeiss Cirrus,0,0
595,Ranibizumab,303,wk44,79.0,345.0,Zeiss Cirrus,0,0
595,Ranibizumab,332,wk48,79.0,,,0,0
595,Ranibizumab,357,wk52,75.0,346.0,Zeiss Cirrus,0,0
595,Ranibizumab,385,wk56,76.0,,,1,0
595,Ranibizumab,502,wk72,76.0,346.0,Zeiss Cirrus,1,0
595,Ranibizumab,529,wk76,83.0,365.0,Zeiss Cirrus,0,0
595,Ranibizumab,620,wk88,84.0,318.0,Zeiss Cirrus,1,0
595,Ranibizumab,707,wk100,81.0,283.0,Zeiss Cirrus,0,0
595,Ranibizumab,721,wk104,87.0,297.0,Zeiss Cirrus,0,0
596,Ranibizumab,0,baseline,75.0,304.0,Heidelberg Spectralis,1,0
596,Ranibizumab,30,wk4,71.0,229.0,Heidelberg Spectralis,1,0
596,Ranibizumab,60,wk8,72.0,,,1,0
596,Ranibizumab,84,wk12,83.0,,,1,0
596,Ranibizumab,109,wk16,65.0,232.0,Heidelberg Spectralis,1,0
596,Ranibizumab,142,wk20,76.0,230.0,Heidelberg Spectralis,0,0
596,Ranibizumab,162,wk24,76.0,205.0,Heidelberg Spectralis,1,0
596,Ranibizumab,190,wk28,74.0,193.0,Heidelberg Spectralis,1,0
596,Ranibizumab,228,wk32,74.0,203.0,Heidelberg Spectralis,1,0
596,Ranibizumab,246,wk36,71.0,230.0,Heidelberg Spectralis,1,0
596,Ranibizumab,284,wk40,75.0,,,0,0
596,Ranibizumab,309,wk44,74.0,230.0,Heidelberg Spectralis,0,0
596,Ranibizumab,331,wk48,76.0,219.0,Heidelberg Spectralis,0,0
596,Ranibizumab,370,wk52,76.0,205.0,Heidelberg Spectralis,0,0
596,Ranibizumab,420,wk60,67.0,198.0,Heidelberg Spectralis,0,0
596,Ranibizumab,442,wk64,78.0,196.0,Heidelberg Spectralis,1,0
596,Ranibizumab,471,wk68,78.0,181.0,Heidelberg Spectralis,1,0
596,Ranibizumab,502,wk72,75.0,228.0,Heidelberg Spectralis,0,0
596,Ranibizumab,559,wk80,74.0,186.0,Heidelberg Spectralis,1,0
596,Ranibizumab,595,wk84,71.0,213.0,Heidelberg Spectralis,0,0
596,Ranibizumab,672,wk96,73.0,,,0,0
596,Ranibizumab,729,wk104,69.0,199.0,Heidelberg Spectralis,0,0
597,Aflibercept,0,baseline,76.0,494.0,Zeiss Cirrus,1,0
597,Aflibercept,22,wk4,75.0,,,1,0
597,Aflibercept,60,wk8,78.0,463.0,Zeiss Cirrus,1,0
597,Aflibercept,89,wk12,84.0,422.0,Zeiss Cirrus,1,0
597,Aflibercept,116,wk16,81.0,450.0,Zeiss Cirrus,0,0
597,Aflibercept,138,wk20,85.0,429.0,Zeiss Cirrus,1,0
597,Aflibercept,169,wk24,82.0,429.0,Zeiss Cirrus,1,0
597,Aflibercept,197,wk28,78.0,389.0,Zeiss Cirrus,1,0
597,Aflibercept,231,wk32,85.0,404.0,Zeiss Cirrus,0,0
597,Aflibercept,254,wk36,89.0,386.0,Zeiss Cirrus,0,0
597,Aflibercept,284,wk40,85.0,376.0,Zeiss Cirrus,1,0
597,Aflibercept,313,wk44,86.0,404.0,Zeiss Cirrus,1,0
597,Aflibercept,330,wk48,85.0,432.0,Zeiss Cirrus,1,0
597,Aflibercept,360,wk52,81.0,404.0,Zeiss Cirrus,0,0
597,Aflibercept,395,wk56,76.0,353.0,Zeiss Cirrus,0,0
597,Aflibercept,413,wk60,76.0,369.0,Zeiss Cirrus,1,0
597,Aflibercept,525,wk76,79.0,361.0,Zeiss Cirrus,0,0
597,Aflibercept,556,wk80,84.0,394.0,Zeiss Cirrus,1,0
597,Aflibercept,588,wk84,75.0,389.0,Zeiss Cirrus,1,0
597,Aflibercept,619,wk88,81.0,,,1,0
597,Aflibercept,642,wk92,80.0,380.0,Zeiss Cirrus,0,0
597,Aflibercept,669,wk96,80.0,412.0,Zeiss Cirrus,0,0
597,Aflibercept,698,wk100,89.0,375.0,Zeiss Cirrus,0,0
597,Aflibercept,729,wk104,81.0,365.0,Zeiss Cirrus,0,0
598,Bevacizumab,0,baseline,65.0,454.0,Zeiss Cirrus,1,0
598,Bevacizumab,32,wk4,76.0,401.0,Zeiss Cirrus,1,0
598,Bevacizumab,55,wk8,90.0,392.0,Zeiss Cirrus,1,0
598,Bevacizumab,89,wk12,83.0,368.0,Zeiss Cirrus,1,0
598,Bevacizumab,113,wk16,94.0,359.0,Zeiss Cirrus,1,0
598,Bevacizumab,144,wk20,85.0,402.0,Zeiss Cirrus,0,0
598,Bevacizumab,164,wk24,100.0,391.0,Zeiss Cirrus,1,0
598,Bevacizumab,203,wk28,87.0,305.0,Zeiss Cirrus,1,1
598,Bevacizumab,218,wk32,93.0,336.0,Zeiss Cirrus,0,0
598,Bevacizumab,250,wk36,99.0,346.0,Zeiss Cirrus,0,0
598,Bevacizumab,277,wk40,97.0,306.0,Zeiss Cirrus,0,0
598,Bevacizumab,304,wk44,99.0,347.0,Zeiss Cirrus,1,0
598,Bevacizumab,341,wk48,91.0,295.0,Zeiss Cirrus,0,0
598,Bevacizumab,371,wk52,95.0,338.0,Zeiss Cirrus,0,0
598,Bevacizumab,390,wk56,99.0,373.0,Zeiss Cirrus,1,0
598,Bevacizumab,425,wk60,96.0,303.0,Zeiss Cirrus,1,0
598,Bevacizumab,450,wk64,98.0,321.0,Zeiss Cirrus,1,0
598,Bevacizumab,532,wk76,92.0,298.0,Zeiss Cirrus,0,0
598,Bevacizumab,594,wk84,92.0,276.0,Zeiss Cirrus,1,0
598,Bevacizumab,619,wk88,90.0,295.0,Zeiss Cirrus,1,0
598,Bevacizumab,650,wk92,88.0,,,0,0
598,Bevacizumab,697,wk100,88.0,319.0,Zeiss Cirrus,0,0
598,Bevacizumab,735,wk104,93.0,246.0,Zeiss Cirrus,0,0
599,Aflibercept,0,baseline,59.0,291.0,Heidelberg Spectralis,1,0
599,Aflibercept,28,wk4,68.0,,,1,0
599,Aflibercept,57,wk8,62.0,353.0,Heidelberg Spectralis,1,0
599,Aflibercept,84,wk12,59.0,,,1,0
599,Aflibercept,115,wk16,59.0,311.0,Heidelberg Spectralis,0,0
599,Aflibercept,142,wk20,63.0,335.0,Heidelberg Spectralis,1,0
599,Aflibercept,173,wk24,63.0,318.0,Heidelberg Spectralis,1,0
599,Aflibercept,189,wk28,70.0,266.0,Heidelberg Spectralis,1,0
599,Aflibercept,226,wk32,60.0,331.0,Heidelberg Spectralis,0,0
599,Aflibercept,247,wk36,58.0,344.0,Heidelberg Spectralis,1,0
599,Aflibercept,279,wk40,73.0,331.0,Heidelberg Spectralis,0,0
599,Aflibercept,306,wk44,57.0,,,1,1
599,Aflibercept,330,wk48,54.0,320.0,Heidelberg Spectralis,0,0
599,Aflibercept,360,wk52,63.0,320.0,Heidelberg Spectralis,0,0
599,Aflibercept,419,wk60,59.0,340.0,Heidelberg Spectralis,1,0
599,Aflibercept,443,wk64,66.0,338.0,Heidelberg Spectralis,0,0
599,Aflibercept,480,wk68,70.0,374.0,Heidelberg Spectralis,1,0
599,Aflibercept,533,wk76,66.0,355.0,Heidelberg Spectralis,0,0
599,Aflibercept,623,wk88,69.0,349.0,Heidelberg Spectralis,0,0
599,Aflibercept,637,wk92,74.0,,,0,0
599,Aflibercept,725,wk104,70.0,400.0,Heidelberg Spectralis,0,0
600,Ranibizumab,0,baseline,75.0,442.0,Heidelberg Spectralis,1,0
600,Ranibizumab,31,wk4,78.0,,,1,0
600,Ranibizumab,63,wk8,80.0,357.0,Heidelberg Spectralis,1,0
600,Ranibizumab,85,wk12,81.0,376.0,Heidelberg Spectralis,1,0
600,Ranibizumab,109,wk16,81.0,312.0,Heidelberg Spectralis,0,0
600,Ranibizumab,140,wk20,90.0,291.0,Heidelberg Spectralis,0,0
600,Ranibizumab,175,wk24,89.0,266.0,Heidelberg Spectralis,0,0
600,Ranibizumab,189,wk28,93.0,270.0,Heidelberg Spectralis,1,0
600,Ranibizumab,226,wk32,90.0,293.0,Heidelberg Spectralis,1,0
600,Ranibizumab,253,wk36,96.0,270.0,Heidelberg Spectralis,0,0
600,Ranibizumab,282,wk40,87.0,254.0,Heidelberg Spectralis,0,0
600,Ranibizumab,314,wk44,88.0,313.0,Heidelberg Spectralis,0,0
600,Ranibizumab,333,wk48,94.0,311.0,Heidelberg Spectralis,1,0
600,Ranibizumab,365,wk52,91.0,268.0,Heidelberg Spectralis,1,0
600,Ranibizumab,394,wk56,90.0,241.0,Heidelberg Spectralis,1,0
600,Ranibizumab,420,wk60,95.0,274.0,Heidelberg Spectralis,1,0
600,Ranibizumab,509,wk72,93.0,205.0,Heidelberg Spectralis,1,0
600,Ranibizumab,526,wk76,94.0,352.0,Heidelberg Spectralis,1,0
600,Ranibizumab,650,wk92,94.0,,,0,0
600,Ranibizumab,669,wk96,100.0,273.0,Heidelberg Spectralis,0,0
600,Ranibizumab,702,wk100,94.0,218.0,Heidelberg Spectralis,0,0
600,Ranibizumab,725,wk104,98.0,249.0,Heidelberg Spectralis,0,0
601,Aflibercept,0,baseline,68.0,356.0,Zeiss Cirrus,1,0
601,Aflibercept,23,wk4,75.0,368.0,Zeiss Cirrus,1,0
601,Aflibercept,55,wk8,78.0,279.0,Zeiss Cirrus,1,0
601,Aflibercept,91,wk12,76.0,,,1,0
601,Aflibercept,118,wk16,81.0,246.0,Zeiss Cirrus,1,0
601,Aflibercept,133,wk20,82.0,221.0,Zeiss Cirrus,0,0
601,Aflibercept,170,wk24,81.0,276.0,Zeiss Cirrus,0,0
601,Aflibercept,189,wk28,90.0,255.0,Zeiss Cirrus,0,0
601,Aflibercept,228,wk32,89.0,168.0,Zeiss Cirrus,0,0
601,Aflibercept,248,wk36,83.0,158.0,Zeiss Cirrus,0,0
601,Aflibercept,274,wk40,82.0,,,0,0
601,Aflibercept,312,wk44,84.0,248.0,Zeiss Cirrus,0,0
601,Aflibercept,339,wk48,87.0,218.0,Zeiss Cirrus,1,0
601,Aflibercept,363,wk52,87.0,211.0,Zeiss Cirrus,1,0
601,Aflibercept,389,wk56,80.0,234.0,Zeiss Cirrus,1,0
601,Aflibercept,441,wk64,87.0,268.0,Zeiss Cirrus,0,0
601,Aflibercept,508,wk72,89.0,259.0,Zeiss Cirrus,1,0
601,Aflibercept,553,wk80,89.0,254.0,Zeiss Cirrus,1,0
601,Aflibercept,619,wk88,88.0,216.0,Zeiss Cirrus,1,0
601,Aflibercept,666,wk96,90.0,276.0,Zeiss Cirrus,0,0
601,Aflibercept,701,wk100,89.0,226.0,Zeiss Cirrus,0,0
601,Aflibercept,725,wk104,88.0,259.0,Zeiss Cirrus,0,0
602,Ranibizumab,0,baseline,56.0,386.0,Zeiss Cirrus,1,0
602,Ranibizumab,23,wk4,63.0,375.0,Zeiss Cirrus,1,0
602,Ranibizumab,54,wk8,73.0,422.0,Zeiss Cirrus,1,0
602,Ranibizumab,80,wk12,81.0,,,1,0
602,Ranibizumab,114,wk16,81.0,395.0,Zeiss Cirrus,1,0
602,Ranibizumab,136,wk20,81.0,,,1,0
602,Ranibizumab,170,wk24,84.0,369.0,Zeiss Cirrus,1,0
602,Ranibizumab,199,wk28,86.0,,,1,1
602,Ranibizumab,220,wk32,85.0,335.0,Zeiss Cirrus,0,0
602,Ranibizumab,249,wk36,82.0,411.0,Zeiss Cirrus,1,0
602,Ranibizumab,277,wk40,83.0,434.0,Zeiss Cirrus,1,0
602,Ranibizumab,307,wk44,85.0,403.0,Zeiss Cirrus,0,0
602,Ranibizumab,337,wk48,84.0,447.0,Zeiss Cirrus,1,0
602,Ranibizumab,365,wk52,84.0,392.0,Zeiss Cirrus,1,0
602,Ranibizumab,454,wk64,84.0,390.0,Zeiss Cirrus,0,0
602,Ranibizumab,530,wk76,84.0,413.0,Zeiss Cirrus,1,0
602,Ranibizumab,584,wk84,82.0,379.0,Zeiss Cirrus,0,0
602,Ranibizumab,615,wk88,89.0,382.0,Zeiss Cirrus,0,0
602,Ranibizumab,644,wk92,90.0,336.0,Zeiss Cirrus,0,0
602,Ranibizumab,673,wk96,87.0,366.0,Zeiss Cirrus,0,0
602,Ranibizumab,695,wk100,89.0,375.0,Zeiss Cirrus,0,0
602,Ranibizumab,726,wk104,84.0,361.0,Zeiss Cirrus,0,0
603,Bevacizumab,0,baseline,73.0,316.0,Zeiss Cirrus,1,0
603,Bevacizumab,27,wk4,79.0,312.0,Zeiss Cirrus,1,0
603,Bevacizumab,50,wk8,78.0,250.0,Zeiss Cirrus,1,0
603,Bevacizumab,86,wk12,73.0,276.0,Zeiss Cirrus,1,0
603,Bevacizumab,105,wk16,80.0,271.0,Zeiss Cirrus,0,0
603,Bevacizumab,144,wk20,87.0,277.0,Zeiss Cirrus,1,0
603,Bevacizumab,170,wk24,72.0,304.0,Zeiss Cirrus,1,0
603,Bevacizumab,201,wk28,80.0,258.0,Zeiss Cirrus,1,0
603,Bevacizumab,226,wk32,78.0,276.0,Zeiss Cirrus,1,0
603,Bevacizumab,247,wk36,84.0,308.0,Zeiss Cirrus,1,0
603,Bevacizumab,280,wk40,87.0,292.0,Zeiss Cirrus,1,0
603,Bevacizumab,309,wk44,89.0,198.0,Zeiss Cirrus,1,0
603,Bevacizumab,338,wk48,77.0,258.0,Zeiss Cirrus,1,0
603,Bevacizumab,365,wk52,83.0,273.0,Zeiss Cirrus,1,0
603,Bevacizumab,419,wk60,81.0,299.0,Zeiss Cirrus,1,0
603,Bevacizumab,447,wk64,77.0,,,1,0
603,Bevacizumab,497,wk72,79.0,302.0,Zeiss Cirrus,0,0
603,Bevacizumab,583,wk84,75.0,,,0,0
603,Bevacizumab,650,wk92,76.0,332.0,Zeiss Cirrus,0,0
603,Bevacizumab,723,wk104,73.0,331.0,Zeiss Cirrus,0,0
604,Aflibercept,0,baseline,59.0,473.0,Zeiss Cirrus,1,0
604,Aflibercept,22,wk4,60.0,416.0,Zeiss Cirrus,1,0
604,Aflibercept,52,wk8,73.0,296.0,Zeiss Cirrus,1,0
604,Aflibercept,86,wk12,75.0,291.0,Zeiss Cirrus,1,0
604,Aflibercept,115,wk16,65.0,247.0,Zeiss Cirrus,0,0
604,Aflibercept,136,wk20,74.0,295.0,Zeiss Cirrus,1,0
604,Aflibercept,175,wk24,76.0,,,1,0
604,Aflibercept,195,wk28,71.0,159.0,Zeiss Cirrus,1,0
604,Aflibercept,223,wk32,78.0,198.0,Zeiss Cirrus,0,0
604,Aflibercept,251,wk36,80.0,176.0,Zeiss Cirrus,0,0
604,Aflibercept,273,wk40,80.0,196.0,Zeiss Cirrus,0,0
604,Aflibercept,309,wk44,73.0,179.0,Zeiss Cirrus,1,0
604,Aflibercept,333,wk48,75.0,170.0,Zeiss Cirrus,1,0
604,Aflibercept,369,wk52,78.0,192.0,Zeiss Cirrus,0,0
604,Aflibercept,470,wk68,76.0,150.0,Zeiss Cirrus,0,0
604,Aflibercept,528,wk76,80.0,150.0,Zeiss Cirrus,0,0
604,Aflibercept,559,wk80,86.0,184.0,Zeiss Cirrus,0,0
604,Aflibercept,614,wk88,89.0,150.0,Zeiss Cirrus,0,0
604,Aflibercept,651,wk92,81.0,,,0,0
604,Aflibercept,735,wk104,87.0,150.0,Zeiss Cirrus,0,0
605,Aflibercept,0,baseline,61.0,652.0,Zeiss Cirrus,1,0
605,Aflibercept,27,wk4,76.0,533.0,Zeiss Cirrus,1,0
605,Aflibercept,55,wk8,79.0,473.0,Zeiss Cirrus,1,0
605,Aflibercept,90,wk12,84.0,407.0,Zeiss Cirrus,1,0
605,Aflibercept,107,wk16,89.0,356.0,Zeiss Cirrus,0,0
605,Aflibercept,137,wk20,84.0,,,1,0
605,Aflibercept,167,wk24,94.0,361.0,Zeiss Cirrus,1,0
605,Aflibercept,191,wk28,83.0,281.0,Zeiss Cirrus,1,0
605,Aflibercept,220,wk32,86.0,353.0,Zeiss Cirrus,1,0
605,Aflibercept,250,wk36,90.0,325.0,Zeiss Cirrus,0,0
605,Aflibercept,274,wk40,96.0,256.0,Zeiss Cirrus,1,0
605,Aflibercept,307,wk44,93.0,,,1,0
605,Aflibercept,342,wk48,95.0,269.0,Zeiss Cirrus,1,0
605,Aflibercept,366,wk52,91.0,286.0,Zeiss Cirrus,0,0
605,Aflibercept,395,wk56,96.0,341.0,Zeiss Cirrus,0,0
605,Aflibercept,426,wk60,84.0,293.0,Zeiss Cirrus,1,0
605,Aflibercept,448,wk64,93.0,277.0,Zeiss Cirrus,0,0
605,Aflibercept,538,wk76,89.0,282.0,Zeiss Cirrus,0,0
605,Aflibercept,564,wk80,97.0,290.0,Zeiss Cirrus,1,0
605,Aflibercept,593,wk84,86.0,275.0,Zeiss Cirrus,1,0
605,Aflibercept,615,wk88,84.0,312.0,Zeiss Cirrus,1,0
605,Aflibercept,643,wk92,96.0,323.0,Zeiss Cirrus,0,0
605,Aflibercept,721,wk104,89.0,283.0,Zeiss Cirrus,0,0
606,Ranibizumab,0,baseline,59.0,456.0,Zeiss Cirrus,1,0
606,Ranibizumab,32,wk4,70.0,,,1,0
606,Ranibizumab,52,wk8,73.0,436.0,Zeiss Cirrus,1,0
606,Ranibizumab,85,wk12,68.0,359.0,Zeiss Cirrus,1,0
606,Ranibizumab,108,wk16,76.0,385.0,Zeiss Cirrus,0,0
606,Ranibizumab,141,wk20,69.0,,,1,0
606,Ranibizumab,175,wk24,71.0,350.0,Zeiss Cirrus,1,0
606,Ranibizumab,202,wk28,77.0,,,0,0
606,Ranibizumab,231,wk32,74.0,366.0,Zeiss Cirrus,1,0
606,Ranibizumab,257,wk36,72.0,443.0,Zeiss Cirrus,0,0
606,Ranibizumab,273,wk40,79.0,396.0,Zeiss Cirrus,1,0
606,Ranibizumab,301,wk44,73.0,385.0,Zeiss Cirrus,1,0
606,Ranibizumab,339,wk48,75.0,354.0,Zeiss Cirrus,1,0
606,Ranibizumab,357,wk52,75.0,381.0,Zeiss Cirrus,0,0
606,Ranibizumab,425,wk60,74.0,385.0,Zeiss Cirrus,1,0
606,Ranibizumab,446,wk64,74.0,396.0,Zeiss Cirrus,1,0
606,Ranibizumab,535,wk76,74.0,363.0,Zeiss Cirrus,0,0
606,Ranibizumab,642,wk92,69.0,371.0,Zeiss Cirrus,1,0
606,Ranibizumab,730,wk104,74.0,327.0,Zeiss Cirrus,0,0
607,Aflibercept,0,baseline,76.0,,,1,0
607,Aflibercept,26,wk4,77.0,279.0,Zeiss Cirrus,1,0
607,Aflibercept,58,wk8,83.0,262.0,Zeiss Cirrus,1,0
607,Aflibercept,88,wk12,81.0,251.0,Zeiss Cirrus,1,0
607,Aflibercept,105,wk16,84.0,270.0,Zeiss Cirrus,0,0
607,Aflibercept,135,wk20,95.0,235.0,Zeiss Cirrus,0,0
607,Aflibercept,168,wk24,86.0,296.0,Zeiss Cirrus,1,0
607,Aflibercept,195,wk28,94.0,263.0,Zeiss Cirrus,0,0
607,Aflibercept,220,wk32,89.0,268.0,Zeiss Cirrus,1,0
607,Aflibercept,246,wk36,88.0,292.0,Zeiss Cirrus,1,0
607,Aflibercept,283,wk40,76.0,322.0,Zeiss Cirrus,0,0
607,Aflibercept,315,wk44,85.0,260.0,Zeiss Cirrus,1,0
607,Aflibercept,332,wk48,96.0,296.0,Zeiss Cirrus,1,0
607,Aflibercept,366,wk52,86.0,288.0,Zeiss Cirrus,1,0
607,Aflibercept,388,wk56,89.0,283.0,Zeiss Cirrus,1,0
607,Aflibercept,444,wk64,87.0,314.0,Zeiss Cirrus,0,0
607,Aflibercept,533,wk76,90.0,,,1,0
607,Aflibercept,582,wk84,92.0,305.0,Zeiss Cirrus,0,0
607,Aflibercept,609,wk88,84.0,408.0,Zeiss Cirrus,0,0
607,Aflibercept,701,wk100,93.0,,,0,0
607,Aflibercept,725,wk104,92.0,382.0,Zeiss Cirrus,0,0
608,Aflibercept,0,baseline,74.0,483.0,Heidelberg Spectralis,1,0
608,Aflibercept,23,wk4,85.0,439.0,Heidelberg Spectralis,1,0
608,Aflibercept,55,wk8,85.0,,,1,0
608,Aflibercept,80,wk12,90.0,281.0,Heidelberg Spectralis,1,0
608,Aflibercept,109,wk16,84.0,305.0,Heidelberg Spectralis,0,0
608,Aflibercept,138,wk20,94.0,,,1,0
608,Aflibercept,171,wk24,87.0,249.0,Heidelberg Spectralis,0,0
608,Aflibercept,192,wk28,88.0,257.0,Heidelberg Spectralis,0,0
608,Aflibercept,219,wk32,92.0,267.0,Heidelberg Spectralis,0,0
608,Aflibercept,252,wk36,86.0,228.0,Heidelberg Spectralis,0,0
608,Aflibercept,277,wk40,98.0,285.0,Heidelberg Spectralis,1,0
608,Aflibercept,303,wk44,97.0,253.0,Heidelberg Spectralis,1,0
608,Aflibercept,337,wk48,90.0,304.0,Heidelberg Spectralis,1,0
608,Aflibercept,369,wk52,94.0,252.0,Heidelberg Spectralis,1,0
608,Aflibercept,421,wk60,88.0,341.0,Heidelberg Spectralis,0,0
608,Aflibercept,447,wk64,91.0,251.0,Heidelberg Spectralis,0,0
608,Aflibercept,481,wk68,100.0,238.0,Heidelberg Spectralis,1,0
608,Aflibercept,526,wk76,93.0,209.0,Heidelberg Spectralis,0,0
608,Aflibercept,616,wk88,93.0,,,1,0
608,Aflibercept,638,wk92,92.0,258.0,Heidelberg Spectralis,0,0
608,Aflibercept,706,wk100,100.0,,,1,0
608,Aflibercept,728,wk104,95.0,232.0,Heidelberg Spectralis,0,0
609,Ranibizumab,0,baseline,43.0,435.0,Heidelberg Spectralis,1,0
609,Ranibizumab,26,wk4,57.0,359.0,Heidelberg Spectralis,1,0
609,Ranibizumab,63,wk8,55.0,338.0,Heidelberg Spectralis,1,0
609,Ranibizumab,77,wk12,58.0,344.0,Heidelberg Spectralis,1,0
609,Ranibizumab,113,wk16,61.0,333.0,Heidelberg Spectralis,1,0
609,Ranibizumab,141,wk20,70.0,314.0,Heidelberg Spectralis,0,0
609,Ranibizumab,166,wk24,65.0,253.0,Heidelberg Spectralis,1,0
609,Ranibizumab,191,wk28,57.0,303.0,Heidelberg Spectralis,1,1
609,Ranibizumab,225,wk32,63.0,234.0,Heidelberg Spectralis,1,0
609,Ranibizumab,246,wk36,61.0,281.0,Heidelberg Spectralis,0,0
609,Ranibizumab,282,wk40,55.0,,,1,0
609,Ranibizumab,307,wk44,62.0,266.0,Heidelberg Spectralis,1,0
609,Ranibizumab,338,wk48,67.0,269.0,Heidelberg Spectralis,0,0
609,Ranibizumab,368,wk52,62.0,270.0,Heidelberg Spectralis,0,0
609,Ranibizumab,391,wk56,62.0,268.0,Heidelberg Spectralis,1,0
609,Ranibizumab,449,wk64,54.0,227.0,Heidelberg Spectralis,1,0
609,Ranibizumab,497,wk72,62.0,210.0,Heidelberg Spectralis,1,0
609,Ranibizumab,561,wk80,64.0,299.0,Heidelberg Spectralis,0,0
609,Ranibizumab,667,wk96,70.0,304.0,Heidelberg Spectralis,0,1
609,Ranibizumab,702,wk100,69.0,,,0,0
609,Ranibizumab,732,wk104,68.0,293.0,Heidelberg Spectralis,0,0
610,Aflibercept,0,baseline,63.0,333.0,Zeiss Cirrus,1,0
610,Aflibercept,26,wk4,55.0,325.0,Zeiss Cirrus,1,0
610,Aflibercept,63,wk8,67.0,301.0,Zeiss Cirrus,1,0
610,Aflibercept,85,wk12,69.0,299.0,Zeiss Cirrus,1,0
610,Aflibercept,115,wk16,78.0,329.0,Zeiss Cirrus,0,0
610,Aflibercept,134,wk20,79.0,302.0,Zeiss Cirrus,0,0
610,Aflibercept,174,wk24,77.0,312.0,Zeiss Cirrus,1,0
610,Aflibercept,193,wk28,76.0,342.0,Zeiss Cirrus,1,0
610,Aflibercept,222,wk32,69.0,326.0,Zeiss Cirrus,0,0
610,Aflibercept,259,wk36,69.0,329.0,Zeiss Cirrus,0,0
610,Aflibercept,279,wk40,75.0,350.0,Zeiss Cirrus,0,0
610,Aflibercept,314,wk44,73.0,299.0,Zeiss Cirrus,1,0
610,Aflibercept,334,wk48,80.0,332.0,Zeiss Cirrus,0,0
610,Aflibercept,363,wk52,75.0,304.0,Zeiss Cirrus,1,0
610,Aflibercept,414,wk60,80.0,334.0,Zeiss Cirrus,0,0
610,Aflibercept,506,wk72,79.0,266.0,Zeiss Cirrus,1,0
610,Aflibercept,553,wk80,83.0,291.0,Zeiss Cirrus,1,0
610,Aflibercept,639,wk92,77.0,343.0,Zeiss Cirrus,1,0
610,Aflibercept,666,wk96,83.0,,,1,0
610,Aflibercept,700,wk100,82.0,,,0,0
610,Aflibercept,726,wk104,79.0,312.0,Zeiss Cirrus,0,0
611,Aflibercept,0,baseline,48.0,491.0,Heidelberg Spectralis,1,0
611,Aflibercept,29,wk4,49.0,543.0,Heidelberg Spectralis,1,0
611,Aflibercept,57,wk8,53.0,,,1,0
611,Aflibercept,77,wk12,61.0,,,1,0
611,Aflibercept,117,wk16,57.0,,,1,0
611,Aflibercept,147,wk20,60.0,427.0,Heidelberg Spectralis,0,0
611,Aflibercept,168,wk24,56.0,356.0,Heidelberg Spectralis,0,0
611,Aflibercept,201,wk28,65.0,397.0,Heidelberg Spectralis,1,0
611,Aflibercept,220,wk32,52.0,367.0,Heidelberg Spectralis,0,0
611,Aflibercept,252,wk36,64.0,,,1,0
611,Aflibercept,284,wk40,67.0,442.0,Heidelberg Spectralis,1,0
611,Aflibercept,304,wk44,65.0,370.0,Heidelberg Spectralis,1,0
611,Aflibercept,331,wk48,65.0,363.0,Heidelberg Spectralis,1,0
611,Aflibercept,361,wk52,64.0,400.0,Heidelberg Spectralis,0,0
611,Aflibercept,422,wk60,55.0,378.0,Heidelberg Spectralis,0,0
611,Aflibercept,509,wk72,60.0,363.0,Heidelberg Spectralis,1,0
611,Aflibercept,583,wk84,66.0,379.0,Heidelberg Spectralis,1,0
611,Aflibercept,694,wk100,63.0,,,0,0
611,Aflibercept,726,wk104,66.0,389.0,Heidelberg Spectralis,0,0
612,Bevacizumab,0,baseline,73.0,527.0,Zeiss Cirrus,1,0
612,Bevacizumab,26,wk4,82.0,442.0,Zeiss Cirrus,1,0
612,Bevacizumab,58,wk8,75.0,442.0,Zeiss Cirrus,1,0
612,Bevacizumab,82,wk12,76.0,409.0,Zeiss Cirrus,1,0
612,Bevacizumab,118,wk16,75.0,416.0,Zeiss Cirrus,1,0
612,Bevacizumab,142,wk20,88.0,401.0,Zeiss Cirrus,1,0
612,Bevacizumab,163,wk24,84.0,408.0,Zeiss Cirrus,1,0
612,Bevacizumab,194,wk28,84.0,353.0,Zeiss Cirrus,1,0
612,Bevacizumab,225,wk32,73.0,373.0,Zeiss Cirrus,1,0
612,Bevacizumab,253,wk36,81.0,344.0,Zeiss Cirrus,1,0
612,Bevacizumab,282,wk40,95.0,393.0,Zeiss Cirrus,1,0
612,Bevacizumab,307,wk44,85.0,366.0,Zeiss Cirrus,1,0
612,Bevacizumab,330,wk48,85.0,401.0,Zeiss Cirrus,1,0
612,Bevacizumab,364,wk52,84.0,379.0,Zeiss Cirrus,0,0
612,Bevacizumab,386,wk56,81.0,375.0,Zeiss Cirrus,1,0
612,Bevacizumab,417,wk60,88.0,413.0,Zeiss Cirrus,1,0
612,Bevacizumab,454,wk64,89.0,376.0,Zeiss Cirrus,1,0
612,Bevacizumab,527,wk76,82.0,323.0,Zeiss Cirrus,0,0
612,Bevacizumab,566,wk80,83.0,364.0,Zeiss Cirrus,0,1
612,Bevacizumab,618,wk88,87.0,332.0,Zeiss Cirrus,1,0
612,Bevacizumab,676,wk96,89.0,361.0,Zeiss Cirrus,0,0
612,Bevacizumab,694,wk100,80.0,401.0,Zeiss Cirrus,1,0
612,Bevacizumab,725,wk104,86.0,390.0,Zeiss Cirrus,0,0
613,Bevacizumab,0,baseline,62.0,393.0,Heidelberg Spectralis,1,0
613,Bevacizumab,24,wk4,64.0,372.0,Heidelberg Spectralis,1,0
613,Bevacizumab,53,wk8,67.0,364.0,Heidelberg Spectralis,1,0
613,Bevacizumab,88,wk12,63.0,,,1,0
613,Bevacizumab,108,wk16,62.0,376.0,Heidelberg Spectralis,0,0
613,Bevacizumab,142,wk20,63.0,334.0,Heidelberg Spectralis,1,0
613,Bevacizumab,172,wk24,60.0,328.0,Heidelberg Spectralis,0,0
613,Bevacizumab,201,wk28,63.0,,,1,0
613,Bevacizumab,220,wk32,62.0,,,0,0
613,Bevacizumab,259,wk36,61.0,371.0,Heidelberg Spectralis,0,0
613,Bevacizumab,280,wk40,67.0,419.0,Heidelberg Spectralis,1,0
613,Bevacizumab,302,wk44,58.0,383.0,Heidelberg Spectralis,1,0
613,Bevacizumab,330,wk48,63.0,369.0,Heidelberg Spectralis,0,1
613,Bevacizumab,366,wk52,63.0,380.0,Heidelberg Spectralis,0,0
613,Bevacizumab,453,wk64,64.0,375.0,Heidelberg Spectralis,0,0
613,Bevacizumab,469,wk68,61.0,393.0,Heidelberg Spectralis,0,0
613,Bevacizumab,527,wk76,67.0,425.0,Heidelberg Spectralis,1,0
613,Bevacizumab,594,wk84,61.0,407.0,Heidelberg Spectralis,0,0
613,Bevacizumab,620,wk88,57.0,354.0,Heidelberg Spectralis,1,0
613,Bevacizumab,674,wk96,52.0,409.0,Heidelberg Spectralis,1,0
614,Ranibizumab,0,baseline,65.0,320.0,Heidelberg Spectralis,1,0
614,Ranibizumab,28,wk4,63.0,305.0,Heidelberg Spectralis,1,0
614,Ranibizumab,63,wk8,70.0,333.0,Heidelberg Spectralis,1,0
614,Ranibizumab,85,wk12,76.0,365.0,Heidelberg Spectralis,1,0
614,Ranibizumab,116,wk16,70.0,,,0,0
614,Ranibizumab,142,wk20,71.0,350.0,Heidelberg Spectralis,1,0
614,Ranibizumab,169,wk24,73.0,350.0,Heidelberg Spectralis,0,0
614,Ranibizumab,198,wk28,74.0,342.0,Heidelberg Spectralis,1,0
614,Ranibizumab,223,wk32,66.0,345.0,Heidelberg Spectralis,0,0
614,Ranibizumab,253,wk36,70.0,350.0,Heidelberg Spectralis,1,0
614,Ranibizumab,274,wk40,78.0,,,1,0
614,Ranibizumab,311,wk44,76.0,,,1,0
614,Ranibizumab,337,wk48,71.0,341.0,Heidelberg Spectralis,1,0
614,Ranibizumab,358,wk52,72.0,339.0,Heidelberg Spectralis,1,0
614,Ranibizumab,473,wk68,64.0,386.0,Heidelberg Spectralis,0,0
614,Ranibizumab,502,wk72,68.0,337.0,Heidelberg Spectralis,1,0
614,Ranibizumab,539,wk76,69.0,407.0,Heidelberg Spectralis,0,0
614,Ranibizumab,556,wk80,69.0,314.0,Heidelberg Spectralis,0,0
614,Ranibizumab,678,wk96,70.0,,,0,0
614,Ranibizumab,722,wk104,71.0,356.0,Heidelberg Spectralis,0,0
615,Ranibizumab,0,baseline,73.0,297.0,Heidelberg Spectralis,1,0
615,Ranibizumab,27,wk4,68.0,307.0,Heidelberg Spectralis,1,0
615,Ranibizumab,49,wk8,64.0,354.0,Heidelberg Spectralis,1,0
615,Ranibizumab,81,wk12,71.0,390.0,Heidelberg Spectralis,1,0
615,Ranibizumab,107,wk16,72.0,406.0,Heidelberg Spectralis,1,0
615,Ranibizumab,146,wk20,70.0,401.0,Heidelberg Spectralis,1,0
615,Ranibizumab,165,wk24,75.0,396.0,Heidelberg Spectralis,0,0
615,Ranibizumab,192,wk28,65.0,399.0,Heidelberg Spectralis,0,0
615,Ranibizumab,217,wk32,70.0,423.0,Heidelberg Spectralis,1,0
615,Ranibizumab,259,wk36,67.0,396.0,Heidelberg Spectralis,1,0
615,Ranibizumab,280,wk40,55.0,427.0,Heidelberg Spectralis,1,0
615,Ranibizumab,311,wk44,71.0,429.0,Heidelberg Spectralis,1,0
615,Ranibizumab,332,wk48,71.0,437.0,Heidelberg Spectralis,0,1
616,Ranibizumab,0,baseline,77.0,393.0,Heidelberg Spectralis,1,0
616,Ranibizumab,30,wk4,84.0,327.0,Heidelberg Spectralis,1,0
616,Ranibizumab,58,wk8,83.0,261.0,Heidelberg Spectralis,1,0
616,Ranibizumab,84,wk12,80.0,,,1,0
616,Ranibizumab,110,wk16,87.0,241.0,Heidelberg Spectralis,0,0
616,Ranibizumab,142,wk20,89.0,183.0,Heidelberg Spectralis,0,0
616,Ranibizumab,171,wk24,87.0,203.0,Heidelberg Spectralis,0,0
616,Ranibizumab,203,wk28,91.0,231.0,Heidelberg Spectralis,0,0
616,Ranibizumab,223,wk32,79.0,170.0,Heidelberg Spectralis,0,0
616,Ranibizumab,252,wk36,80.0,241.0,Heidelberg Spectralis,0,0
616,Ranibizumab,276,wk40,90.0,,,0,0
616,Ranibizumab,308,wk44,85.0,215.0,Heidelberg Spectralis,0,0
616,Ranibizumab,335,wk48,86.0,,,1,0
616,Ranibizumab,357,wk52,87.0,220.0,Heidelberg Spectralis,1,0
616,Ranibizumab,427,wk60,90.0,208.0,Heidelberg Spectralis,0,0
616,Ranibizumab,453,wk64,86.0,,,0,0
616,Ranibizumab,483,wk68,84.0,210.0,Heidelberg Spectralis,1,0
616,Ranibizumab,506,wk72,88.0,266.0,Heidelberg Spectralis,0,0
616,Ranibizumab,529,wk76,90.0,157.0,Heidelberg Spectralis,1,0
616,Ranibizumab,557,wk80,82.0,198.0,Heidelberg Spectralis,0,0
616,Ranibizumab,647,wk92,79.0,207.0,Heidelberg Spectralis,1,0
616,Ranibizumab,677,wk96,86.0,199.0,Heidelberg Spectralis,1,0
616,Ranibizumab,703,wk100,86.0,243.0,Heidelberg Spectralis,1,0
616,Ranibizumab,734,wk104,82.0,231.0,Heidelberg Spectralis,0,0
617,Ranibizumab,0,baseline,49.0,414.0,Zeiss Cirrus,1,0
617,Ranibizumab,34,wk4,62.0,363.0,Zeiss Cirrus,1,0
617,Ranibizumab,62,wk8,52.0,323.0,Zeiss Cirrus,1,0
617,Ranibizumab,90,wk12,54.0,260.0,Zeiss Cirrus,1,0
617,Ranibizumab,108,wk16,58.0,326.0,Zeiss Cirrus,1,0
617,Ranibizumab,137,wk20,49.0,306.0,Zeiss Cirrus,0,0
617,Ranibizumab,169,wk24,56.0,280.0,Zeiss Cirrus,1,0
617,Ranibizumab,201,wk28,63.0,271.0,Zeiss Cirrus,0,0
617,Ranibizumab,225,wk32,49.0,253.0,Zeiss Cirrus,1,0
617,Ranibizumab,248,wk36,56.0,,,1,0
617,Ranibizumab,278,wk40,60.0,,,0,0
617,Ranibizumab,303,wk44,64.0,307.0,Zeiss Cirrus,1,1
617,Ranibizumab,342,wk48,50.0,287.0,Zeiss Cirrus,0,0
617,Ranibizumab,359,wk52,58.0,261.0,Zeiss Cirrus,0,0
617,Ranibizumab,420,wk60,55.0,280.0,Zeiss Cirrus,1,0
617,Ranibizumab,445,wk64,53.0,,,0,0
617,Ranibizumab,501,wk72,59.0,290.0,Zeiss Cirrus,1,0
617,Ranibizumab,538,wk76,58.0,348.0,Zeiss Cirrus,0,0
617,Ranibizumab,639,wk92,62.0,261.0,Zeiss Cirrus,0,0
617,Ranibizumab,667,wk96,50.0,304.0,Zeiss Cirrus,0,0
617,Ranibizumab,703,wk100,52.0,,,1,0
617,Ranibizumab,732,wk104,54.0,328.0,Zeiss Cirrus,0,0
618,Ranibizumab,0,baseline,76.0,381.0,Zeiss Cirrus,1,0
618,Ranibizumab,26,wk4,75.0,356.0,Zeiss Cirrus,1,0
618,Ranibizumab,58,wk8,67.0,,,1,0
618,Ranibizumab,86,wk12,67.0,331.0,Zeiss Cirrus,1,0
618,Ranibizumab,112,wk16,71.0,277.0,Zeiss Cirrus,1,0
618,Ranibizumab,138,wk20,69.0,269.0,Zeiss Cirrus,0,0
618,Ranibizumab,170,wk24,77.0,243.0,Zeiss Cirrus,1,0
618,Ranibizumab,190,wk28,74.0,233.0,Zeiss Cirrus,1,0
618,Ranibizumab,226,wk32,73.0,266.0,Zeiss Cirrus,0,0
618,Ranibizumab,257,wk36,72.0,306.0,Zeiss Cirrus,1,0
618,Ranibizumab,279,wk40,72.0,208.0,Zeiss Cirrus,1,0
618,Ranibizumab,310,wk44,72.0,265.0,Zeiss Cirrus,1,0
618,Ranibizumab,337,wk48,68.0,,,0,0
618,Ranibizumab,367,wk52,70.0,262.0,Zeiss Cirrus,0,0
618,Ranibizumab,392,wk56,77.0,262.0,Zeiss Cirrus,0,0
618,Ranibizumab,413,wk60,70.0,253.0,Zeiss Cirrus,0,0
618,Ranibizumab,453,wk64,73.0,252.0,Zeiss Cirrus,0,0
618,Ranibizumab,500,wk72,71.0,,,0,0
618,Ranibizumab,535,wk76,73.0,218.0,Zeiss Cirrus,0,0
618,Ranibizumab,553,wk80,66.0,261.0,Zeiss Cirrus,0,0
618,Ranibizumab,642,wk92,62.0,165.0,Zeiss Cirrus,1,0
618,Ranibizumab,679,wk96,63.0,275.0,Zeiss Cirrus,0,0
618,Ranibizumab,702,wk100,69.0,277.0,Zeiss Cirrus,1,0
618,Ranibizumab,728,wk104,65.0,235.0,Zeiss Cirrus,0,0
619,Bevacizumab,0,baseline,52.0,391.0,Heidelberg Spectralis,1,0
619,Bevacizumab,31,wk4,52.0,,,1,0
619,Bevacizumab,60,wk8,48.0,398.0,Heidelberg Spectralis,1,0
619,Bevacizumab,80,wk12,61.0,420.0,Heidelberg Spectralis,1,0
619,Bevacizumab,116,wk16,52.0,,,1,0
619,Bevacizumab,144,wk20,53.0,,,0,0
619,Bevacizumab,171,wk24,53.0,465.0,Heidelberg Spectralis,1,0
619,Bevacizumab,203,wk28,55.0,353.0,Heidelberg Spectralis,0,0
619,Bevacizumab,227,wk32,48.0,392.0,Heidelberg Spectralis,1,0
619,Bevacizumab,249,wk36,54.0,477.0,Heidelberg Spectralis,1,0
619,Bevacizumab,280,wk40,54.0,387.0,Heidelberg Spectralis,0,0
619,Bevacizumab,315,wk44,52.0,395.0,Heidelberg Spectralis,1,0
619,Bevacizumab,340,wk48,51.0,429.0,Heidelberg Spectralis,0,0
619,Bevacizumab,367,wk52,53.0,398.0,Heidelberg Spectralis,1,0
619,Bevacizumab,420,wk60,56.0,411.0,Heidelberg Spectralis,0,0
619,Bevacizumab,448,wk64,50.0,445.0,Heidelberg Spectralis,0,0
619,Bevacizumab,563,wk80,55.0,312.0,Heidelberg Spectralis,0,0
619,Bevacizumab,676,wk96,55.0,,,1,0
619,Bevacizumab,701,wk100,50.0,269.0,Heidelberg Spectralis,1,0
619,Bevacizumab,723,wk104,54.0,314.0,Heidelberg Spectralis,0,0
620,Aflibercept,0,baseline,64.0,490.0,Zeiss Cirrus,1,0
620,Aflibercept,23,wk4,56.0,428.0,Zeiss Cirrus,1,0
620,Aflibercept,58,wk8,68.0,305.0,Zeiss Cirrus,1,0
620,Aflibercept,80,wk12,68.0,258.0,Zeiss Cirrus,1,0
620,Aflibercept,117,wk16,73.0,342.0,Zeiss Cirrus,1,0
620,Aflibercept,135,wk20,78.0,,,1,0
620,Aflibercept,162,wk24,69.0,317.0,Zeiss Cirrus,1,0
620,Aflibercept,202,wk28,70.0,273.0,Zeiss Cirrus,1,0
620,Aflibercept,230,wk32,75.0,340.0,Zeiss Cirrus,1,0
620,Aflibercept,255,wk36,79.0,250.0,Zeiss Cirrus,1,0
620,Aflibercept,285,wk40,73.0,,,0,0
620,Aflibercept,303,wk44,70.0,291.0,Zeiss Cirrus,1,0
620,Aflibercept,337,wk48,77.0,,,1,0
620,Aflibercept,364,wk52,76.0,290.0,Zeiss Cirrus,0,0
620,Aflibercept,417,wk60,79.0,,,1,0
620,Aflibercept,444,wk64,88.0,,,0,0
620,Aflibercept,531,wk76,82.0,256.0,Zeiss Cirrus,0,0
620,Aflibercept,594,wk84,78.0,,,0,0
620,Aflibercept,670,wk96,83.0,242.0,Zeiss Cirrus,1,0
620,Aflibercept,704,wk100,90.0,242.0,Zeiss Cirrus,0,0
620,Aflibercept,727,wk104,85.0,236.0,Zeiss Cirrus,0,0
621,Ranibizumab,0,baseline,71.0,503.0,Heidelberg Spectralis,1,0
621,Ranibizumab,26,wk4,74.0,480.0,Heidelberg Spectralis,1,0
621,Ranibizumab,56,wk8,70.0,423.0,Heidelberg Spectralis,1,0
621,Ranibizumab,80,wk12,71.0,386.0,Heidelberg Spectralis,1,0
621,Ranibizumab,116,wk16,86.0,,,0,0
621,Ranibizumab,146,wk20,69.0,382.0,Heidelberg Spectralis,0,0
621,Ranibizumab,174,wk24,78.0,380.0,Heidelberg Spectralis,1,0
621,Ranibizumab,193,wk28,74.0,368.0,Heidelberg Spectralis,1,1
621,Ranibizumab,229,wk32,73.0,379.0,Heidelberg Spectralis,0,0
621,Ranibizumab,254,wk36,79.0,373.0,Heidelberg Spectralis,1,0
621,Ranibizumab,277,wk40,70.0,340.0,Heidelberg Spectralis,0,0
621,Ranibizumab,303,wk44,70.0,343.0,Heidelberg Spectralis,0,0
621,Ranibizumab,343,wk48,71.0,303.0,Heidelberg Spectralis,1,0
621,Ranibizumab,371,wk52,75.0,358.0,Heidelberg Spectralis,1,0
621,Ranibizumab,479,wk68,79.0,358.0,Heidelberg Spectralis,0,0
621,Ranibizumab,510,wk72,69.0,355.0,Heidelberg Spectralis,0,0
621,Ranibizumab,586,wk84,85.0,361.0,Heidelberg Spectralis,0,1
621,Ranibizumab,645,wk92,74.0,277.0,Heidelberg Spectralis,0,0
621,Ranibizumab,730,wk104,79.0,307.0,Heidelberg Spectralis,0,0
622,Ranibizumab,0,baseline,59.0,449.0,Zeiss Cirrus,1,0
622,Ranibizumab,28,wk4,64.0,400.0,Zeiss Cirrus,1,0
622,Ranibizumab,56,wk8,67.0,,,1,0
622,Ranibizumab,84,wk12,77.0,341.0,Zeiss Cirrus,1,0
622,Ranibizumab,107,wk16,78.0,347.0,Zeiss Cirrus,0,0
622,Ranibizumab,147,wk20,66.0,350.0,Zeiss Cirrus,0,0
622,Ranibizumab,166,wk24,72.0,308.0,Zeiss Cirrus,0,0
622,Ranibizumab,202,wk28,72.0,,,1,0
622,Ranibizumab,224,wk32,80.0,334.0,Zeiss Cirrus,1,0
622,Ranibizumab,258,wk36,74.0,357.0,Zeiss Cirrus,0,0
622,Ranibizumab,273,wk40,66.0,378.0,Zeiss Cirrus,0,0
622,Ranibizumab,306,wk44,77.0,311.0,Zeiss Cirrus,1,0
622,Ranibizumab,333,wk48,71.0,314.0,Zeiss Cirrus,0,0
622,Ranibizumab,370,wk52,75.0,328.0,Zeiss Cirrus,1,0
622,Ranibizumab,449,wk64,66.0,291.0,Zeiss Cirrus,0,0
622,Ranibizumab,556,wk80,64.0,309.0,Zeiss Cirrus,1,0
622,Ranibizumab,592,wk84,71.0,277.0,Zeiss Cirrus,0,0
622,Ranibizumab,611,wk88,63.0,313.0,Zeiss Cirrus,1,0
622,Ranibizumab,694,wk100,62.0,282.0,Zeiss Cirrus,1,0
622,Ranibizumab,726,wk104,62.0,283.0,Zeiss Cirrus,0,0
623,Bevacizumab,0,baseline,70.0,520.0,Zeiss Cirrus,1,0
623,Bevacizumab,29,wk4,68.0,474.0,Zeiss Cirrus,1,0
623,Bevacizumab,59,wk8,66.0,,,1,0
623,Bevacizumab,91,wk12,73.0,408.0,Zeiss Cirrus,1,0
624,Aflibercept,0,baseline,57.0,394.0,Heidelberg Spectralis,1,0
624,Aflibercept,31,wk4,62.0,380.0,Heidelberg Spectralis,1,0
624,Aflibercept,56,wk8,76.0,343.0,Heidelberg Spectralis,1,0
624,Aflibercept,87,wk12,65.0,313.0,Heidelberg Spectralis,1,0
624,Aflibercept,112,wk16,72.0,377.0,Heidelberg Spectralis,0,0
624,Aflibercept,145,wk20,85.0,328.0,Heidelberg Spectralis,1,0
624,Aflibercept,161,wk24,73.0,302.0,Heidelberg Spectralis,1,0
624,Aflibercept,200,wk28,75.0,,,0,0
624,Aflibercept,226,wk32,79.0,309.0,Heidelberg Spectralis,1,0
624,Aflibercept,254,wk36,82.0,308.0,Heidelberg Spectralis,1,0
624,Aflibercept,277,wk40,79.0,184.0,Heidelberg Spectralis,1,0
624,Aflibercept,310,wk44,74.0,,,1,0
624,Aflibercept,335,wk48,77.0,301.0,Heidelberg Spectralis,1,0
624,Aflibercept,363,wk52,78.0,284.0,Heidelberg Spectralis,1,0
624,Aflibercept,391,wk56,78.0,291.0,Heidelberg Spectralis,0,0
624,Aflibercept,447,wk64,81.0,291.0,Heidelberg Spectralis,0,0
624,Aflibercept,476,wk68,77.0,307.0,Heidelberg Spectralis,1,0
624,Aflibercept,565,wk80,76.0,,,1,0
624,Aflibercept,610,wk88,73.0,249.0,Heidelberg Spectralis,1,0
624,Aflibercept,641,wk92,78.0,214.0,Heidelberg Spectralis,0,0
624,Aflibercept,673,wk96,83.0,291.0,Heidelberg Spectralis,0,0
624,Aflibercept,734,wk104,76.0,273.0,Heidelberg Spectralis,0,0
625,Ranibizumab,0,baseline,64.0,359.0,Heidelberg Spectralis,1,0
625,Ranibizumab,24,wk4,70.0,349.0,Heidelberg Spectralis,1,0
625,Ranibizumab,56,wk8,81.0,399.0,Heidelberg Spectralis,1,0
625,Ranibizumab,84,wk12,78.0,316.0,Heidelberg Spectralis,1,0
625,Ranibizumab,111,wk16,75.0,367.0,Heidelberg Spectralis,1,0
625,Ranibizumab,140,wk20,65.0,396.0,Heidelberg Spectralis,1,0
625,Ranibizumab,170,wk24,81.0,328.0,Heidelberg Spectralis,1,0
625,Ranibizumab,194,wk28,80.0,,,0,0
625,Ranibizumab,228,wk32,76.0,361.0,Heidelberg Spectralis,0,0
625,Ranibizumab,256,wk36,80.0,333.0,Heidelberg Spectralis,0,0
625,Ranibizumab,285,wk40,79.0,392.0,Heidelberg Spectralis,1,0
625,Ranibizumab,315,wk44,85.0,411.0,Heidelberg Spectralis,1,1
625,Ranibizumab,341,wk48,80.0,259.0,Heidelberg Spectralis,0,0
625,Ranibizumab,371,wk52,79.0,362.0,Heidelberg Spectralis,0,0
625,Ranibizumab,390,wk56,78.0,362.0,Heidelberg Spectralis,0,0
625,Ranibizumab,427,wk60,70.0,315.0,Heidelberg Spectralis,1,0
625,Ranibizumab,451,wk64,78.0,348.0,Heidelberg Spectralis,1,0
625,Ranibizumab,475,wk68,80.0,372.0,Heidelberg Spectralis,0,0
625,Ranibizumab,501,wk72,80.0,350.0,Heidelberg Spectralis,1,0
625,Ranibizumab,537,wk76,81.0,358.0,Heidelberg Spectralis,0,0
625,Ranibizumab,563,wk80,89.0,376.0,Heidelberg Spectralis,1,0
625,Ranibizumab,609,wk88,77.0,343.0,Heidelberg Spectralis,0,0
625,Ranibizumab,639,wk92,82.0,367.0,Heidelberg Spectralis,0,0
625,Ranibizumab,701,wk100,81.0,339.0,Heidelberg Spectralis,0,0
625,Ranibizumab,722,wk104,82.0,362.0,Heidelberg Spectralis,0,0
626,Bevacizumab,0,baseline,74.0,405.0,Heidelberg Spectralis,1,0
626,Bevacizumab,32,wk4,79.0,301.0,Heidelberg Spectralis,1,0
626,Bevacizumab,51,wk8,82.0,,,1,0
626,Bevacizumab,81,wk12,84.0,,,1,0
626,Bevacizumab,109,wk16,90.0,319.0,Heidelberg Spectralis,1,0
626,Bevacizumab,145,wk20,89.0,235.0,Heidelberg Spectralis,1,0
626,Bevacizumab,162,wk24,83.0,261.0,Heidelberg Spectralis,1,0
626,Bevacizumab,198,wk28,83.0,275.0,Heidelberg Spectralis,1,0
626,Bevacizumab,221,wk32,88.0,243.0,Heidelberg Spectralis,1,0
626,Bevacizumab,250,wk36,82.0,269.0,Heidelberg Spectralis,1,0
626,Bevacizumab,275,wk40,83.0,288.0,Heidelberg Spectralis,1,0
626,Bevacizumab,303,wk44,81.0,,,1,0
626,Bevacizumab,343,wk48,93.0,263.0,Heidelberg Spectralis,1,0
626,Bevacizumab,363,wk52,86.0,277.0,Heidelberg Spectralis,1,0
626,Bevacizumab,394,wk56,82.0,278.0,Heidelberg Spectralis,0,0
626,Bevacizumab,423,wk60,87.0,282.0,Heidelberg Spectralis,0,0
626,Bevacizumab,501,wk72,88.0,286.0,Heidelberg Spectralis,1,0
626,Bevacizumab,623,wk88,90.0,241.0,Heidelberg Spectralis,1,0
626,Bevacizumab,647,wk92,89.0,289.0,Heidelberg Spectralis,1,0
626,Bevacizumab,673,wk96,91.0,,,1,0
626,Bevacizumab,704,wk100,84.0,286.0,Heidelberg Spectralis,1,0
626,Bevacizumab,729,wk104,85.0,276.0,Heidelberg Spectralis,0,0
627,Aflibercept,0,baseline,78.0,399.0,Heidelberg Spectralis,1,0
627,Aflibercept,24,wk4,75.0,378.0,Heidelberg Spectralis,1,0
627,Aflibercept,50,wk8,76.0,306.0,Heidelberg Spectralis,1,0
627,Aflibercept,83,wk12,67.0,269.0,Heidelberg Spectralis,1,0
627,Aflibercept,111,wk16,67.0,233.0,Heidelberg Spectralis,0,0
627,Aflibercept,138,wk20,70.0,273.0,Heidelberg Spectralis,1,0
627,Aflibercept,172,wk24,70.0,280.0,Heidelberg Spectralis,0,0
627,Aflibercept,192,wk28,64.0,,,0,0
627,Aflibercept,221,wk32,64.0,281.0,Heidelberg Spectralis,1,0
627,Aflibercept,252,wk36,78.0,270.0,Heidelberg Spectralis,1,0
627,Aflibercept,285,wk40,59.0,325.0,Heidelberg Spectralis,1,0
627,Aflibercept,312,wk44,62.0,250.0,Heidelberg Spectralis,1,0
627,Aflibercept,330,wk48,68.0,,,0,0
627,Aflibercept,357,wk52,66.0,,,1,0
627,Aflibercept,420,wk60,65.0,251.0,Heidelberg Spectralis,1,0
627,Aflibercept,446,wk64,59.0,287.0,Heidelberg Spectralis,0,0
627,Aflibercept,532,wk76,63.0,,,0,0
627,Aflibercept,582,wk84,64.0,221.0,Heidelberg Spectralis,1,0
627,Aflibercept,610,wk88,60.0,224.0,Heidelberg Spectralis,1,0
627,Aflibercept,648,wk92,65.0,255.0,Heidelberg Spectralis,1,0
627,Aflibercept,733,wk104,61.0,229.0,Heidelberg Spectralis,0,0
628,Bevacizumab,0,baseline,42.0,295.0,Heidelberg Spectralis,1,0
628,Bevacizumab,26,wk4,39.0,247.0,Heidelberg Spectralis,1,0
628,Bevacizumab,60,wk8,47.0,266.0,Heidelberg Spectralis,1,0
628,Bevacizumab,81,wk12,42.0,218.0,Heidelberg Spectralis,1,0
628,Bevacizumab,114,wk16,41.0,184.0,Heidelberg Spectralis,0,0
628,Bevacizumab,133,wk20,44.0,214.0,Heidelberg Spectralis,0,0
628,Bevacizumab,167,wk24,48.0,174.0,Heidelberg Spectralis,0,0
628,Bevacizumab,189,wk28,49.0,176.0,Heidelberg Spectralis,0,0
628,Bevacizumab,217,wk32,43.0,234.0,Heidelberg Spectralis,1,0
628,Bevacizumab,251,wk36,38.0,212.0,Heidelberg Spectralis,0,0
628,Bevacizumab,278,wk40,48.0,273.0,Heidelberg Spectralis,0,0
628,Bevacizumab,308,wk44,37.0,248.0,Heidelberg Spectralis,0,1
628,Bevacizumab,332,wk48,45.0,218.0,Heidelberg Spectralis,0,0
628,Bevacizumab,368,wk52,45.0,225.0,Heidelberg Spectralis,0,0
628,Bevacizumab,386,wk56,45.0,254.0,Heidelberg Spectralis,0,0
628,Bevacizumab,498,wk72,40.0,221.0,Heidelberg Spectralis,1,0
628,Bevacizumab,588,wk84,44.0,218.0,Heidelberg Spectralis,0,0
628,Bevacizumab,700,wk100,45.0,254.0,Heidelberg Spectralis,1,0
628,Bevacizumab,726,wk104,45.0,255.0,Heidelberg Spectralis,0,0
629,Ranibizumab,0,baseline,78.0,378.0,Zeiss Cirrus,1,0
629,Ranibizumab,23,wk4,79.0,400.0,Zeiss Cirrus,1,0
629,Ranibizumab,50,wk8,91.0,265.0,Zeiss Cirrus,1,0
629,Ranibizumab,84,wk12,82.0,311.0,Zeiss Cirrus,1,0
629,Ranibizumab,105,wk16,94.0,293.0,Zeiss Cirrus,0,0
629,Ranibizumab,146,wk20,89.0,342.0,Zeiss Cirrus,0,0
629,Ranibizumab,173,wk24,94.0,,,1,0
629,Ranibizumab,189,wk28,86.0,380.0,Zeiss Cirrus,1,0
629,Ranibizumab,225,wk32,86.0,329.0,Zeiss Cirrus,1,1
629,Ranibizumab,252,wk36,85.0,293.0,Zeiss Cirrus,1,0
629,Ranibizumab,277,wk40,86.0,307.0,Zeiss Cirrus,0,0
629,Ranibizumab,305,wk44,86.0,284.0,Zeiss Cirrus,0,0
629,Ranibizumab,329,wk48,92.0,334.0,Zeiss Cirrus,1,0
629,Ranibizumab,366,wk52,87.0,312.0,Zeiss Cirrus,0,0
629,Ranibizumab,426,wk60,84.0,271.0,Zeiss Cirrus,0,0
629,Ranibizumab,453,wk64,85.0,318.0,Zeiss Cirrus,0,0
629,Ranibizumab,535,wk76,92.0,318.0,Zeiss Cirrus,0,0
629,Ranibizumab,649,wk92,84.0,335.0,Zeiss Cirrus,1,0
629,Ranibizumab,670,wk96,86.0,302.0,Zeiss Cirrus,0,0
629,Ranibizumab,732,wk104,85.0,323.0,Zeiss Cirrus,0,0
630,Ranibizumab,0,baseline,69.0,581.0,Heidelberg Spectralis,1,0
630,Ranibizumab,23,wk4,82.0,467.0,Heidelberg Spectralis,1,0
630,Ranibizumab,53,wk8,75.0,438.0,Heidelberg Spectralis,1,0
630,Ranibizumab,84,wk12,76.0,426.0,Heidelberg Spectralis,1,0
630,Ranibizumab,113,wk16,84.0,353.0,Heidelberg Spectralis,1,0
630,Ranibizumab,145,wk20,75.0,422.0,Heidelberg Spectralis,1,0
630,Ranibizumab,162,wk24,78.0,384.0,Heidelberg Spectralis,1,0
630,Ranibizumab,190,wk28,76.0,362.0,Heidelberg Spectralis,0,0
630,Ranibizumab,228,wk32,81.0,352.0,Heidelberg Spectralis,1,0
630,Ranibizumab,247,wk36,76.0,323.0,Heidelberg Spectralis,1,0
630,Ranibizumab,286,wk40,90.0,359.0,Heidelberg Spectralis,1,0
630,Ranibizumab,303,wk44,85.0,368.0,Heidelberg Spectralis,0,1
630,Ranibizumab,330,wk48,78.0,395.0,Heidelberg Spectralis,1,0
630,Ranibizumab,367,wk52,81.0,348.0,Heidelberg Spectralis,1,0
630,Ranibizumab,394,wk56,80.0,352.0,Heidelberg Spectralis,1,0
630,Ranibizumab,506,wk72,75.0,360.0,Heidelberg Spectralis,0,0
630,Ranibizumab,528,wk76,78.0,377.0,Heidelberg Spectralis,0,0
630,Ranibizumab,553,wk80,81.0,407.0,Heidelberg Spectralis,1,0
630,Ranibizumab,581,wk84,77.0,367.0,Heidelberg Spectralis,1,0
630,Ranibizumab,696,wk100,74.0,379.0,Heidelberg Spectralis,1,0
630,Ranibizumab,727,wk104,83.0,401.0,Heidelberg Spectralis,0,0
631,Aflibercept,0,baseline,77.0,518.0,Zeiss Cirrus,1,0
631,Aflibercept,27,wk4,84.0,463.0,Zeiss Cirrus,1,0
631,Aflibercept,60,wk8,82.0,451.0,Zeiss Cirrus,1,0
631,Aflibercept,89,wk12,81.0,463.0,Zeiss Cirrus,1,0
631,Aflibercept,115,wk16,88.0,426.0,Zeiss Cirrus,0,0
631,Aflibercept,138,wk20,83.0,381.0,Zeiss Cirrus,1,0
631,Aflibercept,171,wk24,90.0,404.0,Zeiss Cirrus,0,0
631,Aflibercept,199,wk28,86.0,386.0,Zeiss Cirrus,0,0
631,Aflibercept,220,wk32,89.0,384.0,Zeiss Cirrus,1,0
631,Aflibercept,250,wk36,100.0,399.0,Zeiss Cirrus,1,1
631,Aflibercept,285,wk40,92.0,367.0,Zeiss Cirrus,0,0
631,Aflibercept,312,wk44,92.0,419.0,Zeiss Cirrus,0,0
631,Aflibercept,343,wk48,90.0,366.0,Zeiss Cirrus,0,0
631,Aflibercept,367,wk52,93.0,391.0,Zeiss Cirrus,0,0
631,Aflibercept,395,wk56,87.0,,,0,0
631,Aflibercept,455,wk64,93.0,440.0,Zeiss Cirrus,0,0
631,Aflibercept,480,wk68,91.0,355.0,Zeiss Cirrus,0,0
631,Aflibercept,585,wk84,94.0,388.0,Zeiss Cirrus,1,0
631,Aflibercept,672,wk96,88.0,,,0,0
631,Aflibercept,703,wk100,90.0,411.0,Zeiss Cirrus,1,0
631,Aflibercept,722,wk104,88.0,415.0,Zeiss Cirrus,0,0
632,Bevacizumab,0,baseline,74.0,485.0,Zeiss Cirrus,1,0
632,Bevacizumab,23,wk4,75.0,446.0,Zeiss Cirrus,1,0
632,Bevacizumab,60,wk8,75.0,450.0,Zeiss Cirrus,1,0
632,Bevacizumab,86,wk12,72.0,362.0,Zeiss Cirrus,1,0
632,Bevacizumab,107,wk16,70.0,,,0,0
632,Bevacizumab,135,wk20,63.0,409.0,Zeiss Cirrus,0,0
632,Bevacizumab,166,wk24,64.0,421.0,Zeiss Cirrus,0,1
632,Bevacizumab,203,wk28,63.0,,,0,0
632,Bevacizumab,231,wk32,66.0,343.0,Zeiss Cirrus,1,0
632,Bevacizumab,250,wk36,65.0,347.0,Zeiss Cirrus,0,0
632,Bevacizumab,276,wk40,67.0,365.0,Zeiss Cirrus,0,0
632,Bevacizumab,304,wk44,58.0,410.0,Zeiss Cirrus,1,0
632,Bevacizumab,339,wk48,67.0,449.0,Zeiss Cirrus,1,0
632,Bevacizumab,359,wk52,66.0,370.0,Zeiss Cirrus,0,0
632,Bevacizumab,421,wk60,66.0,367.0,Zeiss Cirrus,0,0
632,Bevacizumab,448,wk64,62.0,359.0,Zeiss Cirrus,0,0
632,Bevacizumab,566,wk80,60.0,380.0,Zeiss Cirrus,1,0
632,Bevacizumab,595,wk84,57.0,363.0,Zeiss Cirrus,1,0
632,Bevacizumab,609,wk88,61.0,429.0,Zeiss Cirrus,1,0
632,Bevacizumab,648,wk92,61.0,400.0,Zeiss Cirrus,1,0
632,Bevacizumab,673,wk96,61.0,325.0,Zeiss Cirrus,1,0
632,Bevacizumab,723,wk104,60.0,346.0,Zeiss Cirrus,0,0
633,Ranibizumab,0,baseline,75.0,397.0,Zeiss Stratus,1,0
633,Ranibizumab,24,wk4,73.0,336.0,Zeiss Stratus,1,0
633,Ranibizumab,52,wk8,74.0,340.0,Zeiss Stratus,1,0
633,Ranibizumab,87,wk12,76.0,362.0,Zeiss Stratus,1,0
633,Ranibizumab,115,wk16,77.0,272.0,Zeiss Stratus,1,0
633,Ranibizumab,137,wk20,82.0,,,1,0
633,Ranibizumab,175,wk24,72.0,,,0,0
633,Ranibizumab,203,wk28,73.0,304.0,Zeiss Stratus,0,0
633,Ranibizumab,228,wk32,75.0,298.0,Zeiss Stratus,0,0
633,Ranibizumab,256,wk36,74.0,,,0,0
633,Ranibizumab,276,wk40,76.0,300.0,Zeiss Stratus,1,0
633,Ranibizumab,301,wk44,77.0,272.0,Zeiss Stratus,0,0
633,Ranibizumab,340,wk48,73.0,,,1,0
633,Ranibizumab,358,wk52,76.0,271.0,Zeiss Stratus,0,0
633,Ranibizumab,426,wk60,78.0,272.0,Zeiss Stratus,1,0
633,Ranibizumab,441,wk64,78.0,332.0,Zeiss Stratus,1,0
633,Ranibizumab,508,wk72,76.0,250.0,Zeiss Stratus,0,0
633,Ranibizumab,531,wk76,80.0,338.0,Zeiss Stratus,0,0
633,Ranibizumab,649,wk92,79.0,295.0,Zeiss Stratus,1,0
633,Ranibizumab,668,wk96,77.0,323.0,Zeiss Stratus,1,0
633,Ranibizumab,727,wk104,81.0,313.0,Zeiss Stratus,0,0
634,Ranibizumab,0,baseline,73.0,604.0,Zeiss Cirrus,1,0
634,Ranibizumab,29,wk4,73.0,479.0,Zeiss Cirrus,1,0
634,Ranibizumab,53,wk8,77.0,432.0,Zeiss Cirrus,1,0
634,Ranibizumab,83,wk12,83.0,425.0,Zeiss Cirrus,1,0
634,Ranibizumab,108,wk16,78.0,414.0,Zeiss Cirrus,1,0
634,Ranibizumab,143,wk20,76.0,338.0,Zeiss Cirrus,1,0
634,Ranibizumab,165,wk24,82.0,,,0,0
634,Ranibizumab,199,wk28,84.0,,,1,0
634,Ranibizumab,221,wk32,75.0,314.0,Zeiss Cirrus,1,0
634,Ranibizumab,253,wk36,74.0,331.0,Zeiss Cirrus,1,0
634,Ranibizumab,286,wk40,78.0,367.0,Zeiss Cirrus,1,1
634,Ranibizumab,303,wk44,78.0,349.0,Zeiss Cirrus,1,0
634,Ranibizumab,331,wk48,79.0,325.0,Zeiss Cirrus,1,0
634,Ranibizumab,369,wk52,80.0,351.0,Zeiss Cirrus,0,0
634,Ranibizumab,417,wk60,90.0,338.0,Zeiss Cirrus,1,0
634,Ranibizumab,499,wk72,81.0,348.0,Zeiss Cirrus,1,0
634,Ranibizumab,537,wk76,83.0,337.0,Zeiss Cirrus,0,0
634,Ranibizumab,595,wk84,81.0,,,1,0
634,Ranibizumab,616,wk88,85.0,329.0,Zeiss Cirrus,0,0
634,Ranibizumab,666,wk96,89.0,332.0,Zeiss Cirrus,0,0
634,Ranibizumab,699,wk100,92.0,328.0,Zeiss Cirrus,1,0
634,Ranibizumab,733,wk104,87.0,352.0,Zeiss Cirrus,0,0
635,Bevacizumab,0,baseline,75.0,336.0,Zeiss Cirrus,1,0
635,Bevacizumab,31,wk4,83.0,394.0,Zeiss Cirrus,1,0
635,Bevacizumab,59,wk8,82.0,356.0,Zeiss Cirrus,1,0
635,Bevacizumab,83,wk12,79.0,390.0,Zeiss Cirrus,1,0
635,Bevacizumab,108,wk16,79.0,457.0,Zeiss Cirrus,0,0
635,Bevacizumab,146,wk20,74.0,461.0,Zeiss Cirrus,0,0
635,Bevacizumab,170,wk24,79.0,464.0,Zeiss Cirrus,1,0
635,Bevacizumab,192,wk28,79.0,408.0,Zeiss Cirrus,0,0
635,Bevacizumab,230,wk32,77.0,,,0,0
635,Bevacizumab,259,wk36,80.0,406.0,Zeiss Cirrus,1,0
635,Bevacizumab,283,wk40,85.0,484.0,Zeiss Cirrus,1,0
635,Bevacizumab,311,wk44,76.0,445.0,Zeiss Cirrus,1,0
635,Bevacizumab,342,wk48,75.0,456.0,Zeiss Cirrus,0,0
635,Bevacizumab,365,wk52,80.0,444.0,Zeiss Cirrus,1,0
635,Bevacizumab,448,wk64,82.0,456.0,Zeiss Cirrus,1,0
635,Bevacizumab,480,wk68,83.0,446.0,Zeiss Cirrus,0,0
635,Bevacizumab,499,wk72,84.0,485.0,Zeiss Cirrus,1,0
635,Bevacizumab,592,wk84,81.0,,,1,0
635,Bevacizumab,647,wk92,91.0,,,1,0
635,Bevacizumab,669,wk96,94.0,525.0,Zeiss Cirrus,0,0
635,Bevacizumab,721,wk104,84.0,466.0,Zeiss Cirrus,0,0
636,Ranibizumab,0,baseline,75.0,344.0,Zeiss Cirrus,1,0
636,Ranibizumab,34,wk4,84.0,307.0,Zeiss Cirrus,1,0
636,Ranibizumab,53,wk8,84.0,261.0,Zeiss Cirrus,1,0
636,Ranibizumab,78,wk12,82.0,199.0,Zeiss Cirrus,1,0
636,Ranibizumab,114,wk16,79.0,266.0,Zeiss Cirrus,1,0
636,Ranibizumab,138,wk20,79.0,,,0,0
636,Ranibizumab,167,wk24,75.0,150.0,Zeiss Cirrus,1,0
636,Ranibizumab,203,wk28,77.0,198.0,Zeiss Cirrus,1,0
636,Ranibizumab,223,wk32,79.0,,,1,0
636,Ranibizumab,248,wk36,79.0,214.0,Zeiss Cirrus,0,0
636,Ranibizumab,273,wk40,77.0,217.0,Zeiss Cirrus,1,0
636,Ranibizumab,304,wk44,76.0,152.0,Zeiss Cirrus,1,0
636,Ranibizumab,341,wk48,81.0,,,1,0
636,Ranibizumab,361,wk52,80.0,176.0,Zeiss Cirrus,1,0
636,Ranibizumab,388,wk56,80.0,,,0,0
636,Ranibizumab,415,wk60,80.0,229.0,Zeiss Cirrus,1,0
636,Ranibizumab,472,wk68,77.0,164.0,Zeiss Cirrus,1,0
636,Ranibizumab,498,wk72,74.0,156.0,Zeiss Cirrus,1,0
636,Ranibizumab,562,wk80,71.0,167.0,Zeiss Cirrus,0,0
636,Ranibizumab,592,wk84,74.0,150.0,Zeiss Cirrus,0,0
637,Aflibercept,0,baseline,66.0,514.0,Zeiss Stratus,1,0
637,Aflibercept,29,wk4,73.0,394.0,Zeiss Stratus,1,0
637,Aflibercept,52,wk8,81.0,328.0,Zeiss Stratus,1,0
637,Aflibercept,82,wk12,80.0,348.0,Zeiss Stratus,1,0
637,Aflibercept,112,wk16,83.0,375.0,Zeiss Stratus,1,0
637,Aflibercept,147,wk20,88.0,334.0,Zeiss Stratus,1,0
637,Aflibercept,170,wk24,92.0,312.0,Zeiss Stratus,0,0
637,Aflibercept,189,wk28,88.0,273.0,Zeiss Stratus,1,0
637,Aflibercept,220,wk32,85.0,353.0,Zeiss Stratus,0,0
637,Aflibercept,250,wk36,84.0,,,1,0
637,Aflibercept,287,wk40,86.0,282.0,Zeiss Stratus,0,0
637,Aflibercept,309,wk44,84.0,,,0,0
637,Aflibercept,337,wk48,89.0,301.0,Zeiss Stratus,1,0
637,Aflibercept,367,wk52,87.0,271.0,Zeiss Stratus,0,0
637,Aflibercept,397,wk56,96.0,250.0,Zeiss Stratus,1,0
637,Aflibercept,505,wk72,89.0,265.0,Zeiss Stratus,0,0
637,Aflibercept,536,wk76,85.0,248.0,Zeiss Stratus,1,0
637,Aflibercept,556,wk80,87.0,239.0,Zeiss Stratus,1,0
637,Aflibercept,609,wk88,92.0,297.0,Zeiss Stratus,0,0
637,Aflibercept,638,wk92,83.0,243.0,Zeiss Stratus,1,0
637,Aflibercept,666,wk96,81.0,235.0,Zeiss Stratus,1,0
637,Aflibercept,730,wk104,83.0,256.0,Zeiss Stratus,0,0
638,Aflibercept,0,baseline,55.0,457.0,Heidelberg Spectralis,1,0
638,Aflibercept,22,wk4,67.0,362.0,Heidelberg Spectralis,1,0
638,Aflibercept,63,wk8,66.0,371.0,Heidelberg Spectralis,1,0
638,Aflibercept,82,wk12,70.0,385.0,Heidelberg Spectralis,1,0
638,Aflibercept,113,wk16,73.0,357.0,Heidelberg Spectralis,0,0
638,Aflibercept,145,wk20,71.0,298.0,Heidelberg Spectralis,0,0
638,Aflibercept,172,wk24,66.0,336.0,Heidelberg Spectralis,0,0
638,Aflibercept,196,wk28,73.0,257.0,Heidelberg Spectralis,0,0
638,Aflibercept,217,wk32,71.0,290.0,Heidelberg Spectralis,0,0
638,Aflibercept,245,wk36,71.0,272.0,Heidelberg Spectralis,0,0
638,Aflibercept,282,wk40,69.0,272.0,Heidelberg Spectralis,1,0
638,Aflibercept,307,wk44,72.0,268.0,Heidelberg Spectralis,1,0
638,Aflibercept,333,wk48,74.0,247.0,Heidelberg Spectralis,0,0
638,Aflibercept,361,wk52,73.0,299.0,Heidelberg Spectralis,1,0
638,Aflibercept,393,wk56,75.0,,,0,0
638,Aflibercept,443,wk64,69.0,299.0,Heidelberg Spectralis,0,0
638,Aflibercept,504,wk72,77.0,,,0,0
638,Aflibercept,558,wk80,72.0,260.0,Heidelberg Spectralis,1,0
638,Aflibercept,592,wk84,75.0,,,0,0
638,Aflibercept,650,wk92,60.0,332.0,Heidelberg Spectralis,0,0
638,Aflibercept,666,wk96,64.0,277.0,Heidelberg Spectralis,1,0
638,Aflibercept,703,wk100,66.0,320.0,Heidelberg Spectralis,0,0
638,Aflibercept,723,wk104,69.0,293.0,Heidelberg Spectralis,0,0
639,Bevacizumab,0,baseline,54.0,367.0,Zeiss Cirrus,1,0
639,Bevacizumab,29,wk4,54.0,299.0,Zeiss Cirrus,1,0
639,Bevacizumab,53,wk8,71.0,282.0,Zeiss Cirrus,1,0
639,Bevacizumab,86,wk12,69.0,312.0,Zeiss Cirrus,1,0
639,Bevacizumab,115,wk16,74.0,307.0,Zeiss Cirrus,1,0
639,Bevacizumab,142,wk20,70.0,314.0,Zeiss Cirrus,1,0
639,Bevacizumab,163,wk24,74.0,341.0,Zeiss Cirrus,0,0
639,Bevacizumab,196,wk28,80.0,260.0,Zeiss Cirrus,0,0
639,Bevacizumab,230,wk32,81.0,260.0,Zeiss Cirrus,0,1
639,Bevacizumab,246,wk36,74.0,324.0,Zeiss Cirrus,1,0
639,Bevacizumab,286,wk40,79.0,308.0,Zeiss Cirrus,0,0
639,Bevacizumab,310,wk44,74.0,346.0,Zeiss Cirrus,1,0
639,Bevacizumab,333,wk48,84.0,228.0,Zeiss Cirrus,1,0
639,Bevacizumab,361,wk52,77.0,,,0,0
639,Bevacizumab,442,wk64,87.0,274.0,Zeiss Cirrus,0,0
639,Bevacizumab,469,wk68,75.0,266.0,Zeiss Cirrus,1,0
639,Bevacizumab,505,wk72,77.0,265.0,Zeiss Cirrus,1,0
639,Bevacizumab,622,wk88,78.0,294.0,Zeiss Cirrus,1,0
639,Bevacizumab,673,wk96,81.0,266.0,Zeiss Cirrus,1,0
639,Bevacizumab,731,wk104,83.0,273.0,Zeiss Cirrus,0,0
640,Bevacizumab,0,baseline,74.0,513.0,Heidelberg Spectralis,1,0
640,Bevacizumab,29,wk4,78.0,,,1,0
640,Bevacizumab,58,wk8,93.0,502.0,Heidelberg Spectralis,1,0
640,Bevacizumab,88,wk12,99.0,396.0,Heidelberg Spectralis,1,0
640,Bevacizumab,110,wk16,90.0,,,1,0
640,Bevacizumab,147,wk20,98.0,437.0,Heidelberg Spectralis,0,0
640,Bevacizumab,161,wk24,98.0,430.0,Heidelberg Spectralis,1,0
640,Bevacizumab,194,wk28,95.0,417.0,Heidelberg Spectralis,0,0
640,Bevacizumab,228,wk32,99.0,,,1,0
640,Bevacizumab,245,wk36,100.0,,,0,0
640,Bevacizumab,278,wk40,97.0,437.0,Heidelberg Spectralis,0,0
640,Bevacizumab,315,wk44,91.0,411.0,Heidelberg Spectralis,1,0
640,Bevacizumab,339,wk48,100.0,461.0,Heidelberg Spectralis,1,0
640,Bevacizumab,368,wk52,96.0,414.0,Heidelberg Spectralis,1,1
640,Bevacizumab,455,wk64,100.0,427.0,Heidelberg Spectralis,1,0
640,Bevacizumab,558,wk80,98.0,436.0,Heidelberg Spectralis,0,0
640,Bevacizumab,588,wk84,100.0,389.0,Heidelberg Spectralis,1,0
640,Bevacizumab,672,wk96,89.0,,,1,0
640,Bevacizumab,698,wk100,94.0,346.0,Heidelberg Spectralis,0,0
640,Bevacizumab,732,wk104,91.0,370.0,Heidelberg Spectralis,0,0
641,Ranibizumab,0,baseline,71.0,387.0,Zeiss Cirrus,1,0
641,Ranibizumab,30,wk4,63.0,367.0,Zeiss Cirrus,1,0
641,Ranibizumab,58,wk8,59.0,248.0,Zeiss Cirrus,1,0
641,Ranibizumab,91,wk12,71.0,329.0,Zeiss Cirrus,1,0
641,Ranibizumab,118,wk16,78.0,,,1,0
641,Ranibizumab,144,wk20,77.0,343.0,Zeiss Cirrus,1,0
641,Ranibizumab,167,wk24,62.0,,,0,0
641,Ranibizumab,195,wk28,68.0,285.0,Zeiss Cirrus,0,0
641,Ranibizumab,218,wk32,61.0,291.0,Zeiss Cirrus,1,0
641,Ranibizumab,253,wk36,67.0,330.0,Zeiss Cirrus,0,1
641,Ranibizumab,284,wk40,66.0,323.0,Zeiss Cirrus,0,0
641,Ranibizumab,309,wk44,71.0,329.0,Zeiss Cirrus,1,0
641,Ranibizumab,343,wk48,69.0,255.0,Zeiss Cirrus,1,0
641,Ranibizumab,367,wk52,68.0,295.0,Zeiss Cirrus,1,0
641,Ranibizumab,395,wk56,63.0,321.0,Zeiss Cirrus,0,0
641,Ranibizumab,420,wk60,69.0,270.0,Zeiss Cirrus,0,0
641,Ranibizumab,479,wk68,66.0,283.0,Zeiss Cirrus,0,0
641,Ranibizumab,534,wk76,68.0,237.0,Zeiss Cirrus,1,0
641,Ranibizumab,565,wk80,70.0,228.0,Zeiss Cirrus,1,0
641,Ranibizumab,585,wk84,80.0,310.0,Zeiss Cirrus,1,0
641,Ranibizumab,642,wk92,77.0,,,0,0
641,Ranibizumab,667,wk96,77.0,180.0,Zeiss Cirrus,0,0
641,Ranibizumab,705,wk100,76.0,205.0,Zeiss Cirrus,0,0
641,Ranibizumab,733,wk104,74.0,199.0,Zeiss Cirrus,0,0
642,Bevacizumab,0,baseline,67.0,379.0,Heidelberg Spectralis,1,0
642,Bevacizumab,30,wk4,68.0,420.0,Heidelberg Spectralis,1,0
642,Bevacizumab,53,wk8,75.0,328.0,Heidelberg Spectralis,1,0
642,Bevacizumab,91,wk12,77.0,318.0,Heidelberg Spectralis,1,0
642,Bevacizumab,110,wk16,69.0,326.0,Heidelberg Spectralis,1,0
642,Bevacizumab,141,wk20,75.0,364.0,Heidelberg Spectralis,0,0
642,Bevacizumab,172,wk24,79.0,339.0,Heidelberg Spectralis,1,0
642,Bevacizumab,201,wk28,77.0,359.0,Heidelberg Spectralis,1,0
642,Bevacizumab,222,wk32,73.0,344.0,Heidelberg Spectralis,1,0
642,Bevacizumab,245,wk36,74.0,381.0,Heidelberg Spectralis,1,0
642,Bevacizumab,275,wk40,74.0,348.0,Heidelberg Spectralis,1,1
642,Bevacizumab,314,wk44,74.0,351.0,Heidelberg Spectralis,1,0
642,Bevacizumab,343,wk48,70.0,347.0,Heidelberg Spectralis,1,0
642,Bevacizumab,357,wk52,74.0,355.0,Heidelberg Spectralis,1,0
642,Bevacizumab,423,wk60,71.0,361.0,Heidelberg Spectralis,1,0
642,Bevacizumab,483,wk68,75.0,360.0,Heidelberg Spectralis,1,0
642,Bevacizumab,511,wk72,77.0,370.0,Heidelberg Spectralis,0,0
642,Bevacizumab,537,wk76,69.0,304.0,Heidelberg Spectralis,0,0
642,Bevacizumab,567,wk80,80.0,,,1,0
642,Bevacizumab,668,wk96,72.0,319.0,Heidelberg Spectralis,1,0
642,Bevacizumab,729,wk104,78.0,317.0,Heidelberg Spectralis,0,0
643,Aflibercept,0,baseline,33.0,351.0,Zeiss Cirrus,1,0
643,Aflibercept,26,wk4,47.0,303.0,Zeiss Cirrus,1,0
643,Aflibercept,51,wk8,54.0,283.0,Zeiss Cirrus,1,0
643,Aflibercept,79,wk12,60.0,343.0,Zeiss Cirrus,1,0
643,Aflibercept,115,wk16,59.0,,,1,0
643,Aflibercept,137,wk20,59.0,340.0,Zeiss Cirrus,1,0
643,Aflibercept,172,wk24,58.0,330.0,Zeiss Cirrus,1,0
643,Aflibercept,195,wk28,66.0,296.0,Zeiss Cirrus,0,0
643,Aflibercept,218,wk32,61.0,298.0,Zeiss Cirrus,0,0
643,Aflibercept,256,wk36,56.0,269.0,Zeiss Cirrus,1,0
643,Aflibercept,286,wk40,65.0,296.0,Zeiss Cirrus,1,0
643,Aflibercept,309,wk44,65.0,303.0,Zeiss Cirrus,1,0
643,Aflibercept,337,wk48,58.0,,,1,0
643,Aflibercept,371,wk52,65.0,271.0,Zeiss Cirrus,1,0
643,Aflibercept,399,wk56,61.0,,,0,0
643,Aflibercept,425,wk60,70.0,310.0,Zeiss Cirrus,1,0
643,Aflibercept,452,wk64,65.0,232.0,Zeiss Cirrus,0,0
643,Aflibercept,498,wk72,69.0,289.0,Zeiss Cirrus,1,0
643,Aflibercept,609,wk88,64.0,244.0,Zeiss Cirrus,0,0
643,Aflibercept,640,wk92,75.0,302.0,Zeiss Cirrus,0,0
643,Aflibercept,697,wk100,70.0,297.0,Zeiss Cirrus,1,0
643,Aflibercept,728,wk104,73.0,269.0,Zeiss Cirrus,0,0
644,Aflibercept,0,baseline,72.0,462.0,Zeiss Cirrus,1,0
644,Aflibercept,30,wk4,73.0,418.0,Zeiss Cirrus,1,0
644,Aflibercept,49,wk8,83.0,353.0,Zeiss Cirrus,1,0
644,Aflibercept,78,wk12,80.0,335.0,Zeiss Cirrus,1,0
644,Aflibercept,105,wk16,81.0,292.0,Zeiss Cirrus,1,0
644,Aflibercept,143,wk20,88.0,293.0,Zeiss Cirrus,0,0
644,Aflibercept,175,wk24,86.0,348.0,Zeiss Cirrus,0,0
644,Aflibercept,197,wk28,83.0,282.0,Zeiss Cirrus,0,0
644,Aflibercept,224,wk32,86.0,260.0,Zeiss Cirrus,1,0
644,Aflibercept,246,wk36,84.0,,,0,0
644,Aflibercept,280,wk40,82.0,,,1,0
644,Aflibercept,311,wk44,80.0,282.0,Zeiss Cirrus,0,0
644,Aflibercept,337,wk48,89.0,337.0,Zeiss Cirrus,0,0
644,Aflibercept,359,wk52,85.0,291.0,Zeiss Cirrus,0,0
644,Aflibercept,416,wk60,80.0,288.0,Zeiss Cirrus,0,0
644,Aflibercept,482,wk68,87.0,272.0,Zeiss Cirrus,0,0
644,Aflibercept,507,wk72,94.0,308.0,Zeiss Cirrus,0,0
644,Aflibercept,559,wk80,86.0,283.0,Zeiss Cirrus,1,0
644,Aflibercept,589,wk84,87.0,,,0,0
644,Aflibercept,620,wk88,83.0,,,1,0
644,Aflibercept,668,wk96,86.0,268.0,Zeiss Cirrus,0,0
644,Aflibercept,698,wk100,90.0,331.0,Zeiss Cirrus,1,0
644,Aflibercept,729,wk104,92.0,324.0,Zeiss Cirrus,0,0
645,Ranibizumab,0,baseline,63.0,475.0,Heidelberg Spectralis,1,0
645,Ranibizumab,21,wk4,68.0,423.0,Heidelberg Spectralis,1,0
645,Ranibizumab,54,wk8,74.0,326.0,Heidelberg Spectralis,1,0
645,Ranibizumab,91,wk12,64.0,267.0,Heidelberg Spectralis,1,0
645,Ranibizumab,111,wk16,70.0,292.0,Heidelberg Spectralis,0,0
645,Ranibizumab,144,wk20,65.0,215.0,Heidelberg Spectralis,1,0
645,Ranibizumab,163,wk24,72.0,260.0,Heidelberg Spectralis,0,1
645,Ranibizumab,194,wk28,74.0,290.0,Heidelberg Spectralis,0,0
645,Ranibizumab,225,wk32,69.0,266.0,Heidelberg Spectralis,0,0
645,Ranibizumab,258,wk36,76.0,292.0,Heidelberg Spectralis,1,0
645,Ranibizumab,283,wk40,76.0,,,1,0
645,Ranibizumab,311,wk44,69.0,212.0,Heidelberg Spectralis,1,0
645,Ranibizumab,338,wk48,71.0,208.0,Heidelberg Spectralis,0,0
645,Ranibizumab,370,wk52,72.0,237.0,Heidelberg Spectralis,0,0
645,Ranibizumab,418,wk60,67.0,219.0,Heidelberg Spectralis,1,0
645,Ranibizumab,504,wk72,70.0,254.0,Heidelberg Spectralis,0,0
645,Ranibizumab,536,wk76,76.0,259.0,Heidelberg Spectralis,1,0
645,Ranibizumab,593,wk84,69.0,225.0,Heidelberg Spectralis,0,0
645,Ranibizumab,639,wk92,74.0,283.0,Heidelberg Spectralis,1,0
645,Ranibizumab,729,wk104,76.0,259.0,Heidelberg Spectralis,0,0
646,Aflibercept,0,baseline,68.0,639.0,Heidelberg Spectralis,1,0
646,Aflibercept,27,wk4,73.0,545.0,Heidelberg Spectralis,1,0
646,Aflibercept,59,wk8,78.0,470.0,Heidelberg Spectralis,1,0
646,Aflibercept,85,wk12,79.0,406.0,Heidelberg Spectralis,1,0
646,Aflibercept,115,wk16,80.0,,,0,0
646,Aflibercept,145,wk20,83.0,,,1,0
646,Aflibercept,169,wk24,89.0,395.0,Heidelberg Spectralis,0,0
646,Aflibercept,195,wk28,89.0,393.0,Heidelberg Spectralis,0,0
646,Aflibercept,222,wk32,87.0,382.0,Heidelberg Spectralis,0,0
646,Aflibercept,257,wk36,86.0,,,1,1
646,Aflibercept,282,wk40,92.0,310.0,Heidelberg Spectralis,0,0
646,Aflibercept,305,wk44,90.0,360.0,Heidelberg Spectralis,1,0
646,Aflibercept,343,wk48,88.0,381.0,Heidelberg Spectralis,0,0
646,Aflibercept,369,wk52,88.0,367.0,Heidelberg Spectralis,0,0
646,Aflibercept,396,wk56,85.0,393.0,Heidelberg Spectralis,0,0
646,Aflibercept,424,wk60,90.0,336.0,Heidelberg Spectralis,0,0
646,Aflibercept,473,wk68,84.0,302.0,Heidelberg Spectralis,0,0
646,Aflibercept,563,wk80,84.0,371.0,Heidelberg Spectralis,0,0
646,Aflibercept,671,wk96,78.0,358.0,Heidelberg Spectralis,1,0
646,Aflibercept,705,wk100,81.0,,,0,1
646,Aflibercept,722,wk104,79.0,346.0,Heidelberg Spectralis,0,0
647,Aflibercept,0,baseline,50.0,401.0,Zeiss Cirrus,1,0
647,Aflibercept,33,wk4,53.0,292.0,Zeiss Cirrus,1,0
647,Aflibercept,59,wk8,55.0,296.0,Zeiss Cirrus,1,0
647,Aflibercept,90,wk12,59.0,,,1,0
647,Aflibercept,110,wk16,54.0,228.0,Zeiss Cirrus,1,0
647,Aflibercept,147,wk20,58.0,159.0,Zeiss Cirrus,1,0
647,Aflibercept,163,wk24,54.0,178.0,Zeiss Cirrus,1,0
647,Aflibercept,202,wk28,52.0,163.0,Zeiss Cirrus,1,0
647,Aflibercept,218,wk32,54.0,167.0,Zeiss Cirrus,1,0
647,Aflibercept,250,wk36,51.0,182.0,Zeiss Cirrus,1,0
647,Aflibercept,277,wk40,55.0,150.0,Zeiss Cirrus,1,1
647,Aflibercept,305,wk44,63.0,230.0,Zeiss Cirrus,0,0
647,Aflibercept,343,wk48,56.0,150.0,Zeiss Cirrus,1,0
647,Aflibercept,368,wk52,56.0,155.0,Zeiss Cirrus,1,0
647,Aflibercept,415,wk60,55.0,194.0,Zeiss Cirrus,0,0
647,Aflibercept,477,wk68,58.0,166.0,Zeiss Cirrus,1,0
647,Aflibercept,500,wk72,51.0,208.0,Zeiss Cirrus,0,0
647,Aflibercept,589,wk84,60.0,150.0,Zeiss Cirrus,0,0
647,Aflibercept,676,wk96,55.0,150.0,Zeiss Cirrus,0,0
647,Aflibercept,702,wk100,57.0,178.0,Zeiss Cirrus,0,0
647,Aflibercept,735,wk104,60.0,150.0,Zeiss Cirrus,0,0
648,Ranibizumab,0,baseline,48.0,399.0,Zeiss Cirrus,1,0
648,Ranibizumab,26,wk4,53.0,318.0,Zeiss Cirrus,1,0
648,Ranibizumab,54,wk8,52.0,314.0,Zeiss Cirrus,1,0
648,Ranibizumab,77,wk12,61.0,,,1,0
648,Ranibizumab,119,wk16,66.0,,,1,0
648,Ranibizumab,138,wk20,66.0,,,0,0
648,Ranibizumab,164,wk24,65.0,256.0,Zeiss Cirrus,1,0
648,Ranibizumab,191,wk28,68.0,274.0,Zeiss Cirrus,0,0
648,Ranibizumab,218,wk32,65.0,,,1,0
648,Ranibizumab,255,wk36,62.0,,,1,0
648,Ranibizumab,273,wk40,62.0,208.0,Zeiss Cirrus,0,0
648,Ranibizumab,315,wk44,57.0,220.0,Zeiss Cirrus,1,0
648,Ranibizumab,341,wk48,72.0,,,1,0
648,Ranibizumab,363,wk52,64.0,256.0,Zeiss Cirrus,1,0
648,Ranibizumab,388,wk56,67.0,,,1,0
648,Ranibizumab,417,wk60,65.0,242.0,Zeiss Cirrus,1,0
648,Ranibizumab,446,wk64,62.0,231.0,Zeiss Cirrus,1,0
648,Ranibizumab,499,wk72,66.0,250.0,Zeiss Cirrus,0,0
648,Ranibizumab,526,wk76,64.0,271.0,Zeiss Cirrus,1,0
648,Ranibizumab,581,wk84,64.0,213.0,Zeiss Cirrus,1,0
648,Ranibizumab,645,wk92,68.0,260.0,Zeiss Cirrus,1,0
648,Ranibizumab,733,wk104,65.0,239.0,Zeiss Cirrus,0,0
649,Bevacizumab,0,baseline,64.0,628.0,Heidelberg Spectralis,1,0
649,Bevacizumab,28,wk4,64.0,544.0,Heidelberg Spectralis,1,0
649,Bevacizumab,50,wk8,63.0,,,1,0
649,Bevacizumab,82,wk12,60.0,531.0,Heidelberg Spectralis,1,0
649,Bevacizumab,116,wk16,62.0,437.0,Heidelberg Spectralis,1,0
649,Bevacizumab,142,wk20,59.0,516.0,Heidelberg Spectralis,0,0
649,Bevacizumab,163,wk24,64.0,454.0,Heidelberg Spectralis,1,0
649,Bevacizumab,201,wk28,61.0,467.0,Heidelberg Spectralis,1,0
649,Bevacizumab,219,wk32,60.0,494.0,Heidelberg Spectralis,1,0
649,Bevacizumab,249,wk36,58.0,471.0,Heidelberg Spectralis,0,0
649,Bevacizumab,281,wk40,59.0,,,0,0
649,Bevacizumab,304,wk44,65.0,419.0,Heidelberg Spectralis,1,0
649,Bevacizumab,329,wk48,65.0,454.0,Heidelberg Spectralis,1,0
649,Bevacizumab,390,wk56,60.0,453.0,Heidelberg Spectralis,1,0
649,Bevacizumab,500,wk72,65.0,482.0,Heidelberg Spectralis,0,0
649,Bevacizumab,566,wk80,59.0,380.0,Heidelberg Spectralis,0,0
649,Bevacizumab,615,wk88,61.0,406.0,Heidelberg Spectralis,1,0
649,Bevacizumab,698,wk100,58.0,397.0,Heidelberg Spectralis,1,0
649,Bevacizumab,723,wk104,60.0,402.0,Heidelberg Spectralis,0,0
650,Ranibizumab,0,baseline,70.0,541.0,Zeiss Cirrus,1,0
650,Ranibizumab,24,wk4,75.0,525.0,Zeiss Cirrus,1,0
650,Ranibizumab,60,wk8,77.0,483.0,Zeiss Cirrus,1,0
650,Ranibizumab,84,wk12,77.0,512.0,Zeiss Cirrus,1,0
650,Ranibizumab,115,wk16,82.0,447.0,Zeiss Cirrus,1,0
650,Ranibizumab,134,wk20,84.0,453.0,Zeiss Cirrus,1,0
650,Ranibizumab,162,wk24,90.0,467.0,Zeiss Cirrus,1,0
650,Ranibizumab,193,wk28,80.0,467.0,Zeiss Cirrus,1,1
650,Ranibizumab,220,wk32,78.0,426.0,Zeiss Cirrus,1,0
650,Ranibizumab,254,wk36,91.0,416.0,Zeiss Cirrus,1,0
650,Ranibizumab,276,wk40,82.0,,,0,0
650,Ranibizumab,301,wk44,85.0,432.0,Zeiss Cirrus,1,0
650,Ranibizumab,335,wk48,81.0,400.0,Zeiss Cirrus,1,0
650,Ranibizumab,366,wk52,84.0,432.0,Zeiss Cirrus,1,0
650,Ranibizumab,385,wk56,88.0,,,0,0
650,Ranibizumab,416,wk60,83.0,438.0,Zeiss Cirrus,1,0
650,Ranibizumab,504,wk72,86.0,383.0,Zeiss Cirrus,1,0
650,Ranibizumab,538,wk76,92.0,,,1,0
650,Ranibizumab,582,wk84,85.0,356.0,Zeiss Cirrus,1,0
650,Ranibizumab,706,wk100,90.0,392.0,Zeiss Cirrus,1,0
650,Ranibizumab,734,wk104,92.0,337.0,Zeiss Cirrus,0,0
651,Bevacizumab,0,baseline,35.0,443.0,Zeiss Cirrus,1,0
651,Bevacizumab,29,wk4,29.0,518.0,Zeiss Cirrus,1,0
651,Bevacizumab,62,wk8,39.0,510.0,Zeiss Cirrus,1,0
651,Bevacizumab,90,wk12,43.0,491.0,Zeiss Cirrus,1,0
651,Bevacizumab,111,wk16,37.0,528.0,Zeiss Cirrus,0,0
651,Bevacizumab,144,wk20,33.0,504.0,Zeiss Cirrus,1,0
651,Bevacizumab,163,wk24,45.0,546.0,Zeiss Cirrus,1,0
651,Bevacizumab,192,wk28,44.0,516.0,Zeiss Cirrus,0,0
651,Bevacizumab,225,wk32,45.0,,,1,0
651,Bevacizumab,246,wk36,39.0,502.0,Zeiss Cirrus,0,0
651,Bevacizumab,287,wk40,36.0,539.0,Zeiss Cirrus,0,0
651,Bevacizumab,315,wk44,40.0,536.0,Zeiss Cirrus,0,0
651,Bevacizumab,334,wk48,38.0,525.0,Zeiss Cirrus,1,0
651,Bevacizumab,370,wk52,42.0,522.0,Zeiss Cirrus,0,0
651,Bevacizumab,423,wk60,49.0,533.0,Zeiss Cirrus,1,0
651,Bevacizumab,455,wk64,36.0,479.0,Zeiss Cirrus,0,0
651,Bevacizumab,510,wk72,45.0,521.0,Zeiss Cirrus,1,0
651,Bevacizumab,535,wk76,48.0,453.0,Zeiss Cirrus,1,0
651,Bevacizumab,567,wk80,37.0,506.0,Zeiss Cirrus,1,0
651,Bevacizumab,583,wk84,44.0,480.0,Zeiss Cirrus,1,0
651,Bevacizumab,611,wk88,43.0,453.0,Zeiss Cirrus,0,0
651,Bevacizumab,693,wk100,36.0,499.0,Zeiss Cirrus,0,0
651,Bevacizumab,728,wk104,41.0,450.0,Zeiss Cirrus,0,0
652,Bevacizumab,0,baseline,77.0,326.0,Heidelberg Spectralis,1,0
652,Bevacizumab,21,wk4,79.0,333.0,Heidelberg Spectralis,1,0
652,Bevacizumab,60,wk8,82.0,302.0,Heidelberg Spectralis,1,0
652,Bevacizumab,77,wk12,81.0,320.0,Heidelberg Spectralis,1,0
652,Bevacizumab,110,wk16,77.0,281.0,Heidelberg Spectralis,1,0
652,Bevacizumab,137,wk20,79.0,307.0,Heidelberg Spectralis,1,0
652,Bevacizumab,162,wk24,82.0,,,0,0
652,Bevacizumab,203,wk28,86.0,,,0,0
652,Bevacizumab,219,wk32,84.0,,,1,0
652,Bevacizumab,258,wk36,78.0,341.0,Heidelberg Spectralis,0,0
652,Bevacizumab,285,wk40,85.0,239.0,Heidelberg Spectralis,0,0
652,Bevacizumab,302,wk44,78.0,317.0,Heidelberg Spectralis,1,0
652,Bevacizumab,343,wk48,79.0,303.0,Heidelberg Spectralis,1,0
652,Bevacizumab,360,wk52,81.0,290.0,Heidelberg Spectralis,0,0
652,Bevacizumab,387,wk56,87.0,316.0,Heidelberg Spectralis,0,0
652,Bevacizumab,422,wk60,76.0,282.0,Heidelberg Spectralis,0,0
652,Bevacizumab,472,wk68,86.0,288.0,Heidelberg Spectralis,1,0
652,Bevacizumab,505,wk72,73.0,256.0,Heidelberg Spectralis,0,0
652,Bevacizumab,586,wk84,81.0,332.0,Heidelberg Spectralis,1,0
652,Bevacizumab,616,wk88,75.0,315.0,Heidelberg Spectralis,0,0
652,Bevacizumab,638,wk92,68.0,303.0,Heidelberg Spectralis,1,0
652,Bevacizumab,729,wk104,78.0,335.0,Heidelberg Spectralis,0,0
653,Aflibercept,0,baseline,65.0,356.0,Zeiss Cirrus,1,0
653,Aflibercept,24,wk4,71.0,315.0,Zeiss Cirrus,1,0
653,Aflibercept,59,wk8,75.0,280.0,Zeiss Cirrus,1,0
653,Aflibercept,81,wk12,67.0,273.0,Zeiss Cirrus,1,0
653,Aflibercept,106,wk16,81.0,237.0,Zeiss Cirrus,1,0
653,Aflibercept,146,wk20,81.0,,,0,0
653,Aflibercept,164,wk24,83.0,205.0,Zeiss Cirrus,0,0
653,Aflibercept,190,wk28,84.0,226.0,Zeiss Cirrus,1,0
653,Aflibercept,227,wk32,84.0,201.0,Zeiss Cirrus,0,0
653,Aflibercept,255,wk36,90.0,217.0,Zeiss Cirrus,1,0
653,Aflibercept,283,wk40,89.0,150.0,Zeiss Cirrus,0,0
653,Aflibercept,311,wk44,80.0,198.0,Zeiss Cirrus,1,1
653,Aflibercept,332,wk48,78.0,186.0,Zeiss Cirrus,0,0
653,Aflibercept,369,wk52,83.0,204.0,Zeiss Cirrus,0,0
653,Aflibercept,397,wk56,81.0,254.0,Zeiss Cirrus,0,0
653,Aflibercept,416,wk60,78.0,,,0,0
653,Aflibercept,441,wk64,85.0,261.0,Zeiss Cirrus,0,0
653,Aflibercept,510,wk72,89.0,206.0,Zeiss Cirrus,0,0
653,Aflibercept,536,wk76,84.0,197.0,Zeiss Cirrus,1,0
653,Aflibercept,561,wk80,84.0,,,0,0
653,Aflibercept,590,wk84,84.0,200.0,Zeiss Cirrus,1,0
654,Bevacizumab,0,baseline,70.0,337.0,Zeiss Cirrus,1,0
654,Bevacizumab,21,wk4,64.0,384.0,Zeiss Cirrus,1,0
654,Bevacizumab,53,wk8,71.0,310.0,Zeiss Cirrus,1,0
654,Bevacizumab,81,wk12,73.0,332.0,Zeiss Cirrus,1,0
654,Bevacizumab,115,wk16,70.0,325.0,Zeiss Cirrus,1,0
654,Bevacizumab,145,wk20,71.0,375.0,Zeiss Cirrus,0,0
654,Bevacizumab,163,wk24,77.0,406.0,Zeiss Cirrus,0,0
654,Bevacizumab,200,wk28,78.0,345.0,Zeiss Cirrus,1,0
654,Bevacizumab,224,wk32,68.0,,,1,0
654,Bevacizumab,251,wk36,76.0,356.0,Zeiss Cirrus,1,0
654,Bevacizumab,282,wk40,76.0,375.0,Zeiss Cirrus,1,0
654,Bevacizumab,315,wk44,73.0,343.0,Zeiss Cirrus,0,0
654,Bevacizumab,340,wk48,71.0,373.0,Zeiss Cirrus,0,0
654,Bevacizumab,367,wk52,76.0,360.0,Zeiss Cirrus,0,0
654,Bevacizumab,394,wk56,67.0,,,1,0
654,Bevacizumab,510,wk72,76.0,378.0,Zeiss Cirrus,0,0
654,Bevacizumab,533,wk76,77.0,,,0,0
654,Bevacizumab,609,wk88,80.0,,,1,0
654,Bevacizumab,701,wk100,76.0,409.0,Zeiss Cirrus,1,0
654,Bevacizumab,722,wk104,74.0,380.0,Zeiss Cirrus,0,0
655,Ranibizumab,0,baseline,75.0,432.0,Zeiss Cirrus,1,0
655,Ranibizumab,29,wk4,74.0,420.0,Zeiss Cirrus,1,0
655,Ranibizumab,63,wk8,74.0,515.0,Zeiss Cirrus,1,0
655,Ranibizumab,85,wk12,73.0,417.0,Zeiss Cirrus,1,0
655,Ranibizumab,110,wk16,82.0,,,0,0
655,Ranibizumab,133,wk20,79.0,443.0,Zeiss Cirrus,0,0
655,Ranibizumab,171,wk24,74.0,446.0,Zeiss Cirrus,1,0
655,Ranibizumab,189,wk28,77.0,456.0,Zeiss Cirrus,1,0
655,Ranibizumab,218,wk32,79.0,,,1,0
655,Ranibizumab,247,wk36,75.0,432.0,Zeiss Cirrus,0,0
655,Ranibizumab,273,wk40,73.0,501.0,Zeiss Cirrus,1,0
655,Ranibizumab,308,wk44,76.0,443.0,Zeiss Cirrus,1,0
655,Ranibizumab,330,wk48,73.0,490.0,Zeiss Cirrus,1,0
655,Ranibizumab,369,wk52,75.0,445.0,Zeiss Cirrus,1,0
655,Ranibizumab,417,wk60,74.0,,,0,0
655,Ranibizumab,531,wk76,74.0,463.0,Zeiss Cirrus,1,0
655,Ranibizumab,586,wk84,80.0,,,0,0
655,Ranibizumab,679,wk96,75.0,443.0,Zeiss Cirrus,1,0
655,Ranibizumab,729,wk104,72.0,433.0,Zeiss Cirrus,0,0
656,Ranibizumab,0,baseline,77.0,381.0,Zeiss Cirrus,1,0
656,Ranibizumab,22,wk4,80.0,361.0,Zeiss Cirrus,1,0
656,Ranibizumab,53,wk8,81.0,,,1,0
656,Ranibizumab,78,wk12,72.0,401.0,Zeiss Cirrus,1,0
656,Ranibizumab,114,wk16,89.0,,,1,0
656,Ranibizumab,136,wk20,81.0,398.0,Zeiss Cirrus,0,0
656,Ranibizumab,166,wk24,85.0,407.0,Zeiss Cirrus,0,0
656,Ranibizumab,198,wk28,82.0,374.0,Zeiss Cirrus,1,0
656,Ranibizumab,222,wk32,78.0,418.0,Zeiss Cirrus,1,0
656,Ranibizumab,255,wk36,83.0,402.0,Zeiss Cirrus,0,1
656,Ranibizumab,275,wk40,80.0,405.0,Zeiss Cirrus,0,0
656,Ranibizumab,306,wk44,86.0,458.0,Zeiss Cirrus,1,0
656,Ranibizumab,340,wk48,75.0,438.0,Zeiss Cirrus,0,0
656,Ranibizumab,367,wk52,80.0,405.0,Zeiss Cirrus,0,0
656,Ranibizumab,425,wk60,86.0,391.0,Zeiss Cirrus,0,0
656,Ranibizumab,469,wk68,78.0,424.0,Zeiss Cirrus,1,0
656,Ranibizumab,499,wk72,86.0,366.0,Zeiss Cirrus,1,0
656,Ranibizumab,527,wk76,78.0,330.0,Zeiss Cirrus,0,0
656,Ranibizumab,585,wk84,79.0,,,0,0
656,Ranibizumab,614,wk88,79.0,362.0,Zeiss Cirrus,1,0
656,Ranibizumab,693,wk100,75.0,326.0,Zeiss Cirrus,1,0
656,Ranibizumab,732,wk104,74.0,339.0,Zeiss Cirrus,0,0
657,Aflibercept,0,baseline,66.0,652.0,Heidelberg Spectralis,1,0
657,Aflibercept,30,wk4,78.0,536.0,Heidelberg Spectralis,1,0
657,Aflibercept,61,wk8,85.0,421.0,Heidelberg Spectralis,1,0
657,Aflibercept,87,wk12,88.0,389.0,Heidelberg Spectralis,1,0
657,Aflibercept,115,wk16,95.0,372.0,Heidelberg Spectralis,1,0
657,Aflibercept,136,wk20,88.0,380.0,Heidelberg Spectralis,1,0
657,Aflibercept,171,wk24,94.0,318.0,Heidelberg Spectralis,0,0
657,Aflibercept,201,wk28,91.0,314.0,Heidelberg Spectralis,0,0
657,Aflibercept,217,wk32,96.0,269.0,Heidelberg Spectralis,0,1
657,Aflibercept,259,wk36,89.0,347.0,Heidelberg Spectralis,0,0
657,Aflibercept,286,wk40,100.0,313.0,Heidelberg Spectralis,1,0
657,Aflibercept,305,wk44,96.0,,,1,0
657,Aflibercept,339,wk48,87.0,249.0,Heidelberg Spectralis,1,0
657,Aflibercept,371,wk52,96.0,287.0,Heidelberg Spectralis,1,0
657,Aflibercept,420,wk60,97.0,286.0,Heidelberg Spectralis,1,0
657,Aflibercept,474,wk68,94.0,282.0,Heidelberg Spectralis,1,0
657,Aflibercept,567,wk80,96.0,265.0,Heidelberg Spectralis,0,0
657,Aflibercept,623,wk88,95.0,291.0,Heidelberg Spectralis,0,0
657,Aflibercept,651,wk92,93.0,287.0,Heidelberg Spectralis,0,0
657,Aflibercept,670,wk96,100.0,246.0,Heidelberg Spectralis,1,0
657,Aflibercept,724,wk104,91.0,271.0,Heidelberg Spectralis,0,0
658,Ranibizumab,0,baseline,55.0,325.0,Heidelberg Spectralis,1,0
658,Ranibizumab,27,wk4,59.0,272.0,Heidelberg Spectralis,1,0
658,Ranibizumab,60,wk8,63.0,279.0,Heidelberg Spectralis,1,0
658,Ranibizumab,86,wk12,67.0,,,1,0
658,Ranibizumab,113,wk16,63.0,247.0,Heidelberg Spectralis,0,0
658,Ranibizumab,136,wk20,64.0,295.0,Heidelberg Spectralis,0,0
658,Ranibizumab,172,wk24,59.0,265.0,Heidelberg Spectralis,0,0
658,Ranibizumab,199,wk28,63.0,283.0,Heidelberg Spectralis,0,0
658,Ranibizumab,231,wk32,62.0,314.0,Heidelberg Spectralis,0,0
658,Ranibizumab,251,wk36,65.0,277.0,Heidelberg Spectralis,1,0
658,Ranibizumab,277,wk40,70.0,262.0,Heidelberg Spectralis,0,0
658,Ranibizumab,306,wk44,63.0,278.0,Heidelberg Spectralis,1,0
658,Ranibizumab,335,wk48,66.0,310.0,Heidelberg Spectralis,0,0
658,Ranibizumab,358,wk52,64.0,270.0,Heidelberg Spectralis,1,0
658,Ranibizumab,386,wk56,70.0,,,0,0
658,Ranibizumab,416,wk60,63.0,271.0,Heidelberg Spectralis,1,0
658,Ranibizumab,445,wk64,56.0,281.0,Heidelberg Spectralis,1,0
658,Ranibizumab,556,wk80,57.0,302.0,Heidelberg Spectralis,1,0
658,Ranibizumab,615,wk88,64.0,237.0,Heidelberg Spectralis,0,0
658,Ranibizumab,722,wk104,60.0,284.0,Heidelberg Spectralis,0,0
659,Ranibizumab,0,baseline,49.0,329.0,Zeiss Cirrus,1,0
659,Ranibizumab,26,wk4,53.0,,,1,0
659,Ranibizumab,62,wk8,59.0,369.0,Zeiss Cirrus,1,0
659,Ranibizumab,84,wk12,66.0,362.0,Zeiss Cirrus,1,0
659,Ranibizumab,116,wk16,60.0,,,0,0
659,Ranibizumab,143,wk20,63.0,389.0,Zeiss Cirrus,0,0
659,Ranibizumab,169,wk24,62.0,,,0,0
659,Ranibizumab,197,wk28,59.0,348.0,Zeiss Cirrus,0,0
659,Ranibizumab,217,wk32,62.0,358.0,Zeiss Cirrus,0,0
659,Ranibizumab,247,wk36,60.0,373.0,Zeiss Cirrus,0,0
659,Ranibizumab,287,wk40,60.0,341.0,Zeiss Cirrus,0,0
659,Ranibizumab,305,wk44,61.0,339.0,Zeiss Cirrus,0,0
659,Ranibizumab,336,wk48,66.0,323.0,Zeiss Cirrus,0,0
659,Ranibizumab,369,wk52,64.0,340.0,Zeiss Cirrus,1,0
659,Ranibizumab,448,wk64,58.0,,,0,0
659,Ranibizumab,553,wk80,65.0,382.0,Zeiss Cirrus,0,0
659,Ranibizumab,668,wk96,66.0,350.0,Zeiss Cirrus,0,0
659,Ranibizumab,699,wk100,65.0,369.0,Zeiss Cirrus,0,0
659,Ranibizumab,734,wk104,68.0,363.0,Zeiss Cirrus,0,0
660,Ranibizumab,0,baseline,74.0,479.0,Heidelberg Spectralis,1,0
660,Ranibizumab,35,wk4,75.0,,,1,0
660,Ranibizumab,52,wk8,77.0,451.0,Heidelberg Spectralis,1,0
660,Ranibizumab,78,wk12,84.0,,,1,0
660,Ranibizumab,106,wk16,76.0,409.0,Heidelberg Spectralis,1,0
660,Ranibizumab,138,wk20,79.0,459.0,Heidelberg Spectralis,1,0
660,Ranibizumab,165,wk24,76.0,401.0,Heidelberg Spectralis,0,0
660,Ranibizumab,194,wk28,77.0,385.0,Heidelberg Spectralis,0,0
660,Ranibizumab,231,wk32,77.0,427.0,Heidelberg Spectralis,0,0
660,Ranibizumab,245,wk36,75.0,377.0,Heidelberg Spectralis,1,0
660,Ranibizumab,277,wk40,73.0,329.0,Heidelberg Spectralis,1,0
660,Ranibizumab,307,wk44,79.0,457.0,Heidelberg Spectralis,0,0
660,Ranibizumab,333,wk48,84.0,346.0,Heidelberg Spectralis,1,0
660,Ranibizumab,360,wk52,76.0,393.0,Heidelberg Spectralis,0,0
660,Ranibizumab,389,wk56,73.0,403.0,Heidelberg Spectralis,1,0
660,Ranibizumab,422,wk60,74.0,,,0,0
660,Ranibizumab,454,wk64,68.0,366.0,Heidelberg Spectralis,1,0
660,Ranibizumab,480,wk68,70.0,409.0,Heidelberg Spectralis,1,1
660,Ranibizumab,531,wk76,66.0,,,1,0
660,Ranibizumab,638,wk92,75.0,440.0,Heidelberg Spectralis,0,0
660,Ranibizumab,694,wk100,68.0,415.0,Heidelberg Spectralis,1,0
660,Ranibizumab,729,wk104,70.0,411.0,Heidelberg Spectralis,0,0
