pt_id,treatment,study_eye,X_age,X_bmi,X_cad,X_cst_um,X_dbp,X_diabetes_duration_yrs,X_diabetes_type,X_dr_severity_clinical,X_dr_severity_rc,X_epiretinal_membrane,X_fellow_va_letters,X_female,X_hba1c,X_hispanic,X_hypertension,X_insulin,X_iop,X_log_uacr,X_oct_machine,X_prior_antivegf,X_prior_dme_trt,X_prior_focal_laser,X_prior_mi,X_prior_prp,X_prior_stroke,X_pseudophakic,X_race,X_renal_disease,X_sbp,X_smoker_current,X_subretinal_fluid,X_va_below_69,X_va_letters,Y_cst_change_wk104,Y_cst_change_wk52,Y_laser_any,Y_laser_yr1,Y_n_inj_total,Y_n_inj_yr1,Y_va_change_wk104,Y_va_change_wk52,M_final_status,M_has_wk104,M_has_wk52
1,Bevacizumab,OD,63,34.34,0,345.0,90.7,18,Type 2,Severe NPDR,3.0,0.0,74.0,0,6.6,0,1,1,16.0,6.195,Zeiss Cirrus,0,1,1,0,0,0,1,White,0,180.0,0,0.0,0,77.0,-135.0,-149.0,1,1,9,7,10.0,4.0,Completed,1,1
2,Ranibizumab,OD,42,,0,423.0,84.8,22,Type 2,PDR and/or prior scatter,7.0,0.0,49.0,0,9.3,0,1,0,17.0,3.675,Heidelberg Spectralis,0,0,0,0,0,0,0,White,0,133.9,0,0.0,1,67.0,-119.0,-91.0,0,0,10,7,10.0,9.0,Completed,1,1
3,Ranibizumab,OS,61,42.31,0,380.0,84.1,16,Type 2,Severe NPDR,5.0,1.0,54.0,1,5.9,0,0,0,14.0,7.369,Heidelberg Spectralis,0,1,1,0,0,0,0,White,0,124.2,0,0.0,1,61.0,-114.0,-127.0,0,0,12,6,13.0,17.0,Completed,1,1
4,Bevacizumab,OS,54,29.1,0,378.0,97.5,34,Type 2,Severe NPDR,4.0,0.0,94.0,1,10.2,0,1,0,20.0,4.746,Zeiss Stratus,0,1,1,0,0,1,0,,0,162.1,0,0.0,0,74.0,-16.0,-43.0,1,1,16,13,14.0,14.0,Completed,1,1
5,Aflibercept,OS,47,32.61,0,328.0,76.4,12,Type 2,Severe NPDR,6.0,1.0,39.0,0,7.3,1,1,0,17.0,6.404,Heidelberg Spectralis,0,1,1,1,0,0,0,Black/African American,0,120.0,1,0.0,0,77.0,-30.0,17.0,0,0,14,13,11.0,12.0,Completed,1,1
6,Bevacizumab,OD,77,25.2,0,531.0,85.3,16,Type 2,Mild/moderate NPDR,5.0,0.0,79.0,1,6.0,1,1,1,20.0,5.352,Heidelberg Spectralis,1,1,1,0,0,0,0,White,1,130.1,0,0.0,0,77.0,-98.0,-141.0,1,1,12,8,11.0,2.0,Completed,1,1
7,Aflibercept,OS,77,44.77,1,376.0,97.9,5,Type 2,Mild/moderate NPDR,2.0,0.0,63.0,0,10.9,0,1,0,16.0,4.31,Zeiss Cirrus,0,1,1,0,0,0,0,Black/African American,0,164.0,0,0.0,0,77.0,30.0,0.0,1,1,13,9,16.0,16.0,Completed,1,1
8,Aflibercept,OD,74,36.76,0,468.0,85.3,8,Type 2,Microaneurysms only,4.0,1.0,51.0,1,7.8,0,1,1,15.0,2.599,Zeiss Cirrus,0,1,1,0,0,0,0,White,1,139.9,0,1.0,1,67.0,-213.0,-173.0,0,0,7,6,0.0,8.0,Completed,1,1
9,Ranibizumab,OS,63,28.18,0,528.0,72.1,9,Type 2,PDR and/or prior scatter,8.0,1.0,98.0,1,11.6,0,1,1,17.0,4.38,Zeiss Cirrus,0,0,0,0,0,0,0,White,0,107.8,0,0.0,0,77.0,-86.0,-113.0,1,1,14,12,3.0,0.0,Completed,1,1
10,Bevacizumab,OD,74,,0,488.0,72.7,13,Type 2,PDR and/or prior scatter,6.0,0.0,51.0,0,10.1,0,1,1,20.0,6.553,Heidelberg Spectralis,0,1,1,0,0,0,0,Native Hawaiian/Other Pacific Islander,0,149.9,0,0.0,1,54.0,-132.0,-155.0,0,0,12,8,22.0,11.0,Completed,1,1
11,Bevacizumab,OD,60,37.68,0,517.0,86.3,6,Uncertain,Mild/moderate NPDR,3.0,1.0,47.0,0,6.8,0,1,1,19.0,3.582,Zeiss Cirrus,0,0,0,0,0,0,1,Black/African American,0,131.1,0,1.0,1,59.0,-105.0,-129.0,1,1,13,9,28.0,21.0,Completed,1,1
12,Bevacizumab,OD,62,31.74,0,294.0,93.0,21,Type 2,Mild/moderate NPDR,2.0,1.0,66.0,0,7.8,0,1,1,16.0,,Heidelberg Spectralis,0,1,1,0,0,0,1,White,0,169.8,0,0.0,1,64.0,3.0,-50.0,1,1,5,4,-10.0,-4.0,Completed,1,1
13,Bevacizumab,OS,49,29.53,0,408.0,75.4,9,Type 1,PDR and/or prior scatter,7.0,1.0,55.0,1,8.1,0,1,1,9.0,2.318,Heidelberg Spectralis,0,0,0,0,1,0,0,White,0,126.9,0,1.0,1,63.0,-129.0,-119.0,1,1,11,8,15.0,16.0,Completed,1,1
14,Ranibizumab,OS,64,28.6,0,556.0,101.7,48,Type 2,Mild/moderate NPDR,4.0,0.0,70.0,0,10.8,0,0,1,18.0,6.416,Zeiss Cirrus,0,0,0,0,0,1,0,White,0,160.0,0,1.0,0,73.0,-215.0,-218.0,0,0,15,11,8.0,8.0,Completed,1,1
15,Aflibercept,OD,61,36.34,0,508.0,80.5,9,Type 2,Mild/moderate NPDR,5.0,1.0,73.0,0,8.6,0,1,0,11.0,5.388,Heidelberg Spectralis,0,0,0,0,0,0,0,White,0,174.5,0,0.0,1,52.0,-358.0,-288.0,1,0,10,7,17.0,17.0,Completed,1,1
16,Aflibercept,OS,47,30.91,0,691.0,93.4,15,Type 2,Mild/moderate NPDR,4.0,1.0,75.0,0,8.2,0,1,1,16.0,2.055,Heidelberg Spectralis,0,0,0,0,0,0,0,White,0,122.0,0,0.0,0,74.0,-273.0,-308.0,1,1,11,8,23.0,20.0,Completed,1,1
17,Bevacizumab,OD,59,,0,668.0,81.7,14,Type 2,PDR and/or prior scatter,6.0,0.0,68.0,1,7.6,0,1,1,15.0,4.207,Heidelberg Spectralis,0,0,0,0,0,0,1,American Indian/Alaskan Native,1,135.1,0,0.0,1,53.0,,,0,0,7,7,,,DropPreOutcome,0,0
18,Aflibercept,OD,59,23.28,0,460.0,88.5,7,Type 2,Severe NPDR,5.0,0.0,56.0,1,7.8,0,1,1,11.0,6.749,Zeiss Cirrus,0,1,1,1,0,1,0,White,0,146.8,0,0.0,1,59.0,-102.0,-146.0,0,0,13,9,34.0,39.0,Completed,1,1
19,Ranibizumab,OD,78,34.31,1,404.0,74.0,13,Type 2,Mild/moderate NPDR,4.0,1.0,83.0,0,10.3,0,0,1,17.0,1.93,Zeiss Cirrus,0,0,0,1,0,0,0,White,0,121.9,0,1.0,0,71.0,-238.0,-191.0,1,0,17,13,11.0,5.0,Completed,1,1
20,Ranibizumab,OS,69,,0,344.0,68.9,13,Type 2,Severe NPDR,4.0,1.0,68.0,1,7.9,0,1,1,22.0,2.344,Zeiss Cirrus,0,0,0,0,0,0,0,White,0,144.4,0,0.0,0,77.0,,-9.0,0,0,19,10,,6.0,DropPostOutcome,0,1
21,Ranibizumab,OD,60,31.19,0,409.0,80.4,25,Type 2,Mild/moderate NPDR,2.0,1.0,60.0,0,7.3,0,0,0,14.0,4.547,Heidelberg Spectralis,1,1,1,0,0,0,0,,0,134.5,0,1.0,0,76.0,,,0,0,2,2,,,DropPreOutcome,0,0
22,Ranibizumab,OS,62,35.25,1,415.0,84.8,19,Type 2,Severe NPDR,6.0,1.0,98.0,1,7.1,0,1,1,18.0,9.393,Heidelberg Spectralis,0,1,1,0,0,0,0,White,0,134.1,0,1.0,0,70.0,-39.0,-3.0,0,0,14,9,3.0,9.0,Completed,1,1
23,Aflibercept,OD,60,39.53,0,329.0,89.8,21,Type 2,Severe NPDR,5.0,1.0,68.0,0,7.1,1,1,1,23.0,3.22,Zeiss Stratus,0,0,0,0,0,0,0,White,0,140.0,0,0.0,1,46.0,92.0,60.0,1,1,9,6,35.0,31.0,Completed,1,1
24,Aflibercept,OD,58,39.17,0,372.0,81.7,25,Type 2,Severe NPDR,6.0,1.0,92.0,1,6.0,0,1,0,18.0,5.79,Heidelberg Spectralis,0,1,1,0,0,0,1,White,0,140.4,0,0.0,0,76.0,,-100.0,0,0,8,7,,-13.0,DropPostOutcome,0,1
25,Bevacizumab,OD,49,38.01,0,471.0,63.3,21,Type 2,Mild/moderate NPDR,3.0,1.0,95.0,0,6.8,0,1,1,13.0,5.272,Zeiss Cirrus,0,0,0,1,0,0,0,White,0,142.3,0,1.0,0,70.0,-208.0,-130.0,1,1,10,8,9.0,3.0,Completed,1,1
26,Aflibercept,OS,58,31.82,0,597.0,64.7,17,Type 1,Mild/moderate NPDR,4.0,1.0,96.0,0,10.7,1,1,1,16.0,3.403,Zeiss Stratus,0,1,1,1,1,0,0,White,0,127.0,0,1.0,1,55.0,-208.0,-221.0,1,1,11,8,21.0,25.0,Completed,1,1
27,Aflibercept,OD,53,29.28,0,534.0,99.1,9,Type 2,Mild/moderate NPDR,3.0,1.0,84.0,1,7.6,0,0,0,17.0,5.054,Zeiss Cirrus,0,1,1,0,0,0,1,White,1,127.9,0,0.0,0,77.0,,-229.0,1,0,11,9,,17.0,DropPostOutcome,0,1
28,Bevacizumab,OS,47,25.56,0,398.0,72.0,16,Type 2,PDR and/or prior scatter,6.0,1.0,70.0,0,9.1,1,0,1,20.0,3.715,Zeiss Cirrus,0,1,1,0,0,0,1,,0,136.6,0,1.0,1,44.0,-248.0,-177.0,1,0,14,9,19.0,21.0,Completed,1,1
29,Aflibercept,OS,65,29.07,0,570.0,96.4,8,Type 2,Mild/moderate NPDR,4.0,0.0,69.0,0,4.9,0,1,1,19.0,3.913,Heidelberg Spectralis,0,0,0,0,0,0,0,White,0,138.1,1,0.0,1,62.0,,,0,0,5,5,,,DropPreOutcome,0,0
30,Aflibercept,OD,64,33.85,0,490.0,71.5,14,Type 2,Mild/moderate NPDR,4.0,1.0,65.0,0,8.9,0,0,1,7.0,1.045,Heidelberg Spectralis,0,0,0,0,0,0,0,White,0,130.2,0,0.0,0,77.0,,,0,0,5,5,,,DropPreOutcome,0,0
31,Ranibizumab,OS,42,27.57,0,450.0,83.4,12,Type 2,Mild/moderate NPDR,2.0,0.0,27.0,1,7.7,0,0,1,13.0,4.646,Heidelberg Spectralis,0,0,0,1,0,1,0,White,0,145.5,0,1.0,0,78.0,-187.0,-233.0,0,0,9,7,0.0,10.0,Completed,1,1
32,Bevacizumab,OS,59,34.45,0,444.0,77.8,13,Type 2,Microaneurysms only,2.0,1.0,84.0,0,7.2,0,1,1,15.0,6.678,Heidelberg Spectralis,0,1,1,0,0,0,0,White,0,102.7,0,0.0,1,59.0,-125.0,-122.0,1,1,13,10,-6.0,-9.0,Completed,1,1
33,Ranibizumab,OD,70,26.17,1,409.0,70.8,6,Type 2,PDR and/or prior scatter,7.0,1.0,75.0,0,8.2,1,1,0,12.0,4.826,Zeiss Cirrus,0,1,0,0,0,0,0,White,0,124.4,0,0.0,0,69.0,-97.0,-118.0,0,0,13,8,16.0,21.0,Completed,1,1
34,Bevacizumab,OD,71,20.74,1,500.0,96.5,1,Type 1,Mild/moderate NPDR,5.0,1.0,87.0,0,7.2,0,1,1,6.0,7.099,Zeiss Cirrus,0,0,0,0,0,1,0,,0,133.4,0,0.0,1,59.0,-114.0,-124.0,0,0,15,12,-1.0,3.0,Completed,1,1
35,Bevacizumab,OD,70,40.09,0,443.0,78.5,11,Type 1,Severe NPDR,4.0,1.0,68.0,1,5.2,0,1,1,13.0,5.977,Zeiss Cirrus,1,1,1,0,0,0,0,White,0,121.9,0,0.0,1,45.0,-53.0,-84.0,1,0,13,10,24.0,17.0,Completed,1,1
36,Bevacizumab,OS,60,30.0,0,388.0,97.6,28,Type 2,Mild/moderate NPDR,4.0,0.0,83.0,0,9.5,1,1,1,15.0,4.569,Heidelberg Spectralis,1,1,1,0,0,0,0,Black/African American,0,171.6,0,0.0,1,63.0,2.0,47.0,1,1,11,7,-3.0,10.0,Completed,1,1
37,Aflibercept,OD,52,27.17,0,359.0,80.7,15,Type 2,PDR and/or prior scatter,7.0,1.0,42.0,0,8.3,0,0,1,14.0,,Zeiss Cirrus,0,0,0,0,0,0,1,White,0,139.4,0,0.0,0,70.0,-186.0,-184.0,0,0,11,7,9.0,7.0,Completed,1,1
38,Bevacizumab,OS,49,25.17,0,461.0,90.4,27,Type 2,Microaneurysms only,3.0,1.0,47.0,0,7.4,0,1,1,12.0,3.63,Zeiss Cirrus,0,0,0,0,0,0,0,White,0,142.5,0,0.0,0,76.0,-125.0,-109.0,0,0,13,10,-3.0,-5.0,Completed,1,1
39,Aflibercept,OS,63,37.0,0,474.0,95.1,8,Type 2,Severe NPDR,5.0,1.0,20.0,1,6.5,0,1,1,16.0,1.465,Zeiss Cirrus,0,1,1,0,0,0,0,White,0,129.3,0,0.0,0,74.0,-217.0,-233.0,0,0,11,6,-15.0,-10.0,Completed,1,1
40,Aflibercept,OS,64,44.42,1,424.0,81.7,11,Type 2,PDR and/or prior scatter,6.0,1.0,67.0,1,5.9,0,1,0,16.0,4.112,Heidelberg Spectralis,1,1,1,0,0,0,0,Black/African American,0,138.7,0,1.0,1,67.0,-50.0,-50.0,1,1,13,10,4.0,6.0,Completed,1,1
41,Aflibercept,OD,73,30.56,0,356.0,92.0,49,Type 2,Mild/moderate NPDR,3.0,1.0,55.0,0,8.3,0,1,1,14.0,5.021,Heidelberg Spectralis,0,0,0,0,0,0,0,More than one race,0,114.7,0,0.0,1,61.0,-166.0,-131.0,0,0,14,11,32.0,24.0,Completed,1,1
42,Ranibizumab,OS,71,32.02,0,576.0,76.2,8,Type 2,Mild/moderate NPDR,5.0,1.0,52.0,0,10.9,0,1,1,20.0,8.474,Zeiss Cirrus,0,0,0,0,0,0,0,White,0,135.6,0,1.0,0,69.0,-264.0,-240.0,0,0,13,8,9.0,-3.0,Completed,1,1
43,Ranibizumab,OD,59,,0,548.0,84.5,21,Type 2,Severe NPDR,7.0,1.0,77.0,0,8.3,0,1,1,16.0,5.862,Zeiss Cirrus,0,0,0,0,1,0,0,,0,120.3,0,0.0,1,61.0,-68.0,-124.0,1,1,9,8,14.0,7.0,Completed,1,1
44,Ranibizumab,OD,48,19.58,0,299.0,86.0,20,Type 2,Severe NPDR,6.0,1.0,61.0,1,6.0,0,1,1,13.0,2.797,Heidelberg Spectralis,0,0,0,0,0,0,1,White,1,133.5,0,0.0,0,77.0,-13.0,65.0,1,1,13,9,19.0,7.0,Completed,1,1
45,Ranibizumab,OD,57,49.04,0,614.0,57.1,19,Type 2,Mild/moderate NPDR,5.0,0.0,41.0,1,8.3,0,1,0,12.0,1.533,Heidelberg Spectralis,0,0,0,0,1,0,0,Black/African American,0,87.8,0,0.0,1,68.0,-121.0,-139.0,1,1,16,13,0.0,4.0,Completed,1,1
46,Aflibercept,OD,62,,0,408.0,78.1,21,Type 2,Mild/moderate NPDR,,1.0,98.0,0,7.8,0,1,0,15.0,4.246,Zeiss Cirrus,0,0,0,0,0,0,0,White,0,116.4,0,1.0,1,61.0,-202.0,-242.0,1,0,14,9,3.0,12.0,Completed,1,1
47,Aflibercept,OD,58,18.0,0,448.0,92.2,8,Type 2,Mild/moderate NPDR,3.0,0.0,69.0,1,9.4,0,1,0,19.0,,Zeiss Cirrus,0,0,0,0,0,0,0,White,0,168.3,0,0.0,1,54.0,-107.0,-120.0,1,1,14,11,20.0,20.0,Completed,1,1
48,Bevacizumab,OD,54,32.94,0,586.0,80.1,11,Type 2,Mild/moderate NPDR,4.0,1.0,48.0,1,8.9,0,1,1,13.0,4.215,Heidelberg Spectralis,0,0,0,0,0,0,1,White,0,155.6,0,1.0,1,68.0,-95.0,-164.0,0,0,10,6,17.0,12.0,Completed,1,1
49,Aflibercept,OD,63,28.09,0,660.0,94.7,1,Type 2,PDR and/or prior scatter,9.0,1.0,57.0,0,4.9,0,1,1,17.0,5.892,Heidelberg Spectralis,0,1,1,0,0,0,1,White,1,165.4,0,0.0,0,69.0,,-302.0,0,0,9,5,,2.0,DropPostOutcome,0,1
50,Aflibercept,OD,55,31.63,1,543.0,93.1,34,Type 2,Mild/moderate NPDR,4.0,0.0,67.0,0,8.8,1,1,0,16.0,4.302,Zeiss Cirrus,0,0,0,0,0,1,0,Black/African American,0,166.8,0,0.0,0,72.0,-209.0,-214.0,1,1,13,10,5.0,10.0,Completed,1,1
51,Ranibizumab,OS,54,30.44,0,479.0,86.6,21,Type 2,PDR and/or prior scatter,8.0,1.0,66.0,0,6.5,0,1,1,22.0,6.277,Heidelberg Spectralis,0,0,0,0,0,1,0,White,0,152.5,0,0.0,1,55.0,-89.0,-60.0,1,0,7,6,14.0,19.0,Completed,1,1
52,Aflibercept,OD,63,40.03,0,338.0,79.6,9,Type 2,Mild/moderate NPDR,4.0,1.0,96.0,1,6.0,0,1,0,17.0,1.186,Heidelberg Spectralis,0,1,1,0,0,0,1,White,0,129.9,0,0.0,0,71.0,-1.0,-7.0,1,1,7,6,-3.0,-5.0,Completed,1,1
53,Bevacizumab,OS,56,32.82,0,272.0,75.8,8,Type 2,Severe NPDR,5.0,0.0,68.0,1,7.6,0,1,1,13.0,8.229,Zeiss Cirrus,0,0,0,0,0,0,0,White,0,118.3,0,0.0,1,47.0,110.0,93.0,0,0,12,10,15.0,13.0,Completed,1,1
54,Ranibizumab,OS,62,,1,527.0,86.7,28,Type 2,PDR and/or prior scatter,7.0,0.0,98.0,0,8.6,0,0,1,18.0,2.253,Zeiss Cirrus,0,0,0,0,0,0,0,White,1,161.9,0,1.0,0,73.0,-178.0,-168.0,1,0,17,10,-2.0,2.0,Completed,1,1
55,Aflibercept,OS,63,,0,614.0,84.8,9,Type 2,PDR and/or prior scatter,6.0,1.0,61.0,1,5.7,0,0,0,18.0,6.446,Heidelberg Spectralis,0,1,1,0,1,1,1,White,0,140.3,0,0.0,1,65.0,-148.0,-108.0,1,1,8,6,21.0,20.0,Completed,1,1
56,Aflibercept,OS,49,37.72,0,381.0,89.7,9,Type 2,PDR and/or prior scatter,4.0,1.0,79.0,1,9.1,0,1,1,14.0,4.101,Heidelberg Spectralis,0,0,0,0,0,0,0,White,0,180.0,0,0.0,1,58.0,-195.0,-137.0,1,0,15,9,17.0,24.0,Completed,1,1
57,Ranibizumab,OS,55,24.47,1,403.0,106.1,7,Type 2,Mild/moderate NPDR,5.0,0.0,90.0,1,9.2,0,1,0,12.0,4.445,Zeiss Cirrus,1,1,1,0,1,0,1,White,1,131.7,0,1.0,0,73.0,-215.0,-212.0,1,1,12,6,3.0,5.0,Completed,1,1
58,Aflibercept,OS,74,20.86,0,402.0,81.9,23,Type 2,Mild/moderate NPDR,3.0,0.0,94.0,0,8.0,0,1,1,17.0,4.17,Heidelberg Spectralis,0,0,0,0,1,0,0,White,0,178.5,0,0.0,1,66.0,-211.0,-142.0,0,0,14,8,17.0,24.0,Completed,1,1
59,Bevacizumab,OS,48,49.24,0,375.0,76.6,27,Type 2,Severe NPDR,3.0,1.0,96.0,0,6.7,0,0,1,16.0,5.262,Zeiss Cirrus,0,0,0,0,0,0,0,White,1,135.9,0,0.0,1,67.0,-65.0,-36.0,1,1,18,13,13.0,14.0,Completed,1,1
60,Aflibercept,OS,39,28.69,0,577.0,86.6,13,Type 2,PDR and/or prior scatter,7.0,1.0,65.0,0,6.5,1,1,1,11.0,5.707,Heidelberg Spectralis,0,0,0,0,0,0,0,White,0,165.7,0,1.0,0,75.0,-258.0,,1,1,11,8,11.0,,Completed,1,0
61,Ranibizumab,OD,41,32.63,0,451.0,110.0,27,Type 2,PDR and/or prior scatter,7.0,0.0,70.0,0,9.7,0,1,1,16.0,7.028,Zeiss Cirrus,0,0,0,0,0,0,0,White,0,172.9,0,0.0,1,59.0,-144.0,-167.0,0,0,16,10,21.0,17.0,Completed,1,1
62,Ranibizumab,OD,60,30.6,0,407.0,64.2,18,Type 2,Severe NPDR,6.0,1.0,20.0,1,5.9,0,1,1,13.0,7.797,Zeiss Cirrus,0,0,0,1,0,0,0,White,0,118.5,0,0.0,0,77.0,-31.0,-67.0,0,0,11,8,15.0,15.0,Completed,1,1
63,Aflibercept,OS,60,37.98,0,811.0,84.1,7,Type 2,Mild/moderate NPDR,5.0,0.0,66.0,1,9.8,0,1,1,11.0,5.43,Zeiss Cirrus,0,0,0,1,0,0,0,White,1,129.3,1,0.0,0,74.0,-511.0,,0,0,12,7,14.0,15.0,Completed,1,1
64,Aflibercept,OD,59,47.53,0,264.0,79.0,32,Type 2,Mild/moderate NPDR,,1.0,92.0,0,7.7,0,1,1,14.0,8.47,Zeiss Stratus,0,0,0,0,0,0,0,White,1,118.3,0,0.0,0,73.0,110.0,47.0,0,0,15,13,-0.0,-11.0,Completed,1,1
65,Bevacizumab,OS,72,38.22,0,513.0,78.6,7,Type 2,PDR and/or prior scatter,6.0,0.0,88.0,1,7.8,0,1,0,20.0,4.905,Heidelberg Spectralis,0,1,1,0,0,0,0,White,0,114.4,0,0.0,1,56.0,-85.0,-129.0,1,1,12,10,8.0,5.0,Completed,1,1
66,Aflibercept,OD,33,21.86,1,362.0,99.0,13,Type 2,Severe NPDR,5.0,1.0,68.0,1,5.6,0,1,1,19.0,7.07,Heidelberg Spectralis,0,0,0,0,0,1,0,White,0,152.3,0,0.0,1,42.0,-106.0,-115.0,1,1,13,10,18.0,20.0,Completed,1,1
67,Bevacizumab,OD,64,22.9,0,413.0,93.4,13,Type 1,Severe NPDR,6.0,1.0,98.0,1,7.7,1,0,1,18.0,5.643,Zeiss Cirrus,0,0,0,0,0,0,1,White,0,135.1,0,1.0,0,69.0,69.0,84.0,1,1,13,8,3.0,6.0,Completed,1,1
68,Bevacizumab,OS,76,30.59,0,469.0,79.1,11,Type 2,Severe NPDR,3.0,1.0,62.0,1,9.0,0,1,1,16.0,3.492,Heidelberg Spectralis,0,0,0,0,0,0,0,White,0,140.0,0,1.0,1,56.0,-53.0,-29.0,0,0,13,10,8.0,15.0,Completed,1,1
69,Aflibercept,OS,49,,0,,88.4,3,Uncertain,PDR and/or prior scatter,7.0,1.0,56.0,0,6.1,0,1,0,17.0,5.099,Zeiss Cirrus,0,0,0,0,0,0,0,Black/African American,0,150.1,0,1.0,1,64.0,,,0,0,14,10,10.0,10.0,Completed,1,1
70,Aflibercept,OS,56,20.27,0,429.0,53.9,43,Type 1,PDR and/or prior scatter,8.0,1.0,61.0,0,8.8,1,1,1,16.0,5.807,Heidelberg Spectralis,0,1,1,0,0,0,0,White,0,101.9,0,1.0,1,68.0,-165.0,-149.0,0,0,12,7,32.0,32.0,Completed,1,1
71,Aflibercept,OD,52,40.09,0,394.0,92.0,3,Type 1,Mild/moderate NPDR,5.0,1.0,48.0,1,8.1,0,0,1,12.0,4.629,Zeiss Cirrus,0,1,1,0,1,0,1,White,0,164.7,1,1.0,0,71.0,86.0,74.0,0,0,10,6,-5.0,6.0,Completed,1,1
72,Ranibizumab,OS,51,25.23,0,427.0,73.4,34,Type 2,PDR and/or prior scatter,8.0,0.0,82.0,0,7.0,0,1,1,13.0,5.608,Heidelberg Spectralis,0,1,1,0,0,0,1,Black/African American,0,132.0,0,0.0,0,76.0,39.0,24.0,1,1,12,8,-2.0,6.0,Completed,1,1
73,Ranibizumab,OS,57,45.35,0,335.0,84.6,8,Type 2,Mild/moderate NPDR,5.0,1.0,76.0,0,9.4,1,0,1,13.0,6.604,Zeiss Cirrus,0,0,0,1,0,0,1,White,0,149.6,1,0.0,1,66.0,-7.0,12.0,0,0,13,9,1.0,4.0,Completed,1,1
74,Aflibercept,OS,74,47.9,0,497.0,70.9,10,Type 2,Mild/moderate NPDR,1.0,0.0,82.0,0,5.1,0,1,1,20.0,4.649,Zeiss Cirrus,0,1,1,0,0,0,1,White,0,151.4,0,1.0,0,73.0,-283.0,-317.0,0,0,14,10,-7.0,-1.0,Completed,1,1
75,Aflibercept,OS,78,31.76,0,,95.4,32,Type 2,PDR and/or prior scatter,9.0,1.0,62.0,0,8.5,0,0,1,19.0,0.88,Heidelberg Spectralis,0,0,0,0,0,0,0,White,0,166.4,0,0.0,0,75.0,,,1,1,12,10,7.0,6.0,Completed,1,1
76,Aflibercept,OS,57,37.12,0,475.0,66.3,19,Type 2,Mild/moderate NPDR,4.0,0.0,69.0,1,11.0,0,1,0,12.0,8.392,Zeiss Cirrus,0,1,1,0,0,0,0,White,0,136.9,0,1.0,1,68.0,-226.0,-217.0,0,0,11,8,17.0,16.0,Completed,1,1
77,Aflibercept,OS,79,24.09,0,422.0,71.3,5,Type 2,Mild/moderate NPDR,5.0,1.0,26.0,0,10.6,1,1,1,16.0,4.045,Zeiss Cirrus,0,0,0,0,1,0,0,White,0,96.5,0,0.0,1,68.0,-93.0,-44.0,1,1,9,6,14.0,14.0,Completed,1,1
78,Aflibercept,OD,60,38.56,0,435.0,71.8,5,Type 2,Severe NPDR,4.0,1.0,78.0,1,8.6,0,1,1,14.0,2.889,Heidelberg Spectralis,1,1,1,0,0,0,1,White,0,140.1,0,0.0,1,30.0,-217.0,-196.0,0,0,13,11,46.0,42.0,Completed,1,1
79,Ranibizumab,OS,78,29.81,0,566.0,76.3,18,Type 2,Microaneurysms only,1.0,1.0,72.0,1,7.5,0,0,1,15.0,2.227,Zeiss Cirrus,0,0,0,0,0,0,0,White,0,143.0,0,0.0,1,62.0,-99.0,-175.0,1,1,14,8,10.0,13.0,Completed,1,1
80,Aflibercept,OS,59,,0,571.0,87.6,7,Type 2,Mild/moderate NPDR,6.0,1.0,48.0,1,7.0,0,0,1,14.0,3.96,Heidelberg Spectralis,0,0,0,0,1,0,0,White,0,118.3,0,1.0,0,71.0,-329.0,-283.0,0,0,11,9,9.0,9.0,Completed,1,1
81,Bevacizumab,OS,61,,0,624.0,89.6,20,Type 2,Severe NPDR,4.0,0.0,68.0,1,7.5,0,1,1,20.0,3.462,Heidelberg Spectralis,0,0,0,0,0,0,1,White,0,141.9,0,0.0,1,58.0,-226.0,-234.0,0,0,13,8,14.0,20.0,Completed,1,1
82,Ranibizumab,OS,64,30.07,0,493.0,91.8,21,Type 2,Severe NPDR,5.0,0.0,65.0,1,8.8,0,1,1,15.0,3.079,Heidelberg Spectralis,0,0,0,0,0,1,0,White,0,131.8,1,0.0,0,71.0,-144.0,-116.0,0,0,15,11,9.0,7.0,Completed,1,1
83,Aflibercept,OS,87,31.16,0,590.0,89.6,8,Type 2,Mild/moderate NPDR,5.0,0.0,98.0,1,6.7,0,1,1,16.0,3.199,Zeiss Cirrus,0,0,0,0,0,0,0,White,0,112.1,0,1.0,1,66.0,-440.0,-343.0,0,0,11,9,24.0,23.0,Completed,1,1
84,Ranibizumab,OD,69,41.11,0,414.0,79.9,10,Type 2,Severe NPDR,6.0,0.0,49.0,0,9.2,0,1,0,16.0,5.865,Heidelberg Spectralis,1,1,1,0,1,0,1,White,0,152.4,0,0.0,0,78.0,72.0,60.0,0,0,12,10,-14.0,-7.0,Completed,1,1
85,Ranibizumab,OS,53,27.57,1,434.0,93.8,18,Type 2,Severe NPDR,6.0,0.0,77.0,1,12.1,1,1,1,12.0,9.167,Heidelberg Spectralis,0,0,0,0,0,0,1,Black/African American,1,127.7,1,0.0,1,63.0,-224.0,-192.0,1,1,14,10,0.0,1.0,Completed,1,1
86,Ranibizumab,OD,70,47.23,1,569.0,66.6,8,Type 2,PDR and/or prior scatter,7.0,0.0,48.0,1,7.8,1,1,0,16.0,6.505,Zeiss Cirrus,0,1,1,0,0,0,0,,0,130.9,0,1.0,1,47.0,-284.0,-287.0,0,0,19,13,20.0,20.0,Completed,1,1
87,Aflibercept,OD,56,23.36,0,548.0,87.3,15,Type 2,Severe NPDR,4.0,0.0,59.0,1,6.1,0,1,1,19.0,7.17,Heidelberg Spectralis,0,0,0,0,0,0,0,White,0,129.7,0,0.0,1,61.0,-148.0,-178.0,0,0,13,12,19.0,17.0,Completed,1,1
88,Aflibercept,OS,55,46.3,0,356.0,86.1,51,Type 2,,4.0,1.0,76.0,1,6.1,0,1,1,20.0,,Zeiss Stratus,0,0,0,0,0,0,0,White,1,163.7,1,0.0,1,67.0,-2.0,-1.0,0,0,10,7,9.0,7.0,Completed,1,1
89,Ranibizumab,OS,69,25.77,0,337.0,74.0,19,Type 2,PDR and/or prior scatter,8.0,1.0,66.0,1,9.3,0,0,0,12.0,4.93,Zeiss Cirrus,0,1,1,1,0,0,1,White,0,138.2,0,0.0,0,78.0,-73.0,-76.0,0,0,18,13,1.0,5.0,Completed,1,1
90,Aflibercept,OD,60,33.69,0,409.0,89.4,11,Type 2,Mild/moderate NPDR,2.0,1.0,70.0,1,7.8,0,1,0,11.0,5.638,Zeiss Cirrus,0,0,0,0,1,0,1,White,0,140.6,0,0.0,1,47.0,-248.0,-203.0,0,0,15,11,28.0,23.0,Completed,1,1
91,Aflibercept,OD,63,29.88,0,391.0,89.3,46,Type 2,PDR and/or prior scatter,8.0,0.0,77.0,1,9.4,0,1,1,16.0,,Heidelberg Spectralis,1,1,1,1,0,0,0,White,1,130.2,0,0.0,1,68.0,-162.0,-180.0,0,0,14,9,11.0,8.0,Completed,1,1
92,Aflibercept,OD,60,31.02,0,646.0,94.7,24,Type 2,Severe NPDR,3.0,1.0,60.0,0,7.1,1,1,0,19.0,3.763,Zeiss Cirrus,0,0,0,0,0,0,0,White,0,148.3,0,1.0,1,65.0,,,1,1,7,7,,,DropPreOutcome,0,0
93,Bevacizumab,OD,63,39.95,0,538.0,93.5,7,Type 2,Mild/moderate NPDR,5.0,1.0,88.0,0,9.4,1,1,1,17.0,6.58,Heidelberg Spectralis,0,0,0,0,0,0,0,White,0,166.0,0,1.0,1,68.0,,-129.0,1,1,13,8,,11.0,DropPostOutcome,0,1
94,Aflibercept,OD,64,45.4,0,359.0,88.4,8,Type 2,Severe NPDR,4.0,0.0,64.0,0,7.7,0,1,1,18.0,7.099,Zeiss Cirrus,0,0,0,0,0,0,0,White,0,152.0,0,0.0,0,76.0,-76.0,-99.0,1,1,13,7,-8.0,-4.0,Completed,1,1
95,Ranibizumab,OD,41,42.99,0,337.0,92.4,4,Type 2,Severe NPDR,6.0,1.0,68.0,0,6.8,0,1,0,11.0,4.848,Zeiss Cirrus,0,0,0,0,1,0,0,White,0,152.7,0,0.0,1,46.0,11.0,-24.0,0,0,11,10,2.0,11.0,Completed,1,1
96,Ranibizumab,OS,67,30.54,0,383.0,89.7,18,Type 2,Mild/moderate NPDR,5.0,1.0,77.0,0,7.3,0,1,0,14.0,2.071,Heidelberg Spectralis,0,1,1,1,0,0,0,White,0,151.1,0,0.0,0,70.0,-10.0,-59.0,1,1,13,8,14.0,12.0,Completed,1,1
97,Aflibercept,OS,50,35.14,0,332.0,79.7,3,Type 2,Mild/moderate NPDR,4.0,0.0,75.0,0,6.2,0,1,1,8.0,4.05,Zeiss Stratus,0,0,0,1,0,0,0,White,0,111.4,0,1.0,0,70.0,59.0,-18.0,1,1,15,11,13.0,6.0,Completed,1,1
98,Aflibercept,OS,46,27.6,0,412.0,79.6,46,Type 2,Severe NPDR,5.0,1.0,83.0,0,11.8,0,1,1,15.0,1.529,Zeiss Cirrus,0,0,0,0,1,0,0,White,0,121.5,0,0.0,0,75.0,-137.0,-158.0,1,0,13,8,11.0,2.0,Completed,1,1
99,Ranibizumab,OD,59,25.97,1,583.0,89.8,12,Type 2,Mild/moderate NPDR,4.0,1.0,76.0,0,7.8,0,1,1,8.0,4.865,Heidelberg Spectralis,1,1,1,0,0,0,0,White,0,134.9,0,1.0,1,58.0,-262.0,-273.0,1,1,15,13,2.0,8.0,Completed,1,1
100,Aflibercept,OD,61,24.76,0,343.0,63.1,25,Type 2,PDR and/or prior scatter,8.0,1.0,79.0,0,9.0,0,1,1,20.0,5.262,Zeiss Cirrus,0,0,0,0,0,0,1,White,0,124.5,0,0.0,1,56.0,-38.0,-72.0,0,0,15,11,13.0,8.0,Completed,1,1
101,Bevacizumab,OD,53,30.29,0,741.0,75.2,11,Type 2,Mild/moderate NPDR,6.0,1.0,63.0,0,7.1,0,1,0,20.0,4.104,Zeiss Cirrus,0,1,1,0,0,0,0,White,0,117.7,0,0.0,0,72.0,-337.0,-292.0,1,0,16,13,10.0,9.0,Completed,1,1
102,Aflibercept,OS,68,,0,370.0,58.3,18,Type 2,PDR and/or prior scatter,6.0,1.0,49.0,1,6.4,0,1,1,16.0,5.232,Heidelberg Spectralis,0,0,0,0,1,0,0,White,0,101.6,0,1.0,0,77.0,-160.0,-83.0,1,1,6,4,9.0,23.0,Completed,1,1
103,Bevacizumab,OD,47,18.79,0,311.0,77.4,13,Type 2,PDR and/or prior scatter,4.0,1.0,41.0,1,7.6,0,1,1,11.0,5.617,Zeiss Cirrus,0,0,0,0,0,0,0,White,0,112.1,0,1.0,1,62.0,-75.0,-46.0,1,1,14,11,10.0,12.0,Completed,1,1
104,Bevacizumab,OD,56,,0,665.0,97.1,15,Uncertain,Mild/moderate NPDR,4.0,1.0,37.0,1,9.9,1,1,1,17.0,5.265,Heidelberg Spectralis,0,1,0,0,0,0,0,Black/African American,0,133.9,0,1.0,0,75.0,-151.0,-192.0,1,1,12,10,-6.0,-4.0,Completed,1,1
105,Aflibercept,OD,54,45.52,0,586.0,78.2,30,Type 2,Severe NPDR,,0.0,98.0,0,7.1,1,1,1,21.0,2.057,Zeiss Cirrus,0,1,1,0,0,0,1,White,0,137.6,0,0.0,1,58.0,-367.0,-331.0,1,1,14,11,35.0,27.0,Completed,1,1
106,Bevacizumab,OS,60,42.45,0,411.0,79.4,38,Type 2,Mild/moderate NPDR,4.0,1.0,26.0,0,6.7,0,0,1,17.0,4.143,Zeiss Cirrus,0,0,0,0,0,0,0,White,0,123.1,0,0.0,0,73.0,-86.0,-95.0,0,0,11,9,-6.0,-1.0,Completed,1,1
107,Aflibercept,OD,63,29.14,0,469.0,90.8,36,Type 2,Mild/moderate NPDR,3.0,1.0,94.0,1,8.2,0,1,0,19.0,5.602,Zeiss Cirrus,1,1,1,1,0,0,0,White,0,140.6,0,0.0,1,54.0,-76.0,-89.0,1,1,12,9,24.0,20.0,Completed,1,1
108,Aflibercept,OD,50,22.8,1,497.0,60.8,62,Type 2,Severe NPDR,6.0,1.0,54.0,0,8.8,0,1,1,14.0,8.173,Heidelberg Spectralis,0,1,1,0,0,0,0,More than one race,0,130.3,0,0.0,0,71.0,-267.0,,1,1,6,4,3.0,,Completed,1,0
109,Ranibizumab,OS,67,37.29,0,468.0,84.9,9,Type 2,Mild/moderate NPDR,3.0,1.0,94.0,0,11.0,1,1,0,13.0,4.102,Heidelberg Spectralis,0,0,0,0,1,0,0,White,0,160.8,0,0.0,0,78.0,-130.0,-69.0,0,0,12,9,14.0,22.0,Completed,1,1
110,Ranibizumab,OS,61,18.0,0,319.0,85.6,19,Type 2,PDR and/or prior scatter,7.0,1.0,26.0,0,8.5,0,1,1,15.0,5.912,Zeiss Cirrus,0,0,0,0,0,0,1,White,1,135.8,0,0.0,1,66.0,-136.0,-140.0,0,0,13,10,-3.0,-0.0,Completed,1,1
111,Ranibizumab,OD,41,42.36,0,248.0,59.9,9,Type 2,Severe NPDR,6.0,1.0,65.0,1,9.0,0,1,1,9.0,6.632,Zeiss Cirrus,0,0,0,0,0,0,0,Native Hawaiian/Other Pacific Islander,0,152.9,0,0.0,1,61.0,-98.0,-98.0,0,0,10,8,22.0,13.0,Completed,1,1
112,Ranibizumab,OD,40,,0,308.0,75.1,29,Type 2,Mild/moderate NPDR,4.0,1.0,98.0,1,,0,1,1,23.0,4.267,Zeiss Stratus,0,0,0,0,0,0,0,White,0,143.1,0,0.0,0,74.0,-81.0,-139.0,0,0,10,7,-3.0,-2.0,Completed,1,1
113,Bevacizumab,OS,60,,0,660.0,84.9,7,Type 2,Mild/moderate NPDR,4.0,0.0,84.0,0,6.3,1,1,1,16.0,7.226,Zeiss Cirrus,0,0,0,0,1,0,0,More than one race,0,111.0,0,0.0,1,68.0,-190.0,-225.0,1,0,11,9,23.0,17.0,Completed,1,1
114,Bevacizumab,OS,58,20.23,0,692.0,92.1,30,Type 1,PDR and/or prior scatter,8.0,1.0,63.0,0,6.5,0,1,1,18.0,7.345,Heidelberg Spectralis,0,1,1,0,0,0,1,White,1,137.2,0,1.0,0,73.0,-229.0,-204.0,1,1,13,9,17.0,12.0,Completed,1,1
115,Ranibizumab,OS,59,40.86,0,428.0,79.0,17,Type 2,Mild/moderate NPDR,4.0,0.0,31.0,0,6.4,0,1,0,14.0,7.737,Heidelberg Spectralis,1,1,1,0,0,0,0,White,0,114.3,0,1.0,0,71.0,36.0,-25.0,0,0,12,10,17.0,19.0,Completed,1,1
116,Aflibercept,OD,60,32.92,0,369.0,90.8,14,Type 2,Severe NPDR,5.0,1.0,44.0,0,6.1,0,1,0,10.0,5.709,Heidelberg Spectralis,0,0,0,0,0,0,1,White,0,136.8,0,1.0,0,73.0,-12.0,-16.0,0,0,10,8,5.0,12.0,Completed,1,1
117,Bevacizumab,OD,62,31.12,1,458.0,80.5,15,Type 2,Mild/moderate NPDR,4.0,0.0,98.0,0,9.3,0,1,1,20.0,9.8,Zeiss Cirrus,0,0,0,0,1,0,0,White,0,124.1,0,0.0,1,53.0,-113.0,-36.0,1,1,9,6,-1.0,6.0,Completed,1,1
118,Aflibercept,OS,69,23.02,1,475.0,90.7,6,Type 2,PDR and/or prior scatter,8.0,1.0,63.0,1,8.4,1,1,1,12.0,3.346,Zeiss Cirrus,0,0,0,0,0,0,0,Black/African American,0,146.6,0,0.0,1,66.0,-244.0,-231.0,0,0,10,8,34.0,34.0,Completed,1,1
119,Ranibizumab,OD,49,38.35,0,494.0,71.8,7,Type 2,Mild/moderate NPDR,5.0,0.0,69.0,1,8.1,0,1,0,17.0,9.373,Zeiss Cirrus,0,1,0,0,1,0,0,White,0,112.2,0,0.0,1,59.0,-164.0,-219.0,1,0,12,9,20.0,19.0,Completed,1,1
120,Aflibercept,OD,48,38.97,0,248.0,84.3,17,Type 2,Mild/moderate NPDR,2.0,0.0,76.0,1,4.9,0,1,1,17.0,6.39,Zeiss Cirrus,0,0,0,1,1,0,1,American Indian/Alaskan Native,0,139.3,0,1.0,0,71.0,-6.0,37.0,0,0,9,7,-10.0,-0.0,Completed,1,1
121,Bevacizumab,OS,49,47.62,0,917.0,80.6,17,Type 1,Severe NPDR,5.0,1.0,44.0,0,12.0,0,1,1,16.0,7.649,Zeiss Cirrus,0,0,0,0,0,0,1,White,0,150.4,1,0.0,0,75.0,-322.0,-309.0,1,1,8,8,19.0,14.0,Completed,1,1
122,Bevacizumab,OS,63,41.56,0,515.0,100.7,9,Type 2,Mild/moderate NPDR,3.0,1.0,78.0,0,,0,0,1,13.0,3.996,Zeiss Stratus,0,1,1,0,0,0,0,White,0,157.2,0,0.0,1,37.0,-271.0,-207.0,0,0,13,10,13.0,23.0,Completed,1,1
123,Aflibercept,OD,72,29.07,0,410.0,92.8,12,Type 2,Severe NPDR,6.0,0.0,62.0,1,11.9,0,1,1,15.0,6.558,Zeiss Cirrus,0,0,0,0,0,0,0,Asian,1,123.7,0,0.0,1,64.0,-96.0,-38.0,1,0,14,11,16.0,21.0,Completed,1,1
124,Bevacizumab,OS,56,25.87,1,363.0,96.3,20,Type 2,Mild/moderate NPDR,5.0,0.0,76.0,0,5.9,0,0,1,12.0,7.839,Zeiss Cirrus,0,1,1,0,1,0,0,White,0,139.4,0,0.0,0,70.0,-209.0,-166.0,1,1,9,5,11.0,10.0,Completed,1,1
125,Bevacizumab,OD,35,23.03,0,,80.4,8,Type 2,Mild/moderate NPDR,4.0,0.0,58.0,1,6.7,0,1,0,18.0,2.308,Zeiss Cirrus,0,0,0,1,0,0,0,Black/African American,1,142.7,0,1.0,1,39.0,,,1,1,12,8,41.0,26.0,Completed,1,1
126,Bevacizumab,OS,43,45.19,1,482.0,83.6,3,Type 2,Mild/moderate NPDR,3.0,1.0,39.0,1,5.1,0,1,1,17.0,4.341,Zeiss Cirrus,0,0,0,0,0,0,0,White,0,169.9,0,1.0,0,74.0,-155.0,-120.0,1,0,13,10,19.0,14.0,Completed,1,1
127,Ranibizumab,OS,52,27.63,0,463.0,86.0,34,Type 2,Severe NPDR,6.0,1.0,61.0,1,8.5,0,1,0,15.0,0.88,Heidelberg Spectralis,0,1,1,1,1,0,0,White,0,109.4,0,0.0,0,74.0,-94.0,-154.0,1,1,11,8,-4.0,-1.0,Completed,1,1
128,Bevacizumab,OD,54,45.25,0,477.0,82.6,18,Type 2,PDR and/or prior scatter,7.0,1.0,83.0,1,6.4,0,1,1,14.0,4.308,Zeiss Cirrus,0,0,0,0,0,0,1,White,0,120.8,0,1.0,1,63.0,-118.0,-107.0,1,1,13,9,28.0,28.0,Completed,1,1
129,Aflibercept,OS,56,,0,443.0,98.9,10,Type 2,Mild/moderate NPDR,5.0,0.0,78.0,0,6.4,0,1,1,22.0,2.905,Heidelberg Spectralis,1,1,1,0,0,0,1,White,0,180.0,0,0.0,0,71.0,-190.0,-211.0,1,1,15,10,29.0,25.0,Completed,1,1
130,Aflibercept,OD,60,36.27,0,496.0,75.4,9,Type 2,PDR and/or prior scatter,9.0,1.0,71.0,1,6.0,0,1,0,11.0,4.221,Heidelberg Spectralis,0,0,0,0,1,0,0,White,0,133.5,0,0.0,0,73.0,,,0,0,2,2,,,DropPreOutcome,0,0
131,Bevacizumab,OS,57,31.31,0,509.0,75.4,8,Type 2,PDR and/or prior scatter,8.0,1.0,88.0,0,9.3,0,0,1,10.0,9.8,Zeiss Cirrus,0,0,0,0,0,0,0,White,0,101.2,0,1.0,0,70.0,-180.0,-126.0,1,1,18,13,7.0,8.0,Completed,1,1
132,Bevacizumab,OD,70,38.85,0,490.0,69.2,29,Type 2,Mild/moderate NPDR,4.0,1.0,66.0,0,9.1,0,1,1,15.0,8.479,Heidelberg Spectralis,0,0,0,0,1,0,0,White,1,127.3,0,0.0,1,45.0,-95.0,-52.0,0,0,13,7,14.0,15.0,Completed,1,1
133,Bevacizumab,OD,53,33.58,0,459.0,71.9,5,Type 2,Mild/moderate NPDR,6.0,1.0,71.0,1,11.4,0,1,1,15.0,1.533,Zeiss Cirrus,0,1,1,0,0,0,0,White,0,83.6,0,1.0,1,59.0,36.0,15.0,0,0,16,13,2.0,7.0,Completed,1,1
134,Ranibizumab,OS,51,30.82,0,596.0,97.7,19,Type 2,Mild/moderate NPDR,4.0,0.0,60.0,1,6.9,0,1,0,19.0,5.923,Zeiss Cirrus,0,0,0,0,0,0,0,Black/African American,0,143.8,0,0.0,1,55.0,,,1,1,11,11,,,DropPreOutcome,0,0
135,Bevacizumab,OS,65,39.13,0,323.0,103.6,19,Type 2,Mild/moderate NPDR,4.0,1.0,89.0,0,,1,1,1,17.0,6.458,Heidelberg Spectralis,0,0,0,0,1,0,0,White,0,155.2,0,0.0,0,72.0,,-62.0,1,0,12,11,,-15.0,DropPostOutcome,0,1
136,Bevacizumab,OD,45,32.58,0,382.0,84.2,23,Type 2,Severe NPDR,4.0,0.0,76.0,1,6.1,0,1,1,15.0,3.957,Heidelberg Spectralis,0,0,0,0,0,0,0,White,0,120.8,1,0.0,0,76.0,-67.0,-124.0,1,1,13,9,7.0,18.0,Completed,1,1
137,Aflibercept,OS,64,27.47,0,431.0,67.0,11,Type 2,Mild/moderate NPDR,3.0,1.0,59.0,0,7.4,0,1,0,17.0,5.092,Zeiss Cirrus,0,0,0,0,0,0,0,American Indian/Alaskan Native,0,129.6,0,1.0,0,71.0,-92.0,-24.0,0,0,14,12,16.0,18.0,Completed,1,1
138,Aflibercept,OS,61,38.38,1,362.0,90.7,33,Type 2,Mild/moderate NPDR,4.0,1.0,40.0,1,7.1,0,1,0,17.0,5.307,Zeiss Cirrus,0,1,1,0,0,0,0,White,0,157.5,0,0.0,0,69.0,-10.0,,1,1,12,10,-15.0,-8.0,Completed,1,1
139,Bevacizumab,OD,59,,0,391.0,92.6,24,Type 2,Severe NPDR,5.0,1.0,92.0,0,8.7,0,1,0,22.0,1.737,Zeiss Cirrus,0,0,0,0,0,0,0,White,0,104.0,0,0.0,0,70.0,-6.0,12.0,1,1,12,9,15.0,14.0,Completed,1,1
140,Aflibercept,OS,76,37.51,0,606.0,66.6,11,Type 2,Mild/moderate NPDR,3.0,1.0,55.0,0,9.7,1,1,0,16.0,,Heidelberg Spectralis,0,0,0,0,0,0,0,White,0,112.6,0,0.0,0,75.0,-288.0,-257.0,1,1,15,10,2.0,9.0,Completed,1,1
141,Aflibercept,OS,54,30.16,0,439.0,81.1,9,Type 1,PDR and/or prior scatter,7.0,1.0,71.0,1,9.7,0,1,1,13.0,,Heidelberg Spectralis,0,0,0,0,0,0,1,White,0,134.4,1,0.0,1,48.0,,,0,0,6,6,,,DropPreOutcome,0,0
142,Bevacizumab,OD,81,24.27,0,284.0,91.9,13,Type 2,Severe NPDR,5.0,0.0,98.0,1,6.7,1,1,1,16.0,4.919,Zeiss Cirrus,1,1,1,0,1,0,0,White,0,124.0,0,0.0,1,66.0,84.0,114.0,0,0,16,11,17.0,10.0,Completed,1,1
143,Bevacizumab,OD,58,47.23,0,414.0,87.1,11,Type 2,Mild/moderate NPDR,5.0,1.0,86.0,0,9.7,0,1,1,7.0,3.141,Heidelberg Spectralis,0,0,0,0,1,0,0,White,0,133.1,0,0.0,1,58.0,-120.0,-109.0,1,1,12,8,-7.0,-6.0,Completed,1,1
144,Bevacizumab,OS,47,45.76,0,460.0,98.8,8,Type 2,Severe NPDR,5.0,1.0,98.0,1,7.9,0,0,0,15.0,2.952,Heidelberg Spectralis,0,0,0,0,0,0,0,White,0,113.7,0,0.0,0,77.0,-98.0,-95.0,1,1,18,13,5.0,5.0,Completed,1,1
145,Bevacizumab,OD,61,40.59,0,433.0,77.5,15,Type 2,Mild/moderate NPDR,4.0,0.0,59.0,1,7.4,0,1,0,19.0,4.502,Zeiss Cirrus,0,0,0,0,1,0,0,White,0,143.3,1,0.0,0,77.0,-128.0,-156.0,0,0,13,8,8.0,5.0,Completed,1,1
146,Bevacizumab,OS,49,30.68,0,513.0,72.8,12,Type 2,Microaneurysms only,2.0,1.0,91.0,1,6.9,0,1,0,17.0,6.65,Heidelberg Spectralis,0,0,0,0,1,0,0,White,0,136.0,0,0.0,0,74.0,-153.0,-142.0,1,1,16,13,13.0,7.0,Completed,1,1
147,Ranibizumab,OS,52,31.36,0,504.0,98.1,37,Type 2,Mild/moderate NPDR,3.0,1.0,71.0,1,7.1,0,0,1,16.0,4.532,Heidelberg Spectralis,0,0,0,0,0,0,1,White,0,150.0,0,0.0,1,60.0,-24.0,-59.0,1,1,14,10,-0.0,2.0,Completed,1,1
148,Aflibercept,OD,64,44.48,0,415.0,73.0,11,Type 2,PDR and/or prior scatter,7.0,1.0,77.0,0,11.2,0,1,1,17.0,8.27,Zeiss Cirrus,0,1,1,0,0,0,0,White,0,143.0,0,1.0,0,71.0,-90.0,-56.0,1,0,7,5,9.0,11.0,Completed,1,1
149,Bevacizumab,OD,66,30.94,0,351.0,82.5,9,Type 2,Microaneurysms only,4.0,1.0,98.0,0,8.4,0,0,1,19.0,3.169,Heidelberg Spectralis,0,0,0,0,0,0,0,White,1,143.1,0,0.0,0,72.0,-72.0,,1,1,17,13,12.0,14.0,Completed,1,1
150,Ranibizumab,OS,54,28.77,0,412.0,73.5,15,Type 2,Severe NPDR,5.0,1.0,64.0,1,8.2,0,1,1,20.0,,Heidelberg Spectralis,0,0,0,0,0,0,0,Black/African American,0,110.1,0,1.0,1,68.0,-262.0,-262.0,0,0,13,10,21.0,14.0,Completed,1,1
151,Aflibercept,OD,70,48.3,0,326.0,96.0,17,Type 2,Severe NPDR,4.0,1.0,70.0,0,7.5,0,1,1,17.0,3.921,Zeiss Stratus,1,1,0,0,1,0,0,White,0,148.9,0,1.0,1,67.0,-109.0,,0,0,10,7,12.0,12.0,Completed,1,1
152,Bevacizumab,OD,72,33.33,0,401.0,86.9,18,Uncertain,Severe NPDR,,1.0,52.0,1,12.9,1,1,0,14.0,5.994,Zeiss Cirrus,1,1,1,0,0,0,0,White,1,132.4,0,0.0,1,59.0,-26.0,-50.0,1,0,12,9,33.0,34.0,Completed,1,1
153,Aflibercept,OS,74,47.49,0,529.0,86.4,18,Type 2,Mild/moderate NPDR,6.0,1.0,88.0,1,10.3,0,1,1,8.0,2.981,Heidelberg Spectralis,1,1,1,0,0,0,0,White,1,135.7,0,1.0,1,56.0,-176.0,-224.0,0,0,12,8,15.0,12.0,Completed,1,1
154,Aflibercept,OS,65,22.79,1,496.0,85.8,15,Type 2,PDR and/or prior scatter,8.0,0.0,59.0,0,6.9,0,1,1,19.0,8.94,Heidelberg Spectralis,0,0,0,0,0,0,0,White,0,160.0,0,1.0,1,66.0,,-185.0,1,1,14,10,,24.0,DropPostOutcome,0,1
155,Bevacizumab,OS,74,37.74,0,475.0,90.2,14,Type 1,Mild/moderate NPDR,4.0,0.0,90.0,0,7.5,0,1,1,17.0,0.981,Zeiss Stratus,0,0,0,0,1,0,0,White,0,124.6,0,0.0,0,69.0,-71.0,-91.0,1,1,14,11,11.0,10.0,Completed,1,1
156,Ranibizumab,OS,41,49.85,0,392.0,110.0,21,Type 2,PDR and/or prior scatter,6.0,1.0,37.0,1,7.6,0,1,1,16.0,8.474,Zeiss Cirrus,0,1,1,0,1,0,0,White,1,166.0,0,0.0,1,66.0,-84.0,-129.0,1,1,11,9,28.0,29.0,Completed,1,1
157,Bevacizumab,OS,57,33.93,0,638.0,98.6,7,Type 2,Severe NPDR,,1.0,81.0,1,8.2,0,1,0,13.0,4.898,Heidelberg Spectralis,0,0,0,1,0,0,1,Native Hawaiian/Other Pacific Islander,0,167.9,1,1.0,1,66.0,-260.0,-219.0,1,1,8,4,26.0,14.0,Completed,1,1
158,Aflibercept,OD,51,31.64,0,527.0,88.7,9,Type 2,Mild/moderate NPDR,4.0,0.0,57.0,0,6.9,0,1,1,18.0,5.915,Heidelberg Spectralis,0,0,0,0,0,0,0,White,0,154.1,0,0.0,0,73.0,-236.0,-218.0,1,1,11,10,22.0,14.0,Completed,1,1
159,Ranibizumab,OS,61,24.59,0,440.0,64.7,4,Type 2,Mild/moderate NPDR,,1.0,85.0,0,8.7,0,1,1,15.0,7.636,Zeiss Cirrus,0,0,0,0,1,0,0,Black/African American,0,119.4,0,1.0,1,56.0,-72.0,-173.0,1,1,14,9,26.0,19.0,Completed,1,1
160,Aflibercept,OS,54,42.14,0,494.0,63.5,7,Type 2,Mild/moderate NPDR,5.0,0.0,70.0,1,10.6,0,1,1,15.0,6.587,Zeiss Cirrus,0,0,0,0,0,0,0,White,0,95.3,0,0.0,0,69.0,-32.0,-56.0,0,0,16,13,-4.0,-1.0,Completed,1,1
161,Ranibizumab,OS,58,27.69,0,392.0,87.7,27,Type 1,Mild/moderate NPDR,4.0,1.0,59.0,1,6.1,0,0,1,15.0,3.094,Heidelberg Spectralis,0,0,0,0,1,0,0,White,0,160.6,0,0.0,1,68.0,-115.0,-125.0,0,0,16,10,-1.0,2.0,Completed,1,1
162,Aflibercept,OS,79,32.96,0,292.0,78.7,21,Type 2,Severe NPDR,5.0,1.0,62.0,0,6.3,1,1,1,17.0,6.02,Heidelberg Spectralis,0,0,0,0,0,0,1,White,0,141.2,0,1.0,1,64.0,-116.0,-142.0,0,0,10,7,1.0,12.0,Completed,1,1
163,Aflibercept,OD,58,,0,398.0,78.3,40,Type 2,Mild/moderate NPDR,3.0,1.0,53.0,1,7.2,0,1,0,12.0,8.808,Heidelberg Spectralis,0,0,0,0,0,0,0,White,0,124.1,0,0.0,1,68.0,-58.0,,1,1,10,7,29.0,23.0,Completed,1,1
164,Ranibizumab,OS,64,45.84,0,511.0,107.3,35,Type 2,PDR and/or prior scatter,9.0,0.0,87.0,1,7.3,0,1,0,17.0,2.748,Zeiss Cirrus,0,0,0,0,0,0,1,White,1,162.5,0,0.0,1,48.0,,-231.0,0,0,15,9,,20.0,DropPostOutcome,0,1
165,Bevacizumab,OD,58,42.71,0,462.0,89.6,21,Type 2,Mild/moderate NPDR,,1.0,49.0,1,11.8,0,1,1,13.0,,Heidelberg Spectralis,0,0,0,0,0,0,1,Black/African American,0,121.8,0,0.0,1,62.0,,-36.0,1,1,14,12,,8.0,DropPostOutcome,0,1
166,Aflibercept,OS,61,33.45,0,415.0,79.0,16,Type 2,Mild/moderate NPDR,3.0,1.0,65.0,1,9.7,0,1,1,13.0,5.549,Zeiss Cirrus,0,0,0,0,0,0,0,Black/African American,0,130.5,0,0.0,0,74.0,-172.0,-179.0,0,0,13,10,26.0,19.0,Completed,1,1
167,Aflibercept,OD,60,,0,378.0,74.9,15,Type 2,Mild/moderate NPDR,2.0,1.0,77.0,0,9.6,0,0,1,18.0,3.747,Heidelberg Spectralis,0,0,0,0,0,0,0,White,1,149.5,0,0.0,0,78.0,-92.0,-67.0,0,0,10,7,-15.0,-13.0,Completed,1,1
168,Aflibercept,OD,64,45.68,0,276.0,88.9,2,Type 2,Mild/moderate NPDR,4.0,0.0,98.0,0,7.5,0,1,1,12.0,2.735,Zeiss Cirrus,0,0,0,0,0,1,0,White,0,116.7,0,0.0,1,58.0,-47.0,-41.0,0,0,13,8,3.0,4.0,Completed,1,1
169,Aflibercept,OD,72,,0,601.0,81.9,14,Type 2,Severe NPDR,6.0,1.0,70.0,0,7.5,0,1,1,18.0,4.209,Zeiss Cirrus,0,1,1,0,0,0,0,White,0,136.8,0,1.0,0,72.0,-210.0,-188.0,1,1,10,7,-22.0,-13.0,Completed,1,1
170,Ranibizumab,OS,76,25.08,0,364.0,73.4,10,Type 2,Mild/moderate NPDR,3.0,0.0,65.0,0,5.9,0,0,0,16.0,0.88,Zeiss Stratus,0,1,1,0,0,0,1,Black/African American,0,160.8,0,0.0,0,72.0,-162.0,-87.0,1,1,13,11,20.0,17.0,Completed,1,1
171,Bevacizumab,OS,63,19.96,0,413.0,91.2,7,Type 2,Severe NPDR,6.0,1.0,75.0,0,9.3,0,1,1,10.0,3.786,Heidelberg Spectralis,1,1,1,0,0,0,0,White,0,143.2,0,0.0,0,74.0,-86.0,-111.0,1,1,15,12,7.0,4.0,Completed,1,1
172,Ranibizumab,OD,66,28.66,0,367.0,100.6,19,Type 2,Severe NPDR,5.0,1.0,29.0,1,8.7,1,1,0,20.0,4.122,Zeiss Cirrus,1,1,1,0,0,0,1,White,0,163.9,1,1.0,1,67.0,,-56.0,0,0,13,9,,19.0,DropPostOutcome,0,1
173,Bevacizumab,OD,48,22.35,0,577.0,67.1,13,Type 2,Mild/moderate NPDR,5.0,1.0,46.0,1,10.2,0,1,1,16.0,2.336,Zeiss Cirrus,0,0,0,1,0,0,0,White,0,161.7,0,0.0,1,48.0,-243.0,-204.0,1,1,14,8,12.0,14.0,Completed,1,1
174,Bevacizumab,OD,59,28.84,0,553.0,75.3,15,Type 2,Mild/moderate NPDR,3.0,0.0,62.0,0,7.6,1,1,1,17.0,6.345,Heidelberg Spectralis,0,1,1,0,0,0,0,White,0,139.2,0,1.0,0,76.0,-359.0,-296.0,0,0,17,13,24.0,16.0,Completed,1,1
175,Bevacizumab,OD,69,39.51,0,298.0,67.6,7,Type 2,Mild/moderate NPDR,3.0,1.0,56.0,1,7.7,1,1,1,19.0,4.219,Zeiss Stratus,0,0,0,0,0,0,0,White,0,92.3,1,0.0,0,70.0,-74.0,-29.0,0,0,15,11,-3.0,4.0,Completed,1,1
176,Aflibercept,OS,69,30.77,0,564.0,83.2,24,Type 1,Mild/moderate NPDR,4.0,1.0,38.0,0,8.2,0,1,1,20.0,3.301,Zeiss Cirrus,0,0,0,0,0,0,0,Black/African American,0,116.9,0,0.0,1,58.0,-34.0,-32.0,0,0,12,7,20.0,24.0,Completed,1,1
177,Ranibizumab,OD,62,36.47,0,440.0,82.9,11,Type 2,Severe NPDR,5.0,0.0,87.0,0,9.5,0,1,1,16.0,3.984,Heidelberg Spectralis,0,0,0,0,0,0,0,White,0,154.3,0,0.0,1,63.0,-212.0,-251.0,0,0,14,11,20.0,15.0,Completed,1,1
178,Ranibizumab,OD,69,28.06,0,372.0,65.6,18,Type 2,Mild/moderate NPDR,4.0,1.0,75.0,1,5.9,0,1,0,17.0,5.481,Zeiss Cirrus,0,0,0,0,0,0,0,Asian,0,108.0,0,1.0,0,70.0,-133.0,-61.0,1,1,16,13,4.0,10.0,Completed,1,1
179,Bevacizumab,OD,65,34.21,0,426.0,88.0,11,Type 2,Mild/moderate NPDR,4.0,1.0,73.0,1,9.2,0,1,1,17.0,4.861,Heidelberg Spectralis,0,1,1,0,0,0,0,White,1,132.5,0,1.0,1,60.0,-123.0,-91.0,1,1,7,5,19.0,25.0,Completed,1,1
180,Aflibercept,OD,72,48.68,0,358.0,80.7,2,Type 2,Severe NPDR,6.0,1.0,56.0,1,7.9,0,1,1,14.0,3.158,Zeiss Cirrus,0,1,1,0,0,0,0,White,0,145.8,0,0.0,1,59.0,,,0,0,2,2,,,DropPreOutcome,0,0
181,Bevacizumab,OS,63,30.98,0,317.0,97.4,19,Type 2,Mild/moderate NPDR,3.0,0.0,72.0,1,6.4,0,0,1,10.0,4.976,Zeiss Cirrus,0,0,0,0,0,0,0,White,0,168.4,0,0.0,0,78.0,-112.0,-78.0,1,1,13,9,6.0,2.0,Completed,1,1
182,Aflibercept,OS,56,36.7,0,540.0,69.0,13,Type 2,PDR and/or prior scatter,7.0,1.0,80.0,1,5.2,0,1,1,16.0,4.589,Heidelberg Spectralis,0,1,1,0,0,0,1,White,0,127.5,0,0.0,1,52.0,-217.0,-210.0,0,0,14,11,26.0,23.0,Completed,1,1
183,Aflibercept,OD,63,,0,407.0,66.3,4,Type 2,PDR and/or prior scatter,6.0,0.0,65.0,1,7.7,0,0,1,20.0,2.193,Zeiss Cirrus,0,0,0,0,0,0,0,White,0,126.1,0,0.0,0,74.0,,,0,0,6,6,,,DropPreOutcome,0,0
184,Aflibercept,OS,31,45.56,0,521.0,89.9,6,Type 2,Severe NPDR,5.0,0.0,79.0,0,10.6,0,1,1,17.0,4.065,Heidelberg Spectralis,1,1,1,0,0,0,0,White,0,138.0,0,0.0,0,70.0,-311.0,-216.0,1,1,11,8,1.0,5.0,Completed,1,1
185,Bevacizumab,OD,64,29.98,0,459.0,87.7,25,Type 2,Severe NPDR,5.0,1.0,54.0,0,11.1,0,1,1,12.0,5.975,Zeiss Cirrus,1,1,1,0,1,0,1,White,0,146.0,0,0.0,1,47.0,-138.0,-150.0,1,1,17,12,8.0,9.0,Completed,1,1
186,Ranibizumab,OD,24,41.89,0,488.0,90.9,4,Type 2,Mild/moderate NPDR,3.0,1.0,72.0,0,8.5,0,1,1,19.0,5.959,Zeiss Cirrus,0,1,1,0,0,0,0,White,0,135.9,0,0.0,0,69.0,-207.0,-158.0,1,1,14,9,23.0,23.0,Completed,1,1
187,Aflibercept,OD,43,32.74,0,295.0,84.5,10,Type 2,Mild/moderate NPDR,2.0,0.0,93.0,1,11.7,0,1,0,14.0,4.194,Heidelberg Spectralis,0,0,0,0,1,0,1,White,0,160.0,1,1.0,0,73.0,-131.0,-72.0,0,0,10,7,9.0,4.0,Completed,1,1
188,Aflibercept,OD,65,38.47,0,376.0,70.6,42,Type 1,PDR and/or prior scatter,7.0,0.0,95.0,1,7.9,1,1,1,9.0,6.189,Heidelberg Spectralis,1,1,1,0,1,0,0,White,0,123.0,0,0.0,0,69.0,-134.0,-127.0,0,0,11,9,31.0,29.0,Completed,1,1
189,Bevacizumab,OD,65,38.93,0,490.0,96.8,20,Type 2,Mild/moderate NPDR,3.0,0.0,97.0,1,9.6,0,0,1,19.0,2.544,Zeiss Cirrus,0,0,0,1,0,0,0,White,0,141.4,0,0.0,1,59.0,-38.0,-53.0,1,1,16,13,11.0,16.0,Completed,1,1
190,Ranibizumab,OS,48,30.17,0,345.0,71.4,23,Type 2,Mild/moderate NPDR,4.0,1.0,76.0,1,7.2,0,1,1,12.0,2.612,Heidelberg Spectralis,1,1,1,0,0,0,0,Black/African American,0,147.9,0,0.0,1,59.0,-45.0,-31.0,0,0,13,9,15.0,10.0,Completed,1,1
191,Bevacizumab,OS,53,42.22,0,468.0,92.5,12,Type 2,Severe NPDR,6.0,0.0,71.0,0,7.1,0,1,1,21.0,4.147,Zeiss Cirrus,0,1,1,0,1,0,0,White,0,131.0,0,1.0,0,72.0,-118.0,-64.0,0,0,14,9,2.0,12.0,Completed,1,1
192,Aflibercept,OS,74,27.78,0,337.0,100.8,4,Type 2,Severe NPDR,3.0,0.0,61.0,1,6.9,0,1,1,19.0,7.995,Heidelberg Spectralis,1,1,1,0,0,0,0,Black/African American,0,155.8,0,0.0,1,48.0,-70.0,-56.0,0,0,12,8,19.0,21.0,Completed,1,1
193,Bevacizumab,OD,55,39.77,0,430.0,92.2,16,Type 2,Severe NPDR,,0.0,34.0,1,5.2,0,0,1,15.0,5.059,Zeiss Cirrus,0,0,0,0,1,0,0,White,0,142.0,0,0.0,0,72.0,-49.0,-10.0,1,1,13,11,11.0,18.0,Completed,1,1
194,Ranibizumab,OD,82,30.66,0,653.0,81.4,6,Type 2,Mild/moderate NPDR,4.0,1.0,43.0,0,10.3,0,0,1,17.0,4.094,Heidelberg Spectralis,0,0,0,0,0,0,0,White,0,154.8,0,0.0,0,69.0,,-177.0,1,1,12,11,,1.0,DropPostOutcome,0,1
195,Ranibizumab,OD,60,36.43,0,514.0,76.5,6,Type 2,PDR and/or prior scatter,6.0,0.0,67.0,1,7.0,0,1,1,23.0,8.097,Zeiss Cirrus,0,0,0,0,0,0,0,White,0,142.9,0,0.0,0,77.0,-161.0,-194.0,1,1,9,7,3.0,-9.0,Completed,1,1
196,Ranibizumab,OD,64,30.1,0,307.0,83.4,15,Type 2,Mild/moderate NPDR,5.0,0.0,68.0,1,6.8,0,1,0,19.0,4.069,Heidelberg Spectralis,0,0,0,0,0,0,0,Black/African American,1,146.5,0,0.0,1,60.0,54.0,24.0,1,1,11,8,6.0,15.0,Completed,1,1
197,Bevacizumab,OD,76,,0,548.0,66.9,7,Type 2,PDR and/or prior scatter,8.0,0.0,98.0,1,6.3,1,0,1,16.0,9.616,Heidelberg Spectralis,0,0,0,0,0,0,0,White,0,126.4,0,0.0,0,72.0,-259.0,-248.0,0,0,18,12,10.0,15.0,Completed,1,1
198,Ranibizumab,OS,61,,0,686.0,70.0,14,Type 2,Mild/moderate NPDR,4.0,0.0,96.0,0,7.6,1,1,0,25.0,3.575,Heidelberg Spectralis,0,1,1,0,0,0,0,White,0,126.4,0,0.0,1,66.0,-414.0,-449.0,0,0,11,8,21.0,18.0,Completed,1,1
199,Ranibizumab,OS,50,,0,839.0,96.8,9,Type 2,PDR and/or prior scatter,6.0,0.0,56.0,0,11.3,0,1,1,16.0,2.474,Zeiss Cirrus,0,0,0,0,0,0,0,White,0,163.5,0,1.0,1,67.0,-318.0,-267.0,0,0,11,7,20.0,23.0,Completed,1,1
200,Aflibercept,OS,59,34.04,0,479.0,93.2,14,Type 2,PDR and/or prior scatter,5.0,1.0,86.0,1,12.0,1,1,1,17.0,4.334,Zeiss Cirrus,0,0,0,0,0,0,1,White,0,151.7,0,0.0,0,76.0,,-199.0,0,0,15,13,,11.0,Completed,0,1
201,Ranibizumab,OS,60,29.49,0,314.0,66.8,10,Type 2,Mild/moderate NPDR,5.0,1.0,60.0,0,5.7,0,1,1,12.0,4.152,Zeiss Cirrus,0,1,1,0,0,0,0,White,0,118.5,0,1.0,0,76.0,-71.0,-20.0,0,0,12,10,-0.0,-9.0,Completed,1,1
202,Aflibercept,OS,46,33.27,0,500.0,90.6,14,Type 2,PDR and/or prior scatter,9.0,1.0,84.0,0,7.4,0,0,0,10.0,2.923,Heidelberg Spectralis,1,1,1,0,0,0,0,,0,142.6,1,1.0,1,58.0,-350.0,-275.0,0,0,13,10,26.0,22.0,Completed,1,1
203,Ranibizumab,OS,57,34.75,0,626.0,72.7,33,Type 2,Mild/moderate NPDR,6.0,0.0,86.0,0,6.4,0,1,0,14.0,9.8,Zeiss Cirrus,0,0,0,0,0,0,0,White,0,91.5,1,0.0,0,73.0,-294.0,-339.0,0,0,14,10,18.0,21.0,Completed,1,1
204,Aflibercept,OD,53,28.89,0,436.0,93.9,23,Type 2,Mild/moderate NPDR,4.0,1.0,95.0,1,9.7,0,1,1,16.0,5.401,Heidelberg Spectralis,0,1,1,1,0,0,0,White,0,127.5,0,1.0,0,75.0,-234.0,-196.0,0,0,9,7,7.0,8.0,Completed,1,1
205,Aflibercept,OS,69,32.7,1,548.0,94.5,13,Type 2,Mild/moderate NPDR,3.0,0.0,60.0,1,8.4,0,0,1,16.0,5.721,Zeiss Cirrus,1,1,1,0,0,0,1,White,0,158.2,0,0.0,1,66.0,-182.0,-177.0,1,1,10,8,9.0,6.0,Completed,1,1
206,Bevacizumab,OS,60,25.86,0,308.0,92.4,30,Type 2,Severe NPDR,6.0,0.0,90.0,0,7.0,0,0,1,11.0,3.684,Zeiss Stratus,0,1,1,0,0,0,0,White,0,136.5,0,0.0,0,76.0,-81.0,-30.0,1,1,14,9,4.0,0.0,Completed,1,1
207,Bevacizumab,OS,57,52.0,0,493.0,88.4,18,Type 2,Mild/moderate NPDR,4.0,0.0,33.0,1,8.0,0,0,1,18.0,3.429,Heidelberg Spectralis,1,1,1,0,0,0,0,White,0,141.4,0,0.0,0,72.0,-58.0,-143.0,1,1,12,8,12.0,12.0,Completed,1,1
208,Bevacizumab,OS,59,41.96,0,271.0,73.7,29,Type 2,Severe NPDR,5.0,0.0,96.0,0,7.2,0,0,1,13.0,6.956,Heidelberg Spectralis,0,0,0,0,0,0,1,Black/African American,0,78.7,1,1.0,0,73.0,42.0,-21.0,0,0,17,13,22.0,20.0,Completed,1,1
209,Ranibizumab,OD,62,35.83,0,370.0,68.4,5,Type 2,Microaneurysms only,3.0,0.0,69.0,0,10.9,0,1,1,17.0,1.013,Heidelberg Spectralis,0,0,0,0,0,0,0,White,0,131.2,0,0.0,1,50.0,,5.0,0,0,9,9,,-2.0,DropPostOutcome,0,1
210,Ranibizumab,OS,66,42.84,0,383.0,84.0,7,Type 2,PDR and/or prior scatter,7.0,1.0,70.0,1,8.8,1,0,1,18.0,2.186,Zeiss Stratus,0,0,0,0,0,0,0,White,0,145.8,0,0.0,0,71.0,-30.0,-24.0,0,0,10,7,10.0,10.0,Completed,1,1
211,Bevacizumab,OD,50,18.26,0,419.0,85.6,16,Type 2,Mild/moderate NPDR,5.0,1.0,29.0,0,9.1,0,0,0,14.0,4.156,Heidelberg Spectralis,0,0,0,0,0,0,0,White,0,148.3,0,0.0,1,51.0,-74.0,-103.0,0,0,16,13,1.0,4.0,Completed,1,1
212,Ranibizumab,OS,50,18.0,0,344.0,86.7,13,Type 2,Severe NPDR,6.0,1.0,62.0,0,4.9,0,1,1,12.0,7.672,Heidelberg Spectralis,0,0,0,1,0,0,0,White,0,158.2,0,0.0,0,72.0,-23.0,-11.0,1,1,8,6,15.0,10.0,Completed,1,1
213,Ranibizumab,OS,71,30.59,0,407.0,86.0,14,Type 2,Mild/moderate NPDR,3.0,0.0,97.0,0,7.8,0,1,1,20.0,3.876,Heidelberg Spectralis,0,0,0,0,0,0,0,White,0,134.8,0,0.0,1,67.0,-84.0,-119.0,0,0,15,8,18.0,16.0,Completed,1,1
214,Aflibercept,OS,56,22.95,0,463.0,88.1,20,Type 2,Mild/moderate NPDR,3.0,1.0,61.0,1,12.0,0,1,1,18.0,5.616,Zeiss Cirrus,0,0,0,0,0,0,0,White,0,135.7,0,0.0,1,45.0,-214.0,-188.0,1,1,10,7,8.0,20.0,Completed,1,1
215,Bevacizumab,OD,46,31.85,0,420.0,78.6,16,Type 2,PDR and/or prior scatter,5.0,1.0,84.0,0,10.3,0,1,1,16.0,4.761,Zeiss Cirrus,1,1,1,0,1,0,0,More than one race,0,112.4,0,1.0,0,73.0,-21.0,-74.0,1,1,9,7,6.0,11.0,Completed,1,1
216,Bevacizumab,OS,64,35.3,0,460.0,80.1,24,Type 2,Microaneurysms only,3.0,0.0,71.0,0,5.5,1,1,1,20.0,7.552,Heidelberg Spectralis,0,0,0,0,0,0,1,White,0,134.9,0,0.0,0,76.0,-80.0,-52.0,1,1,12,8,12.0,15.0,Completed,1,1
217,Bevacizumab,OS,65,40.88,0,534.0,68.3,24,Type 2,Mild/moderate NPDR,3.0,1.0,91.0,0,7.4,0,1,0,16.0,1.214,Heidelberg Spectralis,0,0,0,0,1,0,0,Black/African American,0,113.8,0,0.0,0,71.0,-234.0,-210.0,0,0,14,10,5.0,6.0,Completed,1,1
218,Ranibizumab,OD,45,24.82,0,396.0,82.1,7,Type 1,Mild/moderate NPDR,4.0,0.0,74.0,0,6.2,1,1,1,13.0,6.319,Zeiss Cirrus,0,0,0,0,1,0,0,White,0,102.0,0,0.0,0,77.0,-88.0,-59.0,0,0,14,12,1.0,-7.0,Completed,1,1
219,Ranibizumab,OD,62,36.82,0,591.0,79.7,2,Type 2,Mild/moderate NPDR,4.0,1.0,51.0,0,11.2,0,1,1,12.0,4.262,Zeiss Cirrus,0,1,1,0,0,0,1,White,0,117.3,0,0.0,0,69.0,-54.0,-52.0,0,0,13,11,31.0,23.0,Completed,1,1
220,Aflibercept,OS,67,33.81,1,367.0,82.8,7,Type 2,Mild/moderate NPDR,4.0,0.0,71.0,1,8.3,0,1,0,15.0,6.735,Heidelberg Spectralis,0,1,1,0,1,0,1,White,0,169.2,0,0.0,0,72.0,-112.0,-86.0,0,0,11,8,-0.0,14.0,Completed,1,1
221,Ranibizumab,OS,64,36.41,0,679.0,79.6,6,Type 2,Mild/moderate NPDR,5.0,1.0,98.0,1,6.8,0,0,1,18.0,2.898,Zeiss Cirrus,0,0,0,1,0,0,0,White,1,133.6,0,0.0,0,74.0,-275.0,-284.0,1,1,17,12,17.0,15.0,Completed,1,1
222,Bevacizumab,OS,66,29.65,0,583.0,67.9,15,Type 2,Mild/moderate NPDR,4.0,0.0,80.0,1,8.0,1,1,1,20.0,4.754,Heidelberg Spectralis,0,0,0,0,0,0,0,White,0,143.4,0,0.0,1,61.0,-216.0,-187.0,1,1,9,6,6.0,5.0,Completed,1,1
223,Ranibizumab,OS,46,44.49,0,420.0,80.2,15,Type 2,Mild/moderate NPDR,4.0,0.0,68.0,0,4.9,0,1,1,15.0,4.474,Heidelberg Spectralis,0,0,0,0,0,0,0,White,0,128.7,0,0.0,1,63.0,-55.0,-77.0,1,1,12,7,20.0,21.0,Completed,1,1
224,Ranibizumab,OD,63,,1,401.0,70.1,12,Type 2,Mild/moderate NPDR,6.0,1.0,98.0,0,6.4,0,1,1,19.0,2.495,Zeiss Cirrus,0,0,0,0,1,0,1,White,0,103.2,0,0.0,1,63.0,-159.0,-210.0,0,0,13,9,34.0,30.0,Completed,1,1
225,Bevacizumab,OS,57,47.54,0,450.0,83.4,19,Type 2,PDR and/or prior scatter,8.0,1.0,93.0,0,8.0,1,0,1,15.0,1.883,Zeiss Cirrus,0,1,0,0,0,0,0,White,0,157.7,0,1.0,0,78.0,21.0,28.0,1,1,16,11,4.0,3.0,Completed,1,1
226,Bevacizumab,OD,55,27.53,0,493.0,84.7,54,Type 2,Severe NPDR,5.0,0.0,86.0,1,9.4,1,0,0,13.0,3.423,Zeiss Cirrus,0,0,0,0,0,0,0,White,0,95.6,0,0.0,1,67.0,28.0,-51.0,1,1,11,9,7.0,9.0,Completed,1,1
227,Ranibizumab,OS,69,39.49,0,555.0,68.7,12,Type 2,Severe NPDR,5.0,1.0,76.0,0,5.4,1,1,1,11.0,4.986,Zeiss Cirrus,0,0,0,0,0,0,0,White,0,127.9,1,0.0,0,77.0,,,1,1,7,7,,,DropPreOutcome,0,0
228,Aflibercept,OD,75,33.23,0,341.0,89.5,17,Type 2,Mild/moderate NPDR,5.0,0.0,85.0,0,7.3,0,1,0,14.0,3.035,Heidelberg Spectralis,0,0,0,0,0,0,1,Black/African American,0,137.9,0,0.0,1,38.0,-3.0,-79.0,0,0,10,9,20.0,16.0,Completed,1,1
229,Bevacizumab,OS,78,31.14,0,500.0,105.3,14,Type 2,PDR and/or prior scatter,7.0,1.0,85.0,1,9.7,0,1,1,11.0,3.974,Heidelberg Spectralis,0,0,0,0,0,0,1,White,0,143.6,0,0.0,1,67.0,,,0,0,6,6,,,DropPreOutcome,0,0
230,Aflibercept,OD,73,38.63,0,291.0,88.8,9,Type 2,Mild/moderate NPDR,3.0,0.0,26.0,0,5.9,0,1,0,22.0,0.88,Heidelberg Spectralis,0,0,0,0,0,0,0,White,0,124.5,0,0.0,1,68.0,-103.0,-27.0,1,1,14,13,15.0,14.0,Completed,1,1
231,Ranibizumab,OS,59,31.37,0,411.0,71.4,20,Type 2,PDR and/or prior scatter,8.0,1.0,78.0,0,8.3,0,1,1,17.0,3.885,Zeiss Cirrus,0,0,0,0,0,0,0,White,0,102.2,0,0.0,1,58.0,-138.0,-100.0,1,1,10,8,7.0,10.0,Completed,1,1
232,Ranibizumab,OD,64,18.0,0,630.0,67.3,12,Type 2,Mild/moderate NPDR,5.0,1.0,67.0,0,8.0,0,1,0,15.0,6.952,Heidelberg Spectralis,0,0,0,0,0,0,0,White,0,123.0,0,0.0,1,68.0,-271.0,-237.0,1,1,13,10,32.0,17.0,Completed,1,1
233,Ranibizumab,OD,68,18.0,0,310.0,65.5,8,Type 2,PDR and/or prior scatter,8.0,1.0,60.0,1,11.2,0,1,1,21.0,6.251,Zeiss Cirrus,0,1,1,0,0,1,0,Black/African American,1,124.0,0,1.0,0,74.0,-155.0,-107.0,1,1,10,7,-1.0,-3.0,Completed,1,1
234,Ranibizumab,OS,61,43.62,0,323.0,74.4,8,Type 2,Mild/moderate NPDR,6.0,1.0,66.0,0,7.6,0,1,1,11.0,,Heidelberg Spectralis,0,0,0,0,0,0,1,White,0,123.5,0,0.0,1,42.0,-173.0,-78.0,1,1,18,13,20.0,15.0,Completed,1,1
235,Bevacizumab,OD,61,43.3,0,451.0,82.6,25,Type 2,PDR and/or prior scatter,9.0,1.0,39.0,0,7.7,0,1,1,15.0,5.236,Zeiss Cirrus,0,1,1,0,0,0,0,White,1,158.4,0,1.0,1,39.0,20.0,-11.0,1,1,8,7,5.0,8.0,Completed,1,1
236,Aflibercept,OS,68,48.42,0,620.0,68.7,20,Type 2,Mild/moderate NPDR,6.0,0.0,34.0,0,9.4,1,1,0,22.0,2.878,Heidelberg Spectralis,0,1,1,0,0,0,0,White,0,114.7,0,0.0,0,71.0,-393.0,-309.0,1,1,9,7,13.0,12.0,Completed,1,1
237,Ranibizumab,OS,59,,0,488.0,81.9,10,Type 2,PDR and/or prior scatter,7.0,0.0,95.0,0,6.1,0,1,1,15.0,8.274,Heidelberg Spectralis,0,0,0,0,0,0,0,White,0,145.0,0,0.0,0,70.0,,-338.0,1,1,14,12,,-6.0,DropPostOutcome,0,1
238,Ranibizumab,OS,53,23.62,0,279.0,83.1,19,Type 2,Severe NPDR,,0.0,79.0,0,7.6,1,1,1,23.0,9.249,Zeiss Cirrus,0,1,1,0,0,0,0,White,0,142.2,1,1.0,0,76.0,52.0,-25.0,1,1,14,9,-6.0,5.0,Completed,1,1
239,Aflibercept,OD,56,30.43,0,248.0,93.7,14,Type 2,Mild/moderate NPDR,2.0,0.0,22.0,1,7.2,0,1,0,18.0,5.063,Zeiss Stratus,0,0,0,0,0,0,1,White,0,158.2,0,1.0,0,73.0,110.0,151.0,0,0,11,11,-2.0,2.0,Completed,1,1
240,Aflibercept,OD,66,33.79,0,439.0,70.5,17,Type 2,PDR and/or prior scatter,7.0,0.0,58.0,0,7.7,0,1,1,20.0,9.8,Zeiss Cirrus,0,0,0,0,0,0,0,White,0,136.3,0,0.0,0,77.0,,-89.0,0,0,12,10,,7.0,DropPostOutcome,0,1
241,Ranibizumab,OD,60,25.85,0,327.0,81.5,9,Type 2,Mild/moderate NPDR,5.0,1.0,88.0,0,9.4,0,0,0,20.0,3.204,Zeiss Cirrus,0,0,0,0,0,0,1,White,1,154.8,0,1.0,1,60.0,-114.0,-88.0,1,1,14,11,-6.0,-3.0,Completed,1,1
242,Aflibercept,OS,63,46.56,0,468.0,80.5,7,Type 2,Severe NPDR,5.0,0.0,64.0,0,8.9,0,1,1,15.0,1.948,Heidelberg Spectralis,0,0,0,0,0,0,0,White,0,135.6,0,0.0,0,71.0,-148.0,-171.0,0,0,16,13,8.0,14.0,Completed,1,1
243,Ranibizumab,OS,67,51.17,0,474.0,83.9,12,Type 2,Mild/moderate NPDR,2.0,1.0,95.0,1,6.8,0,1,1,14.0,3.139,Heidelberg Spectralis,0,0,0,0,1,0,0,White,0,147.7,0,0.0,0,71.0,-157.0,-99.0,0,0,12,9,6.0,5.0,Completed,1,1
244,Ranibizumab,OS,56,37.43,0,383.0,91.2,7,Type 1,Severe NPDR,5.0,1.0,91.0,1,8.1,0,1,1,15.0,4.217,Zeiss Cirrus,0,0,0,0,0,0,0,Black/African American,0,108.9,1,1.0,1,46.0,-223.0,-208.0,1,0,15,11,28.0,19.0,Completed,1,1
245,Ranibizumab,OS,68,33.62,1,660.0,68.9,7,Type 2,PDR and/or prior scatter,8.0,0.0,43.0,0,,0,1,1,12.0,9.787,Zeiss Cirrus,0,0,0,0,1,0,1,White,0,86.2,0,0.0,1,66.0,-298.0,-333.0,0,0,13,11,-1.0,-2.0,Completed,1,1
246,Aflibercept,OD,64,,0,492.0,70.1,5,Type 2,Mild/moderate NPDR,3.0,0.0,67.0,1,6.7,0,0,1,15.0,4.081,Zeiss Cirrus,1,1,1,0,0,0,0,White,0,146.6,0,0.0,1,64.0,-168.0,-156.0,0,0,11,10,-1.0,6.0,Completed,1,1
247,Ranibizumab,OD,48,45.76,0,596.0,89.7,2,Type 2,Severe NPDR,5.0,1.0,61.0,0,8.2,0,1,1,15.0,2.809,Heidelberg Spectralis,0,0,0,0,0,0,0,White,0,147.6,0,1.0,1,51.0,-193.0,-118.0,0,0,12,9,9.0,15.0,Completed,1,1
248,Bevacizumab,OD,74,34.3,0,558.0,91.2,10,Type 2,PDR and/or prior scatter,7.0,1.0,42.0,1,7.6,0,1,1,21.0,2.723,Heidelberg Spectralis,0,0,0,0,0,0,0,White,0,148.5,0,1.0,1,60.0,-155.0,-195.0,1,1,9,7,22.0,24.0,Completed,1,1
249,Aflibercept,OD,55,31.44,0,414.0,78.6,28,Type 2,Severe NPDR,6.0,1.0,41.0,0,7.8,0,0,0,17.0,7.208,Zeiss Cirrus,0,1,0,0,0,0,0,White,0,128.5,0,0.0,1,56.0,-83.0,-21.0,0,0,13,8,15.0,23.0,Completed,1,1
250,Bevacizumab,OD,43,37.45,0,410.0,80.8,24,Type 2,Mild/moderate NPDR,6.0,0.0,54.0,0,5.7,0,1,0,23.0,6.894,Zeiss Cirrus,0,0,0,1,0,0,0,White,0,168.8,0,0.0,1,66.0,-123.0,-116.0,1,1,12,8,11.0,9.0,Completed,1,1
251,Ranibizumab,OD,50,29.13,0,425.0,96.9,36,Type 2,Mild/moderate NPDR,4.0,1.0,57.0,1,10.5,0,0,1,8.0,3.632,Heidelberg Spectralis,0,0,0,0,0,0,0,Native Hawaiian/Other Pacific Islander,0,129.8,0,1.0,0,78.0,,-275.0,0,0,14,13,,-3.0,DropPostOutcome,0,1
252,Aflibercept,OD,50,34.85,0,528.0,75.5,7,Type 2,Mild/moderate NPDR,4.0,0.0,76.0,0,6.8,1,1,1,12.0,0.88,Heidelberg Spectralis,0,1,0,0,0,0,0,White,0,147.4,0,0.0,1,67.0,-162.0,-157.0,1,1,9,7,4.0,7.0,Completed,1,1
253,Aflibercept,OD,61,22.45,0,369.0,93.1,21,Type 2,Mild/moderate NPDR,4.0,1.0,91.0,1,9.7,0,1,1,14.0,2.217,Zeiss Cirrus,1,1,1,0,0,0,0,White,0,150.9,0,0.0,1,67.0,28.0,-63.0,1,1,8,5,18.0,17.0,Completed,1,1
254,Bevacizumab,OS,57,,0,671.0,95.6,13,Type 2,Mild/moderate NPDR,5.0,1.0,80.0,0,7.0,0,1,0,20.0,8.487,Heidelberg Spectralis,0,1,1,0,0,0,0,,0,173.4,0,0.0,0,75.0,-170.0,-189.0,1,1,12,8,13.0,15.0,Completed,1,1
255,Bevacizumab,OS,57,32.89,0,361.0,86.8,8,Type 2,PDR and/or prior scatter,8.0,0.0,85.0,0,7.0,1,1,0,15.0,6.215,Zeiss Cirrus,0,0,0,0,0,0,0,White,0,132.7,0,0.0,1,68.0,1.0,19.0,0,0,12,9,5.0,8.0,Completed,1,1
256,Ranibizumab,OS,66,42.74,0,451.0,95.3,26,Type 2,Severe NPDR,6.0,1.0,65.0,0,10.1,0,1,1,11.0,4.844,Zeiss Cirrus,0,0,0,0,0,0,0,,0,125.9,0,0.0,1,53.0,-104.0,-118.0,1,1,11,7,32.0,31.0,Completed,1,1
257,Aflibercept,OD,63,32.13,0,432.0,79.1,13,Type 2,Severe NPDR,3.0,0.0,82.0,1,9.7,0,0,1,15.0,8.811,Heidelberg Spectralis,0,1,1,0,0,0,1,White,0,109.0,1,0.0,1,50.0,-163.0,-161.0,1,1,10,8,10.0,14.0,Completed,1,1
258,Bevacizumab,OD,63,,0,411.0,87.4,3,Type 2,Mild/moderate NPDR,4.0,1.0,67.0,1,8.3,0,1,0,12.0,9.008,Heidelberg Spectralis,0,0,0,1,0,0,1,Black/African American,0,170.0,0,1.0,0,78.0,-88.0,-80.0,1,1,11,8,1.0,6.0,Completed,1,1
259,Aflibercept,OD,64,,0,720.0,96.2,23,Type 2,Mild/moderate NPDR,4.0,0.0,61.0,0,9.2,1,1,0,11.0,4.621,Zeiss Cirrus,0,0,0,0,0,0,0,White,1,147.4,0,0.0,0,78.0,-371.0,-371.0,0,0,18,13,-15.0,-6.0,Completed,1,1
260,Aflibercept,OD,66,39.63,0,412.0,79.9,18,Type 2,PDR and/or prior scatter,7.0,1.0,98.0,0,7.5,1,0,1,22.0,4.661,Heidelberg Spectralis,0,0,0,0,0,0,0,White,0,148.1,0,0.0,1,55.0,-185.0,,0,0,11,9,22.0,21.0,Completed,1,1
261,Ranibizumab,OS,39,26.87,0,425.0,97.4,15,Type 2,Severe NPDR,3.0,0.0,23.0,0,7.9,1,1,0,14.0,3.419,Heidelberg Spectralis,0,0,0,1,1,0,0,White,0,180.0,0,0.0,1,65.0,-241.0,-240.0,0,0,18,10,32.0,25.0,Completed,1,1
262,Bevacizumab,OS,56,29.91,0,393.0,72.8,6,Type 2,PDR and/or prior scatter,7.0,0.0,33.0,1,6.9,0,1,1,16.0,4.074,Heidelberg Spectralis,0,1,1,0,0,0,1,More than one race,0,145.5,0,0.0,0,70.0,-167.0,-137.0,1,1,8,4,2.0,-3.0,Completed,1,1
263,Ranibizumab,OD,38,33.71,0,458.0,65.2,16,Type 2,Severe NPDR,4.0,1.0,78.0,1,9.5,0,1,1,15.0,1.43,Heidelberg Spectralis,1,1,0,0,0,0,0,White,0,113.0,0,0.0,1,40.0,-233.0,-147.0,1,0,13,9,36.0,27.0,Completed,1,1
264,Bevacizumab,OD,60,34.65,0,444.0,82.4,33,Type 2,Mild/moderate NPDR,6.0,0.0,65.0,0,6.9,1,1,0,15.0,1.421,Heidelberg Spectralis,0,0,0,0,0,0,0,White,0,135.1,0,1.0,0,76.0,-207.0,-243.0,0,0,13,9,14.0,18.0,Completed,1,1
265,Aflibercept,OD,60,20.39,0,357.0,80.5,17,Type 2,Severe NPDR,5.0,1.0,41.0,1,10.7,0,1,1,13.0,0.91,Heidelberg Spectralis,0,0,0,0,0,0,0,Black/African American,0,119.5,0,0.0,0,77.0,,,0,0,8,8,,,DropPreOutcome,0,0
266,Aflibercept,OD,70,31.9,0,389.0,64.5,4,Type 2,Severe NPDR,4.0,1.0,49.0,1,7.4,1,1,1,14.0,7.086,Zeiss Cirrus,0,0,0,0,0,0,0,White,0,131.1,0,0.0,1,55.0,-142.0,-138.0,1,1,14,10,17.0,23.0,Completed,1,1
267,Bevacizumab,OS,72,39.9,0,520.0,85.3,18,Type 2,Mild/moderate NPDR,2.0,0.0,52.0,0,8.0,0,1,0,16.0,1.265,Heidelberg Spectralis,0,1,1,0,0,0,0,Black/African American,0,130.9,0,0.0,0,74.0,-187.0,-147.0,0,0,11,9,26.0,21.0,Completed,1,1
268,Aflibercept,OS,62,30.75,0,546.0,71.7,18,Type 2,Severe NPDR,6.0,0.0,88.0,1,9.2,0,0,0,20.0,8.99,Zeiss Cirrus,0,0,0,0,0,0,1,White,0,127.3,0,0.0,1,43.0,-282.0,-243.0,0,0,14,11,36.0,26.0,Completed,1,1
269,Ranibizumab,OS,55,31.95,0,456.0,86.6,22,Uncertain,Mild/moderate NPDR,5.0,0.0,94.0,0,8.0,0,1,1,18.0,3.093,Heidelberg Spectralis,0,0,0,0,0,0,0,White,0,111.1,0,1.0,0,74.0,-306.0,-301.0,0,0,16,12,17.0,14.0,Completed,1,1
270,Ranibizumab,OS,65,34.97,0,435.0,89.6,17,Type 2,Mild/moderate NPDR,4.0,0.0,98.0,1,7.5,1,1,1,11.0,8.522,Zeiss Cirrus,0,0,0,0,0,0,0,White,0,170.9,0,0.0,1,34.0,,-12.0,1,1,11,10,,5.0,DropPostOutcome,0,1
271,Ranibizumab,OS,55,32.72,0,394.0,74.3,7,Type 2,Mild/moderate NPDR,5.0,1.0,38.0,0,7.9,0,0,0,19.0,3.897,Zeiss Cirrus,0,1,1,0,0,0,0,White,0,145.0,0,0.0,1,42.0,-155.0,-193.0,0,0,12,9,20.0,23.0,Completed,1,1
272,Aflibercept,OS,60,25.66,0,407.0,82.4,15,Type 2,Severe NPDR,5.0,1.0,43.0,0,9.5,0,1,1,17.0,1.254,Heidelberg Spectralis,0,0,0,0,0,0,1,White,1,134.5,0,0.0,0,70.0,-193.0,-184.0,1,1,11,8,11.0,12.0,Completed,1,1
273,Ranibizumab,OS,70,33.42,0,347.0,79.1,12,Type 2,Severe NPDR,6.0,1.0,41.0,0,6.9,0,1,0,13.0,7.524,Zeiss Cirrus,0,0,0,0,0,0,0,White,0,154.2,0,0.0,0,78.0,-180.0,-149.0,0,0,11,8,-13.0,-8.0,Completed,1,1
274,Bevacizumab,OS,54,41.45,0,301.0,98.1,16,Type 2,Mild/moderate NPDR,5.0,1.0,96.0,1,7.7,0,1,0,16.0,7.784,Zeiss Cirrus,1,1,1,0,1,0,1,White,0,148.4,0,1.0,0,71.0,24.0,102.0,0,0,11,9,-3.0,-4.0,Completed,1,1
275,Aflibercept,OD,68,25.5,0,365.0,84.8,26,Type 1,PDR and/or prior scatter,5.0,1.0,78.0,0,7.9,1,1,1,17.0,2.707,Zeiss Cirrus,0,0,0,1,0,0,0,White,1,144.5,0,1.0,1,56.0,-46.0,-68.0,0,0,13,9,25.0,23.0,Completed,1,1
276,Aflibercept,OS,67,30.78,0,555.0,85.9,9,Type 2,Severe NPDR,4.0,1.0,72.0,0,9.4,0,1,1,16.0,,Heidelberg Spectralis,0,0,0,0,0,0,0,White,0,152.7,0,0.0,0,69.0,-297.0,-260.0,0,0,13,9,7.0,7.0,Completed,1,1
277,Bevacizumab,OS,50,22.92,0,389.0,89.5,39,Type 2,Mild/moderate NPDR,6.0,1.0,75.0,1,7.8,0,1,0,17.0,2.707,Zeiss Cirrus,0,1,1,0,0,0,0,White,0,141.7,1,0.0,0,77.0,-142.0,-87.0,0,0,8,5,11.0,14.0,Completed,1,1
278,Ranibizumab,OS,70,41.04,1,396.0,77.7,18,Type 2,Mild/moderate NPDR,5.0,1.0,69.0,1,11.4,0,1,0,13.0,4.435,Zeiss Cirrus,0,1,1,0,0,0,0,White,0,152.4,0,0.0,1,50.0,-90.0,-81.0,1,1,13,10,15.0,18.0,Completed,1,1
279,Aflibercept,OS,67,32.98,0,419.0,75.5,24,Type 2,Mild/moderate NPDR,3.0,1.0,48.0,1,7.7,0,1,1,22.0,4.937,Heidelberg Spectralis,0,0,0,0,0,0,0,White,0,154.1,0,1.0,1,50.0,-245.0,-222.0,0,0,14,9,23.0,21.0,Completed,1,1
280,Bevacizumab,OS,61,27.07,0,600.0,88.0,22,Type 2,Mild/moderate NPDR,2.0,0.0,80.0,0,7.6,0,1,1,9.0,3.927,Heidelberg Spectralis,0,1,1,0,0,0,0,Black/African American,0,142.3,0,0.0,1,46.0,-237.0,-166.0,1,0,12,10,14.0,15.0,Completed,1,1
281,Ranibizumab,OS,52,,0,371.0,71.3,18,Type 2,PDR and/or prior scatter,7.0,1.0,66.0,0,7.7,0,1,0,17.0,0.88,Heidelberg Spectralis,1,1,1,0,0,0,0,White,0,134.6,0,0.0,1,46.0,-180.0,-115.0,1,1,14,8,12.0,19.0,Completed,1,1
282,Ranibizumab,OD,51,24.31,0,457.0,82.1,20,Type 2,PDR and/or prior scatter,6.0,0.0,46.0,0,6.1,0,1,1,17.0,3.422,Zeiss Cirrus,0,0,0,0,0,0,0,White,0,169.6,0,0.0,0,77.0,,,0,0,9,9,,,DropPreOutcome,0,0
283,Ranibizumab,OS,55,25.64,0,447.0,88.1,0,Type 1,Mild/moderate NPDR,4.0,0.0,81.0,0,6.4,0,1,1,17.0,6.248,Heidelberg Spectralis,0,0,0,0,0,1,1,White,0,129.4,1,0.0,0,71.0,-131.0,-95.0,0,0,18,13,9.0,12.0,Completed,1,1
284,Ranibizumab,OS,65,22.31,0,461.0,90.5,22,Type 2,Severe NPDR,5.0,1.0,61.0,0,7.1,0,1,0,13.0,4.24,Heidelberg Spectralis,0,0,0,0,0,0,0,,0,146.8,0,0.0,0,71.0,-170.0,-180.0,1,1,11,9,-4.0,4.0,Completed,1,1
285,Ranibizumab,OS,50,25.38,0,479.0,73.7,7,Type 2,Mild/moderate NPDR,4.0,0.0,75.0,0,9.9,0,1,0,19.0,3.98,Heidelberg Spectralis,0,0,0,0,0,0,0,White,0,147.3,0,0.0,0,78.0,-298.0,-294.0,0,0,14,9,12.0,17.0,Completed,1,1
286,Ranibizumab,OD,64,44.29,0,459.0,73.4,14,Type 2,Mild/moderate NPDR,5.0,0.0,68.0,1,7.9,0,0,0,15.0,2.652,Heidelberg Spectralis,0,0,0,0,0,0,0,White,0,126.8,0,0.0,0,76.0,-122.0,-154.0,0,0,8,4,10.0,12.0,Completed,1,1
287,Bevacizumab,OS,48,27.98,0,517.0,69.5,18,Type 1,Mild/moderate NPDR,6.0,1.0,88.0,0,7.2,0,0,1,12.0,3.358,Zeiss Cirrus,0,0,0,0,0,0,0,White,0,122.8,0,0.0,1,64.0,-281.0,-238.0,1,0,14,9,12.0,13.0,Completed,1,1
288,Bevacizumab,OD,58,37.34,0,451.0,97.8,27,Type 1,Mild/moderate NPDR,4.0,0.0,74.0,1,10.1,0,1,1,12.0,7.8,Heidelberg Spectralis,0,1,1,0,0,0,0,Asian,0,131.9,0,0.0,0,70.0,-87.0,-86.0,1,1,18,13,4.0,8.0,Completed,1,1
289,Ranibizumab,OD,61,27.18,0,674.0,88.6,7,Type 2,Mild/moderate NPDR,3.0,1.0,52.0,0,10.8,0,0,0,16.0,2.192,Heidelberg Spectralis,0,1,1,0,0,0,1,Black/African American,0,129.2,0,1.0,1,53.0,-285.0,-301.0,0,0,13,9,36.0,23.0,Completed,1,1
290,Aflibercept,OS,84,39.62,1,433.0,70.1,10,Type 2,Mild/moderate NPDR,4.0,1.0,76.0,0,10.2,0,0,1,10.0,6.286,Zeiss Cirrus,0,0,0,1,0,0,0,White,0,109.8,0,0.0,0,75.0,-220.0,-185.0,0,0,11,8,-17.0,-10.0,Completed,1,1
291,Aflibercept,OS,46,25.7,0,291.0,84.5,11,Type 2,Mild/moderate NPDR,6.0,0.0,77.0,1,6.7,0,1,1,21.0,4.804,Zeiss Cirrus,0,0,0,0,0,0,0,Black/African American,0,126.0,0,0.0,1,35.0,-103.0,-138.0,1,1,12,7,33.0,25.0,Completed,1,1
292,Bevacizumab,OS,75,34.01,0,498.0,71.9,16,Type 1,Mild/moderate NPDR,4.0,0.0,80.0,0,7.2,1,1,1,19.0,5.239,Zeiss Cirrus,0,1,0,0,0,0,0,Black/African American,1,144.3,0,1.0,1,61.0,-117.0,-40.0,1,1,13,11,24.0,25.0,Completed,1,1
293,Aflibercept,OD,61,34.11,0,495.0,84.5,12,Type 2,Severe NPDR,6.0,0.0,91.0,1,11.4,0,1,0,21.0,3.089,Heidelberg Spectralis,0,0,0,0,0,0,1,White,1,164.3,0,0.0,0,75.0,-261.0,-218.0,0,0,6,5,5.0,9.0,Completed,1,1
294,Bevacizumab,OS,64,51.86,0,432.0,87.5,20,Type 2,Mild/moderate NPDR,3.0,0.0,58.0,0,8.3,0,1,0,21.0,,Zeiss Cirrus,0,0,0,0,0,0,0,White,0,150.1,0,1.0,1,34.0,,86.0,0,0,10,9,,18.0,DropPostOutcome,0,1
295,Ranibizumab,OS,61,38.62,1,429.0,71.3,3,Type 2,Mild/moderate NPDR,4.0,0.0,83.0,0,7.5,1,1,1,14.0,4.687,Heidelberg Spectralis,0,0,0,0,0,0,0,White,0,87.0,0,0.0,0,70.0,-153.0,-114.0,0,0,13,8,-0.0,2.0,Completed,1,1
296,Aflibercept,OS,64,29.08,0,291.0,86.1,13,Type 2,Mild/moderate NPDR,3.0,1.0,36.0,0,,0,1,0,13.0,3.555,Heidelberg Spectralis,0,0,0,0,0,0,1,White,0,151.8,0,0.0,0,76.0,-39.0,-23.0,0,0,12,9,3.0,8.0,Completed,1,1
297,Bevacizumab,OS,58,,0,,82.0,35,Type 2,PDR and/or prior scatter,7.0,1.0,68.0,1,9.7,1,1,1,7.0,5.429,Zeiss Cirrus,0,1,1,1,0,0,0,White,1,127.8,0,1.0,0,69.0,,,1,0,12,7,14.0,3.0,Completed,1,1
298,Ranibizumab,OD,75,50.38,0,634.0,86.6,12,Type 2,Mild/moderate NPDR,4.0,1.0,65.0,1,7.1,0,1,0,14.0,,Zeiss Cirrus,0,0,0,0,0,0,1,White,0,148.1,0,1.0,0,78.0,-248.0,-232.0,0,0,10,6,7.0,20.0,Completed,1,1
299,Ranibizumab,OS,55,20.99,0,375.0,81.4,18,Type 2,Severe NPDR,6.0,1.0,98.0,1,8.3,0,0,0,21.0,9.48,Zeiss Cirrus,0,1,1,0,0,0,0,White,0,138.7,0,1.0,1,59.0,,-3.0,1,0,13,12,,5.0,DropPostOutcome,0,1
300,Ranibizumab,OD,71,27.13,0,538.0,79.1,25,Type 2,Mild/moderate NPDR,6.0,0.0,67.0,1,9.5,1,1,1,13.0,5.312,Zeiss Cirrus,0,0,0,0,1,0,1,White,0,135.1,0,1.0,0,69.0,-185.0,-113.0,1,1,19,12,6.0,5.0,Completed,1,1
301,Bevacizumab,OS,54,31.85,0,323.0,78.4,18,Type 2,Mild/moderate NPDR,4.0,1.0,82.0,1,6.3,0,1,0,15.0,0.88,Heidelberg Spectralis,0,1,1,0,0,0,1,White,0,137.0,0,1.0,1,64.0,-173.0,-128.0,0,0,13,10,10.0,1.0,Completed,1,1
302,Bevacizumab,OD,59,30.45,0,362.0,85.2,41,Type 2,Severe NPDR,3.0,1.0,35.0,1,7.9,0,1,1,14.0,7.259,Heidelberg Spectralis,0,0,0,0,0,0,0,White,0,138.6,0,0.0,1,60.0,31.0,29.0,1,1,13,11,23.0,25.0,Completed,1,1
303,Aflibercept,OD,49,31.1,0,528.0,95.3,15,Type 2,Severe NPDR,5.0,1.0,63.0,0,6.3,1,1,0,17.0,4.251,Heidelberg Spectralis,1,1,1,0,0,0,1,White,0,165.9,0,0.0,1,52.0,-149.0,-174.0,0,0,11,9,36.0,20.0,Completed,1,1
304,Ranibizumab,OS,65,23.53,0,374.0,84.9,21,Type 2,Microaneurysms only,,1.0,53.0,1,6.5,0,1,0,20.0,9.126,Zeiss Stratus,0,0,0,0,1,0,1,White,0,138.6,0,0.0,1,43.0,-103.0,-76.0,1,1,11,8,17.0,12.0,Completed,1,1
305,Aflibercept,OS,74,44.65,0,486.0,78.6,16,Type 2,Mild/moderate NPDR,4.0,1.0,98.0,1,7.1,0,1,0,10.0,7.936,Zeiss Cirrus,1,1,1,0,1,0,0,White,0,160.7,0,1.0,1,64.0,-22.0,-60.0,0,0,12,9,-16.0,-2.0,Completed,1,1
306,Bevacizumab,OS,59,22.6,0,452.0,79.4,31,Type 2,Mild/moderate NPDR,4.0,1.0,57.0,0,8.7,0,1,1,11.0,3.588,Heidelberg Spectralis,0,1,0,0,0,0,1,,0,157.8,0,1.0,0,72.0,-17.0,31.0,1,1,15,12,-10.0,-2.0,Completed,1,1
307,Bevacizumab,OS,58,32.14,0,409.0,91.0,11,Type 2,PDR and/or prior scatter,8.0,1.0,71.0,0,7.4,0,1,1,20.0,6.288,Zeiss Cirrus,0,1,1,0,1,0,1,Black/African American,0,152.3,0,1.0,1,60.0,-25.0,1.0,1,1,14,10,16.0,14.0,Completed,1,1
308,Aflibercept,OS,49,41.86,0,392.0,86.0,43,Type 2,Mild/moderate NPDR,4.0,1.0,73.0,0,7.0,0,1,0,18.0,3.393,Heidelberg Spectralis,0,0,0,0,0,0,0,Black/African American,0,103.3,0,1.0,0,78.0,-176.0,-154.0,1,0,16,11,2.0,9.0,Completed,1,1
309,Ranibizumab,OD,58,33.46,0,326.0,91.5,9,Type 2,Mild/moderate NPDR,4.0,1.0,38.0,0,8.0,0,1,0,15.0,4.706,Zeiss Cirrus,0,0,0,1,0,0,0,Black/African American,0,161.3,0,0.0,1,66.0,-79.0,-130.0,0,0,14,9,8.0,4.0,Completed,1,1
310,Bevacizumab,OD,44,26.06,0,598.0,76.3,37,Type 2,PDR and/or prior scatter,6.0,0.0,59.0,0,6.3,0,1,0,21.0,6.187,Zeiss Cirrus,0,0,0,0,1,0,0,Asian,0,129.8,0,1.0,0,75.0,-143.0,-138.0,0,0,7,6,-0.0,2.0,Completed,1,1
311,Bevacizumab,OD,51,23.18,0,647.0,89.7,7,Type 2,Mild/moderate NPDR,2.0,1.0,78.0,0,8.6,0,1,1,11.0,7.149,Heidelberg Spectralis,0,0,0,0,1,0,0,White,0,153.3,0,0.0,0,70.0,-211.0,-129.0,0,0,13,8,19.0,26.0,Completed,1,1
312,Bevacizumab,OD,62,31.91,0,363.0,66.3,21,Type 2,Severe NPDR,5.0,1.0,72.0,0,9.9,0,1,1,18.0,6.669,Heidelberg Spectralis,1,1,0,0,0,0,0,,0,119.5,0,0.0,0,75.0,-145.0,-173.0,1,1,13,9,20.0,25.0,Completed,1,1
313,Ranibizumab,OD,73,27.8,1,333.0,88.2,14,Type 2,Mild/moderate NPDR,4.0,1.0,24.0,0,7.8,0,1,0,15.0,4.865,Zeiss Cirrus,0,0,0,0,0,0,0,White,0,115.3,0,1.0,1,64.0,89.0,25.0,1,1,13,11,26.0,21.0,Completed,1,1
314,Aflibercept,OS,87,35.3,0,396.0,97.1,24,Type 2,Mild/moderate NPDR,3.0,0.0,59.0,1,7.6,0,1,0,17.0,9.8,Zeiss Cirrus,1,1,0,0,0,0,0,White,0,178.5,0,1.0,1,65.0,-157.0,-137.0,0,0,12,7,18.0,30.0,Completed,1,1
315,Bevacizumab,OS,54,22.77,1,489.0,70.8,19,Type 1,Microaneurysms only,3.0,1.0,90.0,1,8.5,0,1,1,8.0,3.897,Heidelberg Spectralis,0,0,0,0,0,0,0,White,0,119.9,0,0.0,1,65.0,-290.0,-244.0,1,1,7,6,32.0,25.0,Completed,1,1
316,Ranibizumab,OS,74,40.04,0,436.0,88.6,23,Type 2,Mild/moderate NPDR,4.0,1.0,82.0,1,5.3,0,1,1,15.0,1.164,Heidelberg Spectralis,0,0,0,0,0,0,0,White,1,161.9,0,0.0,0,70.0,-63.0,-88.0,1,1,8,7,30.0,28.0,Completed,1,1
317,Aflibercept,OD,62,34.6,0,507.0,78.8,7,Uncertain,Mild/moderate NPDR,,0.0,94.0,1,8.8,0,1,1,18.0,1.588,Heidelberg Spectralis,0,0,0,0,0,0,0,Black/African American,0,141.4,0,1.0,1,56.0,,-131.0,1,1,11,10,,17.0,DropPostOutcome,0,1
318,Ranibizumab,OS,58,35.18,0,424.0,92.9,4,Type 2,Mild/moderate NPDR,3.0,0.0,50.0,0,14.7,0,0,1,15.0,7.943,Zeiss Cirrus,0,1,1,0,0,0,0,White,0,130.6,0,0.0,0,77.0,-114.0,-138.0,0,0,19,13,-10.0,-2.0,Completed,1,1
319,Aflibercept,OS,64,44.94,0,417.0,80.9,6,Type 2,Mild/moderate NPDR,4.0,1.0,96.0,1,7.7,0,1,1,19.0,4.531,Zeiss Cirrus,0,0,0,0,1,0,0,Black/African American,0,138.1,0,0.0,0,78.0,-267.0,-207.0,1,1,14,9,22.0,22.0,Completed,1,1
320,Ranibizumab,OS,61,30.29,1,789.0,76.5,6,Type 2,Mild/moderate NPDR,4.0,1.0,69.0,1,7.7,0,1,1,19.0,5.05,Heidelberg Spectralis,0,0,0,0,0,0,1,White,0,113.0,0,0.0,0,74.0,-221.0,-241.0,0,0,15,11,0.0,3.0,Completed,1,1
321,Bevacizumab,OD,61,28.04,0,405.0,88.5,7,Type 2,Mild/moderate NPDR,3.0,1.0,98.0,1,9.2,0,1,1,12.0,3.506,Heidelberg Spectralis,0,0,0,0,0,0,0,,0,138.7,0,0.0,0,69.0,-101.0,-107.0,0,0,8,6,-12.0,-3.0,Completed,1,1
322,Aflibercept,OD,56,29.43,0,633.0,69.3,9,Type 2,Mild/moderate NPDR,3.0,1.0,70.0,0,11.0,0,1,0,18.0,3.704,Zeiss Cirrus,0,1,1,0,0,0,0,White,1,117.3,0,0.0,1,67.0,-247.0,-199.0,0,0,14,9,21.0,9.0,Completed,1,1
323,Bevacizumab,OS,46,32.2,0,604.0,82.5,9,Type 2,Mild/moderate NPDR,4.0,1.0,29.0,1,9.6,1,1,0,12.0,2.968,Zeiss Cirrus,0,0,0,0,0,0,0,White,0,131.1,0,0.0,1,39.0,-259.0,-301.0,0,0,8,5,12.0,17.0,Completed,1,1
324,Bevacizumab,OD,45,32.99,0,482.0,91.4,14,Type 2,PDR and/or prior scatter,8.0,0.0,87.0,0,5.1,0,1,0,16.0,5.737,Zeiss Cirrus,0,1,1,1,0,0,0,White,1,157.5,0,0.0,0,77.0,-75.0,-83.0,1,0,14,12,-22.0,-13.0,Completed,1,1
325,Aflibercept,OD,67,27.22,0,303.0,69.9,8,Type 2,Mild/moderate NPDR,4.0,1.0,61.0,0,,0,1,1,17.0,4.486,Heidelberg Spectralis,0,0,0,0,1,0,0,White,0,144.1,0,0.0,1,64.0,14.0,-29.0,1,1,8,4,4.0,2.0,Completed,1,1
326,Ranibizumab,OD,57,18.0,0,432.0,76.3,8,Type 2,PDR and/or prior scatter,7.0,1.0,62.0,1,13.3,0,1,1,13.0,5.657,Zeiss Cirrus,0,1,1,0,0,0,1,Black/African American,0,109.4,0,0.0,0,72.0,-109.0,-57.0,0,0,13,10,1.0,1.0,Completed,1,1
327,Bevacizumab,OS,54,29.32,0,406.0,87.9,12,Type 1,Mild/moderate NPDR,4.0,1.0,41.0,0,9.0,0,1,1,18.0,5.447,Heidelberg Spectralis,0,0,0,1,0,1,0,White,0,156.0,0,0.0,0,78.0,50.0,44.0,1,1,9,6,2.0,-7.0,Completed,1,1
328,Bevacizumab,OS,60,36.51,0,456.0,84.3,26,Type 1,Mild/moderate NPDR,5.0,1.0,98.0,1,6.3,0,0,1,14.0,3.763,Heidelberg Spectralis,1,1,1,0,0,0,0,White,0,138.9,0,1.0,0,69.0,-198.0,-152.0,1,1,13,8,15.0,17.0,Completed,1,1
329,Aflibercept,OD,68,34.76,0,336.0,80.1,11,Type 2,PDR and/or prior scatter,7.0,1.0,60.0,1,8.4,0,1,1,14.0,1.491,Zeiss Cirrus,0,1,1,0,1,0,0,White,0,128.2,0,0.0,1,66.0,,,0,0,6,6,,,DropPreOutcome,0,0
330,Aflibercept,OD,62,43.06,0,512.0,90.2,14,Type 2,PDR and/or prior scatter,7.0,1.0,98.0,0,6.1,0,1,0,18.0,1.299,Zeiss Cirrus,1,1,1,0,0,0,0,White,0,153.9,0,0.0,1,62.0,-244.0,-293.0,1,1,17,13,25.0,23.0,Completed,1,1
331,Ranibizumab,OS,53,,1,541.0,94.8,15,Type 2,Mild/moderate NPDR,5.0,1.0,61.0,0,10.1,0,1,0,13.0,9.8,Zeiss Cirrus,0,0,0,0,0,0,0,White,1,135.7,0,0.0,1,61.0,,,0,0,10,10,,,DropPreOutcome,0,0
332,Ranibizumab,OS,72,,0,565.0,64.7,7,Type 2,Mild/moderate NPDR,4.0,1.0,51.0,1,,0,1,0,13.0,7.952,Zeiss Cirrus,0,0,0,0,0,0,0,White,0,115.7,0,1.0,1,62.0,-314.0,-249.0,1,1,8,6,15.0,13.0,Completed,1,1
333,Ranibizumab,OS,76,44.48,0,417.0,91.3,11,Type 2,PDR and/or prior scatter,7.0,1.0,96.0,0,8.0,0,1,1,19.0,7.648,Heidelberg Spectralis,0,0,0,0,0,0,1,,0,176.0,1,0.0,0,73.0,-52.0,-80.0,0,0,15,11,17.0,15.0,Completed,1,1
334,Bevacizumab,OD,65,39.68,0,291.0,89.3,9,Type 2,Mild/moderate NPDR,4.0,0.0,69.0,1,6.7,1,1,1,16.0,3.216,Zeiss Stratus,0,0,0,0,0,1,0,White,0,138.7,0,1.0,0,78.0,124.0,135.0,0,0,12,10,7.0,6.0,Completed,1,1
335,Aflibercept,OS,70,47.04,0,465.0,87.2,25,Type 2,Mild/moderate NPDR,2.0,1.0,69.0,0,7.1,0,1,1,11.0,4.721,Zeiss Cirrus,0,0,0,0,1,1,0,White,1,137.4,0,0.0,1,42.0,1.0,-36.0,0,0,12,8,19.0,21.0,Completed,1,1
336,Aflibercept,OD,72,48.14,0,676.0,84.9,24,Type 1,Severe NPDR,5.0,1.0,44.0,0,10.7,0,1,1,18.0,2.906,Heidelberg Spectralis,0,0,0,0,0,0,0,White,1,130.9,0,0.0,1,66.0,-376.0,-334.0,0,0,11,6,9.0,4.0,Completed,1,1
337,Bevacizumab,OS,71,41.12,0,436.0,110.0,8,Type 2,PDR and/or prior scatter,7.0,0.0,61.0,0,8.1,0,1,0,14.0,1.813,Zeiss Cirrus,0,0,0,0,0,0,0,White,0,162.6,0,0.0,0,70.0,,-60.0,0,0,11,8,,11.0,DropPostOutcome,0,1
338,Aflibercept,OD,66,39.21,0,502.0,85.7,14,Type 2,Severe NPDR,5.0,0.0,79.0,0,7.1,0,1,1,11.0,3.405,Heidelberg Spectralis,0,1,1,0,0,0,0,White,0,128.5,0,0.0,0,76.0,,-125.0,1,1,8,6,,-5.0,DropPostOutcome,0,1
339,Aflibercept,OD,66,32.1,0,431.0,84.3,21,Type 1,Mild/moderate NPDR,5.0,1.0,44.0,1,6.3,1,1,1,7.0,7.618,Heidelberg Spectralis,0,0,0,0,0,1,0,White,0,108.1,0,1.0,1,62.0,-91.0,-89.0,0,0,17,13,29.0,20.0,Completed,1,1
340,Aflibercept,OD,65,33.38,0,382.0,76.0,17,Type 2,PDR and/or prior scatter,6.0,1.0,59.0,0,5.5,0,1,1,18.0,6.55,Zeiss Cirrus,0,1,1,0,0,0,0,White,0,125.4,0,1.0,1,63.0,-203.0,-121.0,0,0,13,10,13.0,17.0,Completed,1,1
341,Bevacizumab,OD,49,31.06,0,525.0,81.9,19,Type 2,Mild/moderate NPDR,2.0,1.0,62.0,0,6.2,0,1,0,13.0,2.566,Heidelberg Spectralis,0,0,0,1,1,0,0,White,0,165.5,0,0.0,0,78.0,-33.0,-136.0,0,0,13,9,8.0,-7.0,Completed,1,1
342,Bevacizumab,OS,67,38.55,1,443.0,85.3,7,Type 1,PDR and/or prior scatter,6.0,1.0,71.0,0,8.1,0,1,0,11.0,4.007,Heidelberg Spectralis,0,0,0,0,1,0,0,White,0,155.6,0,1.0,0,77.0,-96.0,-94.0,0,0,13,10,3.0,7.0,Completed,1,1
343,Bevacizumab,OD,46,,0,471.0,88.3,36,Type 1,Mild/moderate NPDR,2.0,0.0,98.0,1,9.6,0,1,1,17.0,6.348,Zeiss Cirrus,0,1,0,0,0,0,1,White,0,133.9,1,0.0,1,68.0,-183.0,-119.0,1,1,9,7,6.0,10.0,Completed,1,1
344,Bevacizumab,OD,52,32.21,0,438.0,95.5,9,Type 2,Severe NPDR,5.0,1.0,64.0,1,7.1,0,0,0,18.0,3.444,Zeiss Stratus,0,0,0,0,0,1,1,White,0,166.5,0,0.0,0,72.0,-103.0,-106.0,1,1,13,8,12.0,8.0,Completed,1,1
345,Ranibizumab,OD,73,18.0,0,465.0,91.6,9,Type 2,Severe NPDR,4.0,1.0,56.0,1,10.8,0,1,1,13.0,4.875,Zeiss Cirrus,0,1,1,0,1,0,0,White,0,154.0,0,1.0,0,78.0,-142.0,-149.0,0,0,18,13,10.0,7.0,Completed,1,1
346,Bevacizumab,OS,68,47.14,0,489.0,79.4,5,Type 2,Mild/moderate NPDR,5.0,1.0,98.0,1,6.9,0,1,0,18.0,5.584,Zeiss Cirrus,0,0,0,0,0,0,0,Black/African American,0,133.7,0,0.0,1,53.0,-116.0,-146.0,1,1,17,13,8.0,7.0,Completed,1,1
347,Aflibercept,OS,75,31.98,1,377.0,78.5,13,Type 2,Severe NPDR,6.0,1.0,61.0,1,7.6,0,1,0,22.0,5.56,Heidelberg Spectralis,0,0,0,0,0,0,0,White,0,135.7,0,0.0,1,55.0,-158.0,-185.0,1,1,13,11,29.0,24.0,Completed,1,1
348,Bevacizumab,OS,57,37.25,0,348.0,83.4,28,Type 2,PDR and/or prior scatter,6.0,1.0,66.0,1,6.4,0,1,0,20.0,5.259,Zeiss Cirrus,0,0,0,0,0,0,0,,0,145.6,0,0.0,0,71.0,20.0,39.0,1,1,11,7,1.0,-1.0,Completed,1,1
349,Aflibercept,OS,48,45.07,0,425.0,84.8,17,Type 2,Mild/moderate NPDR,3.0,1.0,63.0,0,9.7,0,1,0,19.0,3.262,Zeiss Cirrus,0,0,0,0,0,0,0,White,0,122.4,0,0.0,0,76.0,-181.0,-102.0,0,0,10,9,9.0,-4.0,Completed,1,1
350,Ranibizumab,OS,58,36.04,0,427.0,91.1,13,Type 2,Mild/moderate NPDR,5.0,1.0,64.0,1,12.1,0,1,1,16.0,3.488,Zeiss Cirrus,0,0,0,0,0,0,0,White,0,139.1,0,0.0,1,59.0,24.0,16.0,0,0,11,8,19.0,19.0,Completed,1,1
351,Aflibercept,OS,61,44.97,0,380.0,75.4,23,Type 2,Mild/moderate NPDR,5.0,0.0,72.0,0,5.6,0,1,0,14.0,2.206,Zeiss Cirrus,0,0,0,0,0,0,0,White,0,145.2,0,0.0,1,56.0,-158.0,-82.0,0,0,20,13,22.0,27.0,Completed,1,1
352,Ranibizumab,OD,61,24.01,0,454.0,79.9,28,Type 2,Severe NPDR,3.0,0.0,88.0,0,7.4,1,1,0,15.0,1.265,Zeiss Cirrus,0,1,1,0,0,0,0,White,0,105.3,0,1.0,1,65.0,-124.0,-163.0,0,0,9,6,14.0,17.0,Completed,1,1
353,Ranibizumab,OS,71,52.4,0,531.0,75.7,24,Type 2,Severe NPDR,5.0,0.0,78.0,0,10.2,1,0,1,17.0,4.448,Zeiss Cirrus,0,0,0,0,0,0,0,Black/African American,0,135.2,0,1.0,0,78.0,-269.0,-230.0,0,0,10,8,8.0,5.0,Completed,1,1
354,Ranibizumab,OS,56,42.18,0,593.0,85.7,3,Type 2,Mild/moderate NPDR,2.0,0.0,92.0,0,5.9,0,1,1,11.0,6.496,Heidelberg Spectralis,0,0,0,0,0,0,1,White,0,132.9,0,0.0,0,70.0,-210.0,-225.0,0,0,13,9,-5.0,-8.0,Completed,1,1
355,Bevacizumab,OS,64,35.33,0,599.0,87.6,23,Type 2,Mild/moderate NPDR,3.0,0.0,91.0,0,8.9,0,1,0,13.0,1.663,Zeiss Cirrus,0,1,1,0,1,0,1,White,0,159.6,0,1.0,1,62.0,-189.0,-153.0,1,1,15,11,27.0,25.0,Completed,1,1
356,Bevacizumab,OD,50,44.82,0,343.0,86.5,19,Type 2,Severe NPDR,6.0,0.0,74.0,0,10.1,0,1,1,11.0,5.301,Heidelberg Spectralis,1,1,1,0,0,0,1,White,0,102.1,0,0.0,1,56.0,,,0,0,6,6,,,DropPreOutcome,0,0
357,Ranibizumab,OS,65,24.58,0,354.0,76.8,8,Type 2,Mild/moderate NPDR,7.0,1.0,78.0,0,8.0,0,1,1,16.0,,Heidelberg Spectralis,1,1,1,0,0,0,0,White,0,131.4,0,0.0,0,78.0,-204.0,-168.0,1,0,12,9,16.0,9.0,Completed,1,1
358,Ranibizumab,OD,60,31.45,0,401.0,81.8,19,Type 2,Mild/moderate NPDR,4.0,1.0,92.0,0,,0,0,0,16.0,0.88,Zeiss Cirrus,0,1,1,0,1,0,0,White,0,129.4,0,0.0,1,60.0,-130.0,-149.0,1,1,16,10,40.0,32.0,Completed,1,1
359,Ranibizumab,OD,53,,0,462.0,94.8,28,Type 2,Mild/moderate NPDR,3.0,1.0,48.0,0,11.3,1,0,1,13.0,4.105,Heidelberg Spectralis,1,1,1,0,0,0,0,American Indian/Alaskan Native,0,158.2,0,0.0,1,57.0,-172.0,-137.0,1,0,10,7,16.0,16.0,Completed,1,1
360,Ranibizumab,OS,58,,0,431.0,74.5,10,Type 2,Severe NPDR,4.0,0.0,98.0,0,11.7,0,0,1,18.0,8.322,Heidelberg Spectralis,0,0,0,1,0,0,0,White,0,138.1,0,1.0,0,77.0,-45.0,-66.0,1,1,9,7,19.0,8.0,Completed,1,1
361,Aflibercept,OD,58,38.07,0,402.0,93.5,25,Type 2,PDR and/or prior scatter,7.0,0.0,60.0,0,7.8,0,1,1,12.0,5.914,Heidelberg Spectralis,0,0,0,0,0,0,0,Black/African American,0,174.9,0,1.0,1,40.0,-252.0,-227.0,0,0,12,9,32.0,27.0,Completed,1,1
362,Aflibercept,OD,57,37.85,1,425.0,84.7,17,Type 2,Severe NPDR,4.0,1.0,63.0,1,7.1,0,1,1,13.0,0.88,Heidelberg Spectralis,0,0,0,0,0,0,0,White,1,152.2,0,0.0,1,45.0,-139.0,-120.0,1,1,13,10,38.0,24.0,Completed,1,1
363,Aflibercept,OS,78,49.06,0,480.0,75.7,1,Type 2,Mild/moderate NPDR,3.0,0.0,46.0,0,6.6,0,1,0,18.0,6.148,Zeiss Cirrus,0,1,1,0,0,0,1,White,0,130.8,0,0.0,1,61.0,-170.0,-161.0,1,1,13,11,39.0,39.0,Completed,1,1
364,Ranibizumab,OD,59,21.35,0,317.0,80.4,14,Type 2,PDR and/or prior scatter,7.0,0.0,46.0,0,9.6,0,1,1,18.0,3.055,Zeiss Cirrus,0,0,0,0,0,0,0,White,0,143.8,0,0.0,1,34.0,-76.0,-72.0,1,1,14,10,13.0,12.0,Completed,1,1
365,Bevacizumab,OS,58,46.26,1,776.0,91.5,17,Type 1,Mild/moderate NPDR,4.0,0.0,89.0,0,6.0,1,0,1,13.0,6.221,Heidelberg Spectralis,0,0,0,0,0,0,0,Black/African American,0,131.9,0,1.0,1,61.0,-400.0,-353.0,1,0,13,8,11.0,6.0,Completed,1,1
366,Aflibercept,OD,39,29.34,1,456.0,82.7,12,Type 2,PDR and/or prior scatter,7.0,1.0,98.0,0,7.5,0,1,0,16.0,3.182,Heidelberg Spectralis,0,1,1,0,1,0,0,White,1,156.2,0,0.0,0,74.0,-193.0,-211.0,0,0,13,9,2.0,4.0,Completed,1,1
367,Bevacizumab,OD,51,,1,574.0,80.2,18,Type 2,Mild/moderate NPDR,3.0,1.0,59.0,1,8.1,0,1,0,13.0,4.583,Heidelberg Spectralis,0,1,1,0,0,0,1,White,0,112.4,0,0.0,0,76.0,-186.0,-165.0,1,1,12,8,24.0,23.0,Completed,1,1
368,Ranibizumab,OS,57,24.17,0,400.0,81.0,13,Type 2,PDR and/or prior scatter,6.0,1.0,77.0,0,7.2,0,1,0,15.0,3.517,Heidelberg Spectralis,0,0,0,0,0,0,1,White,0,122.5,0,0.0,0,76.0,,-18.0,1,1,10,9,,0.0,DropPostOutcome,0,1
369,Ranibizumab,OS,53,25.21,0,491.0,72.6,49,Type 2,PDR and/or prior scatter,7.0,1.0,74.0,1,8.4,1,1,1,16.0,4.707,Zeiss Cirrus,0,1,1,0,0,0,0,White,0,148.1,0,1.0,0,75.0,-86.0,-75.0,0,0,13,10,16.0,11.0,Completed,1,1
370,Bevacizumab,OD,74,36.85,0,439.0,95.6,11,Type 2,PDR and/or prior scatter,6.0,1.0,90.0,1,13.2,0,1,0,17.0,,Zeiss Cirrus,0,1,1,0,0,0,0,White,0,163.5,0,0.0,1,64.0,,-162.0,1,1,10,6,,18.0,DropPostOutcome,0,1
371,Bevacizumab,OS,58,25.02,0,480.0,56.0,8,Type 2,Mild/moderate NPDR,3.0,1.0,98.0,1,7.7,0,1,1,16.0,4.208,Zeiss Stratus,0,0,0,0,0,0,0,White,0,95.0,1,0.0,0,78.0,-150.0,-124.0,1,1,14,10,14.0,12.0,Completed,1,1
372,Ranibizumab,OS,73,39.47,0,409.0,97.6,24,Type 2,PDR and/or prior scatter,8.0,1.0,98.0,1,7.3,0,1,1,16.0,2.114,Zeiss Cirrus,0,1,1,0,0,0,0,White,1,166.5,0,0.0,1,67.0,-259.0,-256.0,1,1,11,8,25.0,20.0,Completed,1,1
373,Bevacizumab,OD,61,28.53,0,644.0,77.4,12,Type 2,Severe NPDR,5.0,1.0,65.0,1,9.7,0,0,0,12.0,5.779,Heidelberg Spectralis,0,0,0,0,0,0,0,White,0,136.2,0,1.0,0,70.0,-208.0,-215.0,0,0,14,11,27.0,22.0,Completed,1,1
374,Bevacizumab,OS,60,24.24,1,260.0,71.5,14,Type 2,Mild/moderate NPDR,2.0,1.0,81.0,1,8.3,0,1,0,17.0,5.086,Zeiss Stratus,0,0,0,0,0,0,0,White,0,101.3,0,0.0,1,55.0,50.0,80.0,1,1,16,13,16.0,11.0,Completed,1,1
375,Bevacizumab,OD,59,29.58,0,536.0,52.2,13,Type 2,Mild/moderate NPDR,5.0,1.0,83.0,0,10.6,0,1,1,17.0,1.144,Zeiss Cirrus,0,1,0,0,0,0,0,Black/African American,0,79.0,0,0.0,1,64.0,9.0,-39.0,1,1,11,9,8.0,6.0,Completed,1,1
376,Bevacizumab,OS,60,36.33,0,441.0,74.8,23,Type 2,Severe NPDR,5.0,0.0,70.0,0,8.2,0,1,0,18.0,6.884,Zeiss Cirrus,0,0,0,0,0,0,1,White,0,108.4,0,0.0,0,75.0,,-210.0,0,0,8,6,,7.0,DropPostOutcome,0,1
377,Ranibizumab,OS,77,31.54,0,364.0,91.8,7,Type 2,PDR and/or prior scatter,6.0,1.0,48.0,1,7.5,1,0,1,13.0,4.312,Heidelberg Spectralis,0,0,0,0,0,0,0,More than one race,0,138.6,0,0.0,0,77.0,,-148.0,0,0,14,11,,2.0,DropPostOutcome,0,1
378,Bevacizumab,OS,37,33.97,0,707.0,75.0,25,Type 2,PDR and/or prior scatter,7.0,0.0,54.0,0,5.5,0,0,1,18.0,5.056,Heidelberg Spectralis,0,0,0,0,1,0,0,Asian,0,137.7,1,1.0,1,52.0,-288.0,-255.0,1,1,11,9,42.0,39.0,Completed,1,1
379,Aflibercept,OS,40,39.13,0,691.0,81.2,20,Type 2,Mild/moderate NPDR,3.0,1.0,93.0,1,5.7,0,1,1,11.0,6.382,Heidelberg Spectralis,0,0,0,0,1,0,0,White,0,151.7,0,0.0,1,51.0,,,1,0,15,12,,19.0,DropPostOutcome,0,1
380,Ranibizumab,OD,55,42.14,0,269.0,84.0,39,Type 2,Severe NPDR,6.0,1.0,95.0,0,5.5,0,1,1,14.0,5.422,Zeiss Cirrus,0,0,0,1,0,0,0,White,0,128.0,0,0.0,0,69.0,38.0,5.0,0,0,10,7,15.0,10.0,Completed,1,1
381,Bevacizumab,OD,60,31.28,0,447.0,80.8,16,Type 2,Mild/moderate NPDR,4.0,0.0,66.0,1,8.5,0,1,0,15.0,7.263,Zeiss Cirrus,0,1,1,0,0,0,0,White,1,116.8,0,0.0,0,70.0,-24.0,-45.0,1,1,15,9,-11.0,-7.0,Completed,1,1
382,Bevacizumab,OD,67,25.56,0,506.0,57.4,7,Type 2,Mild/moderate NPDR,4.0,0.0,75.0,0,6.0,1,1,0,11.0,4.055,Zeiss Cirrus,0,1,0,0,0,0,0,White,0,130.7,0,0.0,0,76.0,-230.0,-218.0,1,1,15,12,6.0,7.0,Completed,1,1
383,Aflibercept,OS,65,34.29,0,,102.4,16,Type 2,PDR and/or prior scatter,7.0,0.0,94.0,1,10.2,0,1,0,14.0,6.976,Zeiss Cirrus,1,1,1,0,1,0,0,White,0,139.7,0,0.0,0,75.0,,,0,0,20,13,-3.0,4.0,Completed,1,1
384,Bevacizumab,OS,56,37.37,0,614.0,89.5,18,Type 2,Severe NPDR,4.0,0.0,36.0,0,8.0,0,1,1,16.0,4.97,Zeiss Cirrus,0,0,0,0,0,0,0,White,0,143.6,0,1.0,0,70.0,-301.0,-287.0,0,0,14,12,7.0,15.0,Completed,1,1
385,Aflibercept,OD,70,22.31,1,609.0,84.8,30,Type 1,PDR and/or prior scatter,8.0,1.0,61.0,1,7.5,0,0,1,10.0,5.817,Heidelberg Spectralis,0,1,1,0,0,0,0,White,0,123.2,0,0.0,0,71.0,,,0,0,6,6,,,DropPreOutcome,0,0
386,Bevacizumab,OS,70,26.75,0,456.0,87.3,7,Type 2,Mild/moderate NPDR,5.0,0.0,98.0,0,6.7,0,1,1,14.0,5.588,Zeiss Cirrus,0,0,0,0,0,0,0,White,0,157.0,0,0.0,0,74.0,-69.0,-80.0,1,1,12,9,26.0,19.0,Completed,1,1
387,Aflibercept,OS,62,28.09,0,764.0,61.6,4,Type 2,Mild/moderate NPDR,3.0,1.0,76.0,1,9.0,0,1,0,10.0,7.43,Heidelberg Spectralis,0,0,0,1,0,0,0,Native Hawaiian/Other Pacific Islander,0,126.6,0,1.0,0,75.0,-396.0,-414.0,0,0,14,9,24.0,23.0,Completed,1,1
388,Bevacizumab,OS,70,32.08,0,560.0,84.1,17,Type 2,Severe NPDR,5.0,0.0,47.0,0,6.7,0,1,1,22.0,6.287,Heidelberg Spectralis,0,0,0,0,0,0,0,,0,121.6,0,0.0,0,76.0,-270.0,-252.0,1,1,13,10,18.0,6.0,Completed,1,1
389,Bevacizumab,OD,63,27.76,1,420.0,74.4,40,Type 2,Mild/moderate NPDR,5.0,0.0,72.0,0,6.5,1,1,1,16.0,3.726,Heidelberg Spectralis,0,0,0,0,1,0,1,White,1,128.2,0,1.0,1,63.0,-78.0,-43.0,0,0,13,13,-1.0,0.0,Completed,1,1
390,Ranibizumab,OS,54,39.21,0,402.0,94.9,22,Type 2,Microaneurysms only,3.0,0.0,90.0,0,10.1,1,1,0,16.0,3.289,Heidelberg Spectralis,0,1,1,0,0,0,0,Native Hawaiian/Other Pacific Islander,0,160.5,0,0.0,1,56.0,14.0,-3.0,0,0,13,9,6.0,6.0,Completed,1,1
391,Aflibercept,OS,67,21.18,0,575.0,80.2,23,Type 2,PDR and/or prior scatter,9.0,0.0,19.0,0,8.5,0,1,0,16.0,4.591,Zeiss Cirrus,1,1,1,0,0,0,1,White,0,136.3,0,0.0,1,46.0,-243.0,-295.0,0,0,15,8,21.0,27.0,Completed,1,1
392,Aflibercept,OD,61,21.38,0,382.0,81.0,5,Type 2,PDR and/or prior scatter,10.0,0.0,74.0,0,7.6,0,1,1,17.0,3.028,Heidelberg Spectralis,0,0,0,0,0,0,0,White,0,125.1,0,0.0,1,59.0,-106.0,-140.0,0,0,8,5,17.0,19.0,Completed,1,1
393,Ranibizumab,OD,60,31.1,0,390.0,81.5,15,Type 2,PDR and/or prior scatter,7.0,1.0,63.0,1,9.0,1,1,1,19.0,2.385,Zeiss Cirrus,0,0,0,0,0,0,0,Black/African American,0,157.5,0,0.0,1,32.0,-89.0,-142.0,1,1,16,12,16.0,23.0,Completed,1,1
394,Ranibizumab,OD,75,32.33,0,406.0,104.0,30,Type 2,Severe NPDR,4.0,1.0,37.0,1,7.9,0,1,1,10.0,0.88,Zeiss Cirrus,0,0,0,0,0,0,0,White,0,180.0,0,1.0,0,77.0,4.0,8.0,1,1,11,8,-9.0,0.0,Completed,1,1
395,Aflibercept,OD,35,22.35,0,491.0,73.1,18,Type 2,Mild/moderate NPDR,3.0,0.0,72.0,1,8.6,0,1,1,20.0,1.292,Heidelberg Spectralis,0,0,0,1,0,0,0,White,0,143.2,0,0.0,1,67.0,-341.0,-317.0,0,0,13,11,22.0,29.0,Completed,1,1
396,Aflibercept,OS,46,28.97,0,410.0,110.0,4,Type 2,PDR and/or prior scatter,,0.0,67.0,1,6.7,0,1,1,19.0,9.068,Zeiss Cirrus,0,0,0,0,0,0,0,White,0,163.7,0,0.0,0,69.0,-83.0,-38.0,1,1,11,6,-5.0,-6.0,Completed,1,1
397,Ranibizumab,OS,48,30.57,0,317.0,110.0,15,Type 2,Mild/moderate NPDR,5.0,1.0,70.0,0,12.0,0,1,0,15.0,3.256,Zeiss Cirrus,0,0,0,0,0,0,0,Black/African American,0,159.7,0,1.0,0,76.0,-22.0,-67.0,1,1,10,7,-5.0,-1.0,Completed,1,1
398,Aflibercept,OS,56,30.63,0,589.0,94.8,21,Type 2,PDR and/or prior scatter,7.0,0.0,63.0,0,7.1,0,1,1,15.0,8.888,Heidelberg Spectralis,0,1,1,0,0,1,0,White,0,126.9,0,1.0,1,52.0,-339.0,-255.0,0,0,11,9,10.0,13.0,Completed,1,1
399,Ranibizumab,OD,57,34.88,0,390.0,95.4,14,Type 2,Mild/moderate NPDR,5.0,1.0,50.0,0,10.8,0,1,1,6.0,5.587,Zeiss Cirrus,0,0,0,0,0,0,0,White,0,139.5,0,0.0,0,77.0,-64.0,-114.0,0,0,15,9,6.0,3.0,Completed,1,1
400,Bevacizumab,OS,45,28.54,1,694.0,74.3,8,Type 2,PDR and/or prior scatter,8.0,0.0,41.0,0,7.6,0,1,1,11.0,4.591,Zeiss Cirrus,0,0,0,0,0,0,0,White,1,113.3,0,0.0,1,66.0,-282.0,-240.0,0,0,14,11,14.0,23.0,Completed,1,1
401,Aflibercept,OD,50,45.23,0,460.0,92.9,24,Type 1,Severe NPDR,4.0,0.0,56.0,0,9.3,0,1,1,17.0,1.399,Zeiss Cirrus,0,0,0,1,0,0,0,White,0,134.9,0,1.0,0,77.0,-146.0,-213.0,0,0,16,13,4.0,3.0,Completed,1,1
402,Bevacizumab,OS,51,37.51,0,579.0,78.3,11,Type 2,PDR and/or prior scatter,6.0,1.0,87.0,0,9.2,1,0,1,19.0,4.71,Zeiss Cirrus,0,1,1,0,0,0,1,White,0,126.5,0,1.0,1,36.0,-117.0,-104.0,0,0,12,6,25.0,20.0,Completed,1,1
403,Aflibercept,OD,85,27.4,1,522.0,65.8,19,Type 2,Mild/moderate NPDR,6.0,1.0,75.0,0,10.0,0,1,1,18.0,8.863,Heidelberg Spectralis,0,0,0,0,0,0,0,White,0,130.9,1,0.0,1,67.0,-109.0,,1,1,10,10,29.0,23.0,Completed,1,1
404,Ranibizumab,OD,78,34.44,0,610.0,92.7,14,Type 2,Severe NPDR,5.0,0.0,69.0,1,6.7,0,1,1,15.0,8.127,Heidelberg Spectralis,0,1,1,0,0,0,0,Black/African American,1,124.0,0,0.0,0,77.0,,,1,1,6,6,,,DropPreOutcome,0,0
405,Ranibizumab,OS,56,34.67,0,490.0,92.0,10,Type 2,PDR and/or prior scatter,6.0,1.0,49.0,0,9.8,0,1,1,22.0,5.303,Zeiss Cirrus,0,1,0,0,0,0,0,White,0,133.3,0,0.0,1,57.0,-134.0,-111.0,1,0,11,9,18.0,18.0,Completed,1,1
406,Ranibizumab,OD,56,43.17,0,478.0,86.1,43,Type 2,Mild/moderate NPDR,3.0,0.0,63.0,0,11.5,0,1,0,19.0,2.173,Heidelberg Spectralis,0,1,1,0,1,0,0,White,0,149.6,0,0.0,1,65.0,-199.0,-175.0,0,0,14,10,12.0,15.0,Completed,1,1
407,Aflibercept,OS,49,,0,510.0,70.7,10,Type 2,Mild/moderate NPDR,4.0,1.0,85.0,1,7.5,0,1,0,14.0,2.594,Zeiss Stratus,0,0,0,0,0,0,0,White,0,136.6,0,0.0,1,50.0,-231.0,-193.0,0,0,10,5,12.0,12.0,Completed,1,1
408,Ranibizumab,OS,41,39.69,0,,66.0,15,Type 2,Mild/moderate NPDR,,1.0,80.0,1,8.0,0,0,1,22.0,2.824,Heidelberg Spectralis,0,1,1,0,0,0,0,White,0,101.7,0,1.0,0,78.0,,,0,0,10,6,,6.0,DropPostOutcome,0,1
409,Ranibizumab,OS,59,34.03,0,428.0,61.2,14,Type 2,Severe NPDR,6.0,1.0,60.0,0,7.1,0,1,1,12.0,7.512,Heidelberg Spectralis,1,1,1,0,0,0,1,White,1,124.1,0,0.0,1,40.0,-186.0,-163.0,1,1,16,13,24.0,22.0,Completed,1,1
410,Bevacizumab,OS,50,45.33,1,542.0,82.6,16,Type 2,Severe NPDR,5.0,0.0,18.0,0,7.4,1,0,0,11.0,8.29,Heidelberg Spectralis,0,1,1,0,0,0,0,White,0,108.6,0,0.0,1,59.0,-120.0,-88.0,0,0,12,9,23.0,23.0,Completed,1,1
411,Aflibercept,OD,59,43.77,0,453.0,69.4,41,Type 2,Severe NPDR,7.0,1.0,57.0,0,11.2,0,1,0,14.0,5.131,Heidelberg Spectralis,0,0,0,0,0,0,0,White,0,143.9,0,0.0,0,71.0,-186.0,-126.0,0,0,14,11,23.0,19.0,Completed,1,1
412,Aflibercept,OS,44,,0,508.0,88.9,21,Type 2,Mild/moderate NPDR,5.0,0.0,60.0,0,6.5,0,1,0,13.0,4.033,Heidelberg Spectralis,0,0,0,0,0,0,0,White,0,149.1,0,0.0,1,53.0,-227.0,-209.0,1,1,13,10,41.0,40.0,Completed,1,1
413,Bevacizumab,OD,52,31.65,0,433.0,76.7,10,Type 2,Mild/moderate NPDR,4.0,0.0,52.0,1,6.6,0,1,1,14.0,8.107,Zeiss Cirrus,0,0,0,0,0,0,0,White,0,144.1,1,0.0,0,70.0,-45.0,-53.0,1,1,15,8,13.0,11.0,Completed,1,1
414,Bevacizumab,OS,61,37.65,0,264.0,64.7,34,Type 2,PDR and/or prior scatter,10.0,1.0,62.0,1,10.9,0,1,1,18.0,2.547,Zeiss Cirrus,0,0,0,0,0,0,0,White,0,123.3,0,0.0,1,68.0,7.0,53.0,1,1,16,9,-0.0,1.0,Completed,1,1
415,Ranibizumab,OD,64,32.29,1,409.0,86.9,23,Type 2,Severe NPDR,5.0,1.0,86.0,0,9.0,1,0,1,15.0,4.814,Zeiss Cirrus,0,0,0,0,0,0,0,White,0,143.9,0,1.0,1,49.0,-200.0,-184.0,1,1,13,9,14.0,16.0,Completed,1,1
416,Bevacizumab,OD,64,46.81,0,568.0,77.0,11,Type 2,Mild/moderate NPDR,5.0,1.0,69.0,0,12.1,0,0,0,15.0,5.719,Heidelberg Spectralis,0,0,0,0,0,0,0,Black/African American,0,129.6,0,1.0,0,74.0,-167.0,-213.0,1,1,12,9,12.0,6.0,Completed,1,1
417,Bevacizumab,OS,47,34.31,0,360.0,84.0,31,Type 2,Mild/moderate NPDR,4.0,0.0,90.0,0,7.2,0,1,1,16.0,2.802,Zeiss Cirrus,1,1,1,0,1,0,0,White,1,116.2,0,0.0,1,68.0,-170.0,-103.0,1,1,10,7,-8.0,3.0,Completed,1,1
418,Bevacizumab,OD,69,30.54,1,558.0,75.6,5,Type 2,Mild/moderate NPDR,5.0,1.0,40.0,0,8.1,0,1,1,8.0,3.301,Heidelberg Spectralis,0,0,0,0,0,0,0,Black/African American,0,153.8,0,0.0,1,65.0,-116.0,-183.0,0,0,12,6,16.0,13.0,Completed,1,1
419,Aflibercept,OS,52,30.12,0,448.0,81.0,6,Type 2,PDR and/or prior scatter,7.0,0.0,64.0,1,6.9,0,1,1,11.0,3.13,Zeiss Cirrus,0,0,0,0,1,0,0,Black/African American,0,155.4,0,1.0,0,69.0,-97.0,-60.0,0,0,14,10,9.0,12.0,Completed,1,1
420,Ranibizumab,OS,66,24.24,1,435.0,66.3,4,Type 2,Severe NPDR,5.0,0.0,31.0,0,8.2,0,1,1,14.0,7.817,Heidelberg Spectralis,0,0,0,0,0,0,0,White,0,158.0,0,0.0,1,57.0,-82.0,-80.0,0,0,13,10,-7.0,4.0,Completed,1,1
421,Bevacizumab,OS,60,38.04,0,531.0,58.6,2,Type 1,Severe NPDR,7.0,0.0,61.0,1,5.6,0,1,1,13.0,8.912,Zeiss Cirrus,0,0,0,0,0,0,0,Black/African American,0,126.8,0,0.0,1,50.0,-205.0,-246.0,1,1,11,10,18.0,24.0,Completed,1,1
422,Bevacizumab,OS,46,27.3,0,503.0,107.5,29,Type 2,Severe NPDR,6.0,1.0,49.0,1,9.1,0,1,1,15.0,4.953,Zeiss Cirrus,1,1,1,0,0,0,0,White,0,162.6,0,0.0,1,49.0,-93.0,-146.0,1,1,16,12,-3.0,-3.0,Completed,1,1
423,Bevacizumab,OS,57,42.27,1,473.0,99.8,16,Type 2,PDR and/or prior scatter,7.0,0.0,96.0,1,8.5,0,1,1,20.0,4.11,Zeiss Cirrus,0,0,0,0,1,0,0,White,0,129.1,1,0.0,0,76.0,-81.0,-90.0,0,0,12,11,4.0,3.0,Completed,1,1
424,Aflibercept,OD,64,23.62,0,570.0,88.0,4,Type 2,Mild/moderate NPDR,3.0,0.0,78.0,1,7.8,0,0,0,15.0,3.38,Heidelberg Spectralis,0,0,0,0,0,0,0,White,0,152.1,0,1.0,1,52.0,-223.0,-185.0,0,0,12,10,37.0,32.0,Completed,1,1
425,Ranibizumab,OD,66,34.69,0,475.0,72.1,14,Type 2,Mild/moderate NPDR,4.0,0.0,90.0,0,7.3,0,1,0,11.0,4.704,Heidelberg Spectralis,0,0,0,0,0,0,1,White,0,128.8,0,0.0,0,70.0,-234.0,-193.0,0,0,7,5,19.0,14.0,Completed,1,1
426,Bevacizumab,OD,59,42.67,0,295.0,78.9,25,Type 2,Mild/moderate NPDR,3.0,1.0,61.0,1,6.6,0,1,1,13.0,3.49,Zeiss Cirrus,0,0,0,0,0,0,0,White,1,134.5,0,0.0,0,73.0,-105.0,-72.0,1,1,14,10,-8.0,1.0,Completed,1,1
427,Aflibercept,OS,75,18.0,0,418.0,76.4,8,Type 2,Microaneurysms only,4.0,1.0,50.0,1,9.2,0,1,0,21.0,4.487,Heidelberg Spectralis,1,1,1,0,0,0,0,White,0,90.6,0,0.0,0,78.0,-72.0,-138.0,1,1,13,9,22.0,22.0,Completed,1,1
428,Bevacizumab,OD,70,49.44,1,310.0,76.3,12,Type 2,Severe NPDR,6.0,1.0,49.0,0,6.3,0,0,0,20.0,5.609,Heidelberg Spectralis,0,0,0,0,0,0,0,White,0,133.0,0,0.0,0,77.0,19.0,,1,1,14,12,4.0,-1.0,Completed,1,1
429,Ranibizumab,OD,57,30.38,0,525.0,85.9,44,Type 2,Severe NPDR,5.0,0.0,75.0,0,8.8,0,1,1,17.0,3.808,Heidelberg Spectralis,0,0,0,0,0,1,0,White,0,140.8,1,1.0,0,75.0,,,0,0,7,7,,,DropPreOutcome,0,0
430,Bevacizumab,OD,68,34.8,0,554.0,80.4,12,Type 2,PDR and/or prior scatter,9.0,0.0,98.0,1,12.0,0,1,1,10.0,4.283,Heidelberg Spectralis,0,0,0,0,1,0,0,White,0,130.8,0,1.0,0,76.0,,,0,0,5,5,,,DropPreOutcome,0,0
431,Bevacizumab,OD,79,38.16,0,535.0,88.6,4,Uncertain,Mild/moderate NPDR,6.0,0.0,78.0,1,10.7,0,1,1,16.0,4.292,Zeiss Cirrus,1,1,1,0,0,0,0,White,0,174.1,0,1.0,1,62.0,-82.0,-26.0,1,0,15,10,-16.0,-5.0,Completed,1,1
432,Aflibercept,OD,80,39.36,1,506.0,70.9,10,Type 2,Mild/moderate NPDR,4.0,1.0,63.0,1,5.9,0,0,1,17.0,4.001,Heidelberg Spectralis,1,1,1,1,0,1,0,White,0,115.8,0,0.0,1,56.0,-210.0,-201.0,1,1,11,8,6.0,12.0,Completed,1,1
433,Ranibizumab,OD,48,,0,539.0,82.4,4,Type 2,Severe NPDR,6.0,0.0,66.0,0,7.1,1,1,1,15.0,3.729,Zeiss Cirrus,0,0,0,0,0,0,1,White,0,127.7,0,0.0,0,73.0,-201.0,-178.0,1,1,17,12,22.0,14.0,Completed,1,1
434,Bevacizumab,OD,51,41.48,1,325.0,68.2,22,Type 1,Microaneurysms only,2.0,1.0,69.0,1,8.6,0,0,1,14.0,6.377,Heidelberg Spectralis,0,1,1,0,0,0,0,White,0,120.9,0,0.0,1,56.0,,,0,0,11,11,,,DropPreOutcome,0,0
435,Aflibercept,OD,75,37.75,0,443.0,83.9,8,Type 2,Mild/moderate NPDR,4.0,0.0,98.0,1,7.8,0,1,1,14.0,0.88,Heidelberg Spectralis,1,1,0,0,0,0,0,White,0,127.7,0,0.0,1,56.0,-142.0,-73.0,1,1,13,12,38.0,24.0,Completed,1,1
436,Bevacizumab,OD,49,47.43,0,311.0,85.0,7,Type 2,Mild/moderate NPDR,3.0,1.0,95.0,1,6.0,1,1,1,13.0,8.163,Zeiss Cirrus,0,1,1,0,0,1,0,White,0,159.6,0,1.0,1,63.0,31.0,44.0,0,0,17,13,-10.0,-3.0,Completed,1,1
437,Ranibizumab,OD,47,37.77,0,395.0,93.5,47,Type 2,PDR and/or prior scatter,7.0,0.0,75.0,0,8.6,0,1,1,12.0,4.998,Zeiss Cirrus,0,0,0,0,0,0,1,White,0,168.6,0,0.0,0,78.0,-19.0,-71.0,0,0,13,8,22.0,12.0,Completed,1,1
438,Bevacizumab,OS,55,,0,654.0,91.9,6,Type 1,Severe NPDR,5.0,0.0,72.0,1,7.9,0,0,1,20.0,6.042,Heidelberg Spectralis,0,0,0,0,0,0,0,Black/African American,0,125.0,0,0.0,0,75.0,-354.0,-310.0,1,1,16,13,-10.0,-7.0,Completed,1,1
439,Aflibercept,OD,64,40.73,0,580.0,77.0,5,Type 2,Severe NPDR,3.0,1.0,76.0,0,11.6,0,1,0,18.0,6.295,Heidelberg Spectralis,0,0,0,0,0,0,0,White,0,124.5,0,1.0,1,46.0,,-167.0,1,1,7,7,,36.0,DropPostOutcome,0,1
440,Bevacizumab,OD,59,19.62,0,526.0,84.7,7,Type 2,Mild/moderate NPDR,5.0,1.0,80.0,1,7.5,0,1,1,14.0,3.142,Heidelberg Spectralis,0,0,0,0,0,0,1,White,0,115.9,0,0.0,1,51.0,-238.0,-89.0,0,0,14,13,8.0,9.0,Completed,1,1
441,Ranibizumab,OD,53,54.07,1,366.0,74.2,26,Type 1,Mild/moderate NPDR,5.0,1.0,62.0,0,10.0,0,1,1,17.0,2.688,Zeiss Stratus,0,1,1,0,0,0,1,White,1,165.1,1,0.0,1,50.0,-44.0,-2.0,1,1,13,9,30.0,29.0,Completed,1,1
442,Aflibercept,OS,53,,0,366.0,85.6,20,Type 2,Mild/moderate NPDR,4.0,1.0,53.0,1,6.2,0,1,1,17.0,2.429,Heidelberg Spectralis,0,1,0,0,0,0,0,Black/African American,0,161.4,0,0.0,0,77.0,-182.0,-96.0,1,1,10,9,1.0,-3.0,Completed,1,1
443,Bevacizumab,OS,53,45.37,1,448.0,82.7,10,Uncertain,Mild/moderate NPDR,1.0,1.0,91.0,1,6.5,1,1,0,23.0,4.156,Zeiss Cirrus,0,1,1,0,0,0,0,White,0,136.9,0,1.0,0,76.0,-55.0,-94.0,1,1,16,9,19.0,22.0,Completed,1,1
444,Ranibizumab,OS,51,33.91,0,582.0,92.7,9,Type 2,PDR and/or prior scatter,7.0,1.0,70.0,1,9.2,1,1,0,18.0,6.238,Heidelberg Spectralis,0,0,0,0,0,0,0,White,0,111.1,0,0.0,0,75.0,-208.0,-233.0,1,1,10,6,5.0,-0.0,Completed,1,1
445,Bevacizumab,OD,83,41.98,0,472.0,56.4,19,Type 1,Severe NPDR,4.0,1.0,89.0,0,9.8,0,1,1,18.0,3.416,Zeiss Cirrus,0,0,0,0,0,0,0,White,0,112.9,0,0.0,1,60.0,3.0,54.0,1,1,11,9,-7.0,-6.0,Completed,1,1
446,Aflibercept,OD,63,28.33,0,324.0,83.2,17,Type 2,PDR and/or prior scatter,6.0,1.0,98.0,0,6.5,0,1,1,16.0,6.037,Heidelberg Spectralis,0,1,1,0,1,0,0,White,0,142.4,0,0.0,0,78.0,,-108.0,0,0,8,7,,4.0,DropPostOutcome,0,1
447,Aflibercept,OD,69,38.58,0,464.0,100.3,13,Type 2,Mild/moderate NPDR,5.0,0.0,80.0,1,8.0,1,1,1,14.0,0.88,Heidelberg Spectralis,0,1,1,0,1,0,0,White,1,150.0,0,1.0,1,58.0,-210.0,-248.0,0,0,14,10,14.0,30.0,Completed,1,1
448,Ranibizumab,OS,55,31.73,0,278.0,62.8,21,Type 2,Mild/moderate NPDR,2.0,1.0,77.0,1,6.0,0,0,1,20.0,3.852,Zeiss Cirrus,0,0,0,0,0,1,0,White,0,97.7,0,1.0,0,74.0,4.0,-40.0,0,0,14,11,9.0,11.0,Completed,1,1
449,Bevacizumab,OS,58,,1,543.0,79.1,6,Type 2,Severe NPDR,4.0,1.0,98.0,0,7.6,0,1,0,17.0,7.268,Heidelberg Spectralis,0,0,0,0,1,0,0,White,0,132.6,0,0.0,1,55.0,-217.0,-191.0,0,0,10,8,31.0,23.0,Completed,1,1
450,Ranibizumab,OS,53,37.12,0,390.0,96.3,8,Type 2,Mild/moderate NPDR,5.0,0.0,74.0,0,9.4,0,1,1,13.0,4.324,Heidelberg Spectralis,0,0,0,0,0,0,0,White,0,171.4,0,0.0,1,63.0,-100.0,-2.0,1,1,15,12,23.0,19.0,Completed,1,1
451,Aflibercept,OS,33,41.0,1,324.0,83.5,21,Type 1,Mild/moderate NPDR,3.0,1.0,48.0,1,7.3,0,0,0,17.0,2.876,Zeiss Cirrus,0,0,0,0,0,0,0,White,0,134.6,0,1.0,1,63.0,-174.0,-165.0,0,0,9,7,14.0,8.0,Completed,1,1
452,Ranibizumab,OS,46,18.0,0,545.0,107.2,18,Type 2,Mild/moderate NPDR,3.0,0.0,64.0,1,7.5,0,1,1,18.0,3.255,Heidelberg Spectralis,0,1,1,0,1,0,0,White,0,168.8,0,0.0,1,64.0,-213.0,-234.0,0,0,14,10,21.0,20.0,Completed,1,1
453,Ranibizumab,OS,42,33.03,0,514.0,91.4,2,Type 2,Mild/moderate NPDR,6.0,0.0,98.0,0,6.3,0,1,1,9.0,0.88,Heidelberg Spectralis,0,0,0,0,0,1,0,Black/African American,0,152.0,0,1.0,1,50.0,-87.0,-161.0,1,1,11,9,28.0,18.0,Completed,1,1
454,Bevacizumab,OS,38,36.9,0,478.0,89.0,15,Type 2,Mild/moderate NPDR,4.0,0.0,44.0,0,7.0,0,1,0,12.0,2.474,Heidelberg Spectralis,0,1,1,0,0,0,0,White,0,117.3,0,0.0,0,75.0,-33.0,-21.0,1,1,14,10,1.0,-1.0,Completed,1,1
455,Ranibizumab,OD,48,35.44,0,723.0,77.9,46,Type 2,Mild/moderate NPDR,5.0,1.0,55.0,0,11.3,1,1,1,17.0,7.026,Zeiss Cirrus,0,0,0,0,0,0,0,White,1,133.1,0,0.0,1,65.0,-300.0,-266.0,1,1,17,12,13.0,17.0,Completed,1,1
456,Aflibercept,OD,73,41.2,0,498.0,75.3,23,Type 2,PDR and/or prior scatter,7.0,1.0,92.0,0,8.0,0,1,0,9.0,3.418,Zeiss Cirrus,0,1,1,0,0,0,0,White,0,136.4,0,0.0,0,78.0,11.0,-75.0,1,1,17,13,11.0,6.0,Completed,1,1
457,Aflibercept,OS,60,30.85,0,395.0,75.0,10,Type 2,Mild/moderate NPDR,4.0,0.0,65.0,0,6.5,1,1,1,10.0,,Heidelberg Spectralis,0,0,0,0,0,0,0,Black/African American,0,119.9,0,0.0,0,76.0,-88.0,-94.0,1,1,14,10,24.0,18.0,Completed,1,1
458,Aflibercept,OD,73,34.08,0,484.0,66.1,8,Type 2,Severe NPDR,6.0,0.0,68.0,1,7.4,0,0,0,15.0,0.88,Zeiss Cirrus,0,0,0,0,0,0,0,White,0,119.6,0,0.0,1,68.0,-252.0,-193.0,0,0,20,12,15.0,11.0,Completed,1,1
459,Aflibercept,OD,64,42.91,0,401.0,97.0,18,Type 2,Severe NPDR,7.0,1.0,91.0,0,5.8,1,1,1,17.0,,Zeiss Cirrus,0,0,0,0,1,0,0,Black/African American,0,169.1,0,0.0,0,77.0,,,0,0,3,3,,,DropPreOutcome,0,0
460,Aflibercept,OS,68,18.0,1,603.0,73.4,29,Type 2,Severe NPDR,3.0,0.0,56.0,1,6.5,0,1,1,17.0,7.318,Heidelberg Spectralis,0,1,1,0,0,0,1,White,0,119.5,0,1.0,1,67.0,-325.0,,1,1,10,5,14.0,12.0,Completed,1,1
461,Ranibizumab,OD,51,38.3,0,483.0,83.4,3,Type 2,Mild/moderate NPDR,4.0,0.0,41.0,1,10.4,1,1,0,20.0,6.058,Heidelberg Spectralis,0,0,0,0,0,0,1,White,0,160.6,0,0.0,0,74.0,-286.0,-273.0,1,1,11,9,26.0,24.0,Completed,1,1
462,Aflibercept,OS,65,31.1,0,494.0,85.1,17,Type 2,Mild/moderate NPDR,4.0,0.0,42.0,1,7.7,0,1,1,16.0,1.846,Heidelberg Spectralis,0,1,1,0,0,0,1,White,0,130.3,0,0.0,1,61.0,-95.0,-117.0,1,0,10,7,15.0,12.0,Completed,1,1
463,Bevacizumab,OS,67,,0,334.0,72.1,11,Type 2,Mild/moderate NPDR,4.0,1.0,82.0,1,11.6,0,1,1,14.0,3.313,Heidelberg Spectralis,0,0,0,0,1,0,0,White,0,138.5,0,0.0,0,76.0,,,1,1,9,9,,,DropPreOutcome,0,0
464,Bevacizumab,OD,54,36.33,0,435.0,93.9,16,Type 2,Severe NPDR,6.0,1.0,75.0,0,7.8,0,0,0,11.0,4.636,Zeiss Cirrus,1,1,1,0,0,0,1,Black/African American,0,150.2,0,0.0,1,54.0,,-13.0,0,0,9,9,,2.0,DropPostOutcome,0,1
465,Aflibercept,OS,66,43.27,0,423.0,74.8,5,Type 2,PDR and/or prior scatter,7.0,1.0,56.0,1,7.9,0,1,1,14.0,2.069,Zeiss Cirrus,0,0,0,0,0,0,1,Black/African American,0,127.0,0,1.0,0,78.0,-236.0,-197.0,0,0,16,13,6.0,10.0,Completed,1,1
466,Bevacizumab,OS,66,,0,364.0,97.6,29,Type 2,Mild/moderate NPDR,6.0,1.0,47.0,1,9.0,0,1,0,18.0,0.88,Heidelberg Spectralis,0,1,1,0,0,0,0,White,0,150.4,0,1.0,0,78.0,37.0,58.0,1,1,13,9,2.0,6.0,Completed,1,1
467,Ranibizumab,OS,55,,0,407.0,66.7,34,Type 2,Mild/moderate NPDR,5.0,0.0,65.0,0,4.9,0,1,1,18.0,4.35,Zeiss Cirrus,1,1,1,0,0,0,0,Asian,0,98.1,0,0.0,0,78.0,,-54.0,0,0,12,8,,16.0,DropPostOutcome,0,1
468,Aflibercept,OD,49,40.53,0,475.0,91.8,22,Type 2,Microaneurysms only,4.0,1.0,92.0,0,8.3,0,1,1,16.0,5.96,Zeiss Cirrus,0,0,0,0,0,0,0,White,0,147.8,0,0.0,1,59.0,-160.0,-175.0,0,0,11,6,40.0,28.0,Completed,1,1
469,Bevacizumab,OS,48,40.47,0,453.0,69.5,38,Type 2,PDR and/or prior scatter,6.0,1.0,53.0,0,7.8,0,1,1,17.0,6.002,Heidelberg Spectralis,0,0,0,1,0,0,0,White,0,89.6,1,1.0,1,64.0,11.0,-78.0,0,0,15,13,4.0,9.0,Completed,1,1
470,Bevacizumab,OS,61,33.02,0,311.0,88.8,11,Type 2,PDR and/or prior scatter,6.0,1.0,57.0,0,10.7,1,1,1,19.0,6.626,Zeiss Cirrus,1,1,1,0,0,0,1,White,0,134.5,0,1.0,0,73.0,-12.0,28.0,0,0,17,12,-6.0,-1.0,Completed,1,1
471,Bevacizumab,OS,63,28.29,0,427.0,89.4,17,Type 2,Mild/moderate NPDR,3.0,0.0,46.0,0,9.6,0,1,0,16.0,1.282,Heidelberg Spectralis,1,1,1,0,0,0,0,White,0,156.1,0,1.0,1,65.0,-158.0,-135.0,1,0,19,11,12.0,23.0,Completed,1,1
472,Ranibizumab,OD,52,28.75,0,410.0,71.1,22,Type 2,PDR and/or prior scatter,8.0,0.0,63.0,1,6.3,0,1,1,20.0,4.827,Heidelberg Spectralis,0,1,1,0,0,0,0,Black/African American,0,151.4,0,0.0,0,76.0,-168.0,,1,1,9,9,5.0,-0.0,Completed,1,1
473,Bevacizumab,OD,60,40.24,0,474.0,84.6,18,Type 2,Severe NPDR,4.0,0.0,77.0,0,10.2,1,0,1,13.0,4.109,Heidelberg Spectralis,0,1,1,0,0,0,0,White,0,113.0,0,1.0,0,74.0,-51.0,-84.0,0,0,14,11,-14.0,-14.0,Completed,1,1
474,Bevacizumab,OS,66,33.37,1,437.0,75.0,12,Type 2,Severe NPDR,4.0,0.0,98.0,0,7.5,0,1,1,15.0,4.508,Zeiss Cirrus,0,0,0,0,0,0,0,White,0,115.6,1,0.0,1,64.0,,,0,0,6,6,,,DropPreOutcome,0,0
475,Ranibizumab,OD,66,25.54,0,390.0,86.3,13,Type 2,PDR and/or prior scatter,6.0,0.0,74.0,1,6.6,0,1,1,14.0,4.234,Zeiss Cirrus,0,0,0,0,1,0,0,White,0,125.2,0,1.0,1,38.0,-221.0,-193.0,1,0,14,10,4.0,5.0,Completed,1,1
476,Ranibizumab,OD,76,20.56,0,411.0,90.8,32,Type 2,Mild/moderate NPDR,7.0,1.0,69.0,1,8.2,0,1,1,18.0,3.247,Heidelberg Spectralis,0,0,0,0,0,0,0,White,0,142.7,1,0.0,1,62.0,-10.0,-83.0,0,0,20,11,22.0,18.0,Completed,1,1
477,Aflibercept,OD,73,40.19,0,461.0,63.1,14,Type 2,PDR and/or prior scatter,7.0,1.0,87.0,1,7.6,0,1,0,12.0,0.88,Heidelberg Spectralis,0,0,0,0,0,0,1,White,0,98.4,0,0.0,0,78.0,-143.0,-105.0,0,0,12,9,19.0,22.0,Completed,1,1
478,Aflibercept,OD,50,29.44,0,538.0,74.3,28,Type 2,Microaneurysms only,4.0,0.0,84.0,1,10.8,0,1,0,14.0,7.256,Zeiss Cirrus,0,0,0,0,0,0,1,White,0,138.7,0,1.0,0,77.0,-110.0,-141.0,0,0,12,9,-23.0,-11.0,Completed,1,1
479,Bevacizumab,OD,77,36.28,0,458.0,91.2,14,Type 2,Severe NPDR,4.0,0.0,58.0,1,8.5,0,0,0,9.0,5.426,Zeiss Cirrus,0,0,0,0,0,0,0,White,0,145.2,0,0.0,1,66.0,-11.0,-59.0,1,0,15,9,-6.0,1.0,Completed,1,1
480,Ranibizumab,OD,55,43.37,0,626.0,78.5,28,Type 1,Mild/moderate NPDR,5.0,1.0,98.0,1,8.3,0,1,1,17.0,,Heidelberg Spectralis,0,0,0,0,0,0,0,White,0,133.3,0,0.0,1,66.0,-257.0,-193.0,1,1,12,8,7.0,15.0,Completed,1,1
481,Bevacizumab,OS,70,23.49,0,560.0,95.2,15,Type 2,PDR and/or prior scatter,5.0,0.0,70.0,0,9.5,1,1,1,19.0,5.741,Zeiss Cirrus,0,0,0,0,0,0,0,,0,149.5,0,0.0,0,76.0,-83.0,-96.0,1,1,13,11,23.0,21.0,Completed,1,1
482,Ranibizumab,OD,61,33.35,0,611.0,82.8,21,Type 2,Mild/moderate NPDR,3.0,1.0,75.0,0,9.9,1,1,1,18.0,3.716,Zeiss Cirrus,1,1,1,0,0,0,1,White,0,143.5,0,0.0,1,55.0,-354.0,-235.0,1,1,15,11,16.0,10.0,Completed,1,1
483,Bevacizumab,OD,56,32.37,1,593.0,89.5,9,Type 2,Severe NPDR,4.0,0.0,81.0,1,9.3,0,1,0,18.0,3.778,Zeiss Cirrus,0,1,0,0,0,0,0,White,0,128.2,0,0.0,1,28.0,-313.0,-336.0,1,1,12,9,36.0,27.0,Completed,1,1
484,Bevacizumab,OD,42,,0,621.0,75.1,17,Type 2,Mild/moderate NPDR,4.0,1.0,77.0,0,10.5,0,1,1,18.0,3.009,Zeiss Cirrus,0,0,0,0,0,0,0,White,0,100.3,0,1.0,0,73.0,-180.0,-126.0,1,1,10,7,-4.0,6.0,Completed,1,1
485,Aflibercept,OS,58,43.37,0,329.0,86.7,9,Type 2,PDR and/or prior scatter,6.0,1.0,98.0,1,9.0,0,0,1,18.0,5.881,Zeiss Cirrus,0,0,0,0,0,0,1,Black/African American,1,141.7,0,0.0,0,74.0,,-136.0,1,1,12,11,,26.0,DropPostOutcome,0,1
486,Aflibercept,OD,44,23.33,0,499.0,73.6,11,Type 1,PDR and/or prior scatter,9.0,0.0,58.0,0,8.2,0,1,1,17.0,2.94,Zeiss Cirrus,1,1,1,0,1,0,1,White,0,119.9,0,0.0,1,51.0,-248.0,-268.0,0,0,9,6,20.0,23.0,Completed,1,1
487,Ranibizumab,OS,70,38.14,1,597.0,81.7,12,Type 2,Mild/moderate NPDR,5.0,0.0,86.0,0,10.2,0,1,0,18.0,2.287,Heidelberg Spectralis,0,0,0,0,0,0,0,Black/African American,0,127.4,0,0.0,1,48.0,-273.0,-308.0,0,0,15,12,40.0,22.0,Completed,1,1
488,Bevacizumab,OS,75,41.75,0,622.0,97.4,13,Type 2,Severe NPDR,4.0,0.0,73.0,1,7.8,0,1,0,13.0,7.19,Heidelberg Spectralis,1,1,1,0,0,0,1,,0,148.6,0,1.0,1,68.0,-8.0,-34.0,1,1,15,12,20.0,11.0,Completed,1,1
489,Ranibizumab,OS,52,,0,359.0,91.4,26,Type 2,PDR and/or prior scatter,8.0,1.0,90.0,0,8.0,0,1,0,15.0,4.306,Zeiss Cirrus,0,0,0,0,0,0,0,White,0,167.3,0,1.0,1,65.0,,-38.0,1,0,12,11,,7.0,DropPostOutcome,0,1
490,Bevacizumab,OS,63,32.63,0,500.0,87.9,11,Type 2,Mild/moderate NPDR,4.0,1.0,66.0,0,11.2,0,0,1,16.0,4.376,Zeiss Cirrus,0,1,1,0,0,0,0,White,0,138.2,0,1.0,1,64.0,-223.0,-198.0,0,0,11,9,23.0,18.0,Completed,1,1
491,Aflibercept,OD,53,36.96,0,461.0,87.0,16,Type 2,Mild/moderate NPDR,3.0,1.0,63.0,0,11.0,0,0,0,14.0,6.223,Heidelberg Spectralis,0,0,0,0,1,0,0,White,0,150.1,0,0.0,1,62.0,-224.0,-211.0,0,0,12,9,10.0,7.0,Completed,1,1
492,Ranibizumab,OS,54,36.39,0,665.0,75.3,28,Type 2,Mild/moderate NPDR,5.0,1.0,85.0,0,7.9,0,1,1,10.0,3.231,Zeiss Cirrus,0,0,0,0,0,0,0,Black/African American,0,110.1,0,0.0,0,74.0,-332.0,-277.0,0,0,12,8,-10.0,-8.0,Completed,1,1
493,Bevacizumab,OD,68,38.24,1,313.0,101.0,21,Type 2,PDR and/or prior scatter,5.0,1.0,77.0,0,7.2,0,1,1,11.0,3.67,Zeiss Cirrus,0,0,0,0,0,0,0,,0,143.9,0,0.0,1,52.0,23.0,41.0,0,0,11,10,6.0,9.0,Completed,1,1
494,Bevacizumab,OS,60,38.08,0,384.0,94.1,3,Type 2,Mild/moderate NPDR,5.0,1.0,54.0,1,10.6,0,1,1,16.0,5.373,Heidelberg Spectralis,0,0,0,0,0,0,0,White,0,137.8,0,1.0,0,77.0,-48.0,-26.0,1,0,13,8,6.0,11.0,Completed,1,1
495,Ranibizumab,OS,77,26.04,0,310.0,91.5,5,Type 2,Mild/moderate NPDR,3.0,1.0,97.0,0,9.3,0,1,1,18.0,1.309,Heidelberg Spectralis,0,0,0,0,1,0,0,White,0,163.6,0,1.0,1,59.0,-142.0,-100.0,0,0,10,7,10.0,6.0,Completed,1,1
496,Ranibizumab,OS,55,41.42,1,468.0,81.8,19,Type 2,Mild/moderate NPDR,3.0,1.0,85.0,0,8.4,0,1,1,15.0,5.186,Heidelberg Spectralis,0,0,0,0,0,0,0,White,0,128.2,0,1.0,0,73.0,-201.0,-121.0,0,0,16,9,19.0,9.0,Completed,1,1
497,Ranibizumab,OS,70,42.8,0,736.0,74.9,10,Type 2,Mild/moderate NPDR,6.0,1.0,69.0,0,7.4,0,1,1,24.0,3.037,Zeiss Cirrus,0,0,0,0,0,0,0,White,0,134.2,0,1.0,0,71.0,-429.0,-368.0,1,1,17,13,-1.0,1.0,Completed,1,1
498,Aflibercept,OD,61,35.15,0,424.0,88.0,4,Type 2,Mild/moderate NPDR,3.0,1.0,61.0,1,8.5,0,1,1,12.0,6.582,Zeiss Cirrus,0,1,0,0,0,0,0,White,0,160.2,0,0.0,1,62.0,-201.0,-65.0,0,0,17,11,22.0,26.0,Completed,1,1
499,Bevacizumab,OS,68,22.05,1,439.0,85.5,10,Type 2,Severe NPDR,6.0,1.0,77.0,0,7.9,0,1,1,17.0,5.903,Zeiss Cirrus,0,0,0,0,0,0,0,White,0,137.2,0,1.0,1,48.0,-101.0,-79.0,0,0,13,10,10.0,19.0,Completed,1,1
500,Aflibercept,OS,56,32.8,0,513.0,84.3,19,Type 2,Mild/moderate NPDR,4.0,0.0,83.0,1,6.9,0,1,0,20.0,5.612,Heidelberg Spectralis,0,0,0,0,1,0,0,,0,116.8,0,0.0,1,49.0,-248.0,-252.0,1,1,12,10,24.0,22.0,Completed,1,1
501,Aflibercept,OS,60,,0,417.0,102.9,11,Type 2,PDR and/or prior scatter,7.0,0.0,38.0,0,8.1,0,1,0,19.0,1.165,Zeiss Cirrus,0,0,0,0,0,0,0,White,0,180.0,0,0.0,0,78.0,-202.0,-85.0,0,0,13,10,15.0,7.0,Completed,1,1
502,Ranibizumab,OD,59,24.77,1,467.0,65.9,15,Type 2,Severe NPDR,5.0,0.0,78.0,1,8.4,0,0,1,17.0,4.473,Zeiss Cirrus,0,0,0,0,0,0,0,White,0,117.4,0,0.0,1,68.0,-116.0,-115.0,0,0,13,8,7.0,-1.0,Completed,1,1
503,Aflibercept,OS,52,,0,470.0,92.0,12,Type 2,PDR and/or prior scatter,7.0,1.0,83.0,0,7.4,0,1,1,19.0,2.11,Zeiss Cirrus,0,0,0,0,1,0,0,White,0,137.7,1,0.0,0,78.0,-217.0,-202.0,0,0,8,6,3.0,-6.0,Completed,1,1
504,Aflibercept,OD,67,22.71,0,378.0,84.4,9,Type 2,Mild/moderate NPDR,6.0,0.0,23.0,0,9.5,0,1,0,16.0,4.619,Heidelberg Spectralis,1,1,1,0,0,0,0,White,0,145.9,0,0.0,0,76.0,-113.0,-56.0,0,0,14,10,7.0,4.0,Completed,1,1
505,Aflibercept,OD,67,38.44,0,419.0,75.4,17,Type 2,Severe NPDR,6.0,1.0,74.0,0,10.3,0,1,1,21.0,0.88,Zeiss Cirrus,0,1,1,0,1,0,0,White,0,144.4,0,0.0,1,59.0,-117.0,-90.0,0,0,13,8,23.0,22.0,Completed,1,1
506,Aflibercept,OD,66,34.99,0,510.0,94.6,4,Type 2,PDR and/or prior scatter,7.0,1.0,84.0,0,9.6,0,1,1,20.0,1.31,Zeiss Cirrus,0,1,0,1,0,0,0,White,0,135.2,0,1.0,1,60.0,-80.0,,0,0,13,10,32.0,24.0,Completed,1,1
507,Aflibercept,OS,75,20.86,0,559.0,95.8,8,Type 2,Severe NPDR,4.0,0.0,82.0,1,7.5,1,1,1,13.0,7.316,Heidelberg Spectralis,0,1,1,0,0,0,0,White,0,135.3,0,0.0,1,68.0,-229.0,-180.0,1,1,10,8,8.0,14.0,Completed,1,1
508,Aflibercept,OD,74,36.44,0,608.0,84.1,23,Type 1,Mild/moderate NPDR,3.0,1.0,86.0,0,9.2,0,1,1,16.0,5.512,Heidelberg Spectralis,0,0,0,0,1,0,0,White,0,134.3,0,1.0,0,70.0,-285.0,-278.0,1,1,12,9,15.0,17.0,Completed,1,1
509,Bevacizumab,OD,56,33.26,0,489.0,82.9,5,Type 1,Mild/moderate NPDR,5.0,0.0,63.0,0,8.0,0,1,1,10.0,3.922,Heidelberg Spectralis,0,1,1,0,1,0,0,,0,116.7,0,0.0,0,75.0,-231.0,-235.0,1,1,13,7,25.0,19.0,Completed,1,1
510,Aflibercept,OD,64,,0,491.0,103.1,15,Type 2,Severe NPDR,6.0,0.0,49.0,1,6.2,0,1,1,20.0,2.701,Heidelberg Spectralis,0,0,0,0,0,0,0,White,0,180.0,0,0.0,0,71.0,-213.0,-170.0,0,0,14,10,1.0,7.0,Completed,1,1
511,Bevacizumab,OS,54,30.65,0,511.0,95.0,11,Type 2,Mild/moderate NPDR,5.0,1.0,34.0,1,9.1,0,0,1,16.0,2.315,Zeiss Cirrus,0,0,0,0,0,0,0,White,0,134.6,0,0.0,1,67.0,-78.0,-108.0,1,1,8,6,11.0,11.0,Completed,1,1
512,Ranibizumab,OD,60,27.45,0,399.0,93.7,10,Type 2,PDR and/or prior scatter,5.0,1.0,92.0,1,8.2,0,1,1,20.0,5.14,Heidelberg Spectralis,0,1,1,0,0,0,1,Asian,0,150.9,0,1.0,0,78.0,-86.0,-92.0,0,0,16,12,7.0,3.0,Completed,1,1
513,Aflibercept,OS,54,27.69,0,370.0,68.4,25,Uncertain,PDR and/or prior scatter,8.0,0.0,84.0,1,13.3,0,1,1,15.0,3.944,Zeiss Cirrus,0,0,0,0,0,0,0,White,0,132.3,0,1.0,0,75.0,-220.0,-220.0,1,1,11,8,5.0,4.0,Completed,1,1
514,Ranibizumab,OS,76,29.5,0,442.0,100.0,28,Type 1,Severe NPDR,6.0,1.0,93.0,0,10.6,0,1,1,9.0,8.103,Heidelberg Spectralis,0,1,1,0,1,0,0,White,0,131.9,0,1.0,0,71.0,7.0,-78.0,1,1,14,10,16.0,9.0,Completed,1,1
515,Bevacizumab,OS,64,33.85,0,320.0,90.4,7,Type 2,Microaneurysms only,3.0,1.0,55.0,0,9.1,0,1,1,24.0,4.294,Zeiss Cirrus,0,1,1,0,0,0,1,White,0,129.9,0,0.0,1,43.0,-35.0,-66.0,1,1,9,7,37.0,28.0,Completed,1,1
516,Ranibizumab,OS,58,34.85,0,497.0,68.6,13,Type 2,Severe NPDR,7.0,1.0,86.0,1,8.3,0,0,1,16.0,,Heidelberg Spectralis,0,0,0,0,1,0,0,White,0,108.0,0,0.0,1,61.0,-192.0,-115.0,1,1,10,6,25.0,22.0,Completed,1,1
517,Ranibizumab,OD,72,32.21,0,574.0,72.3,3,Type 2,Mild/moderate NPDR,3.0,0.0,40.0,0,8.2,0,1,1,12.0,1.645,Heidelberg Spectralis,0,1,1,0,0,0,0,Black/African American,0,135.8,0,0.0,1,50.0,,-96.0,1,0,12,11,,26.0,DropPostOutcome,0,1
518,Bevacizumab,OD,38,30.4,0,364.0,85.4,24,Type 2,Mild/moderate NPDR,5.0,1.0,53.0,1,6.5,0,1,1,19.0,3.906,Zeiss Cirrus,0,1,1,0,0,0,1,White,0,130.9,0,0.0,0,74.0,39.0,-50.0,0,0,7,6,-5.0,0.0,Completed,1,1
519,Ranibizumab,OD,40,30.96,0,475.0,87.7,14,Type 2,PDR and/or prior scatter,6.0,0.0,73.0,0,5.6,0,1,0,22.0,5.089,Zeiss Cirrus,0,0,0,0,1,0,0,White,0,162.4,0,1.0,0,78.0,-166.0,-117.0,1,1,11,9,-3.0,-2.0,Completed,1,1
520,Aflibercept,OS,68,53.26,0,396.0,78.8,4,Type 2,Mild/moderate NPDR,5.0,0.0,83.0,1,6.7,0,1,1,15.0,3.88,Heidelberg Spectralis,1,1,1,0,0,0,0,American Indian/Alaskan Native,0,115.1,0,0.0,1,56.0,-124.0,-117.0,0,0,11,6,37.0,22.0,Completed,1,1
521,Aflibercept,OS,61,27.69,0,340.0,86.6,8,Type 2,PDR and/or prior scatter,8.0,1.0,98.0,0,7.8,0,0,1,15.0,3.632,Zeiss Cirrus,0,1,1,0,0,0,0,White,0,127.5,0,0.0,1,55.0,-5.0,-44.0,1,1,9,7,41.0,29.0,Completed,1,1
522,Ranibizumab,OS,63,29.35,0,655.0,72.1,6,Type 2,Mild/moderate NPDR,6.0,1.0,65.0,0,5.2,0,1,1,16.0,5.419,Zeiss Stratus,0,0,0,0,0,0,1,White,0,121.0,0,0.0,1,53.0,-247.0,-263.0,0,0,8,6,27.0,34.0,Completed,1,1
523,Ranibizumab,OD,47,59.39,0,341.0,81.4,8,Type 2,Mild/moderate NPDR,4.0,0.0,53.0,1,7.1,0,1,1,12.0,8.033,Zeiss Cirrus,0,0,0,0,1,0,0,White,0,167.9,0,0.0,1,61.0,-71.0,-93.0,1,0,13,10,-11.0,-11.0,Completed,1,1
524,Bevacizumab,OD,60,36.98,0,345.0,81.4,3,Type 2,PDR and/or prior scatter,7.0,1.0,52.0,0,7.5,0,0,1,13.0,5.019,Heidelberg Spectralis,0,0,0,0,0,0,0,White,0,121.6,0,0.0,1,58.0,,,0,0,4,4,,,DropPreOutcome,0,0
525,Aflibercept,OD,80,22.94,0,476.0,81.5,32,Type 2,PDR and/or prior scatter,7.0,1.0,56.0,0,7.6,0,0,0,21.0,7.217,Heidelberg Spectralis,0,0,0,0,1,0,0,White,0,150.2,0,1.0,0,71.0,-71.0,-62.0,1,1,13,10,15.0,12.0,Completed,1,1
526,Ranibizumab,OD,68,,0,457.0,90.5,7,Type 2,PDR and/or prior scatter,7.0,1.0,98.0,1,6.9,0,0,1,15.0,6.068,Zeiss Cirrus,0,1,1,0,1,0,1,White,0,158.4,1,0.0,1,64.0,-147.0,-105.0,1,1,12,8,28.0,20.0,Completed,1,1
527,Ranibizumab,OD,62,26.6,1,526.0,69.4,14,Type 1,Mild/moderate NPDR,3.0,0.0,85.0,1,7.4,0,1,1,13.0,7.086,Heidelberg Spectralis,0,0,0,0,1,0,1,Black/African American,0,136.1,1,0.0,0,78.0,,-124.0,1,1,10,10,,-9.0,DropPostOutcome,0,1
528,Bevacizumab,OS,56,40.79,0,716.0,72.2,19,Type 2,Mild/moderate NPDR,5.0,0.0,92.0,0,11.2,0,1,1,14.0,3.359,Heidelberg Spectralis,1,1,1,0,0,0,0,Black/African American,0,111.5,0,0.0,1,65.0,,-244.0,0,0,10,8,,10.0,DropPostOutcome,0,1
529,Bevacizumab,OD,56,,0,384.0,81.4,28,Type 2,Severe NPDR,6.0,1.0,65.0,1,9.0,0,1,1,19.0,4.245,Heidelberg Spectralis,0,1,1,0,1,0,0,White,0,111.7,0,1.0,0,74.0,-6.0,23.0,1,1,7,4,19.0,12.0,Completed,1,1
530,Aflibercept,OS,39,30.27,0,400.0,94.2,15,Type 2,PDR and/or prior scatter,6.0,1.0,70.0,1,7.1,0,1,0,9.0,4.254,Heidelberg Spectralis,0,0,0,0,0,0,1,White,0,156.2,1,0.0,0,74.0,-135.0,-184.0,1,1,8,5,-1.0,-5.0,Completed,1,1
531,Bevacizumab,OD,63,46.25,0,653.0,67.8,12,Type 2,Mild/moderate NPDR,4.0,1.0,84.0,0,7.8,0,1,1,16.0,5.902,Heidelberg Spectralis,0,0,0,0,0,0,0,White,0,113.8,0,0.0,1,56.0,-248.0,-223.0,1,1,10,5,-12.0,-12.0,Completed,1,1
532,Bevacizumab,OD,68,38.12,0,535.0,74.4,15,Type 2,Severe NPDR,5.0,0.0,60.0,0,7.9,0,1,1,23.0,6.443,Zeiss Cirrus,0,1,1,0,0,0,0,White,0,146.8,0,1.0,1,36.0,-55.0,-113.0,0,0,10,7,11.0,21.0,Completed,1,1
533,Ranibizumab,OS,44,41.29,1,517.0,83.9,7,Type 2,Mild/moderate NPDR,3.0,1.0,64.0,1,6.8,0,1,1,22.0,4.975,Zeiss Cirrus,0,1,0,0,0,0,0,White,1,141.3,0,0.0,1,61.0,-86.0,-86.0,0,0,13,9,20.0,14.0,Completed,1,1
534,Bevacizumab,OS,53,37.09,0,374.0,90.8,7,Type 2,Severe NPDR,5.0,0.0,57.0,1,6.8,0,1,0,17.0,6.629,Zeiss Cirrus,1,1,1,0,0,0,0,White,0,146.5,0,0.0,0,74.0,,148.0,1,1,12,8,,18.0,DropPostOutcome,0,1
535,Bevacizumab,OD,48,30.23,0,584.0,89.9,12,Type 2,Mild/moderate NPDR,5.0,0.0,61.0,0,9.7,1,1,0,20.0,,Heidelberg Spectralis,0,0,0,0,0,0,0,White,1,148.4,0,0.0,0,78.0,-236.0,-153.0,0,0,12,9,8.0,5.0,Completed,1,1
536,Bevacizumab,OD,50,38.47,1,543.0,72.4,2,Type 2,Microaneurysms only,4.0,1.0,71.0,0,7.3,0,1,1,20.0,6.648,Heidelberg Spectralis,1,1,1,0,0,0,0,White,0,120.3,0,1.0,1,29.0,,,1,1,12,9,,20.0,DropPostOutcome,0,1
537,Bevacizumab,OD,61,43.13,0,448.0,79.9,9,Type 2,Mild/moderate NPDR,5.0,0.0,54.0,0,6.4,0,1,0,15.0,6.935,Zeiss Cirrus,0,0,0,0,0,0,0,White,0,119.5,0,0.0,1,68.0,-183.0,-173.0,1,1,15,11,26.0,14.0,Completed,1,1
538,Ranibizumab,OS,39,34.75,0,400.0,101.8,10,Type 2,Severe NPDR,4.0,0.0,76.0,1,7.9,0,1,1,18.0,6.19,Heidelberg Spectralis,0,1,1,0,0,0,0,White,0,153.3,0,0.0,0,76.0,-250.0,-160.0,0,0,15,9,16.0,15.0,Completed,1,1
539,Aflibercept,OD,66,47.75,0,440.0,81.1,42,Type 2,PDR and/or prior scatter,7.0,0.0,76.0,0,8.1,0,1,1,21.0,4.995,Zeiss Cirrus,1,1,1,0,0,0,1,White,0,126.4,1,0.0,1,68.0,-173.0,,1,1,12,6,2.0,9.0,Completed,1,1
540,Ranibizumab,OS,68,40.33,0,659.0,50.5,30,Type 2,Mild/moderate NPDR,3.0,1.0,66.0,0,5.3,0,1,0,11.0,6.269,Heidelberg Spectralis,0,0,0,0,0,0,0,,0,84.0,1,0.0,1,41.0,-488.0,-476.0,0,0,16,13,23.0,31.0,Completed,1,1
541,Ranibizumab,OD,57,35.35,0,359.0,89.0,19,Type 2,Mild/moderate NPDR,4.0,0.0,53.0,1,7.9,0,1,1,17.0,2.733,Heidelberg Spectralis,0,0,0,0,1,0,0,White,0,152.0,0,0.0,0,77.0,-163.0,-116.0,1,0,15,9,4.0,-0.0,Completed,1,1
542,Bevacizumab,OS,35,35.66,0,382.0,96.1,24,Type 2,Severe NPDR,5.0,1.0,72.0,0,9.4,0,1,1,17.0,5.136,Heidelberg Spectralis,1,1,1,0,0,0,0,Black/African American,0,118.3,0,0.0,1,62.0,33.0,6.0,1,1,8,4,13.0,8.0,Completed,1,1
543,Bevacizumab,OD,50,,0,396.0,73.8,7,Type 2,Severe NPDR,6.0,0.0,60.0,0,8.7,0,1,0,16.0,5.361,Heidelberg Spectralis,0,0,0,0,0,0,0,White,0,148.3,0,0.0,1,61.0,-161.0,-49.0,0,0,17,12,13.0,15.0,Completed,1,1
544,Ranibizumab,OS,72,23.94,0,415.0,92.0,15,Type 2,Severe NPDR,6.0,1.0,71.0,1,12.4,1,1,1,15.0,1.775,Heidelberg Spectralis,0,0,0,0,0,0,0,Black/African American,0,166.9,0,0.0,1,66.0,-164.0,-125.0,0,0,10,8,22.0,19.0,Completed,1,1
545,Aflibercept,OS,32,33.0,0,427.0,81.0,22,Uncertain,Severe NPDR,6.0,1.0,92.0,1,10.2,0,1,1,16.0,5.744,Zeiss Cirrus,0,0,0,0,0,0,0,White,0,139.3,0,0.0,1,67.0,-275.0,-253.0,0,0,19,12,22.0,18.0,Completed,1,1
546,Bevacizumab,OD,57,35.43,1,562.0,90.2,7,Uncertain,Mild/moderate NPDR,3.0,0.0,45.0,0,10.6,0,0,1,16.0,1.953,Heidelberg Spectralis,0,0,0,1,0,0,0,White,0,158.9,0,1.0,0,78.0,-69.0,-93.0,1,0,14,10,-3.0,-4.0,Completed,1,1
547,Ranibizumab,OD,48,30.45,0,478.0,85.9,5,Type 1,PDR and/or prior scatter,6.0,1.0,98.0,1,13.9,0,1,1,19.0,3.759,Zeiss Cirrus,0,0,0,0,0,0,0,Black/African American,0,142.1,0,0.0,0,69.0,-34.0,-114.0,0,0,10,9,-12.0,-8.0,Completed,1,1
548,Bevacizumab,OS,68,36.33,0,460.0,103.8,18,Type 2,Mild/moderate NPDR,5.0,1.0,69.0,1,9.2,0,1,1,17.0,4.787,Heidelberg Spectralis,0,0,0,0,0,0,0,White,0,170.7,1,1.0,0,78.0,-118.0,-98.0,0,0,15,12,9.0,3.0,Completed,1,1
549,Aflibercept,OD,53,33.87,0,482.0,77.3,5,Type 2,Severe NPDR,7.0,0.0,78.0,1,8.2,0,1,0,15.0,3.092,Heidelberg Spectralis,0,0,0,0,0,0,1,White,0,117.8,0,0.0,0,78.0,-324.0,-332.0,0,0,13,10,20.0,15.0,Completed,1,1
550,Aflibercept,OD,64,39.73,0,496.0,95.2,20,Type 2,PDR and/or prior scatter,7.0,1.0,55.0,1,9.6,0,1,1,13.0,4.882,Zeiss Cirrus,1,1,1,0,0,0,1,White,0,138.8,0,1.0,1,46.0,-121.0,-221.0,0,0,9,5,31.0,27.0,Completed,1,1
551,Bevacizumab,OD,66,38.87,0,293.0,86.1,28,Type 2,PDR and/or prior scatter,5.0,0.0,93.0,1,7.1,0,1,1,14.0,4.846,Zeiss Cirrus,0,0,0,0,0,0,0,White,1,152.5,0,0.0,1,42.0,37.0,47.0,1,1,13,9,10.0,15.0,Completed,1,1
552,Ranibizumab,OD,78,35.0,0,552.0,78.6,7,Type 2,Mild/moderate NPDR,6.0,0.0,67.0,0,8.1,0,1,0,16.0,2.896,Zeiss Cirrus,0,0,0,0,0,0,1,White,0,135.2,0,0.0,0,75.0,,-202.0,1,1,13,10,,8.0,DropPostOutcome,0,1
553,Ranibizumab,OD,58,23.04,1,310.0,83.9,8,Type 2,Mild/moderate NPDR,4.0,1.0,62.0,1,7.0,0,0,0,13.0,5.95,Zeiss Stratus,0,0,0,0,1,0,0,White,0,162.0,0,0.0,1,66.0,-81.0,-22.0,1,1,11,8,13.0,12.0,Completed,1,1
554,Bevacizumab,OD,64,47.67,1,387.0,63.1,27,Type 2,Severe NPDR,5.0,1.0,58.0,1,,0,1,0,18.0,3.019,Zeiss Cirrus,0,1,1,0,0,0,0,Black/African American,0,130.4,0,0.0,0,69.0,68.0,0.0,0,0,15,9,3.0,-3.0,Completed,1,1
555,Aflibercept,OD,45,32.59,0,489.0,98.4,15,Type 2,Mild/moderate NPDR,3.0,0.0,65.0,0,7.0,0,1,1,17.0,9.734,Heidelberg Spectralis,0,0,0,0,0,0,0,White,0,180.0,0,1.0,1,65.0,,,0,0,9,9,,,DropPreOutcome,0,0
556,Bevacizumab,OD,72,33.07,0,421.0,110.0,25,Type 2,Severe NPDR,5.0,0.0,78.0,1,6.9,0,1,1,19.0,4.459,Zeiss Cirrus,0,0,0,0,0,0,0,White,0,180.0,0,1.0,0,76.0,,,0,0,2,2,,,DropPreOutcome,0,0
557,Bevacizumab,OD,52,31.03,0,506.0,89.2,12,Type 2,Severe NPDR,6.0,1.0,73.0,0,8.6,0,1,1,13.0,2.123,Heidelberg Spectralis,0,0,0,0,0,0,0,White,0,144.6,0,0.0,1,67.0,-188.0,-188.0,1,1,14,11,3.0,5.0,Completed,1,1
558,Aflibercept,OD,54,29.89,0,468.0,93.0,13,Type 2,Mild/moderate NPDR,5.0,0.0,69.0,1,7.7,0,1,0,13.0,2.534,Heidelberg Spectralis,0,1,1,0,1,0,0,Black/African American,0,150.1,1,0.0,1,62.0,-260.0,-253.0,1,1,15,10,16.0,21.0,Completed,1,1
559,Ranibizumab,OS,60,45.74,0,401.0,86.6,15,Type 2,Mild/moderate NPDR,3.0,1.0,56.0,1,5.4,1,1,0,19.0,7.225,Zeiss Cirrus,0,0,0,0,0,0,1,White,0,162.8,0,0.0,1,68.0,-91.0,-64.0,0,0,8,5,-5.0,-5.0,Completed,1,1
560,Ranibizumab,OD,44,44.51,0,641.0,73.4,37,Type 2,Severe NPDR,,1.0,55.0,1,5.9,0,1,0,16.0,3.8,Heidelberg Spectralis,0,0,0,0,0,0,1,White,0,115.3,0,0.0,1,42.0,-213.0,-213.0,0,0,13,12,23.0,23.0,Completed,1,1
561,Aflibercept,OD,62,37.17,0,506.0,84.3,24,Type 2,PDR and/or prior scatter,6.0,0.0,61.0,1,6.3,0,1,1,15.0,1.7,Zeiss Cirrus,0,1,1,0,0,0,0,White,0,112.8,0,1.0,0,69.0,-97.0,-157.0,0,0,10,7,15.0,8.0,Completed,1,1
562,Bevacizumab,OD,70,32.86,0,485.0,110.0,9,Type 2,Mild/moderate NPDR,6.0,1.0,79.0,1,6.6,0,0,1,18.0,6.578,Heidelberg Spectralis,0,0,0,0,0,0,0,White,0,164.1,0,1.0,1,46.0,-24.0,-105.0,1,1,14,10,23.0,26.0,Completed,1,1
563,Aflibercept,OS,63,38.53,0,504.0,98.9,16,Type 2,Mild/moderate NPDR,5.0,1.0,83.0,0,8.6,0,1,1,18.0,3.786,Zeiss Cirrus,0,1,1,0,1,0,0,White,0,144.5,0,0.0,1,61.0,-232.0,-215.0,1,1,10,6,15.0,17.0,Completed,1,1
564,Bevacizumab,OD,44,34.28,0,389.0,89.3,12,Type 2,Mild/moderate NPDR,3.0,1.0,86.0,1,8.3,0,1,1,11.0,6.138,Heidelberg Spectralis,0,0,0,0,0,0,0,White,0,134.5,0,0.0,0,76.0,-62.0,-34.0,1,1,11,8,24.0,12.0,Completed,1,1
565,Ranibizumab,OD,59,32.22,0,720.0,83.5,10,Type 2,Severe NPDR,4.0,0.0,70.0,0,,0,0,1,20.0,6.758,Zeiss Cirrus,0,0,0,0,0,0,0,White,1,139.2,0,0.0,0,77.0,,,0,0,5,5,,,DropPreOutcome,0,0
566,Aflibercept,OD,67,36.34,1,359.0,70.3,20,Type 2,Severe NPDR,5.0,1.0,78.0,0,9.2,0,1,1,14.0,5.304,Heidelberg Spectralis,0,1,1,0,0,0,1,White,0,91.3,0,0.0,1,49.0,34.0,-63.0,1,1,14,11,-6.0,-1.0,Completed,1,1
567,Aflibercept,OD,41,30.26,0,440.0,74.8,17,Type 2,PDR and/or prior scatter,7.0,1.0,67.0,1,9.8,0,0,1,21.0,9.8,Zeiss Cirrus,0,0,0,0,0,0,0,White,0,135.2,0,0.0,0,69.0,29.0,34.0,0,0,13,9,15.0,6.0,Completed,1,1
568,Ranibizumab,OD,49,35.67,0,426.0,64.7,7,Type 2,PDR and/or prior scatter,7.0,1.0,35.0,0,9.0,0,1,0,11.0,0.906,Heidelberg Spectralis,0,0,0,0,0,0,0,White,0,123.9,0,0.0,1,55.0,-144.0,-179.0,0,0,7,5,10.0,16.0,Completed,1,1
569,Aflibercept,OD,69,35.29,1,398.0,78.1,15,Type 1,Severe NPDR,4.0,1.0,66.0,1,8.3,0,1,1,16.0,2.901,Zeiss Cirrus,1,1,1,0,1,0,0,White,0,157.4,0,0.0,0,69.0,124.0,106.0,0,0,12,9,7.0,9.0,Completed,1,1
570,Ranibizumab,OS,63,38.4,0,386.0,89.7,10,Type 2,PDR and/or prior scatter,6.0,0.0,62.0,1,9.9,0,1,0,15.0,4.137,Zeiss Cirrus,0,0,0,0,0,0,0,White,0,158.9,0,1.0,0,74.0,-97.0,-175.0,0,0,15,13,5.0,7.0,Completed,1,1
571,Ranibizumab,OS,64,28.87,1,384.0,83.9,19,Type 2,Mild/moderate NPDR,4.0,1.0,49.0,1,9.5,0,1,0,9.0,9.675,Heidelberg Spectralis,1,1,1,0,0,0,0,White,0,150.5,0,0.0,1,58.0,-79.0,-59.0,0,0,12,10,8.0,8.0,Completed,1,1
572,Ranibizumab,OD,79,39.24,0,568.0,71.6,10,Type 2,Severe NPDR,5.0,1.0,59.0,0,8.5,0,1,0,18.0,8.656,Zeiss Cirrus,0,1,1,0,0,0,0,White,0,146.9,0,0.0,1,46.0,,-294.0,0,0,12,10,,16.0,DropPostOutcome,0,1
573,Bevacizumab,OS,65,26.63,0,351.0,73.5,13,Type 2,Severe NPDR,7.0,0.0,73.0,0,10.2,0,0,1,9.0,7.535,Heidelberg Spectralis,0,0,0,0,0,0,0,White,0,109.1,0,1.0,1,58.0,62.0,-2.0,0,0,13,11,-0.0,-1.0,Completed,1,1
574,Bevacizumab,OS,67,29.23,0,566.0,83.7,10,Type 2,Severe NPDR,6.0,1.0,47.0,1,5.0,1,0,1,14.0,2.953,Heidelberg Spectralis,1,1,1,0,0,0,1,White,0,150.8,0,0.0,0,77.0,-75.0,-101.0,1,1,14,9,-8.0,-12.0,Completed,1,1
575,Bevacizumab,OD,87,29.57,0,499.0,75.9,4,Type 2,PDR and/or prior scatter,6.0,1.0,56.0,0,7.5,0,0,1,19.0,,Zeiss Cirrus,0,0,0,0,0,0,1,White,1,151.6,0,0.0,0,74.0,-114.0,-122.0,0,0,14,10,3.0,5.0,Completed,1,1
576,Ranibizumab,OD,58,25.34,0,418.0,87.3,36,Type 2,Mild/moderate NPDR,2.0,0.0,98.0,0,7.5,0,1,1,14.0,2.877,Heidelberg Spectralis,0,0,0,0,0,0,1,White,0,163.9,0,0.0,1,53.0,10.0,,0,0,12,7,11.0,8.0,Completed,1,1
577,Ranibizumab,OD,52,41.62,0,486.0,92.8,15,Type 2,PDR and/or prior scatter,7.0,0.0,38.0,1,10.0,0,1,1,13.0,2.976,Zeiss Cirrus,0,0,0,0,1,0,1,White,0,180.0,0,1.0,0,73.0,,-185.0,1,1,11,10,,17.0,DropPostOutcome,0,1
578,Bevacizumab,OS,64,,1,438.0,66.7,37,Type 2,PDR and/or prior scatter,7.0,1.0,66.0,0,10.9,0,1,0,18.0,7.984,Heidelberg Spectralis,0,0,0,0,0,0,0,White,0,105.1,0,1.0,1,39.0,-173.0,-226.0,1,1,10,8,-12.0,-4.0,Completed,1,1
579,Aflibercept,OD,64,28.25,0,358.0,89.5,15,Type 2,PDR and/or prior scatter,8.0,0.0,47.0,0,5.9,0,1,0,15.0,4.164,Heidelberg Spectralis,0,0,0,0,0,0,0,White,0,131.2,0,0.0,0,75.0,-49.0,-49.0,1,1,15,11,11.0,8.0,Completed,1,1
580,Aflibercept,OS,55,43.49,0,334.0,60.4,22,Type 2,Mild/moderate NPDR,4.0,0.0,55.0,0,10.5,0,1,0,14.0,4.455,Zeiss Cirrus,0,0,0,0,0,0,1,White,0,124.2,0,1.0,0,69.0,-49.0,-75.0,1,1,11,10,27.0,26.0,Completed,1,1
581,Aflibercept,OD,50,29.25,0,500.0,65.3,9,Type 2,Microaneurysms only,1.0,0.0,66.0,0,6.3,0,1,0,19.0,6.404,Zeiss Cirrus,0,0,0,0,0,0,1,White,1,142.5,0,1.0,0,77.0,,-223.0,0,0,10,7,,5.0,DropPostOutcome,0,1
582,Bevacizumab,OS,83,32.23,0,519.0,83.2,9,Type 1,PDR and/or prior scatter,6.0,1.0,50.0,1,6.3,0,1,1,12.0,1.04,Heidelberg Spectralis,0,0,0,0,1,1,1,White,0,139.3,0,0.0,1,38.0,-189.0,-166.0,1,1,12,8,15.0,17.0,Completed,1,1
583,Ranibizumab,OS,63,25.81,0,479.0,82.6,14,Type 2,Severe NPDR,4.0,0.0,81.0,1,7.6,0,1,1,14.0,4.816,Heidelberg Spectralis,0,0,0,0,0,0,0,White,1,134.3,0,1.0,1,60.0,-140.0,-122.0,0,0,13,9,16.0,18.0,Completed,1,1
584,Ranibizumab,OD,53,,0,392.0,93.3,36,Type 2,Mild/moderate NPDR,4.0,1.0,97.0,0,7.4,0,1,0,18.0,2.287,Zeiss Cirrus,0,1,1,0,0,0,1,White,0,159.6,0,0.0,0,76.0,-174.0,-148.0,0,0,16,10,9.0,10.0,Completed,1,1
585,Aflibercept,OD,69,40.3,0,410.0,71.1,7,Type 2,PDR and/or prior scatter,6.0,0.0,87.0,1,5.8,0,1,0,11.0,4.052,Zeiss Cirrus,0,0,0,0,1,0,1,White,0,117.0,0,0.0,1,55.0,-101.0,-102.0,0,0,11,6,26.0,15.0,Completed,1,1
586,Aflibercept,OS,59,39.46,0,398.0,67.9,3,Type 1,Severe NPDR,5.0,0.0,90.0,1,9.0,0,1,1,21.0,3.41,Zeiss Cirrus,0,0,0,0,0,0,0,White,0,118.2,0,1.0,1,65.0,,,0,0,4,4,,,DropPreOutcome,0,0
587,Ranibizumab,OD,57,37.89,0,314.0,76.7,27,Type 2,Severe NPDR,4.0,0.0,42.0,0,9.1,0,0,1,15.0,3.296,Heidelberg Spectralis,1,1,1,0,0,0,0,Black/African American,0,118.5,0,0.0,1,65.0,,,0,0,3,3,,,DropPreOutcome,0,0
588,Ranibizumab,OD,66,34.27,0,460.0,76.7,23,Type 2,Microaneurysms only,3.0,0.0,65.0,1,9.8,0,1,1,18.0,,Heidelberg Spectralis,0,0,0,0,1,0,0,White,0,131.8,1,1.0,1,66.0,-33.0,-39.0,1,1,12,8,-2.0,-5.0,Completed,1,1
589,Bevacizumab,OS,47,,0,485.0,90.2,11,Type 2,Mild/moderate NPDR,4.0,1.0,79.0,1,7.3,0,1,0,18.0,5.187,Zeiss Cirrus,1,1,1,0,0,0,1,Black/African American,0,114.4,0,1.0,0,75.0,-105.0,-103.0,1,1,13,11,19.0,13.0,Completed,1,1
590,Bevacizumab,OD,64,27.34,0,461.0,79.7,45,Type 2,Severe NPDR,6.0,1.0,87.0,0,7.9,1,1,1,15.0,4.216,Heidelberg Spectralis,1,1,1,0,1,0,0,White,0,138.0,0,0.0,1,40.0,-81.0,-80.0,1,1,16,13,12.0,13.0,Completed,1,1
591,Bevacizumab,OD,79,43.76,1,678.0,81.6,46,Type 2,Mild/moderate NPDR,4.0,1.0,98.0,1,7.9,0,1,1,14.0,5.516,Heidelberg Spectralis,0,0,0,0,0,0,1,,0,135.7,0,0.0,0,76.0,-307.0,-274.0,1,1,11,8,14.0,8.0,Completed,1,1
592,Bevacizumab,OD,65,39.67,0,366.0,101.7,3,Type 2,Mild/moderate NPDR,3.0,1.0,91.0,0,11.1,0,1,1,15.0,2.789,Heidelberg Spectralis,0,0,0,0,0,0,0,White,0,123.3,0,0.0,1,57.0,-87.0,-66.0,0,0,14,13,15.0,5.0,Completed,1,1
593,Aflibercept,OD,56,28.29,1,368.0,86.7,9,Type 2,Mild/moderate NPDR,5.0,0.0,88.0,0,4.9,0,0,1,18.0,6.199,Zeiss Cirrus,0,1,1,0,0,0,0,White,0,156.5,0,0.0,0,76.0,-116.0,-39.0,1,0,12,8,10.0,18.0,Completed,1,1
594,Aflibercept,OS,55,34.01,1,442.0,88.0,14,Type 2,Mild/moderate NPDR,4.0,0.0,98.0,0,6.5,0,1,1,12.0,4.246,Zeiss Cirrus,0,0,0,0,0,0,0,Black/African American,0,137.8,0,0.0,1,54.0,-187.0,-172.0,1,1,7,5,23.0,22.0,Completed,1,1
595,Ranibizumab,OS,56,31.36,0,454.0,95.8,19,Type 2,Mild/moderate NPDR,5.0,1.0,72.0,1,7.9,1,1,0,12.0,3.636,Zeiss Cirrus,0,0,0,0,0,0,0,White,0,160.3,0,0.0,0,70.0,-157.0,-108.0,1,1,13,10,17.0,5.0,Completed,1,1
596,Ranibizumab,OD,57,24.9,0,304.0,88.8,17,Type 2,Mild/moderate NPDR,3.0,1.0,64.0,1,6.4,0,1,0,20.0,2.952,Heidelberg Spectralis,0,0,0,0,0,0,0,Black/African American,0,135.1,0,0.0,0,75.0,-105.0,-99.0,0,0,12,9,-6.0,1.0,Completed,1,1
597,Aflibercept,OD,56,35.09,0,494.0,85.7,14,Type 2,Mild/moderate NPDR,4.0,0.0,74.0,0,7.5,0,1,0,13.0,4.169,Zeiss Cirrus,0,1,1,1,0,0,1,White,0,138.5,0,0.0,0,76.0,-129.0,-90.0,0,0,14,10,5.0,5.0,Completed,1,1
598,Bevacizumab,OS,69,30.46,0,454.0,81.4,7,Type 2,Severe NPDR,4.0,1.0,52.0,1,7.7,0,0,1,17.0,8.815,Zeiss Cirrus,1,1,0,0,0,0,0,Black/African American,0,127.7,0,0.0,1,65.0,-208.0,-116.0,1,1,13,8,28.0,30.0,Completed,1,1
599,Aflibercept,OD,43,26.27,0,291.0,84.0,20,Type 2,Mild/moderate NPDR,4.0,1.0,71.0,0,6.9,0,0,1,15.0,4.561,Heidelberg Spectralis,0,0,0,0,0,0,0,Black/African American,0,138.9,0,1.0,1,59.0,109.0,29.0,1,1,11,9,11.0,4.0,Completed,1,1
600,Ranibizumab,OD,69,22.16,0,442.0,82.0,21,Type 1,Mild/moderate NPDR,5.0,1.0,35.0,1,8.0,0,1,1,15.0,2.182,Heidelberg Spectralis,0,0,0,0,0,0,0,White,0,153.2,0,0.0,0,75.0,-193.0,-174.0,0,0,12,7,23.0,16.0,Completed,1,1
601,Aflibercept,OD,56,21.5,0,356.0,83.6,26,Type 2,Mild/moderate NPDR,4.0,1.0,59.0,1,9.0,0,0,1,20.0,6.721,Zeiss Cirrus,0,0,0,1,1,0,1,White,0,130.8,0,0.0,1,68.0,-97.0,-145.0,0,0,11,6,20.0,19.0,Completed,1,1
602,Ranibizumab,OD,64,30.8,0,386.0,105.6,6,Type 2,Mild/moderate NPDR,3.0,0.0,68.0,0,7.6,0,1,1,15.0,3.662,Zeiss Cirrus,0,0,0,0,0,0,0,White,0,149.4,0,,1,56.0,-25.0,6.0,1,1,13,11,28.0,28.0,Completed,1,1
603,Bevacizumab,OS,49,33.04,0,316.0,89.6,12,Type 2,Mild/moderate NPDR,4.0,1.0,89.0,0,7.2,0,1,0,14.0,5.324,Zeiss Cirrus,0,0,0,0,0,0,0,,0,122.7,0,0.0,0,73.0,15.0,-43.0,0,0,15,12,-0.0,10.0,Completed,1,1
604,Aflibercept,OD,73,,0,473.0,90.7,10,Type 2,PDR and/or prior scatter,6.0,1.0,92.0,0,7.7,1,0,0,15.0,3.368,Zeiss Cirrus,0,0,0,0,0,0,0,,0,154.2,0,0.0,1,59.0,-323.0,-281.0,0,0,9,9,28.0,19.0,Completed,1,1
605,Aflibercept,OD,72,38.78,0,652.0,87.6,6,Type 2,Severe NPDR,3.0,1.0,51.0,1,7.9,0,1,1,14.0,7.518,Zeiss Cirrus,0,0,0,0,0,0,0,White,0,127.4,0,1.0,1,61.0,-369.0,-366.0,0,0,15,11,28.0,30.0,Completed,1,1
606,Ranibizumab,OS,70,33.19,0,456.0,80.1,12,Type 2,Mild/moderate NPDR,4.0,1.0,98.0,0,5.6,0,0,1,13.0,3.4,Zeiss Cirrus,0,0,0,0,1,0,0,White,0,156.0,0,0.0,1,59.0,-129.0,-75.0,0,0,13,10,15.0,16.0,Completed,1,1
607,Aflibercept,OD,45,38.2,0,,81.0,7,Type 1,Severe NPDR,5.0,1.0,73.0,0,8.7,1,1,1,14.0,7.775,Zeiss Cirrus,0,0,0,0,0,0,0,White,0,140.2,0,0.0,0,76.0,,,0,0,12,9,16.0,10.0,Completed,1,1
608,Aflibercept,OS,68,32.27,0,483.0,101.5,5,Type 2,Mild/moderate NPDR,4.0,1.0,75.0,1,7.2,0,1,1,21.0,2.392,Heidelberg Spectralis,0,1,1,0,0,0,0,,0,169.4,0,0.0,0,74.0,-251.0,-231.0,0,0,12,8,21.0,20.0,Completed,1,1
609,Ranibizumab,OD,64,27.56,0,435.0,90.1,23,Type 2,Severe NPDR,6.0,0.0,38.0,1,10.2,0,1,1,18.0,4.056,Heidelberg Spectralis,0,0,0,0,0,0,0,More than one race,0,115.9,0,0.0,1,43.0,-142.0,-165.0,1,1,13,10,25.0,19.0,Completed,1,1
610,Aflibercept,OD,44,34.59,0,333.0,66.6,11,Type 2,PDR and/or prior scatter,8.0,0.0,58.0,0,8.9,0,0,1,14.0,7.78,Zeiss Cirrus,0,1,1,1,0,0,1,White,0,109.5,0,0.0,1,63.0,-21.0,-29.0,0,0,12,7,16.0,12.0,Completed,1,1
611,Aflibercept,OD,60,23.85,0,491.0,74.7,9,Type 2,Mild/moderate NPDR,4.0,1.0,91.0,1,10.0,0,1,1,19.0,5.07,Heidelberg Spectralis,0,1,1,0,0,0,0,White,0,126.7,0,0.0,1,48.0,-102.0,-91.0,0,0,12,10,18.0,16.0,Completed,1,1
612,Bevacizumab,OS,64,37.91,0,527.0,95.2,29,Type 2,Mild/moderate NPDR,3.0,1.0,73.0,0,6.5,0,1,1,10.0,9.697,Zeiss Cirrus,0,0,0,0,0,0,0,,0,111.3,0,0.0,0,73.0,-137.0,-148.0,1,0,18,13,13.0,11.0,Completed,1,1
613,Bevacizumab,OS,66,26.39,0,393.0,75.4,21,Type 2,Severe NPDR,4.0,0.0,72.0,0,7.4,0,1,0,20.0,4.108,Heidelberg Spectralis,0,0,0,0,0,0,0,White,0,111.3,0,1.0,1,62.0,,-13.0,1,1,11,8,,1.0,DropPostOutcome,0,1
614,Ranibizumab,OD,62,,0,320.0,104.3,3,Type 1,Mild/moderate NPDR,5.0,1.0,75.0,1,6.2,0,1,1,20.0,5.265,Heidelberg Spectralis,0,0,0,0,0,0,0,White,0,151.4,0,1.0,1,65.0,36.0,19.0,0,0,12,10,6.0,7.0,Completed,1,1
615,Ranibizumab,OD,63,31.06,0,297.0,85.0,19,Type 2,Mild/moderate NPDR,4.0,1.0,41.0,1,6.9,0,1,1,23.0,8.891,Heidelberg Spectralis,0,0,0,0,0,0,0,White,0,138.9,0,0.0,0,73.0,,,1,1,10,10,,,DropPreOutcome,0,0
616,Ranibizumab,OD,75,41.99,0,393.0,82.5,19,Type 2,Severe NPDR,4.0,1.0,68.0,1,10.2,0,1,1,19.0,1.369,Heidelberg Spectralis,0,1,1,0,0,0,0,White,0,129.4,0,0.0,0,77.0,-162.0,-173.0,0,0,11,5,5.0,10.0,Completed,1,1
617,Ranibizumab,OS,72,24.94,0,414.0,77.8,12,Type 1,Severe NPDR,4.0,1.0,98.0,1,10.7,1,1,1,17.0,1.097,Zeiss Cirrus,1,1,1,0,0,0,1,White,0,131.3,0,0.0,1,49.0,-86.0,-153.0,1,1,12,9,5.0,9.0,Completed,1,1
618,Ranibizumab,OD,31,28.41,0,381.0,88.3,12,Type 2,Mild/moderate NPDR,5.0,0.0,92.0,1,6.3,0,1,1,20.0,2.95,Zeiss Cirrus,1,1,1,0,0,0,0,Black/African American,0,127.1,0,1.0,0,76.0,-146.0,-119.0,0,0,12,10,-11.0,-6.0,Completed,1,1
619,Bevacizumab,OS,57,36.67,0,391.0,106.2,4,Type 2,PDR and/or prior scatter,7.0,1.0,67.0,0,7.2,0,1,0,13.0,6.489,Heidelberg Spectralis,0,0,0,0,0,0,0,White,0,172.0,1,1.0,1,52.0,-77.0,7.0,0,0,12,9,2.0,1.0,Completed,1,1
620,Aflibercept,OS,58,42.83,0,490.0,68.7,44,Type 2,Mild/moderate NPDR,5.0,0.0,98.0,1,7.8,0,1,0,14.0,1.158,Zeiss Cirrus,0,1,1,0,0,0,1,Black/African American,1,124.3,1,1.0,1,64.0,-254.0,-200.0,0,0,14,12,21.0,12.0,Completed,1,1
621,Ranibizumab,OS,42,46.7,0,503.0,71.5,12,Type 2,Mild/moderate NPDR,5.0,0.0,45.0,0,8.9,0,1,1,15.0,6.014,Heidelberg Spectralis,0,1,1,1,1,0,0,Black/African American,1,112.6,0,0.0,0,71.0,-196.0,-145.0,1,1,9,8,8.0,4.0,Completed,1,1
622,Ranibizumab,OD,61,,0,449.0,96.7,18,Type 2,Severe NPDR,5.0,0.0,51.0,1,5.6,0,0,1,20.0,5.859,Zeiss Cirrus,0,0,0,0,0,0,1,Black/African American,0,154.9,0,1.0,1,59.0,-166.0,-121.0,0,0,11,7,3.0,16.0,Completed,1,1
623,Bevacizumab,OD,72,48.03,0,520.0,80.5,13,Type 2,Severe NPDR,6.0,0.0,98.0,1,5.8,0,1,1,13.0,9.132,Zeiss Cirrus,1,1,1,0,0,0,1,White,1,134.7,0,0.0,0,70.0,,,0,0,4,4,,,DropPreOutcome,0,0
624,Aflibercept,OD,49,31.44,0,394.0,91.0,9,Type 2,Severe NPDR,5.0,0.0,82.0,1,8.7,0,1,1,12.0,7.0,Heidelberg Spectralis,0,0,0,0,0,0,0,White,0,179.8,0,0.0,1,57.0,-121.0,-110.0,0,0,15,11,19.0,21.0,Completed,1,1
625,Ranibizumab,OS,63,42.27,0,359.0,89.4,24,Type 1,Severe NPDR,5.0,1.0,64.0,0,5.4,0,1,1,16.0,,Heidelberg Spectralis,0,1,1,0,0,0,0,White,0,128.5,0,0.0,1,64.0,3.0,3.0,1,1,13,9,18.0,15.0,Completed,1,1
626,Bevacizumab,OS,51,26.35,0,405.0,98.8,16,Type 2,Severe NPDR,3.0,0.0,69.0,1,7.2,1,0,0,18.0,7.69,Heidelberg Spectralis,0,0,0,0,0,0,0,White,0,155.9,0,0.0,0,74.0,-129.0,-128.0,0,0,19,13,11.0,12.0,Completed,1,1
627,Aflibercept,OS,53,36.98,0,399.0,85.5,12,Type 2,PDR and/or prior scatter,6.0,1.0,54.0,1,8.2,0,1,1,13.0,5.886,Heidelberg Spectralis,0,0,0,0,0,0,0,White,0,160.6,0,1.0,0,78.0,-170.0,,0,0,14,9,-17.0,-12.0,Completed,1,1
628,Bevacizumab,OD,75,18.0,0,295.0,81.9,18,Type 2,Severe NPDR,4.0,0.0,76.0,0,8.6,0,1,1,18.0,,Heidelberg Spectralis,0,0,0,0,0,0,1,White,0,128.6,0,0.0,1,42.0,-40.0,-70.0,1,1,7,5,3.0,3.0,Completed,1,1
629,Ranibizumab,OD,55,24.95,0,378.0,67.0,14,Type 2,Mild/moderate NPDR,4.0,0.0,74.0,0,7.7,0,1,1,20.0,2.182,Zeiss Cirrus,1,1,0,0,0,0,0,White,0,124.1,0,0.0,0,78.0,-55.0,-66.0,1,1,10,9,7.0,9.0,Completed,1,1
630,Ranibizumab,OS,65,37.34,1,581.0,79.2,38,Type 2,Severe NPDR,5.0,1.0,70.0,1,7.4,1,1,1,19.0,3.447,Heidelberg Spectralis,0,1,1,0,1,0,0,White,1,153.8,0,1.0,0,69.0,-180.0,-233.0,1,1,16,11,14.0,12.0,Completed,1,1
631,Aflibercept,OS,41,23.46,0,518.0,87.8,23,Type 2,Mild/moderate NPDR,4.0,1.0,47.0,0,9.4,0,1,0,17.0,4.612,Zeiss Cirrus,0,1,1,0,0,0,0,White,0,150.5,0,0.0,0,77.0,-103.0,-127.0,1,1,9,7,11.0,16.0,Completed,1,1
632,Bevacizumab,OS,79,37.03,0,485.0,74.6,20,Type 2,Severe NPDR,5.0,1.0,75.0,1,8.4,0,1,1,15.0,5.085,Zeiss Cirrus,1,1,1,0,0,1,0,White,0,110.8,0,0.0,0,74.0,-139.0,-115.0,1,1,12,7,-14.0,-8.0,Completed,1,1
633,Ranibizumab,OS,66,40.77,0,397.0,66.9,4,Type 2,Mild/moderate NPDR,3.0,1.0,59.0,1,7.0,0,0,1,21.0,0.88,Zeiss Stratus,0,0,0,0,0,0,0,White,0,116.4,0,1.0,0,75.0,-84.0,-126.0,0,0,12,8,6.0,1.0,Completed,1,1
634,Ranibizumab,OD,58,29.79,0,604.0,60.6,20,Type 2,Mild/moderate NPDR,5.0,1.0,50.0,0,8.0,0,1,1,15.0,4.217,Zeiss Cirrus,1,1,1,0,0,0,0,White,0,88.3,0,0.0,0,73.0,-252.0,-253.0,1,1,16,12,14.0,7.0,Completed,1,1
635,Bevacizumab,OD,66,26.14,0,336.0,76.7,20,Type 2,Severe NPDR,7.0,1.0,95.0,1,8.6,0,1,0,18.0,4.763,Zeiss Cirrus,0,1,1,0,0,0,1,White,0,150.9,0,1.0,0,75.0,130.0,108.0,0,0,13,8,9.0,5.0,Completed,1,1
636,Ranibizumab,OD,46,30.0,0,344.0,85.8,7,Type 2,Severe NPDR,5.0,1.0,98.0,1,11.2,0,0,1,22.0,5.905,Zeiss Cirrus,0,1,1,0,0,0,1,Black/African American,0,133.8,0,1.0,0,75.0,,-168.0,0,0,15,11,,5.0,DropPostOutcome,0,1
637,Aflibercept,OS,72,26.17,0,514.0,63.4,4,Type 2,Mild/moderate NPDR,3.0,1.0,98.0,0,9.3,0,1,1,18.0,8.279,Zeiss Stratus,0,0,0,0,0,0,0,Black/African American,0,135.8,0,1.0,1,66.0,-258.0,-243.0,0,0,14,9,17.0,21.0,Completed,1,1
638,Aflibercept,OS,57,32.91,0,457.0,63.0,23,Type 2,Mild/moderate NPDR,3.0,1.0,83.0,1,10.1,0,1,1,12.0,5.108,Heidelberg Spectralis,0,0,0,0,0,0,0,White,0,105.2,0,0.0,1,55.0,-164.0,-158.0,0,0,9,6,14.0,18.0,Completed,1,1
639,Bevacizumab,OD,58,34.5,0,367.0,58.6,25,Type 2,PDR and/or prior scatter,7.0,1.0,65.0,0,7.0,1,0,1,11.0,2.699,Zeiss Cirrus,0,0,0,0,0,0,1,White,0,117.0,0,0.0,1,54.0,-94.0,,1,1,13,9,29.0,23.0,Completed,1,1
640,Bevacizumab,OS,55,31.31,1,513.0,84.1,9,Type 2,Microaneurysms only,2.0,1.0,69.0,0,7.1,0,1,0,14.0,0.88,Heidelberg Spectralis,0,0,0,0,0,0,0,White,0,129.4,0,0.0,0,74.0,-143.0,-99.0,1,0,13,9,17.0,22.0,Completed,1,1
641,Ranibizumab,OS,54,46.76,0,387.0,61.8,9,Type 2,Mild/moderate NPDR,2.0,1.0,78.0,0,7.6,1,0,1,18.0,6.211,Zeiss Cirrus,0,1,1,0,0,0,0,White,0,125.6,0,0.0,0,71.0,-188.0,-92.0,1,1,13,9,3.0,-3.0,Completed,1,1
642,Bevacizumab,OS,67,28.09,1,379.0,84.1,16,Type 1,Mild/moderate NPDR,3.0,1.0,62.0,0,7.7,0,1,1,17.0,2.788,Heidelberg Spectralis,1,1,1,0,0,0,0,White,0,141.4,0,0.0,1,67.0,-62.0,-24.0,1,1,17,12,11.0,7.0,Completed,1,1
643,Aflibercept,OS,63,44.55,1,351.0,102.3,11,Type 2,Mild/moderate NPDR,5.0,0.0,96.0,0,6.5,0,1,1,22.0,6.607,Zeiss Cirrus,0,1,1,0,1,0,0,White,0,150.7,0,0.0,1,33.0,-82.0,-80.0,0,0,15,11,40.0,32.0,Completed,1,1
644,Aflibercept,OD,67,25.58,0,462.0,110.0,4,Type 2,Mild/moderate NPDR,5.0,1.0,29.0,0,10.2,0,1,1,17.0,7.774,Zeiss Cirrus,0,0,0,0,0,0,0,Black/African American,1,180.0,0,0.0,0,72.0,-138.0,-171.0,0,0,10,7,20.0,13.0,Completed,1,1
645,Ranibizumab,OD,60,34.27,0,475.0,65.8,7,Type 2,Mild/moderate NPDR,6.0,1.0,64.0,1,9.5,0,1,1,14.0,1.303,Heidelberg Spectralis,0,1,1,0,0,0,0,Black/African American,0,138.6,0,0.0,1,63.0,-216.0,-238.0,1,1,11,8,13.0,9.0,Completed,1,1
646,Aflibercept,OS,65,42.93,0,639.0,92.8,18,Type 2,PDR and/or prior scatter,7.0,1.0,86.0,1,7.5,0,0,0,12.0,5.919,Heidelberg Spectralis,0,1,1,0,0,0,0,Black/African American,0,161.3,0,0.0,1,68.0,-293.0,-272.0,1,1,8,7,11.0,20.0,Completed,1,1
647,Aflibercept,OS,56,42.52,1,401.0,68.5,7,Type 2,Severe NPDR,4.0,0.0,53.0,0,9.0,0,0,1,19.0,7.544,Zeiss Cirrus,0,0,0,0,0,0,1,White,0,122.4,0,0.0,1,50.0,-251.0,-246.0,1,1,14,12,10.0,6.0,Completed,1,1
648,Ranibizumab,OD,82,30.42,0,399.0,61.4,25,Type 2,Mild/moderate NPDR,4.0,1.0,65.0,0,8.3,0,1,1,15.0,6.942,Zeiss Cirrus,0,0,0,0,0,0,0,White,0,105.5,0,1.0,1,48.0,-160.0,-143.0,0,0,17,10,17.0,16.0,Completed,1,1
649,Bevacizumab,OD,44,38.03,0,628.0,79.8,20,Type 2,Mild/moderate NPDR,3.0,1.0,82.0,1,9.2,0,1,1,11.0,0.88,Heidelberg Spectralis,0,1,1,1,0,0,0,Native Hawaiian/Other Pacific Islander,0,132.0,0,0.0,1,64.0,-226.0,,0,0,13,10,-4.0,,Completed,1,0
650,Ranibizumab,OS,73,36.99,1,541.0,84.9,18,Type 2,Mild/moderate NPDR,2.0,1.0,98.0,0,6.1,1,1,0,15.0,2.822,Zeiss Cirrus,0,0,0,0,1,0,0,White,0,107.0,0,1.0,0,70.0,-204.0,-109.0,1,1,18,12,22.0,14.0,Completed,1,1
651,Bevacizumab,OS,74,29.49,0,443.0,88.9,16,Type 2,Severe NPDR,5.0,1.0,44.0,1,7.7,0,1,1,12.0,1.884,Zeiss Cirrus,0,1,1,0,0,0,0,White,0,139.3,0,0.0,1,35.0,7.0,79.0,0,0,13,8,6.0,7.0,Completed,1,1
652,Bevacizumab,OD,51,38.5,0,326.0,71.5,8,Type 2,Mild/moderate NPDR,5.0,1.0,43.0,0,7.8,0,0,1,14.0,5.852,Heidelberg Spectralis,0,1,1,0,0,0,0,White,0,123.4,0,0.0,0,77.0,9.0,-36.0,0,0,12,9,1.0,4.0,Completed,1,1
653,Aflibercept,OS,82,48.23,0,356.0,77.7,21,Type 2,Mild/moderate NPDR,6.0,0.0,51.0,1,9.0,0,1,1,15.0,5.609,Zeiss Cirrus,1,1,1,0,0,0,0,White,0,99.9,0,1.0,1,65.0,,-152.0,1,1,10,8,,18.0,DropPostOutcome,0,1
654,Bevacizumab,OD,70,37.38,0,337.0,72.5,8,Type 2,Severe NPDR,5.0,0.0,39.0,1,7.0,0,1,1,13.0,0.88,Zeiss Cirrus,0,0,0,0,0,0,1,White,0,173.7,0,0.0,0,70.0,43.0,23.0,0,0,12,9,4.0,6.0,Completed,1,1
655,Ranibizumab,OD,70,38.12,0,432.0,72.6,26,Type 2,Mild/moderate NPDR,3.0,1.0,41.0,1,4.9,0,0,0,14.0,4.038,Zeiss Cirrus,1,1,1,0,1,0,0,White,0,128.2,0,0.0,0,75.0,1.0,13.0,0,0,13,10,-3.0,0.0,Completed,1,1
656,Ranibizumab,OS,60,38.94,0,381.0,65.1,34,Type 1,Severe NPDR,5.0,1.0,51.0,1,6.4,1,1,1,13.0,6.462,Zeiss Cirrus,0,0,0,0,1,0,0,White,0,106.2,0,0.0,0,77.0,-42.0,24.0,1,1,12,8,-3.0,3.0,Completed,1,1
657,Aflibercept,OD,58,22.3,0,652.0,89.4,16,Type 2,PDR and/or prior scatter,7.0,1.0,95.0,1,7.8,1,1,1,13.0,5.026,Heidelberg Spectralis,0,0,0,0,0,0,0,White,0,157.0,0,0.0,1,66.0,-381.0,-365.0,1,1,13,9,25.0,30.0,Completed,1,1
658,Ranibizumab,OS,58,37.29,0,325.0,76.6,32,Type 2,Mild/moderate NPDR,4.0,0.0,64.0,1,8.0,1,1,1,12.0,5.022,Heidelberg Spectralis,0,0,0,0,1,0,0,White,0,124.4,0,0.0,1,55.0,-41.0,-55.0,0,0,10,6,5.0,9.0,Completed,1,1
659,Ranibizumab,OD,64,25.77,0,329.0,88.5,7,Type 2,Mild/moderate NPDR,4.0,0.0,71.0,1,11.1,0,1,1,14.0,3.897,Zeiss Cirrus,0,1,1,0,0,0,0,White,0,160.8,0,1.0,1,49.0,34.0,11.0,0,0,5,4,19.0,15.0,Completed,1,1
660,Ranibizumab,OS,74,29.1,0,479.0,76.9,20,Type 2,PDR and/or prior scatter,6.0,1.0,51.0,1,8.9,0,1,1,13.0,2.37,Heidelberg Spectralis,0,1,1,0,0,0,0,White,0,124.3,1,0.0,0,74.0,-68.0,-86.0,1,0,14,9,-4.0,2.0,Completed,1,1
