pt_id,treatment,study_eye,X_age,X_bmi,X_cad,X_cst_um,X_dbp,X_diabetes_duration_yrs,X_diabetes_type,X_dr_severity_clinical,X_dr_severity_rc,X_epiretinal_membrane,X_fellow_va_letters,X_female,X_hba1c,X_hispanic,X_hypertension,X_insulin,X_iop,X_log_uacr,X_oct_machine,X_prior_antivegf,X_prior_dme_trt,X_prior_focal_laser,X_prior_mi,X_prior_prp,X_prior_stroke,X_pseudophakic,X_race,X_renal_disease,X_sbp,X_smoker_current,X_subretinal_fluid,X_va_below_69,X_va_letters,Y_cst_change_wk104,Y_cst_change_wk52,Y_laser_any,Y_laser_yr1,Y_n_inj_total,Y_n_inj_yr1,Y_va_change_wk104,Y_va_change_wk52,M_final_status,M_has_wk104,M_has_wk52
1,Aflibercept,OD,82,29.646410034602077,1,543.0,77.33333333333333,12,Type 2,Mild/moderate NPDR,4.0,1.0,86.0,0,5.8,0,1,1,11.0,6.8322232163697,Zeiss Cirrus,0,1,1,0,0,0,1,White,1,158.33333333333334,0,0.0,0,73.0,,-178.0,1,0,16,9,,13.0,DropPostOutcome,0,1
2,Bevacizumab,OS,70,32.953125,0,409.0,65.0,18,Type 2,Mild/moderate NPDR,5.0,0.0,76.0,0,6.8,0,1,0,12.0,5.384128022961147,Heidelberg Spectralis,0,0,0,0,0,0,1,White,1,135.66666666666666,0,1.0,0,74.0,74.0,-105.0,0,0,11,9,4.0,12.0,Completed,1,1
3,Bevacizumab,OD,65,31.746481831547992,0,360.0,100.66666666666667,11,Type 2,Mild/moderate NPDR,7.0,1.0,67.0,0,6.7,0,1,0,8.0,3.844600329110712,Heidelberg Spectralis,1,1,1,0,0,0,1,White,0,167.66666666666666,0,0.0,0,75.0,-19.0,-42.0,0,0,18,12,11.0,10.0,Completed,1,1
5,Bevacizumab,OD,69,44.94564490977946,1,308.0,79.0,29,Type 2,Mild/moderate NPDR,3.0,1.0,79.0,0,7.1,0,1,1,12.0,,Zeiss Cirrus,1,1,0,0,0,0,0,White,0,122.33333333333333,0,0.0,0,75.0,-3.0,-13.0,0,0,10,10,2.0,3.0,Completed,1,1
6,Bevacizumab,OS,68,26.909818339100347,0,461.0,76.66666666666667,22,Type 2,Mild/moderate NPDR,7.0,0.0,52.0,0,6.7,0,1,0,14.0,5.175132265977658,Zeiss Cirrus,0,1,1,0,0,0,1,White,0,127.33333333333333,0,0.0,1,64.0,-140.0,-81.0,1,1,11,10,17.0,18.0,Completed,1,1
7,Bevacizumab,OS,70,48.81944444444444,0,502.0,79.33333333333333,2,Type 2,Mild/moderate NPDR,4.0,0.0,47.0,0,9.1,0,1,0,16.0,6.294213787540105,Zeiss Cirrus,0,0,0,0,0,0,0,Black/African American,0,129.66666666666666,0,0.0,0,72.0,,,0,0,3,3,,,DropPreOutcome,0,0
10,Aflibercept,OD,50,,0,768.0,90.66666666666667,19,Type 2,Severe NPDR,5.0,1.0,64.0,1,7.3,0,1,1,16.0,8.961122316198692,Zeiss Cirrus,0,0,0,0,0,0,0,Black/African American,0,150.0,0,1.0,1,48.0,-608.0,-591.0,0,0,18,11,19.0,29.0,Completed,1,1
11,Ranibizumab,OS,76,28.33963214915596,0,386.0,79.66666666666667,10,Type 2,Mild/moderate NPDR,3.0,1.0,68.0,1,7.6,0,1,0,13.0,3.5360196074696004,Zeiss Cirrus,0,1,1,0,0,0,0,White,0,132.33333333333334,0,0.0,0,71.0,-88.0,-113.0,0,0,10,10,5.0,7.0,Completed,1,1
12,Aflibercept,OD,63,29.692138671875,0,291.0,71.33333333333333,44,Type 1,Severe NPDR,7.0,0.0,72.0,1,13.0,0,1,1,10.0,7.468998313661716,Zeiss Cirrus,0,0,0,0,0,0,1,White,0,121.66666666666667,0,0.0,0,75.0,,-50.0,0,0,7,7,,10.0,DropPostOutcome,0,1
14,Aflibercept,OS,64,47.42085460897608,0,344.0,78.66666666666667,2,Type 2,Mild/moderate NPDR,6.0,1.0,73.0,1,6.8,0,0,0,18.0,3.2422016501716975,Zeiss Cirrus,0,0,0,0,0,0,0,White,0,127.66666666666667,0,0.0,0,69.0,,,0,0,10,10,,,DropPreOutcome,0,0
15,Bevacizumab,OS,56,41.979729729729726,0,595.0,85.0,16,Type 2,Mild/moderate NPDR,5.0,0.0,79.0,0,9.0,0,1,1,10.0,4.692997896353612,Heidelberg Spectralis,0,0,0,0,0,0,0,Black/African American,1,133.66666666666666,0,1.0,1,66.0,-113.0,-57.0,1,1,21,13,14.0,7.0,Completed,1,1
16,Aflibercept,OS,61,35.34366391184573,0,325.0,67.66666666666667,34,Type 2,Mild/moderate NPDR,3.0,0.0,88.0,1,9.1,0,1,1,15.0,2.096790180014449,Heidelberg Spectralis,0,0,0,0,0,0,0,White,0,127.0,0,1.0,1,65.0,,-66.0,1,1,6,6,,20.0,DropPostOutcome,0,1
17,Bevacizumab,OS,63,25.84015963032976,0,372.0,74.66666666666667,25,Type 2,Mild/moderate NPDR,3.0,0.0,76.0,1,8.4,0,1,1,15.0,1.7613002617433464,Heidelberg Spectralis,0,1,1,0,0,0,1,White,0,121.33333333333333,0,0.0,1,65.0,-118.0,-30.0,1,1,14,10,8.0,4.0,Completed,1,1
20,Aflibercept,OD,64,26.95526627218935,0,474.0,98.33333333333333,1,Type 2,Mild/moderate NPDR,3.0,0.0,61.0,1,5.8,0,1,0,16.0,4.546799272661762,Heidelberg Spectralis,0,0,0,0,0,0,0,White,0,154.33333333333334,1,0.0,1,58.0,-252.0,-250.0,0,0,16,8,23.0,19.0,Completed,1,1
21,Ranibizumab,OS,70,25.176308539944902,0,300.0,89.0,12,Type 2,Severe NPDR,7.0,1.0,56.0,1,6.6,0,1,1,13.0,8.218970427215917,Heidelberg Spectralis,0,1,1,0,1,0,0,White,1,126.66666666666667,0,0.0,1,55.0,-97.0,-76.0,0,0,17,10,1.0,-4.0,Completed,1,1
22,Ranibizumab,OS,58,,0,513.0,98.66666666666667,10,Type 2,Severe NPDR,5.0,1.0,38.0,0,11.0,1,1,0,18.0,7.355315171270036,Heidelberg Spectralis,1,1,0,0,0,0,0,,0,145.0,0,1.0,1,62.0,-256.0,-228.0,1,1,24,12,26.0,21.0,Completed,1,1
23,Ranibizumab,OD,55,31.946982248520712,0,465.0,89.33333333333333,22,Type 2,Mild/moderate NPDR,3.0,1.0,87.0,1,7.0,0,1,1,17.0,1.864080130807681,Zeiss Cirrus,0,1,1,0,0,0,0,Black/African American,0,138.33333333333334,0,0.0,0,70.0,-117.0,-145.0,0,0,9,8,14.0,16.0,Completed,1,1
24,Bevacizumab,OD,74,35.15,0,538.0,49.333333333333336,32,Type 2,PDR and/or prior scatter,7.0,1.0,82.0,1,6.4,0,1,1,13.0,4.1021473742851216,Heidelberg Spectralis,0,1,1,0,1,0,1,White,0,97.33333333333333,0,0.0,1,62.0,-305.0,-287.0,1,1,11,11,19.0,15.0,Completed,1,1
25,Ranibizumab,OS,49,34.66349480968858,0,501.0,73.33333333333333,16,Type 2,Severe NPDR,5.0,0.0,85.0,0,12.1,0,1,1,20.0,5.899267017976436,Heidelberg Spectralis,0,1,1,0,0,0,0,White,1,129.66666666666666,0,1.0,1,60.0,-153.0,-145.0,1,0,19,10,17.0,17.0,Completed,1,1
27,Ranibizumab,OD,67,28.5,1,448.0,82.0,17,Type 2,Severe NPDR,,1.0,81.0,0,9.3,0,1,1,13.0,2.534490149976828,Zeiss Cirrus,0,1,1,0,0,0,0,Black/African American,1,111.0,0,1.0,0,72.0,-25.0,-100.0,1,1,14,8,11.0,-1.0,Completed,1,1
30,Bevacizumab,OS,58,35.09063614186527,0,332.0,77.66666666666667,20,Type 2,Severe NPDR,4.0,0.0,75.0,0,14.7,0,1,0,16.0,5.157502369905808,Zeiss Cirrus,0,1,1,0,0,0,0,White,0,118.33333333333333,0,0.0,1,65.0,,-34.0,1,1,12,9,,4.0,DropPostOutcome,0,1
31,Aflibercept,OS,68,36.04248046875,0,305.0,74.66666666666667,41,Type 2,Mild/moderate NPDR,4.0,0.0,83.0,1,8.7,0,1,1,12.0,2.359910159613315,Heidelberg Spectralis,0,0,0,0,0,0,1,White,0,131.66666666666666,0,0.0,1,57.0,-38.0,-53.0,0,0,10,9,27.0,27.0,Completed,1,1
33,Bevacizumab,OD,71,,0,333.0,76.33333333333333,16,Type 2,Mild/moderate NPDR,3.0,1.0,83.0,0,11.2,0,0,1,15.0,3.110399348532117,Zeiss Cirrus,0,0,0,0,0,0,0,White,0,130.33333333333334,0,0.0,1,63.0,-60.0,-88.0,1,1,10,8,7.0,7.0,Completed,1,1
35,Bevacizumab,OS,57,31.281420118343195,0,726.0,71.0,3,Type 2,PDR and/or prior scatter,7.0,1.0,4.0,0,6.6,0,1,0,13.0,5.3067814449601665,Heidelberg Spectralis,0,0,0,0,1,0,0,White,0,130.66666666666666,0,1.0,1,41.0,26.0,-67.0,1,1,13,10,-7.0,5.0,Completed,1,1
36,Ranibizumab,OS,52,,0,343.0,91.66666666666667,8,Type 2,Severe NPDR,3.0,1.0,0.0,0,9.3,0,1,1,18.0,5.429257905808632,Zeiss Cirrus,0,0,0,0,0,0,0,White,0,134.0,0,0.0,1,52.0,,-56.0,0,0,10,8,,15.0,DropPostOutcome,0,1
37,Bevacizumab,OS,57,31.882086167800452,0,391.0,67.0,10,Type 2,Mild/moderate NPDR,5.0,0.0,89.0,0,8.0,1,1,1,15.0,2.3398808777377424,Heidelberg Spectralis,0,0,0,0,0,0,1,,0,114.33333333333333,0,0.0,0,74.0,-87.0,-69.0,0,0,6,6,7.0,15.0,Completed,1,1
38,Aflibercept,OD,60,25.62414201183432,0,539.0,87.0,0,Type 2,Severe NPDR,5.0,1.0,78.0,1,7.3,0,0,0,12.0,,Zeiss Cirrus,0,0,0,0,0,0,0,White,0,144.33333333333334,0,0.0,1,58.0,-95.0,-272.0,1,1,18,11,-10.0,19.0,Completed,1,1
39,Aflibercept,OS,75,30.406574394463668,0,307.0,82.33333333333333,25,Type 2,Mild/moderate NPDR,2.0,0.0,76.0,0,7.0,0,1,1,16.0,6.801894638282628,Zeiss Cirrus,1,1,1,0,0,0,0,White,0,156.33333333333334,1,0.0,0,74.0,-44.0,-41.0,0,0,20,11,-1.0,8.0,Completed,1,1
40,Ranibizumab,OD,43,,0,383.0,82.0,8,Type 2,Mild/moderate NPDR,6.0,1.0,82.0,0,7.0,1,1,1,15.0,2.4096441652874536,Zeiss Cirrus,0,0,0,0,0,0,0,,0,115.0,0,0.0,0,74.0,,-116.0,1,1,8,8,,12.0,DropPostOutcome,0,1
41,Aflibercept,OS,52,32.71646078713014,0,573.0,104.0,10,Type 2,Severe NPDR,5.0,1.0,64.0,1,8.2,0,0,0,19.0,5.2459181977488285,Heidelberg Spectralis,0,0,0,0,0,0,1,White,0,161.66666666666666,0,0.0,1,56.0,-340.0,-333.0,1,1,19,12,8.0,20.0,Completed,1,1
42,Bevacizumab,OS,57,31.47761194029851,0,419.0,79.33333333333333,22,Type 2,Mild/moderate NPDR,3.0,1.0,83.0,1,6.6,0,0,1,14.0,1.4085449700547104,Heidelberg Spectralis,1,1,1,0,0,0,0,Black/African American,0,121.0,0,0.0,0,74.0,-121.0,-65.0,1,1,19,10,-4.0,-1.0,Completed,1,1
44,Bevacizumab,OS,67,24.45940828402367,0,362.0,87.33333333333333,7,Type 2,Mild/moderate NPDR,3.0,1.0,84.0,1,6.1,0,0,0,15.0,2.937043277205311,Zeiss Cirrus,0,0,0,0,0,0,0,White,0,129.66666666666666,0,0.0,0,75.0,-23.0,-17.0,1,1,6,6,3.0,0.0,Completed,1,1
46,Aflibercept,OS,55,,0,475.0,71.66666666666667,14,Uncertain,Severe NPDR,5.0,0.0,73.0,0,7.0,1,1,1,20.0,2.6224923127405635,Heidelberg Spectralis,0,1,1,0,0,0,0,,0,115.0,0,1.0,1,56.0,-166.0,-172.0,1,1,15,11,23.0,22.0,Completed,1,1
47,Bevacizumab,OD,51,,0,488.0,78.66666666666667,17,Type 2,Severe NPDR,4.0,1.0,20.0,1,9.5,0,1,1,17.0,5.622680873219159,Zeiss Cirrus,0,0,0,0,0,0,0,Black/African American,0,116.0,0,0.0,1,58.0,-76.0,49.0,1,1,24,13,12.0,5.0,Completed,1,1
48,Aflibercept,OD,61,37.30204081632653,1,302.0,80.33333333333333,11,Type 2,Severe NPDR,5.0,1.0,79.0,1,10.3,0,1,1,16.0,3.5290040861498118,Zeiss Cirrus,0,0,0,1,0,0,0,Black/African American,0,151.33333333333334,0,0.0,0,75.0,113.0,44.0,1,1,21,12,7.0,10.0,Completed,1,1
50,Bevacizumab,OD,61,31.746481831547992,1,408.0,70.66666666666667,49,Type 1,Mild/moderate NPDR,2.0,1.0,90.0,0,7.9,0,1,1,17.0,2.2844211223663744,Zeiss Cirrus,0,0,0,0,0,0,0,White,0,142.0,0,0.0,1,59.0,-23.0,21.0,0,0,22,11,23.0,21.0,Completed,1,1
51,Aflibercept,OD,54,45.18824609733701,0,528.0,98.33333333333333,11,Type 2,Severe NPDR,5.0,0.0,27.0,1,7.6,0,1,1,16.0,6.611261160917995,Heidelberg Spectralis,0,0,0,0,0,0,0,White,0,162.0,0,1.0,0,73.0,,-281.0,1,1,12,11,,6.0,DropPostOutcome,0,1
52,Bevacizumab,OD,53,39.818359375,0,300.0,88.66666666666667,10,Type 2,Mild/moderate NPDR,3.0,1.0,49.0,1,6.4,0,1,1,16.0,2.3398808777377424,Zeiss Cirrus,0,1,1,0,0,1,0,White,0,121.0,0,0.0,0,71.0,3.0,9.0,0,0,10,7,6.0,9.0,Completed,1,1
54,Aflibercept,OS,66,,0,615.0,96.0,6,Type 2,Severe NPDR,3.0,1.0,68.0,1,6.5,0,1,0,13.0,4.284000269375321,Zeiss Cirrus,0,0,0,0,0,1,0,Black/African American,0,150.33333333333334,0,1.0,1,48.0,-376.0,-285.0,1,1,16,9,29.0,28.0,Completed,1,1
55,Aflibercept,OD,59,26.21415973796926,0,469.0,63.0,23,Type 2,Mild/moderate NPDR,4.0,0.0,76.0,1,5.8,0,1,0,14.0,5.006560336054226,Heidelberg Spectralis,0,1,1,0,0,0,1,White,1,170.66666666666666,0,1.0,1,63.0,-202.0,-202.0,0,0,18,10,23.0,22.0,Completed,1,1
56,Bevacizumab,OD,66,34.85950413223141,0,363.0,69.66666666666667,15,Type 2,Mild/moderate NPDR,3.0,0.0,75.0,1,8.8,0,1,1,11.0,4.230331271421687,Zeiss Cirrus,0,0,0,1,0,0,1,White,0,118.66666666666667,0,0.0,0,69.0,,,1,1,5,5,,,DropPreOutcome,0,0
58,Bevacizumab,OD,68,29.695133149678604,0,504.0,70.0,20,Type 2,Mild/moderate NPDR,3.0,1.0,75.0,1,7.3,0,1,1,12.0,2.516889695641051,Heidelberg Spectralis,0,1,1,0,0,0,0,Black/African American,0,149.66666666666666,0,0.0,1,67.0,-31.0,-37.0,0,0,23,13,2.0,0.0,Completed,1,1
59,Ranibizumab,OS,63,27.121913580246915,0,335.0,88.33333333333333,23,Type 2,Mild/moderate NPDR,3.0,0.0,85.0,0,6.8,0,0,0,15.0,1.7595805708638197,Zeiss Cirrus,0,0,0,0,0,0,0,White,0,143.33333333333334,0,0.0,0,78.0,-45.0,-88.0,0,0,8,6,10.0,13.0,Completed,1,1
61,Bevacizumab,OS,56,28.498004620877968,0,370.0,80.66666666666667,17,Type 2,Mild/moderate NPDR,5.0,0.0,71.0,1,9.6,0,1,1,20.0,4.867149761087499,Zeiss Cirrus,1,1,1,0,0,1,0,Black/African American,1,138.33333333333334,0,0.0,1,65.0,-35.0,72.0,1,1,14,6,16.0,8.0,Completed,1,1
62,Bevacizumab,OS,66,34.564166666666665,0,352.0,72.0,33,Type 2,PDR and/or prior scatter,7.0,0.0,79.0,1,7.2,0,1,1,14.0,7.053205361000187,Heidelberg Spectralis,1,1,1,0,1,1,1,Black/African American,1,153.66666666666666,0,0.0,0,77.0,,-53.0,1,1,8,7,,6.0,DropPostOutcome,0,1
63,Ranibizumab,OD,67,40.99731255038968,0,427.0,88.66666666666667,21,Type 2,Mild/moderate NPDR,4.0,1.0,84.0,1,8.0,0,1,1,20.0,2.546315277916644,Zeiss Cirrus,0,0,0,0,0,0,0,White,0,145.0,0,0.0,1,36.0,-180.0,-197.0,0,0,12,11,29.0,15.0,Completed,1,1
65,Bevacizumab,OS,62,26.30601469237833,0,356.0,84.33333333333333,14,Type 2,Mild/moderate NPDR,,0.0,84.0,0,6.7,0,1,0,16.0,4.699297848712789,Zeiss Cirrus,0,0,0,1,0,0,0,Asian,0,136.33333333333334,0,0.0,0,73.0,-31.0,-39.0,1,0,18,8,0.0,6.0,Completed,1,1
66,Ranibizumab,OD,84,25.45775147928994,0,319.0,72.66666666666667,22,Type 2,Mild/moderate NPDR,5.0,1.0,70.0,1,8.9,0,1,1,16.0,4.894925108600803,Zeiss Cirrus,0,1,1,0,0,1,1,White,1,175.0,0,0.0,1,56.0,,,0,0,10,10,,,DropPreOutcome,0,0
67,Bevacizumab,OD,63,32.535034602076124,0,406.0,69.33333333333333,42,Type 1,PDR and/or prior scatter,8.0,0.0,80.0,0,7.5,0,1,1,16.0,3.130263166511597,Heidelberg Spectralis,0,1,1,0,1,0,0,White,0,125.66666666666667,0,0.0,0,77.0,22.0,-30.0,0,0,18,8,-14.0,-8.0,Completed,1,1
68,Aflibercept,OD,59,26.301686851211073,0,352.0,76.66666666666667,29,Type 1,Mild/moderate NPDR,2.0,1.0,81.0,0,6.7,0,1,1,18.0,1.47932922708708,Zeiss Cirrus,1,1,1,0,0,0,0,White,0,115.66666666666667,0,0.0,1,59.0,-70.0,-64.0,0,0,20,10,28.0,29.0,Completed,1,1
70,Ranibizumab,OD,56,43.84940966807752,0,489.0,85.0,1,Type 2,Severe NPDR,4.0,1.0,40.0,1,6.0,0,1,0,16.0,3.550191934340043,Zeiss Cirrus,0,0,0,0,0,0,0,White,0,137.0,0,1.0,1,63.0,-209.0,-188.0,1,1,16,12,23.0,19.0,Completed,1,1
72,Bevacizumab,OS,57,24.625798816568047,0,447.0,89.33333333333333,15,Type 2,PDR and/or prior scatter,5.0,1.0,74.0,1,9.0,0,0,1,17.0,4.114473933517266,Zeiss Cirrus,0,0,0,0,0,0,0,White,0,143.0,0,1.0,0,73.0,-168.0,-96.0,1,1,22,12,4.0,1.0,Completed,1,1
74,Aflibercept,OS,69,,0,469.0,89.66666666666667,30,Type 2,Mild/moderate NPDR,3.0,0.0,87.0,0,,0,1,1,22.0,1.425515074273172,Zeiss Stratus,1,1,0,0,0,0,1,White,0,169.0,0,0.0,0,78.0,-17.0,119.0,0,0,17,6,-5.0,-10.0,Completed,1,1
75,Bevacizumab,OD,65,25.938901011704026,0,505.0,68.66666666666667,13,Type 2,Mild/moderate NPDR,4.0,1.0,82.0,0,8.2,0,0,1,14.0,2.800933195248924,Zeiss Cirrus,0,0,0,0,0,1,0,,0,131.33333333333334,0,0.0,1,49.0,,44.0,1,1,10,10,,12.0,DropPostOutcome,0,1
76,Bevacizumab,OD,82,23.628611111111113,0,437.0,80.66666666666667,0,Type 2,Mild/moderate NPDR,2.0,1.0,79.0,1,6.2,0,1,0,14.0,,Zeiss Cirrus,0,0,0,0,0,0,1,White,0,138.33333333333334,1,0.0,0,71.0,-140.0,-107.0,1,1,23,12,8.0,4.0,Completed,1,1
77,Bevacizumab,OS,38,27.259183673469387,0,354.0,91.0,13,Type 2,Mild/moderate NPDR,3.0,1.0,74.0,0,7.2,0,1,1,22.0,4.04567939024082,Zeiss Cirrus,1,1,0,0,0,0,0,White,0,154.66666666666666,0,0.0,1,59.0,-38.0,-31.0,1,1,9,9,22.0,20.0,Completed,1,1
78,Bevacizumab,OS,55,33.96135265700483,0,578.0,102.0,15,Type 2,PDR and/or prior scatter,9.0,1.0,71.0,0,6.9,1,1,1,14.0,7.71294013328073,Heidelberg Spectralis,0,0,0,0,0,0,0,White,0,140.33333333333334,0,1.0,1,62.0,-126.0,-99.0,1,1,18,10,28.0,15.0,Completed,1,1
79,Aflibercept,OD,43,38.27444444444444,0,392.0,95.66666666666667,18,Type 2,Severe NPDR,3.0,1.0,62.0,0,7.2,1,0,1,10.0,4.858105522110037,Zeiss Cirrus,0,0,0,0,0,0,0,White,0,152.66666666666666,0,0.0,1,66.0,-110.0,-120.0,0,0,7,7,23.0,23.0,Completed,1,1
80,Bevacizumab,OD,68,32.632810950208295,1,392.0,95.0,10,Type 2,Mild/moderate NPDR,4.0,1.0,81.0,0,7.3,0,1,1,14.0,5.065060346074329,Zeiss Cirrus,0,1,1,0,0,0,0,White,0,163.33333333333334,0,0.0,1,67.0,-41.0,-18.0,1,1,19,10,15.0,14.0,Completed,1,1
81,Bevacizumab,OS,71,41.49652777777778,1,471.0,67.33333333333333,20,Type 2,Mild/moderate NPDR,4.0,1.0,12.0,0,7.2,0,1,1,15.0,3.9215772182329576,Heidelberg Spectralis,0,1,1,0,0,0,1,White,1,117.0,0,0.0,0,74.0,48.0,40.0,0,0,4,4,1.0,-11.0,Completed,1,1
82,Bevacizumab,OS,60,42.61160249739854,0,514.0,74.0,28,Type 2,PDR and/or prior scatter,7.0,1.0,0.0,1,7.2,0,1,0,14.0,3.734808386002336,Heidelberg Spectralis,0,1,1,1,1,0,0,White,0,152.0,0,1.0,1,57.0,-282.0,-31.0,0,0,18,13,0.0,-6.0,Completed,1,1
84,Ranibizumab,OD,52,27.175455057234004,0,511.0,65.33333333333333,0,Type 2,Mild/moderate NPDR,6.0,1.0,79.0,0,12.0,0,1,0,19.0,6.721979764136665,Zeiss Cirrus,0,0,0,0,0,0,0,White,0,95.66666666666667,0,1.0,0,74.0,,,0,0,2,2,,,DropPreOutcome,0,0
85,Aflibercept,OS,48,44.90497917079944,0,431.0,92.66666666666667,10,Type 2,Mild/moderate NPDR,3.0,0.0,88.0,0,8.6,0,1,1,21.0,2.6939512767227085,Heidelberg Spectralis,0,0,0,0,0,0,0,White,0,134.33333333333334,0,0.0,0,78.0,-158.0,-125.0,0,0,6,6,13.0,11.0,Completed,1,1
86,Bevacizumab,OD,84,22.10454178984144,0,348.0,69.33333333333333,10,Type 2,Severe NPDR,4.0,1.0,75.0,1,7.0,0,1,1,12.0,4.339119133662605,Zeiss Cirrus,0,1,1,0,0,0,1,White,0,153.0,0,0.0,1,64.0,-85.0,-90.0,1,1,18,12,19.0,25.0,Completed,1,1
87,Aflibercept,OS,60,34.109010712035285,0,432.0,94.66666666666667,15,Type 2,Mild/moderate NPDR,4.0,0.0,88.0,0,10.3,0,1,1,15.0,3.4806245152934774,Heidelberg Spectralis,0,1,1,0,0,1,0,White,1,132.33333333333334,0,0.0,0,72.0,-162.0,-186.0,0,0,12,12,12.0,11.0,Completed,1,1
88,Ranibizumab,OD,54,29.28585598095616,0,613.0,88.0,13,Type 2,PDR and/or prior scatter,8.0,1.0,80.0,0,7.5,0,1,1,14.0,7.4821189235521155,Heidelberg Spectralis,0,0,0,0,0,0,0,Black/African American,0,177.66666666666666,0,1.0,1,54.0,,,0,0,8,8,,,DropPreOutcome,0,0
89,Ranibizumab,OS,52,32.48477210670028,0,514.0,82.66666666666667,2,Type 2,Severe NPDR,7.0,0.0,20.0,0,6.5,1,1,0,14.0,6.134221998462939,Zeiss Cirrus,0,0,0,0,0,0,0,White,0,121.66666666666667,0,0.0,0,78.0,-69.0,-106.0,1,1,11,7,11.0,12.0,Completed,1,1
90,Aflibercept,OS,62,42.564453125,0,545.0,78.0,14,Type 2,Severe NPDR,4.0,1.0,63.0,1,7.8,0,1,0,14.0,8.025045379572198,Zeiss Cirrus,0,0,0,0,0,0,0,White,0,148.66666666666666,0,1.0,1,37.0,-229.0,-328.0,1,1,21,11,-10.0,33.0,Completed,1,1
91,Aflibercept,OD,24,19.523903987304106,0,547.0,77.0,10,Type 1,PDR and/or prior scatter,7.0,0.0,68.0,0,10.9,0,0,1,14.0,2.2935443483418965,Zeiss Cirrus,0,0,0,0,0,0,0,White,0,99.33333333333333,0,0.0,1,49.0,-187.0,-214.0,1,1,16,9,43.0,43.0,Completed,1,1
92,Bevacizumab,OD,79,23.226066597294484,0,487.0,92.33333333333333,13,Type 2,Mild/moderate NPDR,3.0,0.0,75.0,1,6.6,1,1,0,19.0,5.570403451375261,Heidelberg Spectralis,1,1,1,0,0,0,0,,0,177.0,0,0.0,1,65.0,-73.0,-107.0,1,0,17,8,1.0,-3.0,Completed,1,1
93,Aflibercept,OD,63,22.10454178984144,0,415.0,74.66666666666667,0,Type 2,Severe NPDR,5.0,1.0,43.0,1,6.6,0,1,1,10.0,4.743365684739491,Heidelberg Spectralis,0,0,0,0,0,0,0,White,0,106.0,0,1.0,1,27.0,-204.0,-211.0,1,1,19,13,59.0,48.0,Completed,1,1
95,Bevacizumab,OS,56,28.734212802768166,0,362.0,74.33333333333333,5,Type 2,Mild/moderate NPDR,7.0,0.0,67.0,0,6.7,0,1,1,10.0,4.084799149378569,Heidelberg Spectralis,0,1,1,0,0,0,0,Black/African American,1,128.33333333333334,0,0.0,0,70.0,-159.0,-137.0,1,0,20,12,17.0,10.0,Completed,1,1
96,Ranibizumab,OD,58,40.188738868141336,0,389.0,80.66666666666667,27,Type 2,Mild/moderate NPDR,5.0,1.0,64.0,1,8.0,1,1,0,17.0,8.77971129020447,Zeiss Cirrus,0,0,0,1,0,0,0,White,0,147.0,0,0.0,1,53.0,-187.0,-168.0,0,0,20,10,37.0,31.0,Completed,1,1
97,Aflibercept,OD,53,23.73167438271605,0,337.0,86.66666666666667,17,Type 1,PDR and/or prior scatter,8.0,0.0,66.0,0,9.0,0,0,1,10.0,5.828357209237832,Heidelberg Spectralis,0,0,0,0,1,0,0,White,0,121.0,1,0.0,0,75.0,-55.0,-59.0,1,1,8,8,5.0,10.0,Completed,1,1
101,Aflibercept,OD,68,32.91883454734651,0,428.0,66.66666666666667,2,Type 2,Microaneurysms only,3.0,1.0,0.0,1,5.8,0,1,1,16.0,3.4995332823830174,Zeiss Cirrus,0,0,0,0,0,0,0,White,0,118.0,0,1.0,1,52.0,8.0,-32.0,0,0,18,9,-23.0,-7.0,Completed,1,1
102,Ranibizumab,OD,76,,1,347.0,71.33333333333333,38,Type 2,Mild/moderate NPDR,4.0,1.0,0.0,1,6.9,0,1,1,17.0,5.514919569818824,Zeiss Cirrus,1,1,1,0,0,0,1,White,1,135.33333333333334,0,0.0,1,67.0,280.0,177.0,0,0,10,6,15.0,8.0,Completed,1,1
103,Bevacizumab,OS,54,28.170204324538783,1,446.0,92.0,3,Type 2,Mild/moderate NPDR,4.0,0.0,75.0,0,9.3,0,1,1,14.0,5.295062073827364,Heidelberg Spectralis,0,1,1,0,0,1,0,White,0,147.33333333333334,1,0.0,1,61.0,-163.0,-113.0,1,1,18,11,26.0,25.0,Completed,1,1
104,Ranibizumab,OS,52,26.87376601554295,0,338.0,76.33333333333333,13,Type 2,Mild/moderate NPDR,5.0,1.0,84.0,0,10.5,0,1,0,14.0,,Zeiss Cirrus,0,0,0,0,0,0,0,Black/African American,0,122.33333333333333,1,0.0,0,72.0,-82.0,-57.0,1,1,12,11,17.0,12.0,Completed,1,1
105,Bevacizumab,OS,72,37.49089490114464,0,424.0,72.33333333333333,13,Type 2,Mild/moderate NPDR,4.0,1.0,72.0,1,7.7,0,1,1,14.0,3.2872818575322613,Zeiss Cirrus,0,1,1,0,0,0,1,White,0,114.33333333333333,0,0.0,0,77.0,-35.0,19.0,0,0,23,10,3.0,-7.0,Completed,1,1
106,Bevacizumab,OS,66,41.19659735349716,1,462.0,85.33333333333333,14,Type 2,Mild/moderate NPDR,3.0,0.0,75.0,0,7.7,0,1,1,18.0,5.032918502336713,Heidelberg Spectralis,0,0,0,1,0,0,0,White,0,134.66666666666666,0,0.0,0,74.0,-57.0,-99.0,1,1,20,12,7.0,-3.0,Completed,1,1
107,Bevacizumab,OS,57,28.726813590449954,0,427.0,79.0,10,Type 2,Mild/moderate NPDR,5.0,1.0,68.0,0,7.5,0,1,1,14.0,7.497124025066907,Heidelberg Spectralis,0,0,0,0,0,1,0,White,0,128.33333333333334,0,1.0,1,32.0,-226.0,-223.0,1,1,20,9,5.0,6.0,Completed,1,1
108,Ranibizumab,OS,49,40.31064902331443,1,666.0,93.0,10,Type 2,Severe NPDR,5.0,1.0,84.0,0,7.5,0,1,0,18.0,3.166740070447672,Zeiss Cirrus,1,1,1,1,0,0,0,White,0,128.33333333333334,1,1.0,0,69.0,-456.0,-457.0,1,0,15,11,15.0,16.0,Completed,1,1
109,Aflibercept,OD,63,28.83734693877551,0,613.0,103.0,14,Type 2,Mild/moderate NPDR,4.0,1.0,76.0,0,6.6,0,1,1,19.0,8.26445346216202,Zeiss Cirrus,0,0,0,1,0,0,0,Black/African American,0,177.33333333333334,0,0.0,1,56.0,,,0,0,6,6,,,DropPreOutcome,0,0
110,Ranibizumab,OS,74,32.18945599663936,1,,61.666666666666664,62,Type 1,PDR and/or prior scatter,8.0,0.0,74.0,0,6.7,0,1,1,14.0,2.3832429960115,Heidelberg Spectralis,0,0,0,1,1,0,1,White,1,130.33333333333334,0,0.0,0,74.0,,,0,0,13,10,3.0,0.0,Completed,1,1
111,Bevacizumab,OD,42,28.5885736956953,0,348.0,88.0,17,Type 2,PDR and/or prior scatter,7.0,1.0,54.0,0,10.1,1,1,1,15.0,8.391650376395914,Heidelberg Spectralis,0,0,0,0,0,0,0,White,1,143.0,0,0.0,1,62.0,-89.0,-84.0,0,0,8,6,12.0,9.0,Completed,1,1
112,Ranibizumab,OD,75,30.510701545778836,0,349.0,89.0,17,Type 2,Mild/moderate NPDR,3.0,1.0,67.0,1,8.7,0,1,1,18.0,7.941583683080197,Heidelberg Spectralis,0,1,1,0,0,0,1,,0,162.33333333333334,0,0.0,0,73.0,,,0,0,11,10,,7.0,DropPostOutcome,0,1
115,Bevacizumab,OD,46,29.756613756613756,0,544.0,72.0,11,Type 2,PDR and/or prior scatter,8.0,1.0,44.0,1,5.6,0,0,0,12.0,5.74390022125209,Zeiss Cirrus,0,0,0,0,0,0,0,White,0,98.0,1,1.0,1,59.0,,-286.0,1,1,17,9,,25.0,DropPostOutcome,0,1
116,Bevacizumab,OS,45,38.73278236914601,0,600.0,94.0,13,Type 2,Severe NPDR,7.0,1.0,68.0,0,9.6,1,1,0,14.0,8.874524919624955,Heidelberg Spectralis,0,0,0,0,0,0,0,,0,143.66666666666666,0,1.0,1,51.0,-387.0,-378.0,1,1,16,8,35.0,24.0,Completed,1,1
117,Bevacizumab,OD,54,30.99647266313933,0,605.0,86.33333333333333,7,Type 2,Mild/moderate NPDR,4.0,1.0,52.0,1,7.1,0,1,1,16.0,2.162172939277301,Zeiss Cirrus,0,0,0,0,0,0,0,White,0,127.66666666666667,0,1.0,0,73.0,-231.0,-155.0,0,0,20,12,9.0,4.0,Completed,1,1
118,Bevacizumab,OD,42,30.035400390625,0,338.0,96.0,12,Type 2,Mild/moderate NPDR,5.0,0.0,89.0,0,9.5,1,1,0,17.0,4.845682031463393,Heidelberg Spectralis,0,0,0,0,0,0,0,,0,147.33333333333334,0,0.0,0,75.0,-46.0,-71.0,1,0,8,6,16.0,13.0,Completed,1,1
120,Aflibercept,OD,52,36.72900390625,0,521.0,69.66666666666667,27,Type 1,PDR and/or prior scatter,7.0,0.0,27.0,1,6.5,0,1,1,17.0,,Heidelberg Spectralis,1,1,0,0,1,0,1,White,0,113.33333333333333,0,0.0,1,66.0,-314.0,-203.0,0,0,18,9,4.0,0.0,Completed,1,1
121,Bevacizumab,OD,47,,0,720.0,93.66666666666667,19,Type 2,PDR and/or prior scatter,6.0,1.0,66.0,1,9.8,0,1,1,20.0,8.380456667842767,Zeiss Cirrus,0,0,0,0,0,0,0,White,0,151.66666666666666,0,1.0,1,64.0,-469.0,-365.0,0,0,13,8,14.0,12.0,Completed,1,1
122,Ranibizumab,OD,72,29.674791914387633,0,574.0,87.66666666666667,8,Type 2,Mild/moderate NPDR,3.0,0.0,75.0,1,5.7,1,1,0,18.0,6.565997096331685,Heidelberg Spectralis,0,0,0,0,0,0,1,White,0,144.0,0,0.0,1,53.0,-382.0,-391.0,0,0,8,8,18.0,16.0,Completed,1,1
123,Ranibizumab,OD,58,29.261186264308012,0,697.0,105.66666666666667,16,Type 2,Severe NPDR,7.0,1.0,51.0,1,5.6,1,1,1,14.0,9.795501927625388,Heidelberg Spectralis,0,0,0,0,0,0,0,,1,176.33333333333334,0,0.0,1,37.0,,,0,0,8,8,,,DropPreOutcome,0,0
125,Ranibizumab,OD,69,37.437869822485204,0,308.0,102.33333333333333,23,Type 2,Severe NPDR,5.0,0.0,81.0,1,8.7,0,1,1,15.0,4.379022125653583,Heidelberg Spectralis,0,0,0,0,0,0,0,White,0,155.33333333333334,0,0.0,0,71.0,-33.0,-25.0,1,1,11,7,15.0,10.0,Completed,1,1
126,Bevacizumab,OS,48,29.834104938271604,0,481.0,87.0,3,Type 2,Mild/moderate NPDR,5.0,1.0,77.0,0,7.0,0,1,0,16.0,3.3379025312898416,Heidelberg Spectralis,0,1,1,0,0,0,0,White,0,139.66666666666666,0,1.0,0,76.0,-131.0,-122.0,1,0,13,9,7.0,5.0,Completed,1,1
127,Aflibercept,OS,74,29.485205400746914,0,303.0,83.33333333333333,24,Type 2,Mild/moderate NPDR,3.0,1.0,69.0,1,8.4,0,0,1,16.0,2.772588722239781,Zeiss Cirrus,0,1,1,0,0,0,1,White,0,144.33333333333334,0,1.0,0,69.0,-111.0,-107.0,0,0,14,9,2.0,0.0,Completed,1,1
128,Ranibizumab,OD,70,42.25530648680817,1,325.0,74.0,20,Type 2,Mild/moderate NPDR,3.0,1.0,81.0,0,9.0,0,1,0,18.0,6.5870264618168735,Zeiss Cirrus,1,1,1,0,0,0,1,White,0,129.0,0,0.0,1,55.0,-114.0,-132.0,0,0,13,9,1.0,10.0,Completed,1,1
129,Ranibizumab,OD,63,32.23096885813149,1,352.0,90.66666666666667,12,Type 2,Mild/moderate NPDR,4.0,1.0,67.0,0,8.8,0,1,1,18.0,2.614471854142644,Heidelberg Spectralis,1,1,1,0,0,0,0,White,0,135.33333333333334,0,0.0,0,70.0,-53.0,-69.0,1,1,24,12,18.0,-4.0,Completed,1,1
130,Ranibizumab,OD,57,43.92878397143424,0,561.0,75.33333333333333,29,Type 2,Mild/moderate NPDR,3.0,1.0,83.0,0,8.6,0,1,1,18.0,2.6939512767227085,Zeiss Cirrus,0,0,0,0,0,0,0,White,0,118.66666666666667,0,1.0,1,66.0,-239.0,-250.0,0,0,17,10,21.0,1.0,Completed,1,1
131,Ranibizumab,OS,74,30.22477166406772,1,353.0,68.66666666666667,39,Type 2,Severe NPDR,4.0,1.0,72.0,0,7.5,0,1,1,14.0,5.005823737099034,Zeiss Cirrus,0,0,0,0,0,0,1,White,0,141.0,0,0.0,1,59.0,-33.0,-51.0,0,0,9,9,9.0,4.0,Completed,1,1
132,Aflibercept,OD,57,20.67212770426381,0,484.0,102.33333333333333,0,Type 2,Severe NPDR,5.0,1.0,95.0,0,8.3,0,1,0,13.0,2.6837575085331657,Heidelberg Spectralis,0,0,0,0,0,0,0,White,0,147.33333333333334,1,1.0,0,72.0,-268.0,-217.0,0,0,18,8,20.0,16.0,Completed,1,1
133,Aflibercept,OS,60,26.98630401234568,0,408.0,87.0,12,Type 2,Mild/moderate NPDR,5.0,1.0,80.0,0,9.4,0,1,1,13.0,2.468946630209271,Zeiss Cirrus,0,1,1,0,0,0,0,White,0,121.33333333333333,0,1.0,0,77.0,-138.0,-138.0,0,0,15,9,5.0,-4.0,Completed,1,1
134,Aflibercept,OD,61,41.314967860422406,0,648.0,78.66666666666667,9,Type 2,PDR and/or prior scatter,7.0,1.0,81.0,1,9.6,0,1,0,16.0,3.007166651179654,Zeiss Stratus,0,1,1,0,1,0,0,White,0,123.33333333333333,0,1.0,1,44.0,-213.0,-198.0,1,1,23,13,21.0,17.0,Completed,1,1
135,Ranibizumab,OD,62,,0,390.0,78.0,7,Type 2,Severe NPDR,5.0,1.0,13.0,0,8.2,1,1,1,15.0,5.033244436957115,Zeiss Cirrus,0,0,0,0,0,0,0,White,0,159.0,0,1.0,1,54.0,-201.0,-185.0,1,1,19,9,15.0,14.0,Completed,1,1
136,Ranibizumab,OD,39,22.394519937625308,0,536.0,64.66666666666667,3,Type 2,PDR and/or prior scatter,9.0,1.0,80.0,1,6.2,0,1,0,22.0,2.2332350148592526,Heidelberg Spectralis,0,1,1,0,1,0,0,White,0,142.0,0,1.0,0,70.0,-277.0,-256.0,0,0,10,8,18.0,19.0,Completed,1,1
137,Aflibercept,OD,48,29.372359963269055,0,589.0,55.0,7,Type 2,Mild/moderate NPDR,5.0,0.0,84.0,0,6.8,1,1,1,10.0,5.329961371882498,Heidelberg Spectralis,0,0,0,0,0,0,0,White,0,83.33333333333333,0,1.0,0,74.0,,-257.0,1,1,9,8,,14.0,DropPostOutcome,0,1
138,Bevacizumab,OS,71,32.59057697152935,1,272.0,87.0,36,Type 2,Mild/moderate NPDR,3.0,0.0,83.0,1,8.6,0,1,0,13.0,,Zeiss Stratus,0,1,1,0,0,0,0,White,0,151.0,0,0.0,0,78.0,46.0,48.0,0,0,6,6,6.0,12.0,Completed,1,1
139,Ranibizumab,OD,55,40.16162109375,0,381.0,98.66666666666667,20,Type 2,Severe NPDR,3.0,1.0,82.0,1,11.1,0,1,1,18.0,8.542866786100932,Zeiss Cirrus,0,1,1,0,0,0,0,White,0,149.66666666666666,0,0.0,0,73.0,42.0,-91.0,1,1,19,11,0.0,11.0,Completed,1,1
140,Ranibizumab,OS,35,34.86411426304305,0,423.0,98.66666666666667,16,Type 2,Severe NPDR,5.0,1.0,79.0,0,8.3,0,1,1,22.0,5.4705464990606965,Zeiss Cirrus,0,0,0,0,0,0,0,White,0,127.66666666666667,0,0.0,0,70.0,-145.0,-142.0,0,0,18,9,13.0,16.0,Completed,1,1
144,Ranibizumab,OS,75,27.259183673469387,0,341.0,71.0,28,Type 2,Mild/moderate NPDR,4.0,1.0,0.0,0,5.8,0,1,1,14.0,3.0209125720842893,Heidelberg Spectralis,1,1,1,1,0,0,1,White,1,133.0,0,0.0,0,76.0,139.0,-79.0,0,0,22,12,-2.0,1.0,Completed,1,1
145,Aflibercept,OS,55,35.98921028466483,0,342.0,68.33333333333333,17,Type 2,Mild/moderate NPDR,4.0,0.0,69.0,0,8.5,1,1,0,16.0,2.953868069455292,Heidelberg Spectralis,0,1,1,0,0,0,0,White,0,102.33333333333333,0,0.0,1,53.0,-66.0,-67.0,0,0,14,11,27.0,26.0,Completed,1,1
147,Aflibercept,OD,61,33.811279296875,0,,73.0,6,Type 2,Microaneurysms only,4.0,0.0,88.0,0,7.2,1,1,0,14.0,5.124083019936701,Heidelberg Spectralis,0,0,0,0,0,0,0,White,0,161.0,0,0.0,0,78.0,,,1,0,16,11,12.0,12.0,Completed,1,1
148,Bevacizumab,OS,77,35.42454018644495,0,322.0,62.666666666666664,27,Type 2,Mild/moderate NPDR,7.0,1.0,60.0,0,7.0,1,1,1,14.0,3.093312601892855,Zeiss Cirrus,0,1,1,0,0,0,1,White,0,122.0,0,0.0,0,77.0,,-84.0,0,0,10,10,,4.0,DropPostOutcome,0,1
150,Ranibizumab,OD,57,42.42958579881657,0,502.0,60.333333333333336,32,Type 2,Mild/moderate NPDR,3.0,1.0,83.0,1,7.0,0,0,1,20.0,2.460443177609626,Zeiss Cirrus,0,0,0,0,0,0,0,White,0,93.0,0,0.0,1,60.0,-237.0,-267.0,0,0,17,11,1.0,10.0,Completed,1,1
151,Aflibercept,OD,62,34.94201183431953,0,430.0,71.0,1,Type 2,Mild/moderate NPDR,6.0,1.0,74.0,1,6.4,0,1,0,17.0,8.61056877382046,Zeiss Cirrus,0,0,0,0,0,0,0,White,0,161.33333333333334,0,1.0,0,75.0,-150.0,-72.0,0,0,11,5,9.0,10.0,Completed,1,1
153,Ranibizumab,OS,58,64.00884495317378,1,538.0,73.0,16,Type 2,PDR and/or prior scatter,7.0,1.0,85.0,1,5.7,0,1,1,25.0,4.316821224548606,Zeiss Cirrus,1,1,0,0,1,0,0,White,0,139.66666666666666,0,0.0,0,72.0,,-222.0,1,1,16,13,,11.0,DropPostOutcome,0,1
155,Bevacizumab,OS,65,26.56840513983371,0,433.0,85.33333333333333,15,Type 2,Mild/moderate NPDR,3.0,1.0,70.0,1,5.9,1,0,1,13.0,2.871868286331605,Heidelberg Spectralis,0,0,0,0,0,0,0,White,0,120.66666666666667,0,0.0,0,71.0,-30.0,-135.0,0,0,12,7,12.0,12.0,Completed,1,1
156,Bevacizumab,OD,73,32.684493415748456,0,466.0,69.66666666666667,20,Type 2,Microaneurysms only,1.0,1.0,21.0,1,6.1,0,1,0,13.0,2.4449523342809676,Zeiss Cirrus,0,0,0,0,0,0,0,White,0,119.0,0,0.0,1,64.0,-200.0,-190.0,0,0,7,7,15.0,9.0,Completed,1,1
158,Aflibercept,OS,32,32.767699672461575,0,506.0,107.0,17,Type 1,Severe NPDR,7.0,0.0,80.0,0,7.7,0,1,1,15.0,8.272414785301715,Heidelberg Spectralis,0,0,0,0,0,0,0,White,0,166.66666666666666,0,1.0,1,65.0,-302.0,-162.0,1,0,15,9,11.0,8.0,Completed,1,1
159,Bevacizumab,OS,63,,0,388.0,94.0,30,Type 2,Severe NPDR,4.0,1.0,80.0,1,8.1,0,1,1,15.0,7.647590415619645,Zeiss Cirrus,0,0,0,0,0,0,0,White,0,127.66666666666667,0,1.0,0,70.0,-153.0,-135.0,1,1,15,8,11.0,7.0,Completed,1,1
160,Aflibercept,OD,50,30.819349962207106,0,391.0,78.0,20,Type 2,PDR and/or prior scatter,8.0,0.0,79.0,1,9.9,1,1,1,11.0,5.566701934107833,Heidelberg Spectralis,0,0,0,0,0,0,0,White,0,148.66666666666666,0,0.0,0,71.0,-163.0,29.0,1,1,17,7,2.0,3.0,Completed,1,1
162,Bevacizumab,OD,59,33.97076023391813,0,419.0,80.33333333333333,25,Type 2,Mild/moderate NPDR,3.0,0.0,74.0,1,6.6,0,1,1,21.0,2.1126345090356,Heidelberg Spectralis,0,1,1,0,0,0,0,White,0,132.66666666666666,0,0.0,0,77.0,-57.0,-1.0,0,0,9,8,-1.0,-4.0,Completed,1,1
163,Aflibercept,OD,70,32.260637112942746,1,311.0,75.66666666666667,20,Type 2,Severe NPDR,5.0,1.0,82.0,0,9.4,0,0,1,10.0,,Zeiss Cirrus,0,1,1,0,0,0,1,White,0,158.66666666666666,0,0.0,0,74.0,5.0,-85.0,1,1,16,10,-36.0,8.0,Completed,1,1
164,Ranibizumab,OS,72,28.243243243243242,0,580.0,98.0,14,Type 2,Severe NPDR,3.0,1.0,63.0,0,8.6,0,1,1,19.0,7.454326353396751,Zeiss Cirrus,0,1,1,0,0,0,0,Black/African American,0,169.33333333333334,0,0.0,0,75.0,-115.0,-136.0,1,1,19,10,1.0,6.0,Completed,1,1
165,Ranibizumab,OD,70,28.47800925925926,0,409.0,78.0,20,Type 2,Mild/moderate NPDR,3.0,1.0,83.0,0,5.3,0,1,0,14.0,5.350482780528716,Zeiss Cirrus,1,1,1,1,0,0,1,White,0,144.0,0,0.0,1,67.0,-142.0,70.0,1,1,15,6,11.0,13.0,Completed,1,1
166,Bevacizumab,OD,63,33.6533131771227,0,324.0,73.66666666666667,23,Type 2,PDR and/or prior scatter,7.0,1.0,76.0,1,10.3,0,1,1,13.0,3.4262151446374434,Zeiss Cirrus,1,1,0,0,1,0,1,Black/African American,0,146.0,0,0.0,0,69.0,26.0,-59.0,1,0,9,7,12.0,13.0,Completed,1,1
168,Ranibizumab,OS,62,29.418089697879527,1,355.0,82.66666666666667,28,Type 2,PDR and/or prior scatter,8.0,1.0,73.0,0,7.8,0,1,1,18.0,3.488902962081261,Zeiss Cirrus,1,1,1,0,1,0,1,White,1,154.33333333333334,0,0.0,1,52.0,32.0,-4.0,0,0,15,8,7.0,13.0,Completed,1,1
169,Ranibizumab,OD,76,37.072265625,1,296.0,73.0,26,Type 2,Mild/moderate NPDR,4.0,0.0,75.0,1,7.3,0,1,1,20.0,3.0525850851467737,Zeiss Cirrus,1,1,1,0,0,0,1,White,1,147.66666666666666,0,0.0,0,76.0,-55.0,-63.0,0,0,5,5,9.0,9.0,Completed,1,1
170,Bevacizumab,OS,47,33.37568024019516,1,345.0,94.0,13,Type 2,PDR and/or prior scatter,8.0,1.0,86.0,0,9.0,0,0,0,13.0,7.494485830837592,Heidelberg Spectralis,1,1,0,0,0,0,0,White,0,129.66666666666666,0,0.0,0,70.0,14.0,11.0,1,0,20,11,14.0,21.0,Completed,1,1
171,Ranibizumab,OD,55,46.67409169550173,0,514.0,79.33333333333333,17,Type 2,Mild/moderate NPDR,5.0,0.0,0.0,0,8.2,1,1,1,12.0,3.7436043538031827,Heidelberg Spectralis,0,1,1,0,0,1,0,White,0,125.0,0,0.0,1,54.0,-191.0,-98.0,1,1,9,9,35.0,33.0,Completed,1,1
172,Bevacizumab,OS,41,25.916259765625,0,331.0,85.0,0,Type 2,PDR and/or prior scatter,8.0,0.0,80.0,0,7.4,1,1,1,14.0,7.694688751546246,Heidelberg Spectralis,0,0,0,0,0,0,0,White,0,122.33333333333333,0,0.0,0,72.0,-34.0,-22.0,0,0,4,4,13.0,16.0,Completed,1,1
173,Bevacizumab,OS,63,47.798710024187045,0,356.0,80.0,5,Type 2,Severe NPDR,6.0,0.0,83.0,1,8.3,1,1,1,18.0,7.049706128299408,Heidelberg Spectralis,0,0,0,0,0,0,0,White,0,171.66666666666666,0,0.0,0,76.0,,-45.0,1,1,6,5,,-2.0,DropPostOutcome,0,1
174,Ranibizumab,OD,49,34.326171875,0,566.0,89.33333333333333,9,Type 2,PDR and/or prior scatter,7.0,0.0,62.0,1,7.6,0,1,0,16.0,9.186912059821088,Heidelberg Spectralis,0,0,0,0,0,0,0,White,1,156.33333333333334,0,0.0,1,40.0,-384.0,-169.0,1,1,14,6,20.0,18.0,Completed,1,1
175,Aflibercept,OD,58,33.6533131771227,0,320.0,76.33333333333333,21,Type 2,Severe NPDR,5.0,1.0,34.0,1,8.9,1,1,1,12.0,6.431991089523378,Heidelberg Spectralis,1,1,1,0,0,0,1,White,1,119.33333333333333,0,1.0,0,70.0,-121.0,-80.0,1,1,15,8,12.0,16.0,Completed,1,1
176,Aflibercept,OD,53,29.661650094060736,0,,102.66666666666667,0,Type 2,PDR and/or prior scatter,6.0,1.0,18.0,1,6.2,0,0,1,16.0,7.979006648293594,Heidelberg Spectralis,0,0,0,0,0,0,0,White,0,179.66666666666666,0,1.0,1,27.0,,,1,1,19,11,37.0,25.0,Completed,1,1
177,Bevacizumab,OS,58,46.511962890625,0,306.0,102.33333333333333,16,Type 2,Mild/moderate NPDR,7.0,1.0,74.0,1,9.0,0,1,1,16.0,3.711618941083426,Zeiss Cirrus,0,0,0,0,0,0,0,White,0,156.66666666666666,0,0.0,0,69.0,-23.0,-27.0,0,0,13,11,6.0,13.0,Completed,1,1
178,Aflibercept,OD,55,27.4609375,0,418.0,83.33333333333333,22,Type 2,Mild/moderate NPDR,4.0,0.0,76.0,0,8.3,0,1,1,18.0,2.5400259490090797,Heidelberg Spectralis,0,1,1,0,0,0,0,White,0,137.0,0,0.0,0,77.0,-128.0,-76.0,1,0,15,11,1.0,1.0,Completed,1,1
179,Aflibercept,OD,66,25.675675675675677,0,324.0,88.66666666666667,21,Uncertain,Mild/moderate NPDR,4.0,0.0,81.0,0,11.8,0,0,1,14.0,1.6620303625532709,Heidelberg Spectralis,1,1,1,0,0,0,0,White,0,138.33333333333334,0,0.0,0,73.0,-48.0,-48.0,0,0,8,8,7.0,2.0,Completed,1,1
180,Ranibizumab,OD,50,31.868248456790123,0,489.0,95.0,14,Type 2,Mild/moderate NPDR,6.0,1.0,35.0,0,10.8,1,0,1,13.0,2.3570732782781154,Zeiss Cirrus,0,1,1,0,0,0,0,White,0,152.66666666666666,0,1.0,1,51.0,-33.0,-213.0,1,0,21,11,2.0,20.0,Completed,1,1
181,Bevacizumab,OD,74,36.95596111882563,0,478.0,85.33333333333333,19,Type 2,Severe NPDR,5.0,1.0,72.0,0,8.4,0,1,1,17.0,7.329690670906533,Zeiss Cirrus,0,1,1,0,0,0,1,White,1,178.0,0,1.0,0,70.0,,-157.0,0,0,10,7,,14.0,DropPostOutcome,0,1
183,Bevacizumab,OD,71,37.02983069067455,0,325.0,90.0,23,Type 2,Mild/moderate NPDR,3.0,1.0,81.0,1,9.1,0,1,1,19.0,5.96038659153712,Zeiss Cirrus,1,1,1,0,0,0,1,Black/African American,0,145.66666666666666,0,0.0,0,71.0,1.0,-29.0,0,0,16,9,10.0,13.0,Completed,1,1
184,Aflibercept,OD,55,52.690673828125,0,361.0,77.66666666666667,13,Type 2,Mild/moderate NPDR,4.0,1.0,70.0,1,12.0,0,1,1,15.0,2.0881534822818573,Zeiss Cirrus,0,0,0,0,0,0,1,White,0,115.33333333333333,0,0.0,1,68.0,-82.0,-68.0,0,0,9,6,24.0,19.0,Completed,1,1
185,Ranibizumab,OD,74,25.229736328125,0,569.0,79.33333333333333,49,Type 2,Mild/moderate NPDR,3.0,1.0,84.0,1,6.3,0,1,0,14.0,,Heidelberg Spectralis,0,1,1,0,0,0,0,White,0,135.0,0,0.0,1,67.0,-52.0,-78.0,1,1,16,7,8.0,10.0,Completed,1,1
186,Ranibizumab,OS,53,22.261666666666667,0,434.0,82.33333333333333,14,Type 2,Mild/moderate NPDR,3.0,0.0,88.0,1,8.1,1,1,0,15.0,3.5360196074696004,Heidelberg Spectralis,0,0,0,0,0,0,0,White,0,113.66666666666667,0,0.0,1,65.0,-47.0,-74.0,1,1,12,7,13.0,10.0,Completed,1,1
187,Ranibizumab,OD,72,23.40105601469238,0,331.0,82.66666666666667,22,Type 2,Mild/moderate NPDR,2.0,0.0,63.0,0,7.8,0,1,1,11.0,5.949913119949747,Heidelberg Spectralis,0,0,0,1,0,0,0,Asian,1,125.66666666666667,0,0.0,0,77.0,,,0,0,3,3,,,DropPreOutcome,0,0
188,Ranibizumab,OD,61,22.21488078138466,0,405.0,104.33333333333333,16,Type 2,PDR and/or prior scatter,9.0,1.0,82.0,1,11.1,1,1,0,12.0,7.757837829945621,Heidelberg Spectralis,0,0,0,0,1,0,0,White,0,175.33333333333334,0,0.0,1,65.0,-138.0,-161.0,0,0,9,8,3.0,6.0,Completed,1,1
189,Ranibizumab,OS,69,33.66603654694392,1,434.0,77.66666666666667,6,Type 2,Mild/moderate NPDR,5.0,0.0,78.0,0,9.8,1,1,1,13.0,7.35772837996424,Heidelberg Spectralis,0,0,0,0,0,0,0,,0,145.0,0,0.0,0,78.0,99.0,67.0,1,1,11,6,-8.0,6.0,Completed,1,1
190,Aflibercept,OD,60,28.971931387836936,0,332.0,67.66666666666667,16,Type 2,PDR and/or prior scatter,7.0,1.0,0.0,0,7.8,1,1,1,12.0,4.9596928153586815,Heidelberg Spectralis,1,1,0,0,1,0,1,White,0,114.33333333333333,0,0.0,1,49.0,-120.0,-100.0,0,0,6,6,6.0,2.0,Completed,1,1
191,Bevacizumab,OS,64,45.091834319526626,0,546.0,75.0,24,Type 2,Mild/moderate NPDR,3.0,0.0,86.0,0,7.0,0,1,1,14.0,7.578513691063672,Heidelberg Spectralis,0,0,0,1,0,0,0,White,0,140.66666666666666,0,0.0,1,58.0,-181.0,-166.0,1,1,15,11,29.0,25.0,Completed,1,1
192,Aflibercept,OD,56,35.86734693877551,0,472.0,86.0,6,Type 2,Severe NPDR,5.0,0.0,86.0,0,6.9,0,1,0,17.0,6.891076965929324,Heidelberg Spectralis,0,0,0,0,0,0,1,White,1,157.0,0,0.0,0,76.0,-169.0,-142.0,1,1,8,8,13.0,11.0,Completed,1,1
193,Aflibercept,OD,55,33.85877551020408,0,325.0,68.0,15,Type 2,Severe NPDR,5.0,1.0,34.0,0,11.3,1,1,1,14.0,5.5836466734162205,Heidelberg Spectralis,1,1,1,0,0,0,0,White,0,119.66666666666667,0,0.0,1,55.0,,,0,0,1,1,,,DropPreOutcome,0,0
194,Ranibizumab,OS,64,48.17656543939801,0,412.0,78.33333333333333,19,Type 2,Mild/moderate NPDR,4.0,1.0,89.0,1,6.9,0,1,1,15.0,5.210087065153623,Heidelberg Spectralis,1,1,1,0,0,0,0,White,0,157.0,0,0.0,0,74.0,-149.0,-129.0,0,0,11,8,13.0,8.0,Completed,1,1
195,Bevacizumab,OD,64,,0,893.0,90.66666666666667,14,Type 2,PDR and/or prior scatter,7.0,1.0,53.0,0,6.7,0,1,0,17.0,8.157943507105037,Zeiss Cirrus,1,1,0,0,1,0,1,White,0,159.0,0,1.0,1,32.0,-214.0,263.0,1,1,13,10,-24.0,-9.0,Completed,1,1
196,Ranibizumab,OD,66,24.511237135055662,0,531.0,77.0,16,Type 2,Mild/moderate NPDR,5.0,0.0,79.0,0,6.0,0,1,1,16.0,2.8627721462977607,Zeiss Cirrus,0,0,0,0,0,0,1,Black/African American,0,159.33333333333334,0,0.0,0,78.0,-289.0,-256.0,1,1,19,11,5.0,1.0,Completed,1,1
197,Aflibercept,OD,53,27.054552668121403,0,,90.0,4,Type 2,PDR and/or prior scatter,7.0,,76.0,0,14.9,1,1,1,16.0,7.999661800835199,,0,1,0,0,1,0,0,More than one race,0,141.0,0,,1,51.0,,,0,0,20,11,-23.0,5.0,Completed,1,1
199,Bevacizumab,OD,77,35.4312,0,581.0,81.0,17,Type 2,Mild/moderate NPDR,4.0,0.0,67.0,1,6.8,0,1,0,15.0,2.998229153752578,Heidelberg Spectralis,0,0,0,0,0,0,0,Black/African American,0,144.0,0,1.0,1,44.0,,-245.0,1,1,19,12,,-13.0,DropPostOutcome,0,1
201,Ranibizumab,OS,45,30.710640138408305,0,771.0,87.66666666666667,15,Type 2,Severe NPDR,7.0,1.0,56.0,0,8.4,0,0,1,14.0,5.969934428557619,Zeiss Cirrus,0,0,0,0,0,0,1,White,0,125.33333333333333,0,1.0,1,53.0,-524.0,-512.0,1,1,20,12,30.0,26.0,Completed,1,1
203,Bevacizumab,OS,57,,0,474.0,73.33333333333333,17,Type 2,Mild/moderate NPDR,3.0,1.0,72.0,0,6.6,0,0,1,16.0,1.7833912195575383,Zeiss Cirrus,0,0,0,0,0,0,0,White,0,115.66666666666667,0,0.0,0,70.0,56.0,-116.0,1,0,12,6,4.0,12.0,Completed,1,1
204,Aflibercept,OS,69,25.58138888888889,0,376.0,79.0,30,Type 2,PDR and/or prior scatter,7.0,1.0,74.0,1,7.5,1,0,0,16.0,6.30769763259892,Heidelberg Spectralis,1,1,1,0,1,0,1,White,0,129.66666666666666,0,0.0,0,76.0,-60.0,-20.0,1,1,9,9,9.0,9.0,Completed,1,1
205,Bevacizumab,OS,59,27.169082125603865,0,608.0,86.0,1,Type 2,Severe NPDR,5.0,0.0,81.0,0,6.5,0,1,0,14.0,,Zeiss Cirrus,0,0,0,0,0,0,0,White,0,153.66666666666666,0,1.0,1,68.0,-278.0,-288.0,1,1,17,12,8.0,7.0,Completed,1,1
208,Bevacizumab,OD,53,63.84912741602552,0,457.0,64.0,20,Type 2,Mild/moderate NPDR,3.0,1.0,83.0,0,8.1,1,1,1,15.0,1.3862943611198906,Zeiss Cirrus,0,0,0,0,0,0,0,White,0,120.66666666666667,0,0.0,1,67.0,-81.0,4.0,1,1,21,10,5.0,-7.0,Completed,1,1
209,Ranibizumab,OD,48,,0,692.0,94.0,0,Type 2,Mild/moderate NPDR,6.0,1.0,87.0,1,7.9,0,1,0,18.0,7.099366882683184,Zeiss Cirrus,0,0,0,0,0,0,0,Black/African American,0,149.0,0,1.0,1,63.0,-439.0,-430.0,1,1,19,11,24.0,25.0,Completed,1,1
210,Ranibizumab,OD,57,37.24805363321799,0,364.0,77.33333333333333,22,Type 2,Mild/moderate NPDR,3.0,0.0,76.0,0,9.3,0,1,1,13.0,1.5282278570085572,Heidelberg Spectralis,0,0,0,0,0,0,0,White,0,161.0,0,1.0,1,60.0,-57.0,-52.0,0,0,7,7,17.0,17.0,Completed,1,1
211,Bevacizumab,OS,58,26.909818339100347,1,392.0,77.0,1,Type 2,Mild/moderate NPDR,7.0,1.0,70.0,0,5.0,0,1,0,10.0,2.435366204227864,Zeiss Cirrus,0,0,0,0,0,0,0,White,0,147.33333333333334,0,1.0,0,75.0,,,0,0,5,5,,,DropPreOutcome,0,0
212,Aflibercept,OD,51,57.13085399449036,0,305.0,85.0,4,Type 2,Mild/moderate NPDR,4.0,0.0,80.0,1,12.2,0,0,1,23.0,5.0114349742668205,Heidelberg Spectralis,0,0,0,0,0,0,0,White,0,110.66666666666667,0,0.0,0,73.0,-50.0,-47.0,0,0,9,8,8.0,9.0,Completed,1,1
213,Aflibercept,OD,82,30.465104560342656,0,384.0,91.0,39,Type 1,Mild/moderate NPDR,2.0,1.0,75.0,1,6.7,0,1,0,17.0,4.86422127564072,Zeiss Cirrus,0,1,1,0,0,0,0,White,0,170.66666666666666,0,0.0,0,76.0,-27.0,-96.0,0,0,13,8,-3.0,8.0,Completed,1,1
214,Aflibercept,OD,68,18.35611111111111,0,647.0,79.33333333333333,8,Type 2,Mild/moderate NPDR,4.0,1.0,69.0,1,6.5,0,0,0,14.0,3.8948768465931756,Zeiss Cirrus,0,0,0,0,0,0,1,White,0,133.0,1,1.0,0,70.0,,,0,0,8,8,,,DropPreOutcome,0,0
215,Bevacizumab,OD,53,39.86921296296296,0,450.0,69.0,16,Type 2,PDR and/or prior scatter,7.0,1.0,84.0,0,11.6,0,1,1,13.0,5.028082207699977,Heidelberg Spectralis,1,1,1,0,1,0,0,White,1,121.33333333333333,0,1.0,1,60.0,-58.0,-58.0,0,0,8,8,-12.0,13.0,Completed,1,1
216,Ranibizumab,OD,57,29.950295857988166,0,363.0,87.66666666666667,27,Type 2,Mild/moderate NPDR,4.0,0.0,83.0,0,10.6,0,0,1,16.0,7.984609229197096,Heidelberg Spectralis,0,0,0,0,0,0,0,White,1,153.33333333333334,0,0.0,0,72.0,273.0,-49.0,1,1,23,13,-23.0,5.0,Completed,1,1
218,Aflibercept,OD,66,31.56326530612245,0,395.0,75.0,2,Type 2,Mild/moderate NPDR,4.0,0.0,69.0,0,9.0,0,1,0,14.0,4.374876130645041,Heidelberg Spectralis,0,0,0,0,0,0,0,White,0,111.33333333333333,0,0.0,0,74.0,-130.0,-99.0,1,1,15,9,-1.0,0.0,Completed,1,1
219,Aflibercept,OD,78,54.7890352055899,0,672.0,67.0,20,Type 2,PDR and/or prior scatter,7.0,1.0,80.0,1,6.2,0,1,1,16.0,5.027295734989363,Heidelberg Spectralis,0,0,0,0,1,0,1,White,0,118.33333333333333,0,1.0,1,34.0,-367.0,-379.0,0,0,15,11,48.0,45.0,Completed,1,1
220,Aflibercept,OD,60,28.404040404040405,0,478.0,94.0,21,Type 2,Mild/moderate NPDR,3.0,0.0,75.0,1,7.0,0,1,1,20.0,2.2460147415056513,Zeiss Cirrus,0,0,0,0,0,0,0,Black/African American,0,158.33333333333334,1,0.0,0,76.0,-173.0,,0,0,14,10,2.0,6.0,Completed,1,1
222,Bevacizumab,OD,55,35.14302717714739,0,672.0,79.33333333333333,2,Type 2,PDR and/or prior scatter,7.0,0.0,69.0,0,7.4,0,1,0,17.0,5.607381700369847,Heidelberg Spectralis,0,1,1,0,1,0,0,White,1,131.0,0,1.0,0,77.0,-119.0,-135.0,1,0,22,13,0.0,4.0,Completed,1,1
223,Ranibizumab,OS,71,28.2634693877551,1,447.0,82.0,11,Type 2,Mild/moderate NPDR,3.0,0.0,85.0,0,7.1,0,1,0,18.0,2.5937610547000824,Zeiss Cirrus,0,0,0,0,0,0,0,White,0,128.0,0,1.0,0,75.0,-187.0,-186.0,0,0,16,8,3.0,10.0,Completed,1,1
224,Ranibizumab,OD,68,,0,479.0,80.66666666666667,14,Type 2,Mild/moderate NPDR,5.0,1.0,89.0,0,10.3,0,0,1,15.0,2.552565298261815,Zeiss Cirrus,1,1,1,0,0,0,0,White,0,138.0,0,0.0,0,71.0,,-13.0,0,0,6,5,,1.0,Completed,0,1
225,Aflibercept,OS,57,47.84305555555556,1,426.0,79.33333333333333,19,Type 2,Severe NPDR,5.0,1.0,58.0,1,9.2,0,1,1,19.0,6.933423025730715,Zeiss Cirrus,0,0,0,0,0,0,0,White,0,143.33333333333334,0,0.0,0,73.0,-145.0,-53.0,0,0,14,9,4.0,3.0,Completed,1,1
226,Aflibercept,OD,61,48.390955669414126,0,453.0,68.33333333333333,12,Type 2,Severe NPDR,7.0,1.0,74.0,1,9.6,0,1,1,18.0,,Heidelberg Spectralis,0,1,1,0,0,0,1,White,0,122.66666666666667,0,0.0,0,71.0,-187.0,-163.0,0,0,17,10,14.0,10.0,Completed,1,1
227,Bevacizumab,OS,64,36.01915794163511,0,446.0,95.0,24,Type 2,Mild/moderate NPDR,4.0,0.0,81.0,1,8.1,0,1,0,10.0,8.063084958327849,Zeiss Stratus,0,0,0,0,0,1,0,White,0,159.33333333333334,0,0.0,1,68.0,-223.0,-188.0,1,1,21,11,2.0,6.0,Completed,1,1
230,Bevacizumab,OS,54,25.499081726354454,0,712.0,100.33333333333333,6,Type 2,Severe NPDR,5.0,1.0,74.0,0,7.6,0,0,0,16.0,,Zeiss Cirrus,0,0,0,0,0,0,0,White,0,149.0,0,1.0,1,63.0,-264.0,-89.0,1,1,15,10,21.0,18.0,Completed,1,1
231,Bevacizumab,OD,63,29.472722386455253,0,286.0,77.33333333333333,31,Type 2,Mild/moderate NPDR,4.0,0.0,85.0,1,6.9,1,0,1,13.0,,Heidelberg Spectralis,0,0,0,0,0,0,0,,0,116.33333333333333,0,0.0,0,76.0,-6.0,12.0,0,0,11,6,3.0,7.0,Completed,1,1
234,Ranibizumab,OS,70,32.91883454734651,1,600.0,88.33333333333333,10,Type 2,Mild/moderate NPDR,5.0,1.0,7.0,0,9.6,0,0,1,20.0,4.755484946646959,Zeiss Cirrus,0,1,0,0,0,0,1,White,1,130.66666666666666,0,0.0,1,30.0,,-383.0,0,0,17,10,,26.0,DropPostOutcome,0,1
235,Bevacizumab,OS,64,33.245638200183656,0,436.0,83.33333333333333,33,Type 1,Mild/moderate NPDR,3.0,0.0,75.0,1,6.6,0,0,1,22.0,3.4368862240706624,Heidelberg Spectralis,0,0,0,0,0,0,0,White,0,144.33333333333334,0,0.0,1,57.0,-109.0,-67.0,1,1,22,10,7.0,-4.0,Completed,1,1
236,Ranibizumab,OS,47,27.454437869822485,0,352.0,74.0,23,Type 1,PDR and/or prior scatter,7.0,1.0,81.0,1,9.2,0,0,1,14.0,,Zeiss Cirrus,0,1,1,0,1,0,0,White,0,108.66666666666667,0,0.0,0,76.0,-91.0,-65.0,0,0,11,9,5.0,10.0,Completed,1,1
237,Aflibercept,OS,53,45.25885497883716,1,414.0,65.33333333333333,18,Type 2,Severe NPDR,5.0,1.0,90.0,0,7.6,0,1,1,18.0,6.423393056757489,Zeiss Cirrus,0,0,0,1,0,0,0,White,0,118.0,0,0.0,0,71.0,-138.0,-137.0,0,0,10,6,14.0,14.0,Completed,1,1
238,Aflibercept,OD,44,,0,469.0,93.0,4,Type 2,Mild/moderate NPDR,3.0,1.0,71.0,1,5.4,0,1,0,20.0,3.6573887870225654,Zeiss Cirrus,0,0,0,0,0,0,0,Black/African American,0,133.0,0,1.0,1,63.0,-249.0,-214.0,1,1,12,4,9.0,-4.0,Completed,1,1
239,Aflibercept,OS,62,28.884837962962962,0,362.0,73.66666666666667,31,Type 2,Mild/moderate NPDR,3.0,1.0,86.0,0,7.9,0,0,1,9.0,1.7783364488959144,Heidelberg Spectralis,0,0,0,0,0,0,1,White,0,145.66666666666666,0,1.0,0,76.0,-99.0,-92.0,0,0,20,10,8.0,12.0,Completed,1,1
240,Aflibercept,OD,60,31.850204081632654,0,357.0,86.33333333333333,30,Type 2,Mild/moderate NPDR,5.0,0.0,82.0,0,7.0,0,1,0,17.0,1.4586150226995167,Heidelberg Spectralis,0,0,0,0,0,0,0,White,0,135.0,0,0.0,0,73.0,-43.0,-26.0,0,0,10,7,13.0,12.0,Completed,1,1
242,Aflibercept,OD,52,35.86255290710626,0,473.0,73.66666666666667,1,Type 2,Mild/moderate NPDR,5.0,1.0,38.0,0,9.8,0,1,0,18.0,1.9947003132247452,Heidelberg Spectralis,0,0,0,0,0,0,0,White,0,103.33333333333333,0,0.0,0,70.0,-166.0,-224.0,1,1,16,9,12.0,12.0,Completed,1,1
245,Bevacizumab,OD,53,49.378251821019774,0,497.0,79.33333333333333,13,Type 2,Mild/moderate NPDR,3.0,0.0,75.0,0,10.5,1,1,1,16.0,4.534103737554231,Heidelberg Spectralis,0,0,0,0,0,0,0,White,0,146.0,0,0.0,0,71.0,-12.0,-5.0,1,1,17,10,9.0,12.0,Completed,1,1
246,Bevacizumab,OD,59,24.117175317442637,0,467.0,68.66666666666667,11,Type 2,Severe NPDR,7.0,1.0,71.0,1,8.4,0,1,1,19.0,2.299580583973747,Heidelberg Spectralis,0,1,1,0,1,0,0,Black/African American,0,116.66666666666667,0,0.0,0,69.0,,-60.0,0,0,10,8,,12.0,DropPostOutcome,0,1
247,Ranibizumab,OD,60,41.16854934601665,0,368.0,91.33333333333333,14,Type 2,Mild/moderate NPDR,3.0,0.0,88.0,1,6.5,0,1,1,20.0,,Heidelberg Spectralis,0,0,0,0,0,0,0,White,0,124.0,0,0.0,0,72.0,-111.0,-63.0,1,1,11,6,5.0,5.0,Completed,1,1
248,Bevacizumab,OS,64,27.39451760279495,0,361.0,88.66666666666667,0,Type 2,Severe NPDR,6.0,0.0,59.0,1,8.0,1,1,0,15.0,3.726656818447966,Zeiss Stratus,0,0,0,0,0,0,0,White,0,149.33333333333334,0,1.0,1,62.0,-156.0,-147.0,1,1,16,12,-3.0,3.0,Completed,1,1
249,Bevacizumab,OD,69,42.33232552280171,0,345.0,103.33333333333333,39,Type 2,Severe NPDR,3.0,0.0,85.0,1,8.4,0,1,1,13.0,4.819878258481199,Zeiss Cirrus,1,1,1,0,0,0,1,White,0,158.66666666666666,0,0.0,0,69.0,-80.0,-83.0,0,0,12,12,20.0,15.0,Completed,1,1
252,Bevacizumab,OD,52,39.101775147929,0,358.0,87.33333333333333,11,Type 2,Mild/moderate NPDR,6.0,1.0,85.0,1,10.2,0,0,0,14.0,4.007333185232471,Zeiss Cirrus,0,0,0,0,0,0,0,White,0,140.66666666666666,0,0.0,1,65.0,-100.0,88.0,1,1,18,10,15.0,-7.0,Completed,1,1
253,Aflibercept,OS,51,37.61593341260404,0,310.0,82.0,21,Type 2,Mild/moderate NPDR,3.0,1.0,79.0,1,12.0,0,1,1,13.0,5.310245937413311,Heidelberg Spectralis,0,0,0,0,0,0,0,Black/African American,0,125.33333333333333,0,0.0,0,76.0,,,0,0,2,2,,,DropPreOutcome,0,0
254,Bevacizumab,OD,29,55.035899653979236,0,869.0,84.33333333333333,11,Type 1,Mild/moderate NPDR,,1.0,71.0,1,8.8,0,1,1,29.0,8.720757514478843,Heidelberg Spectralis,0,0,0,0,0,0,0,Black/African American,0,129.0,0,1.0,1,37.0,-630.0,-603.0,1,1,16,10,50.0,43.0,Completed,1,1
256,Aflibercept,OS,63,54.13319458896982,0,427.0,86.33333333333333,17,Type 2,Severe NPDR,5.0,1.0,75.0,1,6.6,0,1,1,15.0,1.8855533485144158,Zeiss Cirrus,0,0,0,0,0,0,0,White,0,132.33333333333334,0,0.0,0,75.0,-158.0,-135.0,1,1,16,10,13.0,15.0,Completed,1,1
257,Bevacizumab,OS,66,27.689591836734692,0,338.0,98.33333333333333,16,Type 2,Mild/moderate NPDR,3.0,0.0,90.0,0,6.6,0,1,1,20.0,3.7252113833613265,Zeiss Cirrus,0,0,0,0,0,0,0,White,0,156.66666666666666,0,1.0,0,78.0,-74.0,-73.0,0,0,5,5,9.0,8.0,Completed,1,1
258,Ranibizumab,OS,53,41.04887543252595,0,481.0,85.66666666666667,20,Type 2,Microaneurysms only,4.0,1.0,85.0,0,7.8,1,1,1,16.0,7.783640596221253,Heidelberg Spectralis,0,1,1,0,0,0,0,White,0,136.33333333333334,0,0.0,1,68.0,,-103.0,1,1,17,12,,3.0,DropPostOutcome,0,1
259,Bevacizumab,OS,82,38.25850340136054,0,315.0,70.66666666666667,32,Type 2,Mild/moderate NPDR,4.0,1.0,75.0,0,7.4,0,1,1,12.0,,Zeiss Cirrus,0,0,0,0,0,0,1,White,0,122.66666666666667,0,0.0,1,64.0,-91.0,-81.0,0,0,7,7,8.0,3.0,Completed,1,1
262,Ranibizumab,OD,59,21.25472411186697,0,484.0,72.0,16,Type 2,Severe NPDR,5.0,1.0,74.0,1,6.3,0,1,0,10.0,3.2718477096343066,Zeiss Cirrus,0,0,0,0,0,0,0,White,0,100.0,0,1.0,0,70.0,-232.0,-241.0,0,0,9,9,20.0,21.0,Completed,1,1
263,Aflibercept,OS,64,32.92286501377411,0,290.0,93.33333333333333,12,Type 2,Severe NPDR,7.0,1.0,17.0,1,11.6,0,1,0,16.0,3.755135249891002,Zeiss Cirrus,0,0,0,0,0,0,0,White,0,140.66666666666666,0,0.0,0,73.0,-50.0,-23.0,1,1,18,10,0.0,-2.0,Completed,1,1
264,Bevacizumab,OS,68,28.726813590449954,0,485.0,94.0,45,Type 1,PDR and/or prior scatter,8.0,0.0,93.0,0,7.1,1,1,1,15.0,6.6385154317749535,Heidelberg Spectralis,0,1,1,0,1,0,0,White,0,147.33333333333334,1,0.0,0,71.0,-118.0,9.0,1,1,12,10,14.0,11.0,Completed,1,1
265,Bevacizumab,OD,71,29.038278546712803,0,428.0,68.66666666666667,10,Type 2,Mild/moderate NPDR,2.0,1.0,85.0,0,6.1,1,1,0,19.0,4.933322190993586,Zeiss Cirrus,0,0,0,0,0,0,0,White,0,134.33333333333334,1,0.0,1,66.0,,,1,1,6,6,,,DropPreOutcome,0,0
266,Aflibercept,OS,50,43.84940966807752,0,691.0,108.66666666666667,12,Type 2,PDR and/or prior scatter,8.0,1.0,79.0,0,10.4,1,1,1,13.0,5.8027224225111045,Zeiss Cirrus,0,0,0,0,0,0,0,White,0,147.33333333333334,0,0.0,1,29.0,-468.0,-487.0,0,0,12,9,59.0,52.0,Completed,1,1
267,Bevacizumab,OD,61,38.16920425165183,0,472.0,108.0,10,Type 2,Mild/moderate NPDR,3.0,0.0,73.0,1,13.4,0,1,1,11.0,6.984595942502801,Heidelberg Spectralis,0,1,1,0,0,0,1,White,0,175.66666666666666,0,0.0,1,32.0,,128.0,1,1,14,12,,-17.0,DropPostOutcome,0,1
268,Aflibercept,OS,72,27.3659169550173,1,421.0,67.0,12,Type 2,Mild/moderate NPDR,3.0,1.0,85.0,0,7.9,0,1,1,20.0,3.7371933143924867,Zeiss Cirrus,0,1,1,0,0,0,0,White,0,122.0,0,1.0,0,75.0,-154.0,-76.0,1,1,14,6,13.0,7.0,Completed,1,1
269,Aflibercept,OD,40,22.80493079584775,0,629.0,90.33333333333333,19,Type 1,Mild/moderate NPDR,5.0,1.0,90.0,0,10.0,1,1,1,11.0,2.2213750375685026,Heidelberg Spectralis,0,0,0,0,0,0,0,White,0,129.66666666666666,0,0.0,1,50.0,-282.0,-377.0,1,1,17,10,35.0,35.0,Completed,1,1
270,Aflibercept,OD,39,,0,439.0,100.33333333333333,11,Type 2,Severe NPDR,6.0,1.0,77.0,0,8.6,1,1,1,9.0,9.103683460805149,Heidelberg Spectralis,0,0,0,0,0,0,0,White,0,164.33333333333334,0,1.0,1,50.0,-116.0,-156.0,0,0,4,4,23.0,32.0,Completed,1,1
271,Bevacizumab,OS,73,32.99795918367347,0,918.0,83.0,15,Type 2,PDR and/or prior scatter,7.0,1.0,55.0,0,6.9,0,1,0,15.0,8.28365328479474,Heidelberg Spectralis,0,1,1,0,1,0,1,White,0,149.66666666666666,0,1.0,1,47.0,,-79.0,1,1,16,9,,-5.0,DropPostOutcome,0,1
272,Ranibizumab,OS,53,35.0702947845805,0,321.0,89.66666666666667,13,Type 2,PDR and/or prior scatter,7.0,1.0,0.0,1,9.4,1,1,1,14.0,4.768733569853457,Heidelberg Spectralis,0,0,0,0,1,0,0,,0,148.66666666666666,0,0.0,1,36.0,-39.0,-13.0,1,1,11,11,45.0,36.0,Completed,1,1
274,Ranibizumab,OD,44,34.43265306122449,0,389.0,105.66666666666667,1,Type 2,Severe NPDR,5.0,0.0,59.0,0,5.4,0,0,0,17.0,1.864080130807681,Zeiss Cirrus,0,0,0,0,0,0,0,White,0,144.33333333333334,0,0.0,1,50.0,,,0,0,5,5,,,DropPreOutcome,0,0
275,Aflibercept,OD,73,29.048122952884857,0,358.0,73.0,38,Type 2,Mild/moderate NPDR,4.0,0.0,90.0,1,7.5,1,1,1,13.0,2.6939512767227085,Heidelberg Spectralis,0,1,1,0,0,0,1,White,0,131.33333333333334,0,0.0,0,76.0,,-111.0,0,0,6,6,9.0,13.0,Completed,1,1
277,Ranibizumab,OD,58,46.370025951557096,0,306.0,100.0,8,Type 2,PDR and/or prior scatter,7.0,1.0,56.0,0,10.0,0,1,1,18.0,9.336365790122882,Zeiss Cirrus,0,1,1,0,1,0,0,White,0,162.0,0,0.0,1,66.0,-31.0,14.0,1,1,14,7,8.0,7.0,Completed,1,1
279,Ranibizumab,OD,49,27.571214111465565,0,741.0,102.0,10,Type 2,Severe NPDR,6.0,1.0,35.0,0,7.0,0,0,1,12.0,2.5006159434931803,Heidelberg Spectralis,0,0,0,0,0,0,0,White,0,132.66666666666666,0,1.0,1,65.0,-454.0,-444.0,1,1,20,11,28.0,24.0,Completed,1,1
280,Bevacizumab,OS,63,27.27433425160698,0,525.0,85.0,16,Type 2,PDR and/or prior scatter,7.0,0.0,88.0,1,10.4,0,1,1,18.0,6.83614111777234,Zeiss Cirrus,1,1,0,0,1,0,0,White,0,169.0,0,1.0,1,61.0,-273.0,-279.0,0,0,14,9,28.0,19.0,Completed,1,1
281,Aflibercept,OD,58,30.78224852071006,0,320.0,96.0,28,Type 2,PDR and/or prior scatter,7.0,1.0,73.0,1,8.1,0,1,1,11.0,4.4913293695643315,Heidelberg Spectralis,0,1,1,0,1,0,0,Black/African American,1,169.33333333333334,0,0.0,0,72.0,-42.0,-49.0,0,0,9,8,16.0,4.0,Completed,1,1
283,Aflibercept,OD,81,25.4013671875,0,334.0,81.0,15,Type 2,Mild/moderate NPDR,3.0,0.0,75.0,1,6.4,0,1,0,14.0,2.7427736371605955,Heidelberg Spectralis,1,1,1,0,0,0,0,White,0,135.66666666666666,0,0.0,1,65.0,-63.0,-86.0,0,0,11,9,13.0,7.0,Completed,1,1
284,Ranibizumab,OS,56,54.033324375167965,0,643.0,86.0,6,Type 2,Mild/moderate NPDR,4.0,1.0,84.0,1,7.5,1,1,1,15.0,4.906829125370667,Heidelberg Spectralis,0,1,0,0,0,0,1,White,0,125.66666666666667,0,1.0,1,53.0,,,1,1,10,10,,,DropPreOutcome,0,0
287,Aflibercept,OD,71,38.665,0,800.0,77.66666666666667,16,Type 2,Severe NPDR,4.0,1.0,66.0,1,6.1,0,1,1,16.0,4.06285389513073,Zeiss Cirrus,0,1,1,0,0,0,1,White,1,142.0,0,1.0,1,55.0,,-182.0,0,0,11,11,,-17.0,DropPostOutcome,0,1
288,Bevacizumab,OS,67,29.369777777777777,0,375.0,80.33333333333333,27,Type 2,PDR and/or prior scatter,9.0,1.0,88.0,0,8.9,0,0,1,16.0,1.803358605071407,Zeiss Cirrus,1,1,1,0,1,0,1,White,0,149.66666666666666,0,0.0,1,60.0,44.0,74.0,1,0,16,11,5.0,15.0,Completed,1,1
289,Bevacizumab,OD,69,33.90239197530864,0,415.0,85.33333333333333,2,Type 2,Mild/moderate NPDR,5.0,1.0,87.0,0,7.6,0,1,1,18.0,2.34660197841082,Zeiss Cirrus,0,0,0,0,0,0,0,White,0,157.33333333333334,0,1.0,0,73.0,-105.0,25.0,1,1,17,12,-2.0,1.0,Completed,1,1
290,Ranibizumab,OD,56,39.19116512345679,0,321.0,81.0,12,Type 2,Severe NPDR,4.0,1.0,82.0,0,5.1,0,1,1,19.0,1.791759469228055,Zeiss Cirrus,0,1,1,0,0,0,0,White,0,125.33333333333333,0,0.0,0,77.0,-35.0,-34.0,0,0,9,8,11.0,13.0,Completed,1,1
291,Ranibizumab,OS,65,25.799444554651856,1,402.0,60.333333333333336,23,Type 2,Severe NPDR,5.0,1.0,89.0,0,7.8,0,1,1,10.0,6.573805857385295,Zeiss Cirrus,0,0,0,1,0,0,1,White,0,92.0,0,0.0,0,71.0,,-114.0,1,1,8,8,,-1.0,DropPostOutcome,0,1
292,Aflibercept,OD,69,26.541836734693877,0,337.0,78.33333333333333,4,Type 1,Mild/moderate NPDR,3.0,0.0,83.0,0,6.5,0,0,0,17.0,5.306087103812398,Heidelberg Spectralis,0,0,0,0,0,0,0,White,0,124.33333333333333,0,0.0,1,68.0,-28.0,-5.0,1,1,15,9,14.0,18.0,Completed,1,1
293,Bevacizumab,OS,47,43.04081632653061,0,624.0,85.0,8,Type 2,PDR and/or prior scatter,7.0,0.0,72.0,0,9.4,0,1,1,14.0,,Heidelberg Spectralis,0,0,0,0,1,0,0,Black/African American,0,144.33333333333334,0,0.0,1,65.0,-168.0,-77.0,1,1,21,12,17.0,13.0,Completed,1,1
294,Ranibizumab,OS,61,35.89626444504165,0,431.0,82.33333333333333,2,Type 2,PDR and/or prior scatter,9.0,0.0,1.0,0,5.7,0,0,0,15.0,7.367916884009329,Zeiss Stratus,0,0,0,0,0,0,0,White,0,156.33333333333334,0,1.0,1,41.0,-261.0,-267.0,0,0,17,12,-41.0,29.0,Completed,1,1
295,Ranibizumab,OD,61,,0,751.0,95.66666666666667,21,Type 2,Severe NPDR,6.0,1.0,51.0,0,8.4,0,0,0,14.0,8.144278522642413,Zeiss Cirrus,0,0,0,0,0,0,0,White,0,154.33333333333334,0,1.0,1,64.0,-536.0,-433.0,1,0,21,10,10.0,4.0,Completed,1,1
296,Aflibercept,OS,57,,0,464.0,72.0,11,Type 1,Mild/moderate NPDR,4.0,0.0,71.0,0,10.0,0,0,1,18.0,2.503073953743449,Heidelberg Spectralis,0,0,0,0,0,0,0,White,0,95.66666666666667,0,1.0,1,64.0,-218.0,-219.0,0,0,16,9,17.0,19.0,Completed,1,1
297,Ranibizumab,OD,44,42.82083595883218,0,327.0,80.33333333333333,0,Type 2,Severe NPDR,5.0,0.0,76.0,0,6.3,0,1,1,17.0,1.9154509415706047,Zeiss Cirrus,0,0,0,0,0,0,0,White,0,112.66666666666667,0,0.0,1,59.0,44.0,-35.0,1,1,11,10,13.0,12.0,Completed,1,1
298,Ranibizumab,OS,67,37.7587890625,0,248.0,78.66666666666667,32,Type 2,Mild/moderate NPDR,3.0,0.0,77.0,1,6.8,0,1,1,15.0,2.542389085201363,Heidelberg Spectralis,0,0,0,0,0,1,0,White,0,127.0,0,0.0,0,75.0,-15.0,-29.0,0,0,6,6,15.0,10.0,Completed,1,1
299,Bevacizumab,OD,76,27.78721893491124,1,312.0,74.66666666666667,33,Type 2,Mild/moderate NPDR,3.0,1.0,68.0,0,6.6,0,1,1,18.0,5.849929784214748,Zeiss Cirrus,0,1,0,1,0,1,1,White,1,121.0,0,0.0,0,72.0,41.0,-25.0,0,0,17,10,-12.0,13.0,Completed,1,1
301,Bevacizumab,OD,71,,0,321.0,68.66666666666667,23,Type 2,Mild/moderate NPDR,3.0,1.0,65.0,0,6.3,0,0,1,12.0,2.2617630984737906,Zeiss Cirrus,1,1,1,0,0,0,1,White,0,114.33333333333333,1,0.0,1,50.0,-73.0,-53.0,0,0,11,11,5.0,6.0,Completed,1,1
302,Aflibercept,OS,55,,0,394.0,84.0,9,Type 2,Mild/moderate NPDR,4.0,1.0,65.0,0,9.0,0,0,1,18.0,4.837709458942664,Zeiss Cirrus,0,0,0,0,0,0,0,White,0,136.0,1,0.0,1,60.0,-84.0,-69.0,1,1,13,10,30.0,29.0,Completed,1,1
303,Bevacizumab,OS,64,37.58897959183673,0,467.0,70.33333333333333,31,Type 2,Mild/moderate NPDR,5.0,1.0,71.0,0,6.7,0,1,1,6.0,7.385621665575337,Zeiss Cirrus,1,1,1,0,0,0,0,White,0,111.33333333333333,0,0.0,0,70.0,-115.0,-85.0,1,1,10,9,6.0,1.0,Completed,1,1
304,Bevacizumab,OD,54,31.23681640625,0,434.0,78.66666666666667,13,Type 2,Mild/moderate NPDR,3.0,0.0,89.0,1,8.9,0,0,1,15.0,2.166765369851511,Zeiss Cirrus,1,1,1,0,0,0,0,White,0,107.0,0,0.0,0,71.0,-178.0,-56.0,0,0,11,11,23.0,16.0,Completed,1,1
305,Aflibercept,OS,43,33.568411386593205,0,978.0,104.66666666666667,18,Type 2,PDR and/or prior scatter,9.0,1.0,67.0,0,9.8,1,1,1,15.0,8.003149060474865,Heidelberg Spectralis,0,0,0,0,0,0,0,White,1,166.33333333333334,0,1.0,1,44.0,-764.0,-783.0,1,1,16,11,39.0,32.0,Completed,1,1
306,Aflibercept,OS,54,46.922130177514795,0,473.0,69.0,13,Type 2,Mild/moderate NPDR,3.0,0.0,84.0,1,11.0,0,1,0,24.0,5.257182823189481,Heidelberg Spectralis,0,0,0,0,0,0,1,Native Hawaiian/Other Pacific Islander,0,108.0,0,1.0,1,68.0,,-195.0,1,1,13,11,,17.0,DropPostOutcome,0,1
307,Ranibizumab,OS,65,39.04780797460821,0,,90.66666666666667,13,Type 2,Mild/moderate NPDR,7.0,0.0,73.0,0,8.1,0,1,1,20.0,6.275477396185378,Heidelberg Spectralis,0,1,1,0,1,0,0,White,0,155.0,0,0.0,1,38.0,,,1,1,17,10,28.0,26.0,Completed,1,1
309,Bevacizumab,OD,77,25.901427469135804,0,322.0,78.0,21,Type 2,Mild/moderate NPDR,3.0,0.0,20.0,0,7.7,1,1,1,11.0,7.901377353792616,Heidelberg Spectralis,0,0,0,0,0,0,0,White,1,156.33333333333334,0,0.0,0,73.0,,-61.0,0,0,9,8,,10.0,DropPostOutcome,0,1
310,Bevacizumab,OS,62,31.796072207895257,0,508.0,74.0,8,Type 2,Severe NPDR,3.0,0.0,75.0,0,6.5,0,1,1,19.0,3.842458542042237,Heidelberg Spectralis,0,0,0,0,0,0,0,White,0,139.0,0,0.0,0,71.0,-226.0,-231.0,1,1,21,13,13.0,9.0,Completed,1,1
311,Aflibercept,OD,52,24.74359545555803,0,354.0,76.66666666666667,16,Type 2,Mild/moderate NPDR,4.0,0.0,87.0,1,11.0,0,0,1,12.0,6.2580698058327275,Zeiss Cirrus,0,0,0,0,0,0,0,White,0,121.66666666666667,1,0.0,0,78.0,-61.0,-89.0,1,1,11,8,-6.0,1.0,Completed,1,1
312,Aflibercept,OD,58,55.796064013840834,0,519.0,88.33333333333333,10,Type 2,Mild/moderate NPDR,4.0,1.0,89.0,1,7.5,0,1,1,18.0,5.417077702268879,Heidelberg Spectralis,0,0,0,1,0,0,0,White,1,138.33333333333334,0,0.0,1,68.0,-89.0,-285.0,0,0,18,13,15.0,17.0,Completed,1,1
313,Aflibercept,OD,66,40.266508875739646,0,392.0,73.33333333333333,20,Type 2,Mild/moderate NPDR,5.0,0.0,92.0,1,9.0,0,1,1,15.0,5.3976195676218985,Zeiss Stratus,0,1,1,0,0,0,1,White,0,112.33333333333333,0,1.0,1,43.0,-170.0,-203.0,0,0,14,9,9.0,7.0,Completed,1,1
314,Ranibizumab,OD,60,36.958788148808196,1,451.0,81.66666666666667,19,Type 2,PDR and/or prior scatter,7.0,1.0,81.0,0,7.4,0,0,0,18.0,2.6789646202071133,Heidelberg Spectralis,1,1,1,0,1,0,0,Asian,0,122.33333333333333,0,0.0,1,61.0,-222.0,-134.0,0,0,13,9,16.0,8.0,Completed,1,1
315,Ranibizumab,OD,58,52.725,1,326.0,65.66666666666667,23,Type 2,Mild/moderate NPDR,5.0,1.0,77.0,1,7.7,0,1,1,12.0,2.2332350148592526,Zeiss Cirrus,0,0,0,0,0,0,0,White,0,119.66666666666667,0,0.0,0,73.0,2.0,114.0,0,0,18,8,17.0,-17.0,Completed,1,1
317,Ranibizumab,OD,58,,0,392.0,90.0,34,Type 2,Mild/moderate NPDR,2.0,1.0,92.0,1,7.8,0,1,1,11.0,2.321406847234633,Zeiss Cirrus,0,1,1,0,0,0,0,Black/African American,0,142.0,0,0.0,1,56.0,-128.0,-126.0,0,0,19,12,38.0,-8.0,Completed,1,1
318,Aflibercept,OD,62,44.28076171875,0,392.0,58.0,20,Type 2,Mild/moderate NPDR,3.0,1.0,81.0,1,9.0,0,1,1,14.0,1.6486586255873816,Heidelberg Spectralis,0,0,0,0,0,1,0,White,0,91.0,0,0.0,0,77.0,-124.0,-127.0,1,1,9,9,-15.0,9.0,Completed,1,1
319,Aflibercept,OS,44,42.977367325702396,0,562.0,75.33333333333333,7,Type 2,Mild/moderate NPDR,4.0,1.0,56.0,1,9.4,1,1,0,14.0,8.837922150421491,Zeiss Cirrus,0,0,0,0,0,0,0,White,0,142.33333333333334,0,1.0,1,57.0,-341.0,-343.0,0,0,15,10,13.0,14.0,Completed,1,1
321,Aflibercept,OS,84,27.95360946745562,0,334.0,75.0,44,Type 2,Mild/moderate NPDR,4.0,0.0,76.0,0,6.7,0,1,1,22.0,5.062025250478552,Heidelberg Spectralis,0,0,0,0,0,0,0,White,0,145.0,0,1.0,0,76.0,8.0,-43.0,1,0,17,9,4.0,5.0,Completed,1,1
322,Bevacizumab,OD,49,27.4609375,0,360.0,76.0,37,Type 1,PDR and/or prior scatter,7.0,1.0,69.0,1,8.2,0,0,1,14.0,2.727199019940971,Heidelberg Spectralis,1,1,0,0,1,0,1,White,0,135.0,1,0.0,0,76.0,-75.0,-85.0,0,0,3,3,13.0,12.0,Completed,1,1
323,Aflibercept,OS,50,26.579475308641975,0,556.0,87.66666666666667,20,Type 2,Mild/moderate NPDR,5.0,0.0,83.0,0,9.6,0,1,1,11.0,1.951608170169951,Heidelberg Spectralis,0,1,1,0,0,0,0,White,0,134.66666666666666,0,0.0,1,36.0,-336.0,-312.0,1,1,23,12,44.0,46.0,Completed,1,1
325,Aflibercept,OS,69,26.77946090443306,1,447.0,80.66666666666667,40,Type 1,PDR and/or prior scatter,7.0,1.0,86.0,0,9.1,1,1,1,13.0,6.775366090936392,Zeiss Cirrus,0,1,1,0,1,0,0,,1,159.66666666666666,0,0.0,1,65.0,-194.0,-196.0,0,0,12,9,2.0,4.0,Completed,1,1
328,Ranibizumab,OS,54,25.692501575299307,0,283.0,92.33333333333333,15,Type 2,Mild/moderate NPDR,10.0,0.0,62.0,0,6.3,0,1,0,12.0,4.282620578207235,Zeiss Stratus,0,0,0,0,1,0,0,White,0,155.0,0,0.0,1,63.0,80.0,52.0,0,0,15,11,12.0,5.0,Completed,1,1
329,Aflibercept,OD,78,27.799961419753085,0,343.0,70.33333333333333,21,Type 2,Microaneurysms only,2.0,0.0,73.0,0,7.6,0,1,0,15.0,1.864080130807681,Zeiss Cirrus,0,0,0,0,0,0,0,White,0,139.66666666666666,0,0.0,1,68.0,-61.0,-73.0,0,0,8,8,2.0,10.0,Completed,1,1
330,Ranibizumab,OD,57,48.91881656804734,0,380.0,80.0,20,Type 2,Mild/moderate NPDR,3.0,0.0,80.0,1,9.8,0,1,1,16.0,2.214846178686039,Heidelberg Spectralis,0,0,0,0,0,0,0,White,0,124.66666666666667,0,0.0,1,67.0,-77.0,-100.0,1,1,12,12,13.0,15.0,Completed,1,1
331,Bevacizumab,OS,66,32.438232421875,0,508.0,82.0,8,Type 2,Mild/moderate NPDR,4.0,1.0,73.0,1,7.2,0,0,0,21.0,2.209372711271867,Heidelberg Spectralis,1,1,1,0,0,0,0,White,0,129.66666666666666,0,0.0,1,68.0,-254.0,-223.0,1,1,19,10,9.0,11.0,Completed,1,1
332,Ranibizumab,OD,58,40.333251953125,0,438.0,100.66666666666667,23,Type 2,Severe NPDR,3.0,1.0,10.0,1,9.5,0,1,1,18.0,7.878128810952585,Zeiss Cirrus,1,1,1,0,0,0,0,White,1,164.33333333333334,0,0.0,1,68.0,,-59.0,1,1,9,9,,-18.0,DropPostOutcome,0,1
333,Ranibizumab,OS,51,32.4172421474716,0,462.0,101.66666666666667,0,Type 2,Severe NPDR,6.0,1.0,88.0,0,8.8,0,1,0,20.0,2.5257286443082556,Heidelberg Spectralis,0,0,0,0,0,0,0,White,1,160.0,0,1.0,0,73.0,-203.0,-210.0,0,0,12,11,12.0,12.0,Completed,1,1
334,Ranibizumab,OD,32,48.49848615916955,0,397.0,79.66666666666667,18,Type 1,PDR and/or prior scatter,7.0,1.0,71.0,0,8.0,0,1,1,9.0,1.5789787049493917,Zeiss Cirrus,0,1,1,0,1,0,0,Black/African American,1,111.66666666666667,1,0.0,1,60.0,-135.0,-126.0,1,1,18,11,15.0,20.0,Completed,1,1
335,Aflibercept,OS,55,32.92286501377411,0,634.0,85.33333333333333,0,Type 2,Mild/moderate NPDR,6.0,0.0,81.0,0,6.6,0,1,0,17.0,3.1036894150590832,Heidelberg Spectralis,0,1,1,0,0,0,0,White,0,114.66666666666667,0,0.0,1,62.0,-230.0,-161.0,0,0,8,8,21.0,14.0,Completed,1,1
336,Ranibizumab,OD,46,27.259183673469387,0,363.0,50.0,18,Type 2,Severe NPDR,5.0,0.0,76.0,0,11.6,0,1,0,18.0,8.26613615857771,Heidelberg Spectralis,0,1,1,0,0,0,0,Black/African American,1,145.33333333333334,0,0.0,0,70.0,-149.0,150.0,1,0,21,11,13.0,-4.0,Completed,1,1
337,Ranibizumab,OS,49,36.17576297616396,0,562.0,73.33333333333333,25,Type 2,Mild/moderate NPDR,4.0,0.0,76.0,1,5.9,0,0,1,16.0,1.4422019930581866,Heidelberg Spectralis,0,1,1,0,0,0,0,White,0,123.0,0,0.0,0,74.0,-266.0,-272.0,1,1,12,12,8.0,12.0,Completed,1,1
339,Ranibizumab,OS,57,36.3857421875,0,330.0,75.33333333333333,19,Type 2,Mild/moderate NPDR,5.0,1.0,77.0,1,13.2,0,1,1,18.0,4.715010651667623,Zeiss Cirrus,0,0,0,0,0,0,0,White,0,102.33333333333333,0,0.0,0,72.0,-93.0,-77.0,0,0,23,12,9.0,8.0,Completed,1,1
341,Ranibizumab,OD,67,34.94201183431953,0,402.0,80.66666666666667,24,Type 2,PDR and/or prior scatter,7.0,1.0,69.0,1,6.3,0,1,0,16.0,2.3532782073095637,Zeiss Cirrus,0,1,1,0,1,0,0,White,0,136.66666666666666,0,0.0,0,76.0,-72.0,-62.0,0,0,19,9,8.0,9.0,Completed,1,1
344,Ranibizumab,OD,64,24.207988980716255,0,466.0,80.33333333333333,15,Type 2,PDR and/or prior scatter,7.0,1.0,79.0,0,6.9,0,0,0,12.0,5.942799375126701,Zeiss Cirrus,0,0,0,0,1,0,0,Asian,0,167.0,1,0.0,1,66.0,-47.0,-73.0,1,1,11,10,10.0,7.0,Completed,1,1
345,Bevacizumab,OD,83,30.61585798816568,1,358.0,61.0,29,Type 2,Mild/moderate NPDR,4.0,0.0,66.0,0,7.7,0,1,1,15.0,3.4147715016892732,Heidelberg Spectralis,0,1,1,1,0,0,1,White,1,116.66666666666667,0,0.0,0,74.0,-95.0,-57.0,1,1,11,7,13.0,11.0,Completed,1,1
346,Bevacizumab,OS,65,35.113423517169615,0,401.0,98.33333333333333,14,Type 2,Mild/moderate NPDR,3.0,1.0,77.0,1,7.7,1,1,0,19.0,7.789367605783997,Zeiss Cirrus,0,0,0,0,0,0,0,White,0,172.66666666666666,0,1.0,0,74.0,-110.0,-119.0,1,1,12,10,4.0,8.0,Completed,1,1
347,Bevacizumab,OD,65,44.806191467221645,0,388.0,95.0,27,Type 2,Severe NPDR,5.0,1.0,65.0,1,7.7,0,1,1,22.0,6.636090902223565,Heidelberg Spectralis,0,1,1,0,0,0,0,More than one race,0,134.33333333333334,0,0.0,0,69.0,-127.0,-121.0,0,0,19,12,5.0,3.0,Completed,1,1
348,Ranibizumab,OS,70,32.99795918367347,0,473.0,81.0,10,Type 2,Mild/moderate NPDR,3.0,0.0,55.0,0,6.9,0,1,0,20.0,2.546315277916644,Heidelberg Spectralis,0,0,0,0,0,0,1,White,0,152.66666666666666,0,0.0,0,74.0,-100.0,-180.0,1,1,21,13,8.0,18.0,Completed,1,1
349,Ranibizumab,OD,42,38.25675675675676,0,388.0,108.0,6,Type 2,Severe NPDR,5.0,0.0,67.0,0,7.7,0,1,1,12.0,6.90875477931522,Heidelberg Spectralis,0,0,0,0,0,0,0,White,0,121.0,1,0.0,0,70.0,,-106.0,0,0,9,9,,23.0,DropPostOutcome,0,1
350,Bevacizumab,OD,50,32.18840307750047,0,944.0,97.33333333333333,22,Type 2,Severe NPDR,8.0,1.0,47.0,0,10.6,0,1,1,13.0,8.740496729931813,Zeiss Cirrus,1,1,1,0,0,0,0,Black/African American,1,166.0,0,0.0,1,53.0,-750.0,-756.0,1,1,15,10,1.0,12.0,Completed,1,1
351,Aflibercept,OS,61,21.141643709825527,0,448.0,63.333333333333336,53,Type 1,PDR and/or prior scatter,7.0,0.0,48.0,1,,0,0,1,11.0,,Zeiss Cirrus,0,0,0,0,1,0,1,White,0,114.66666666666667,0,0.0,1,65.0,-174.0,57.0,0,0,18,9,8.0,-1.0,Completed,1,1
353,Aflibercept,OS,66,25.704221165279428,0,588.0,72.33333333333333,18,Type 2,PDR and/or prior scatter,,1.0,20.0,1,6.8,1,1,0,15.0,4.61512051684126,Heidelberg Spectralis,0,1,1,0,1,0,0,,0,120.33333333333333,0,0.0,1,37.0,-134.0,-90.0,1,1,21,13,41.0,36.0,Completed,1,1
354,Aflibercept,OD,50,25.32854623330814,0,939.0,68.66666666666667,28,Type 2,PDR and/or prior scatter,7.0,1.0,65.0,1,7.0,0,1,0,24.0,1.891604804197771,Zeiss Cirrus,0,1,0,0,1,0,1,White,0,119.33333333333333,0,1.0,1,24.0,-663.0,-503.0,0,0,29,13,24.0,18.0,Completed,1,1
355,Aflibercept,OS,73,32.43870523415978,0,509.0,89.0,20,Type 2,Mild/moderate NPDR,5.0,0.0,76.0,0,12.9,0,1,1,15.0,4.199605072879594,Heidelberg Spectralis,0,1,1,0,0,0,0,Black/African American,0,161.33333333333334,0,0.0,1,60.0,-219.0,-250.0,0,0,15,13,10.0,14.0,Completed,1,1
356,Ranibizumab,OS,64,33.67008242370238,0,402.0,99.0,35,Uncertain,PDR and/or prior scatter,7.0,1.0,79.0,0,10.2,0,1,1,16.0,8.11636631008448,Heidelberg Spectralis,0,0,0,0,1,0,0,White,0,166.33333333333334,0,0.0,0,74.0,-90.0,-56.0,0,0,21,12,9.0,0.0,Completed,1,1
357,Ranibizumab,OD,53,30.99647266313933,0,723.0,82.66666666666667,29,Uncertain,Mild/moderate NPDR,3.0,1.0,53.0,1,6.8,0,0,1,13.0,1.7783364488959144,Zeiss Cirrus,1,1,1,0,0,0,1,White,0,132.66666666666666,0,0.0,1,42.0,184.0,37.0,0,0,22,10,5.0,6.0,Completed,1,1
358,Bevacizumab,OS,53,37.102777777777774,0,432.0,76.0,23,Type 2,PDR and/or prior scatter,5.0,1.0,41.0,1,8.6,1,1,1,11.0,3.3028492586443794,Heidelberg Spectralis,0,0,0,0,0,0,0,White,0,106.0,0,0.0,1,57.0,-133.0,-154.0,1,1,13,9,16.0,21.0,Completed,1,1
359,Bevacizumab,OD,68,31.065185546875,0,539.0,74.0,0,Type 2,Severe NPDR,3.0,1.0,65.0,1,8.8,0,0,0,11.0,3.5579161895951237,Zeiss Cirrus,0,0,0,0,0,0,0,White,0,123.66666666666667,0,1.0,1,49.0,,-45.0,1,1,18,12,,11.0,DropPostOutcome,0,1
360,Ranibizumab,OS,52,31.008191556395715,0,642.0,89.0,19,Type 2,Severe NPDR,5.0,0.0,65.0,1,6.8,0,1,1,16.0,8.879956761991519,Heidelberg Spectralis,0,1,1,0,0,0,0,Black/African American,1,163.0,0,1.0,1,57.0,-426.0,-410.0,0,0,18,8,8.0,12.0,Completed,1,1
361,Ranibizumab,OS,58,44.85269281291049,1,446.0,83.0,21,Type 2,Mild/moderate NPDR,4.0,0.0,80.0,0,8.0,0,1,1,16.0,6.79794041297493,Heidelberg Spectralis,0,0,0,0,0,0,0,White,1,140.33333333333334,0,1.0,1,56.0,-143.0,-135.0,1,1,15,10,18.0,26.0,Completed,1,1
364,Aflibercept,OD,59,34.86411426304305,0,401.0,88.66666666666667,21,Uncertain,Mild/moderate NPDR,4.0,0.0,87.0,1,9.1,0,1,1,9.0,2.3194422100604686,Heidelberg Spectralis,0,0,0,0,0,0,0,Black/African American,0,132.0,0,0.0,0,70.0,-184.0,-182.0,0,0,10,6,23.0,21.0,Completed,1,1
365,Bevacizumab,OS,46,,0,660.0,94.66666666666667,13,Type 2,PDR and/or prior scatter,9.0,1.0,74.0,0,6.9,0,1,0,15.0,7.641026610626237,Zeiss Cirrus,0,0,0,0,0,0,0,Black/African American,1,137.0,0,0.0,1,40.0,-396.0,-81.0,1,1,18,10,35.0,31.0,Completed,1,1
366,Bevacizumab,OS,62,,0,437.0,90.0,4,Type 2,Severe NPDR,6.0,1.0,87.0,1,6.0,0,1,1,19.0,6.740519359606223,Zeiss Cirrus,0,0,0,0,0,0,1,White,0,146.33333333333334,0,0.0,0,78.0,48.0,-43.0,0,0,19,11,-2.0,2.0,Completed,1,1
367,Aflibercept,OS,51,28.886245674740483,0,616.0,78.33333333333333,6,Type 2,PDR and/or prior scatter,,1.0,77.0,0,8.5,0,1,1,16.0,2.0373166153791646,Zeiss Cirrus,0,1,1,0,1,0,1,White,0,135.33333333333334,0,0.0,1,54.0,-328.0,-319.0,0,0,22,11,24.0,22.0,Completed,1,1
369,Ranibizumab,OD,76,37.78554152109648,0,490.0,90.66666666666667,13,Type 2,Mild/moderate NPDR,3.0,0.0,65.0,0,7.2,0,1,0,13.0,3.867862109642376,Heidelberg Spectralis,0,0,0,0,0,0,0,White,0,148.0,0,0.0,0,74.0,-200.0,-203.0,0,0,10,7,11.0,5.0,Completed,1,1
370,Aflibercept,OD,45,44.76552271374727,0,707.0,99.0,22,Type 2,Severe NPDR,4.0,0.0,38.0,0,4.9,0,1,1,22.0,8.192047368115244,Heidelberg Spectralis,0,1,1,0,0,0,0,Black/African American,1,167.66666666666666,0,1.0,1,47.0,-509.0,-347.0,1,1,21,12,33.0,29.0,Completed,1,1
371,Aflibercept,OS,68,25.176308539944902,0,294.0,79.33333333333333,55,Type 1,Mild/moderate NPDR,3.0,0.0,77.0,1,6.4,0,0,1,18.0,2.4449523342809676,Zeiss Cirrus,1,1,1,0,0,0,1,White,0,125.33333333333333,0,0.0,0,71.0,-72.0,-54.0,0,0,16,8,14.0,15.0,Completed,1,1
372,Aflibercept,OD,56,32.00442247658689,0,349.0,71.66666666666667,11,Type 2,PDR and/or prior scatter,8.0,1.0,62.0,1,8.6,0,1,0,14.0,2.731115474033206,Zeiss Cirrus,0,1,1,0,1,0,0,White,0,105.66666666666667,0,0.0,0,76.0,-92.0,-85.0,0,0,9,7,-4.0,2.0,Completed,1,1
373,Aflibercept,OS,62,30.017906336088153,0,345.0,77.0,19,Type 2,Mild/moderate NPDR,4.0,0.0,76.0,1,9.5,1,1,0,18.0,7.601402334583733,Heidelberg Spectralis,0,1,1,0,0,0,0,White,0,144.0,0,0.0,0,72.0,,,0,0,5,5,,,DropPreOutcome,0,0
374,Aflibercept,OD,63,42.564453125,0,770.0,76.0,5,Type 2,Mild/moderate NPDR,5.0,1.0,69.0,1,6.4,0,0,0,9.0,2.4406063908914204,Zeiss Cirrus,0,0,0,0,0,0,0,White,0,114.66666666666667,0,1.0,1,51.0,-527.0,-519.0,1,1,9,7,20.0,19.0,Completed,1,1
375,Aflibercept,OS,54,24.530762167125804,0,586.0,85.0,13,Type 2,Mild/moderate NPDR,4.0,1.0,86.0,0,6.5,0,1,0,12.0,1.7263316639055997,Heidelberg Spectralis,0,0,0,0,0,0,0,White,0,125.66666666666667,0,0.0,0,70.0,-238.0,-205.0,1,1,14,11,19.0,16.0,Completed,1,1
376,Aflibercept,OD,46,29.82692711615207,0,353.0,84.0,2,Type 2,Severe NPDR,6.0,1.0,68.0,0,9.9,0,0,0,16.0,3.8314634975697293,Zeiss Cirrus,0,1,1,0,0,0,1,More than one race,0,118.33333333333333,1,1.0,0,71.0,-131.0,-17.0,1,1,14,7,17.0,13.0,Completed,1,1
377,Aflibercept,OS,64,30.41551020408163,0,328.0,73.33333333333333,20,Type 2,Mild/moderate NPDR,3.0,0.0,81.0,0,10.4,0,1,1,15.0,3.6325736179028416,Heidelberg Spectralis,0,1,1,0,0,0,0,Black/African American,0,123.33333333333333,0,0.0,0,75.0,-21.0,-29.0,0,0,10,7,5.0,3.0,Completed,1,1
379,Bevacizumab,OS,56,37.49089490114464,0,446.0,88.33333333333333,21,Type 2,PDR and/or prior scatter,9.0,0.0,65.0,1,9.9,0,1,1,17.0,7.6953668272026885,Heidelberg Spectralis,0,0,0,0,1,0,0,Black/African American,1,135.0,0,1.0,1,32.0,-220.0,-223.0,0,0,21,12,28.0,28.0,Completed,1,1
380,Bevacizumab,OD,55,30.558979591836735,0,303.0,94.33333333333333,15,Type 2,PDR and/or prior scatter,7.0,0.0,73.0,1,14.2,0,1,0,17.0,8.26445346216202,Zeiss Stratus,0,1,1,0,1,0,0,White,0,142.33333333333334,0,0.0,1,67.0,25.0,-27.0,0,0,16,12,-10.0,-3.0,Completed,1,1
383,Aflibercept,OS,51,27.615244536940686,0,305.0,97.33333333333333,2,Type 2,Mild/moderate NPDR,4.0,1.0,82.0,1,6.0,0,1,0,16.0,7.356611877626417,Zeiss Cirrus,0,0,0,0,0,0,0,White,0,170.0,0,0.0,0,73.0,-80.0,-72.0,1,1,10,7,12.0,4.0,Completed,1,1
384,Ranibizumab,OS,86,25.84015963032976,0,,74.0,46,Type 2,Mild/moderate NPDR,4.0,1.0,58.0,0,7.0,0,1,1,12.0,3.126321843257593,Heidelberg Spectralis,1,1,1,0,0,1,1,White,0,143.66666666666666,0,0.0,1,64.0,,,0,0,17,10,8.0,9.0,Completed,1,1
385,Ranibizumab,OD,54,32.535034602076124,0,308.0,89.66666666666667,15,Type 2,Mild/moderate NPDR,4.0,1.0,86.0,1,9.7,0,1,1,12.0,6.225646945537408,Zeiss Cirrus,0,1,1,0,0,0,0,White,0,156.33333333333334,0,0.0,1,60.0,-97.0,-103.0,0,0,11,8,13.0,26.0,Completed,1,1
386,Ranibizumab,OS,57,34.841064453125,0,415.0,79.33333333333333,18,Type 2,PDR and/or prior scatter,7.0,0.0,81.0,0,9.4,0,0,1,18.0,5.9632708127372,Heidelberg Spectralis,1,1,1,0,1,0,0,White,1,113.0,0,0.0,1,47.0,-108.0,-64.0,1,0,19,11,24.0,20.0,Completed,1,1
387,Ranibizumab,OS,64,40.02400317397342,0,510.0,96.0,17,Type 2,Severe NPDR,5.0,0.0,69.0,0,7.3,0,1,1,16.0,8.75749116073131,Zeiss Cirrus,0,0,0,0,0,0,1,White,0,161.0,0,1.0,0,76.0,-213.0,-232.0,1,1,19,11,10.0,12.0,Completed,1,1
388,Aflibercept,OD,82,30.94863905325444,0,316.0,72.66666666666667,1,Type 2,Microaneurysms only,3.0,0.0,85.0,0,7.6,1,1,1,11.0,6.2379730007269245,Heidelberg Spectralis,0,0,0,0,0,0,1,White,0,126.66666666666667,0,0.0,0,72.0,-36.0,-42.0,0,0,8,8,16.0,15.0,Completed,1,1
389,Bevacizumab,OS,62,29.28473372781065,0,496.0,109.0,0,Type 2,Mild/moderate NPDR,5.0,0.0,61.0,1,8.4,1,1,1,9.0,3.492864570187979,Heidelberg Spectralis,0,0,0,0,0,0,0,,0,166.66666666666666,0,1.0,1,58.0,-106.0,-208.0,0,0,7,6,19.0,20.0,Completed,1,1
390,Ranibizumab,OS,56,34.53892668178383,0,507.0,92.66666666666667,24,Type 2,Severe NPDR,4.0,0.0,69.0,1,7.0,1,1,1,21.0,4.569024739351738,Heidelberg Spectralis,0,1,1,0,0,0,0,White,0,155.66666666666666,0,0.0,1,50.0,-272.0,-275.0,0,0,23,13,35.0,22.0,Completed,1,1
391,Aflibercept,OS,67,45.30444444444444,0,317.0,83.66666666666667,9,Type 2,Mild/moderate NPDR,5.0,0.0,82.0,1,5.3,0,1,1,15.0,2.667922410011431,Heidelberg Spectralis,0,0,0,1,0,0,1,White,1,138.0,0,0.0,0,71.0,-40.0,14.0,0,0,21,11,4.0,5.0,Completed,1,1
392,Bevacizumab,OS,69,31.882086167800452,0,401.0,82.66666666666667,1,Type 2,Microaneurysms only,3.0,0.0,68.0,1,6.7,0,0,0,15.0,1.8082887711792655,Heidelberg Spectralis,0,0,0,0,0,0,0,White,0,145.0,0,0.0,0,72.0,-110.0,-81.0,1,1,14,6,12.0,16.0,Completed,1,1
393,Ranibizumab,OS,64,,0,330.0,79.66666666666667,14,Type 2,PDR and/or prior scatter,9.0,1.0,74.0,0,8.3,0,1,1,10.0,3.076851324838783,Zeiss Cirrus,0,0,0,0,1,0,0,White,1,132.33333333333334,0,0.0,1,64.0,1.0,12.0,1,1,9,9,28.0,26.0,Completed,1,1
394,Ranibizumab,OS,73,,0,640.0,75.66666666666667,10,Type 2,Mild/moderate NPDR,4.0,1.0,76.0,1,7.3,0,1,0,11.0,2.6837575085331657,Zeiss Cirrus,0,0,0,0,0,0,0,White,0,148.33333333333334,0,1.0,0,71.0,-327.0,-348.0,1,1,14,10,6.0,10.0,Completed,1,1
395,Aflibercept,OD,55,24.71484375,0,303.0,81.66666666666667,27,Type 1,PDR and/or prior scatter,7.0,0.0,72.0,1,9.1,0,1,1,14.0,2.937043277205311,Zeiss Cirrus,0,0,0,0,1,1,0,White,0,130.0,0,0.0,0,70.0,-53.0,-52.0,0,0,11,7,9.0,4.0,Completed,1,1
396,Bevacizumab,OD,42,28.032301180663843,0,353.0,72.0,6,Type 2,Microaneurysms only,3.0,0.0,89.0,0,9.2,0,0,1,13.0,2.546315277916644,Heidelberg Spectralis,0,1,1,0,0,0,0,Black/African American,1,118.0,0,1.0,0,70.0,-12.0,-61.0,0,0,12,10,8.0,15.0,Completed,1,1
397,Bevacizumab,OD,80,40.794599253088194,1,401.0,69.66666666666667,24,Type 2,Mild/moderate NPDR,4.0,1.0,76.0,1,7.4,0,1,1,18.0,4.270955399408094,Zeiss Cirrus,0,0,0,0,0,0,0,Black/African American,0,131.0,0,0.0,0,70.0,-158.0,-17.0,1,1,12,10,2.0,4.0,Completed,1,1
398,Aflibercept,OS,65,37.49089490114464,0,574.0,89.0,23,Type 2,Mild/moderate NPDR,5.0,1.0,60.0,1,11.9,1,1,1,17.0,8.278217470097864,Heidelberg Spectralis,1,1,1,0,0,0,0,White,0,153.66666666666666,0,1.0,1,58.0,-295.0,-307.0,0,0,16,11,3.0,25.0,Completed,1,1
399,Bevacizumab,OD,50,34.00755857898715,0,307.0,91.0,28,Type 2,Mild/moderate NPDR,4.0,0.0,88.0,0,7.6,0,1,0,18.0,7.800752818620331,Zeiss Cirrus,0,1,1,0,0,0,0,Black/African American,1,145.0,0,0.0,0,77.0,-57.0,-27.0,0,0,13,13,16.0,13.0,Completed,1,1
401,Ranibizumab,OS,65,30.25454152249135,0,359.0,88.33333333333333,11,Type 2,Mild/moderate NPDR,3.0,0.0,86.0,0,9.8,0,1,0,18.0,2.0706530356467567,Heidelberg Spectralis,0,0,0,0,0,0,0,White,0,133.0,0,0.0,0,71.0,-56.0,-54.0,1,1,9,7,7.0,5.0,Completed,1,1
402,Ranibizumab,OD,71,25.845588235294116,0,614.0,70.66666666666667,25,Type 1,PDR and/or prior scatter,7.0,1.0,81.0,1,7.6,0,1,1,19.0,2.47232786758114,Heidelberg Spectralis,0,0,0,0,1,0,1,Black/African American,0,118.66666666666667,0,0.0,0,71.0,-178.0,-7.0,1,1,9,9,8.0,-2.0,Completed,1,1
403,Ranibizumab,OS,57,,0,428.0,84.66666666666667,8,Type 2,Severe NPDR,5.0,1.0,89.0,1,12.4,0,0,1,13.0,2.1126345090356,Zeiss Cirrus,0,0,0,0,0,0,1,White,0,129.66666666666666,0,1.0,1,46.0,-158.0,-195.0,1,1,22,13,21.0,26.0,Completed,1,1
404,Ranibizumab,OD,84,32.59057697152935,0,297.0,61.666666666666664,25,Type 2,Microaneurysms only,3.0,1.0,74.0,1,7.4,0,1,1,14.0,6.855008296923521,Zeiss Cirrus,1,1,1,0,0,0,1,Black/African American,0,136.66666666666666,0,0.0,1,60.0,-106.0,-115.0,0,0,17,10,12.0,7.0,Completed,1,1
405,Bevacizumab,OD,63,,0,527.0,85.33333333333333,0,Type 2,Mild/moderate NPDR,5.0,1.0,47.0,1,10.7,1,1,0,18.0,3.1552968432253294,Zeiss Cirrus,0,0,0,0,0,1,0,,0,156.0,0,0.0,1,46.0,-191.0,-246.0,1,1,17,13,19.0,21.0,Completed,1,1
406,Ranibizumab,OS,46,30.554054054054053,0,474.0,96.0,15,Type 2,Severe NPDR,5.0,0.0,87.0,0,15.0,0,0,1,11.0,8.619444679051222,Heidelberg Spectralis,0,1,1,0,0,0,0,White,0,148.66666666666666,0,0.0,0,76.0,-167.0,-114.0,1,0,22,11,7.0,-1.0,Completed,1,1
409,Ranibizumab,OD,64,29.994666666666667,0,485.0,87.66666666666667,16,Type 2,Mild/moderate NPDR,4.0,0.0,75.0,0,9.1,0,1,1,16.0,3.9924963895780228,Heidelberg Spectralis,0,0,0,0,0,0,0,White,0,170.0,0,0.0,1,68.0,-202.0,-112.0,1,1,7,7,11.0,9.0,Completed,1,1
411,Aflibercept,OS,61,28.16389177939646,0,408.0,91.0,6,Type 2,Severe NPDR,6.0,0.0,0.0,0,7.1,0,0,0,9.0,6.720907494255671,Heidelberg Spectralis,0,0,0,0,0,0,1,Native Hawaiian/Other Pacific Islander,0,152.0,0,1.0,1,62.0,-30.0,-118.0,0,0,13,8,14.0,19.0,Completed,1,1
412,Ranibizumab,OS,52,,0,333.0,75.66666666666667,10,Type 2,Mild/moderate NPDR,3.0,1.0,17.0,1,7.3,0,1,1,20.0,1.8594181177018698,Zeiss Cirrus,0,0,0,0,0,0,0,Black/African American,0,119.0,0,1.0,0,76.0,-33.0,-27.0,1,1,12,8,9.0,5.0,Completed,1,1
413,Bevacizumab,OS,64,32.71646078713014,0,,91.66666666666667,19,Type 2,Mild/moderate NPDR,5.0,0.0,52.0,1,10.8,0,1,1,20.0,2.2762411176544437,Heidelberg Spectralis,0,1,1,0,0,0,1,Black/African American,0,131.66666666666666,0,0.0,1,44.0,,,0,0,17,9,28.0,29.0,Completed,1,1
414,Aflibercept,OD,63,25.190833333333334,0,388.0,80.66666666666667,17,Type 2,Mild/moderate NPDR,4.0,1.0,88.0,1,8.3,1,1,1,17.0,6.166215855071768,Zeiss Cirrus,0,1,1,0,0,0,0,,0,116.33333333333333,0,0.0,0,73.0,-18.0,-12.0,0,0,8,7,4.0,7.0,Completed,1,1
417,Ranibizumab,OD,57,31.439722222222223,0,660.0,85.66666666666667,12,Type 2,Mild/moderate NPDR,5.0,1.0,78.0,1,8.4,0,1,1,14.0,3.4876808415502927,Heidelberg Spectralis,0,0,0,0,0,0,0,Black/African American,0,124.33333333333333,0,1.0,0,73.0,-119.0,-322.0,1,1,10,10,5.0,11.0,Completed,1,1
418,Aflibercept,OD,51,44.34715334259076,0,421.0,91.0,19,Type 2,Severe NPDR,6.0,0.0,61.0,0,8.5,0,1,1,19.0,4.383775105207999,Heidelberg Spectralis,0,1,1,0,0,0,0,White,0,157.33333333333334,0,0.0,0,71.0,-130.0,-121.0,0,0,11,8,6.0,11.0,Completed,1,1
419,Aflibercept,OS,61,34.86411426304305,0,463.0,74.33333333333333,21,Type 2,PDR and/or prior scatter,7.0,1.0,90.0,0,8.8,0,1,1,16.0,2.012232791986386,Heidelberg Spectralis,0,1,1,0,1,0,0,White,0,115.0,0,0.0,0,71.0,-137.0,-125.0,0,0,22,12,15.0,14.0,Completed,1,1
420,Bevacizumab,OS,60,34.43265306122449,0,738.0,72.66666666666667,6,Type 2,PDR and/or prior scatter,7.0,1.0,0.0,0,6.7,1,1,0,14.0,3.8628327612373745,Heidelberg Spectralis,0,0,0,0,1,0,0,White,0,117.0,0,0.0,1,64.0,-363.0,-229.0,1,1,20,13,19.0,14.0,Completed,1,1
421,Ranibizumab,OD,83,31.614201183431952,0,575.0,87.0,16,Type 2,Severe NPDR,4.0,1.0,81.0,1,9.0,0,1,0,18.0,1.8341801851120072,Heidelberg Spectralis,0,1,1,0,0,1,1,Black/African American,0,114.0,0,0.0,1,58.0,-245.0,-320.0,1,1,12,8,13.0,16.0,Completed,1,1
422,Ranibizumab,OS,71,24.82324935528665,1,300.0,60.333333333333336,26,Type 2,Mild/moderate NPDR,2.0,1.0,88.0,0,6.5,0,1,0,19.0,2.4655539212721855,Zeiss Cirrus,0,0,0,0,0,0,0,White,0,129.66666666666666,0,0.0,1,67.0,-68.0,-65.0,0,0,6,6,23.0,0.0,Completed,1,1
423,Aflibercept,OD,58,30.12857142857143,0,334.0,78.66666666666667,25,Type 1,Mild/moderate NPDR,3.0,1.0,2.0,0,7.6,0,0,1,14.0,2.3869262414277967,Zeiss Cirrus,0,1,0,0,0,0,0,White,0,140.0,0,0.0,0,73.0,-62.0,-53.0,0,0,10,10,11.0,8.0,Completed,1,1
427,Bevacizumab,OD,53,44.08953287197232,1,429.0,94.66666666666667,8,Type 2,Severe NPDR,5.0,0.0,86.0,0,9.9,0,1,1,8.0,8.616314282284044,Heidelberg Spectralis,0,1,1,0,0,0,0,Native Hawaiian/Other Pacific Islander,1,151.66666666666666,0,1.0,0,69.0,,-86.0,1,1,9,9,,22.0,DropPostOutcome,0,1
428,Ranibizumab,OS,53,33.088734567901234,0,444.0,90.66666666666667,18,Type 2,Severe NPDR,5.0,1.0,89.0,0,5.6,0,1,1,16.0,6.773858105182122,Zeiss Cirrus,0,0,0,0,0,0,0,White,0,136.0,0,0.0,0,71.0,-175.0,-179.0,0,0,9,9,14.0,13.0,Completed,1,1
429,Ranibizumab,OS,58,47.92047337278107,0,294.0,74.66666666666667,24,Type 2,PDR and/or prior scatter,7.0,0.0,7.0,1,9.7,0,1,1,18.0,1.5282278570085572,Zeiss Cirrus,0,0,0,0,1,0,0,Black/African American,0,131.66666666666666,0,0.0,0,75.0,-19.0,-11.0,0,0,7,4,1.0,1.0,Completed,1,1
431,Bevacizumab,OS,54,32.99795918367347,1,601.0,80.33333333333333,19,Type 2,Mild/moderate NPDR,5.0,1.0,0.0,0,6.0,0,1,1,14.0,,Heidelberg Spectralis,0,0,0,0,0,0,1,White,0,157.66666666666666,0,0.0,1,48.0,-171.0,-138.0,1,1,18,11,20.0,30.0,Completed,1,1
432,Ranibizumab,OD,58,20.671864557807975,0,469.0,93.66666666666667,26,Uncertain,Severe NPDR,5.0,0.0,87.0,1,10.1,1,1,1,18.0,3.3203487937988347,Heidelberg Spectralis,0,0,0,0,0,0,0,White,0,170.0,0,1.0,0,73.0,,-266.0,1,1,21,13,,10.0,DropPostOutcome,0,1
433,Ranibizumab,OS,59,35.505050505050505,0,668.0,97.33333333333333,4,Type 2,Mild/moderate NPDR,4.0,0.0,51.0,0,8.0,0,1,1,18.0,7.7693152361497875,Zeiss Cirrus,0,0,0,0,0,1,0,White,0,166.0,0,1.0,1,67.0,-453.0,-461.0,1,1,16,11,6.0,10.0,Completed,1,1
434,Bevacizumab,OD,66,44.045102040816325,0,306.0,76.0,15,Type 2,Mild/moderate NPDR,3.0,1.0,81.0,0,10.3,0,1,0,16.0,3.1023420086122493,Zeiss Cirrus,0,1,1,0,0,0,1,White,0,122.66666666666667,0,0.0,0,70.0,4.0,7.0,0,0,14,9,13.0,12.0,Completed,1,1
435,Ranibizumab,OS,59,25.824489795918367,0,390.0,96.66666666666667,2,Type 2,Mild/moderate NPDR,5.0,1.0,89.0,0,5.5,0,0,0,12.0,4.600961341214036,Zeiss Cirrus,0,0,0,0,0,0,0,White,0,161.0,0,1.0,0,78.0,-69.0,-103.0,1,1,15,11,13.0,12.0,Completed,1,1
436,Aflibercept,OS,60,44.39801128728836,0,402.0,91.33333333333333,15,Type 2,Mild/moderate NPDR,3.0,0.0,90.0,1,6.5,0,0,0,15.0,1.8229350866965048,Zeiss Cirrus,0,0,0,0,0,0,0,White,0,128.0,0,0.0,0,69.0,-130.0,-137.0,0,0,6,6,19.0,19.0,Completed,1,1
438,Aflibercept,OD,49,24.71484375,0,367.0,78.0,17,Type 2,Severe NPDR,6.0,0.0,86.0,1,9.1,0,1,1,21.0,8.134411850250157,Heidelberg Spectralis,0,0,0,0,0,1,0,White,0,128.33333333333334,1,0.0,0,73.0,-36.0,-31.0,0,0,4,4,2.0,9.0,Completed,1,1
439,Ranibizumab,OS,65,31.598823776517538,1,562.0,63.333333333333336,20,Type 2,Mild/moderate NPDR,3.0,0.0,87.0,0,7.6,0,1,1,18.0,1.599387576580599,Zeiss Cirrus,0,0,0,0,0,0,0,Black/African American,0,114.66666666666667,0,0.0,0,70.0,-342.0,-337.0,0,0,8,8,11.0,12.0,Completed,1,1
442,Bevacizumab,OS,58,,0,358.0,75.33333333333333,20,Type 2,Severe NPDR,5.0,1.0,81.0,1,8.7,1,1,0,17.0,4.2146429502441345,Heidelberg Spectralis,0,1,1,0,0,0,0,White,0,131.0,0,0.0,0,74.0,27.0,-81.0,1,0,13,7,1.0,8.0,Completed,1,1
443,Aflibercept,OS,62,39.101775147929,0,671.0,67.66666666666667,10,Type 2,Severe NPDR,6.0,1.0,54.0,1,5.2,0,1,1,19.0,8.64562334481638,Heidelberg Spectralis,0,0,0,0,0,0,0,White,1,119.0,0,1.0,1,63.0,-379.0,-390.0,0,0,15,10,6.0,17.0,Completed,1,1
444,Bevacizumab,OS,72,32.63243016173073,0,488.0,97.66666666666667,15,Type 2,Severe NPDR,3.0,1.0,44.0,0,8.1,0,1,1,15.0,3.058237478905388,Heidelberg Spectralis,0,0,0,0,0,0,0,White,0,157.0,0,0.0,0,72.0,191.0,19.0,1,1,22,12,-5.0,4.0,Completed,1,1
445,Bevacizumab,OS,64,29.64243548659133,0,575.0,65.0,14,Type 2,Mild/moderate NPDR,5.0,1.0,70.0,0,6.1,0,1,1,9.0,5.887907958949682,Heidelberg Spectralis,0,0,0,0,0,0,1,White,0,107.33333333333333,0,1.0,1,47.0,-312.0,-287.0,1,1,22,11,36.0,30.0,Completed,1,1
446,Aflibercept,OS,54,21.131597633136096,0,464.0,88.0,9,Type 2,Severe NPDR,3.0,1.0,65.0,1,8.7,0,1,0,16.0,3.279406324608233,Zeiss Cirrus,0,0,0,0,0,0,1,Black/African American,0,122.0,0,1.0,0,74.0,-188.0,-131.0,1,1,16,10,13.0,6.0,Completed,1,1
447,Bevacizumab,OS,63,23.0209400757407,0,555.0,70.66666666666667,15,Type 2,PDR and/or prior scatter,7.0,1.0,0.0,0,5.9,0,1,0,12.0,3.429784838514068,Zeiss Cirrus,0,1,1,0,1,0,1,Asian,0,120.0,0,0.0,1,59.0,-203.0,31.0,1,1,24,13,9.0,6.0,Completed,1,1
449,Ranibizumab,OD,54,27.205589895189465,0,560.0,80.0,15,Type 2,Mild/moderate NPDR,5.0,1.0,87.0,1,8.1,1,1,0,18.0,6.45541866490216,Zeiss Cirrus,0,1,1,0,0,0,0,,0,135.66666666666666,0,0.0,1,66.0,-252.0,-255.0,0,0,11,10,22.0,22.0,Completed,1,1
453,Ranibizumab,OS,48,22.04476643598616,0,313.0,85.33333333333333,36,Type 1,PDR and/or prior scatter,9.0,1.0,62.0,0,7.7,0,1,1,18.0,5.946362573195562,Zeiss Cirrus,0,1,1,0,1,0,1,White,0,166.66666666666666,0,0.0,1,67.0,66.0,-43.0,0,0,21,11,17.0,18.0,Completed,1,1
454,Aflibercept,OS,79,25.83983069725997,1,486.0,65.0,19,Type 2,Mild/moderate NPDR,3.0,0.0,73.0,0,6.4,0,1,0,11.0,5.336816665698646,Heidelberg Spectralis,0,0,0,0,0,0,1,More than one race,0,126.33333333333333,0,1.0,1,66.0,-277.0,-275.0,0,0,19,12,3.0,6.0,Completed,1,1
455,Bevacizumab,OS,68,48.14139660493827,0,342.0,78.0,19,Type 2,Mild/moderate NPDR,,1.0,77.0,0,6.2,0,1,1,16.0,2.5572273113676265,Heidelberg Spectralis,0,0,0,0,1,0,1,White,1,136.66666666666666,0,0.0,0,73.0,,-24.0,0,0,11,11,,0.0,DropPostOutcome,0,1
456,Aflibercept,OS,70,24.658895190086117,0,350.0,73.0,14,Type 2,Mild/moderate NPDR,3.0,1.0,88.0,0,7.5,0,0,0,22.0,2.6026896854443837,Zeiss Cirrus,0,0,0,0,0,0,0,White,0,126.66666666666667,0,0.0,0,72.0,-67.0,-60.0,0,0,16,10,19.0,5.0,Completed,1,1
457,Aflibercept,OS,69,43.89177939646202,1,591.0,92.33333333333333,8,Type 2,Severe NPDR,3.0,1.0,27.0,1,7.3,0,1,1,19.0,7.4847000490393345,Zeiss Cirrus,0,0,0,1,0,0,0,White,1,161.66666666666666,0,0.0,1,64.0,-329.0,-338.0,1,1,13,11,10.0,14.0,Completed,1,1
459,Ranibizumab,OD,64,35.24741748551272,0,516.0,92.33333333333333,32,Type 2,PDR and/or prior scatter,7.0,1.0,58.0,0,7.8,0,1,1,9.0,8.341245677182924,Zeiss Cirrus,0,0,0,0,0,0,1,White,0,165.33333333333334,0,1.0,0,69.0,-299.0,-86.0,0,0,18,9,9.0,6.0,Completed,1,1
461,Aflibercept,OS,72,26.30601469237833,1,373.0,73.33333333333333,20,Type 2,Mild/moderate NPDR,2.0,0.0,76.0,0,5.6,0,1,0,12.0,5.272691818909064,Zeiss Stratus,0,0,0,1,0,0,0,White,0,146.66666666666666,0,0.0,0,71.0,-97.0,-117.0,0,0,16,12,10.0,15.0,Completed,1,1
462,Aflibercept,OS,57,,0,523.0,90.33333333333333,2,Uncertain,Severe NPDR,3.0,1.0,79.0,0,5.6,0,1,0,21.0,3.6676558176623097,Heidelberg Spectralis,0,0,0,0,0,0,0,White,0,154.33333333333334,0,1.0,0,71.0,-240.0,-241.0,0,0,19,11,17.0,15.0,Completed,1,1
464,Bevacizumab,OD,57,32.76147842056933,0,457.0,98.33333333333333,12,Type 2,Mild/moderate NPDR,5.0,1.0,85.0,1,6.0,0,1,0,19.0,,Heidelberg Spectralis,0,1,1,0,0,0,0,White,0,156.0,0,0.0,0,73.0,-41.0,-68.0,1,1,6,6,6.0,4.0,Completed,1,1
465,Bevacizumab,OS,65,28.188906215192695,0,940.0,92.66666666666667,15,Type 2,Severe NPDR,6.0,0.0,0.0,0,8.1,0,1,1,17.0,7.303425910757853,Heidelberg Spectralis,0,0,0,0,0,0,0,Black/African American,0,170.66666666666666,0,1.0,1,57.0,-594.0,-168.0,1,1,24,11,14.0,2.0,Completed,1,1
466,Aflibercept,OD,45,31.56326530612245,0,704.0,105.66666666666667,1,Type 2,PDR and/or prior scatter,8.0,1.0,61.0,0,5.7,0,1,0,21.0,8.777055867981753,Zeiss Cirrus,0,1,1,0,1,0,0,White,0,159.66666666666666,0,0.0,1,48.0,-527.0,-522.0,0,0,14,9,32.0,32.0,Completed,1,1
467,Bevacizumab,OS,58,35.15,0,566.0,83.0,28,Type 2,PDR and/or prior scatter,5.0,1.0,72.0,0,6.0,0,1,0,17.0,7.469796694132398,Heidelberg Spectralis,0,0,0,0,0,0,1,Black/African American,0,167.0,0,1.0,1,60.0,-327.0,-330.0,0,0,12,7,19.0,24.0,Completed,1,1
468,Bevacizumab,OS,67,32.48477210670028,0,317.0,72.66666666666667,32,Type 2,Severe NPDR,5.0,1.0,74.0,0,8.6,0,1,1,18.0,3.9186013207882686,Zeiss Cirrus,0,1,1,0,0,0,1,White,0,136.0,0,1.0,1,35.0,-75.0,-96.0,0,0,21,12,12.0,18.0,Completed,1,1
469,Bevacizumab,OD,67,30.017906336088153,0,413.0,84.0,25,Type 2,PDR and/or prior scatter,9.0,1.0,50.0,0,8.7,1,1,1,19.0,7.4721311483042205,Heidelberg Spectralis,0,0,0,0,1,0,1,White,0,160.0,0,0.0,0,77.0,-126.0,-110.0,1,1,16,11,10.0,14.0,Completed,1,1
471,Ranibizumab,OS,49,33.469549692521326,0,562.0,82.0,29,Type 2,Mild/moderate NPDR,5.0,0.0,74.0,0,8.8,0,1,1,8.0,,Zeiss Stratus,0,0,0,0,0,0,0,White,0,140.0,0,0.0,1,68.0,-339.0,-295.0,1,0,22,12,20.0,13.0,Completed,1,1
474,Aflibercept,OS,58,52.450642791551886,1,473.0,79.33333333333333,28,Type 2,PDR and/or prior scatter,7.0,0.0,67.0,1,8.1,0,1,1,10.0,3.7716108517114013,Heidelberg Spectralis,0,1,1,0,1,0,1,White,0,129.0,0,1.0,1,59.0,,,1,1,7,7,,,DropPreOutcome,0,0
476,Bevacizumab,OS,67,39.05555555555556,0,375.0,80.66666666666667,14,Type 2,Mild/moderate NPDR,3.0,1.0,76.0,0,6.5,0,1,1,14.0,4.242764567340374,Zeiss Cirrus,0,1,1,0,0,0,0,White,0,110.33333333333333,0,0.0,1,56.0,-122.0,-121.0,0,0,16,10,28.0,21.0,Completed,1,1
477,Ranibizumab,OS,58,30.473447175830362,0,436.0,89.0,13,Type 2,PDR and/or prior scatter,7.0,1.0,76.0,0,7.5,0,1,0,12.0,7.203554319535866,Zeiss Cirrus,0,1,1,0,1,1,0,White,1,148.33333333333334,0,0.0,0,76.0,-224.0,14.0,0,0,13,4,-3.0,-5.0,Completed,1,1
478,Aflibercept,OS,61,28.886245674740483,0,353.0,91.66666666666667,6,Type 2,PDR and/or prior scatter,7.0,1.0,64.0,0,5.9,1,1,1,22.0,7.2366488700798,Heidelberg Spectralis,1,1,1,0,1,0,0,American Indian/Alaskan Native,0,165.0,0,0.0,0,72.0,-81.0,-69.0,0,0,19,10,10.0,15.0,Completed,1,1
479,Bevacizumab,OS,73,31.73263888888889,0,567.0,74.0,19,Type 2,Severe NPDR,3.0,0.0,81.0,0,8.5,0,1,1,16.0,2.884800712846709,Heidelberg Spectralis,1,1,0,0,0,0,1,Black/African American,0,132.66666666666666,0,0.0,0,72.0,-240.0,-89.0,1,1,21,11,2.0,4.0,Completed,1,1
481,Aflibercept,OS,48,26.301686851211073,0,446.0,81.66666666666667,17,Type 2,Mild/moderate NPDR,8.0,0.0,71.0,0,7.2,0,1,1,16.0,4.410371107683024,Heidelberg Spectralis,0,1,1,0,0,0,0,Black/African American,0,122.33333333333333,0,0.0,0,75.0,-169.0,-161.0,1,1,17,10,13.0,13.0,Completed,1,1
482,Aflibercept,OS,76,24.625798816568047,0,433.0,81.66666666666667,11,Type 2,Mild/moderate NPDR,3.0,1.0,25.0,1,7.2,0,1,0,16.0,2.91180703861623,Heidelberg Spectralis,0,0,0,0,0,0,0,White,0,168.66666666666666,0,1.0,1,67.0,-23.0,-33.0,1,1,14,9,6.0,17.0,Completed,1,1
485,Aflibercept,OD,50,35.72772491349481,0,352.0,86.0,18,Type 2,Mild/moderate NPDR,5.0,0.0,88.0,1,10.6,0,1,1,15.0,3.8086604924329928,Heidelberg Spectralis,0,1,1,0,0,0,0,Black/African American,0,128.66666666666666,0,0.0,0,74.0,-86.0,-147.0,0,0,13,12,5.0,7.0,Completed,1,1
486,Ranibizumab,OS,44,29.91216216216216,0,372.0,81.33333333333333,12,Type 2,Mild/moderate NPDR,5.0,0.0,79.0,0,10.0,0,0,1,6.0,2.4096441652874536,Heidelberg Spectralis,0,0,0,0,0,0,0,White,0,114.0,0,0.0,0,73.0,-70.0,-25.0,1,1,9,9,11.0,10.0,Completed,1,1
487,Bevacizumab,OS,66,,0,316.0,91.33333333333333,4,Type 2,Mild/moderate NPDR,3.0,1.0,89.0,1,6.1,0,1,0,13.0,3.1896529661912973,Zeiss Cirrus,0,1,1,0,0,0,0,White,0,134.0,0,0.0,0,70.0,-27.0,-24.0,0,0,7,7,26.0,21.0,Completed,1,1
488,Ranibizumab,OS,54,,0,502.0,81.33333333333333,3,Type 2,Mild/moderate NPDR,4.0,0.0,79.0,1,6.5,0,1,0,15.0,3.359680701459222,Zeiss Cirrus,0,1,1,0,0,0,0,Black/African American,0,132.66666666666666,0,1.0,0,72.0,-174.0,-11.0,1,1,21,9,18.0,20.0,Completed,1,1
489,Ranibizumab,OD,66,35.184326171875,0,457.0,88.0,19,Type 2,Mild/moderate NPDR,3.0,0.0,82.0,1,6.7,0,1,1,18.0,2.6026896854443837,Heidelberg Spectralis,1,1,1,0,0,0,1,White,0,133.0,0,0.0,1,49.0,-198.0,-228.0,1,1,20,12,30.0,11.0,Completed,1,1
490,Aflibercept,OS,64,32.279763313609465,0,752.0,75.0,7,Type 2,Severe NPDR,6.0,0.0,47.0,1,8.4,0,1,1,17.0,2.658159431488745,Zeiss Cirrus,0,1,1,0,0,0,0,White,0,138.66666666666666,0,1.0,1,53.0,-244.0,-510.0,0,0,12,9,12.0,25.0,Completed,1,1
491,Ranibizumab,OS,71,28.516754850088184,0,435.0,83.0,16,Type 2,Mild/moderate NPDR,5.0,1.0,73.0,1,9.7,0,1,1,20.0,6.97415144862182,Heidelberg Spectralis,0,0,0,0,0,0,0,White,0,146.0,0,0.0,1,68.0,-112.0,-119.0,1,1,18,9,6.0,11.0,Completed,1,1
494,Ranibizumab,OD,52,20.84859521331946,0,341.0,93.33333333333333,10,Uncertain,PDR and/or prior scatter,7.0,0.0,77.0,0,5.6,0,1,0,20.0,8.525359754082631,Heidelberg Spectralis,1,1,1,0,1,0,1,Asian,0,164.66666666666666,0,0.0,0,70.0,,,0,0,12,12,,,DropPreOutcome,0,0
495,Bevacizumab,OD,62,24.325259515570934,0,535.0,62.333333333333336,20,Type 2,Mild/moderate NPDR,6.0,1.0,84.0,0,10.2,1,1,1,14.0,8.234891286538707,Heidelberg Spectralis,0,1,1,0,0,0,0,White,0,176.33333333333334,0,1.0,1,65.0,,-275.0,1,1,16,11,-60.0,21.0,Completed,1,1
497,Aflibercept,OS,70,26.915096211069233,0,389.0,82.66666666666667,30,Type 2,Mild/moderate NPDR,3.0,0.0,89.0,0,6.7,0,1,1,16.0,2.1294214739848565,Zeiss Cirrus,0,0,0,0,0,0,0,White,0,169.66666666666666,0,0.0,0,74.0,-43.0,-78.0,1,1,8,8,-2.0,4.0,Completed,1,1
499,Aflibercept,OS,62,,1,467.0,108.0,14,Type 2,Mild/moderate NPDR,3.0,1.0,84.0,0,9.6,0,1,1,13.0,5.4860409726309864,Zeiss Cirrus,0,1,1,0,0,0,0,White,0,161.0,0,0.0,0,78.0,-60.0,-102.0,1,1,17,11,-1.0,-6.0,Completed,1,1
500,Ranibizumab,OS,37,34.94201183431953,0,422.0,104.0,13,Uncertain,PDR and/or prior scatter,9.0,0.0,0.0,1,10.6,1,1,0,21.0,9.148571345578551,Heidelberg Spectralis,0,0,0,0,0,0,0,White,1,158.0,0,1.0,1,58.0,-203.0,-187.0,0,0,15,9,18.0,20.0,Completed,1,1
501,Bevacizumab,OS,74,25.087770061728396,0,348.0,85.66666666666667,32,Type 2,Mild/moderate NPDR,3.0,1.0,82.0,0,7.2,0,0,1,20.0,2.847812143477369,Zeiss Cirrus,0,0,0,0,0,0,1,White,0,159.33333333333334,0,0.0,0,73.0,-54.0,8.0,1,1,6,6,17.0,10.0,Completed,1,1
502,Ranibizumab,OS,66,27.27689594356261,0,453.0,87.66666666666667,18,Type 2,Mild/moderate NPDR,4.0,1.0,85.0,1,7.1,0,1,1,16.0,5.603925306283137,Zeiss Cirrus,1,1,1,0,0,0,1,White,0,129.0,0,0.0,0,76.0,-90.0,-115.0,1,1,22,13,1.0,4.0,Completed,1,1
503,Ranibizumab,OS,47,41.34425540852762,0,432.0,90.66666666666667,13,Type 2,Mild/moderate NPDR,6.0,1.0,84.0,0,9.3,0,0,0,13.0,2.494031557565001,Zeiss Cirrus,0,1,1,0,0,0,0,Black/African American,0,128.33333333333334,0,1.0,0,75.0,-196.0,-177.0,1,1,14,12,22.0,8.0,Completed,1,1
504,Ranibizumab,OD,79,39.25083333333333,0,288.0,86.0,13,Type 2,Microaneurysms only,3.0,1.0,21.0,0,6.7,1,1,1,15.0,2.6658383522929006,Zeiss Stratus,0,0,0,0,0,0,0,White,0,168.0,0,0.0,1,65.0,-62.0,-37.0,1,1,16,9,-2.0,-1.0,Completed,1,1
505,Bevacizumab,OS,71,37.21237244897959,0,336.0,68.0,21,Uncertain,Mild/moderate NPDR,2.0,0.0,86.0,1,6.6,1,1,1,18.0,5.0771718178965,Heidelberg Spectralis,0,1,0,0,0,0,1,White,1,136.66666666666666,0,0.0,0,78.0,-68.0,-92.0,0,0,7,6,0.0,6.0,Completed,1,1
506,Bevacizumab,OD,66,28.0550304557866,0,783.0,105.66666666666667,22,Type 2,PDR and/or prior scatter,7.0,1.0,42.0,0,7.5,0,1,1,15.0,7.789367605783997,Heidelberg Spectralis,0,0,0,0,1,0,0,White,0,179.33333333333334,0,1.0,1,41.0,-419.0,-491.0,0,0,20,11,14.0,17.0,Completed,1,1
507,Aflibercept,OD,75,26.30601469237833,0,534.0,89.0,45,Type 1,Mild/moderate NPDR,4.0,0.0,75.0,1,7.9,0,1,1,21.0,5.3981627015177525,Zeiss Stratus,0,1,1,0,0,0,1,White,0,142.0,0,0.0,0,69.0,,-169.0,0,0,13,7,,17.0,DropPostOutcome,0,1
509,Ranibizumab,OS,69,36.4872763920383,0,374.0,66.33333333333333,21,Type 2,Mild/moderate NPDR,3.0,0.0,66.0,1,6.3,0,1,1,14.0,2.3608540011180215,Zeiss Cirrus,0,0,0,0,0,0,0,White,0,115.66666666666667,0,0.0,0,73.0,-83.0,-40.0,1,1,9,7,0.0,2.0,Completed,1,1
510,Bevacizumab,OS,57,,0,388.0,75.33333333333333,17,Type 2,Mild/moderate NPDR,4.0,1.0,74.0,0,8.3,0,1,1,19.0,7.556511604207274,Zeiss Cirrus,0,0,0,0,0,0,0,White,0,140.66666666666666,0,0.0,1,59.0,,,1,1,8,8,,,DropPreOutcome,0,0
511,Aflibercept,OD,69,32.28061224489796,0,415.0,84.0,17,Type 2,Mild/moderate NPDR,2.0,0.0,65.0,0,5.8,0,1,0,12.0,3.8465240231954505,Heidelberg Spectralis,0,1,1,0,0,0,0,White,0,160.33333333333334,0,0.0,0,74.0,-115.0,-133.0,0,0,17,9,17.0,3.0,Completed,1,1
513,Bevacizumab,OS,61,46.18400713436385,0,409.0,82.33333333333333,27,Type 2,PDR and/or prior scatter,7.0,1.0,72.0,1,9.4,0,1,1,18.0,6.012565351016001,Zeiss Cirrus,1,1,0,0,1,0,0,White,0,162.33333333333334,0,0.0,0,71.0,-111.0,-141.0,1,1,20,12,-5.0,1.0,Completed,1,1
514,Ranibizumab,OS,60,48.112477682999405,1,413.0,75.33333333333333,25,Type 2,PDR and/or prior scatter,7.0,1.0,81.0,0,8.4,1,1,1,16.0,7.043544121647875,Heidelberg Spectralis,1,1,1,0,1,0,0,,0,151.66666666666666,0,0.0,0,73.0,94.0,17.0,0,0,15,8,-8.0,-9.0,Completed,1,1
515,Ranibizumab,OS,52,29.156057098765434,0,412.0,87.0,11,Type 2,Mild/moderate NPDR,3.0,0.0,85.0,0,8.6,0,1,1,16.0,2.423031246069913,Zeiss Cirrus,0,0,0,0,0,0,0,White,0,126.66666666666667,0,0.0,0,77.0,-47.0,-44.0,1,1,14,13,5.0,7.0,Completed,1,1
516,Aflibercept,OS,32,22.31303312834755,0,751.0,67.66666666666667,12,Type 1,PDR and/or prior scatter,9.0,1.0,90.0,0,8.5,0,0,1,17.0,5.172527360489737,Heidelberg Spectralis,0,0,0,0,0,0,0,White,0,104.0,0,1.0,0,72.0,-473.0,-472.0,1,1,15,10,18.0,16.0,Completed,1,1
518,Ranibizumab,OS,48,,0,571.0,89.0,22,Type 2,Mild/moderate NPDR,5.0,1.0,93.0,1,9.3,0,1,0,15.0,6.134568724076433,Zeiss Cirrus,1,1,1,0,0,0,0,Black/African American,0,143.33333333333334,0,1.0,1,46.0,-320.0,-341.0,0,0,16,12,16.0,9.0,Completed,1,1
519,Ranibizumab,OD,58,33.06234883095942,0,583.0,70.0,16,Type 2,Mild/moderate NPDR,5.0,1.0,30.0,1,10.5,1,1,0,15.0,4.039712366569035,Heidelberg Spectralis,0,0,0,0,0,0,0,White,0,139.33333333333334,0,1.0,1,40.0,-253.0,-45.0,1,1,18,11,12.0,11.0,Completed,1,1
520,Aflibercept,OS,70,36.57648283038502,0,557.0,71.0,15,Type 2,Severe NPDR,7.0,1.0,24.0,1,8.9,0,1,0,13.0,8.026859499804898,Zeiss Cirrus,0,0,0,0,0,0,0,White,1,176.66666666666666,0,1.0,0,69.0,-271.0,-247.0,0,0,24,13,19.0,9.0,Completed,1,1
521,Ranibizumab,OS,59,39.21694214876033,0,652.0,81.66666666666667,17,Type 2,Mild/moderate NPDR,5.0,1.0,81.0,1,6.7,0,1,1,9.0,3.305787196857497,Heidelberg Spectralis,0,0,0,0,0,0,0,White,0,117.0,0,1.0,1,40.0,,,0,0,9,9,,,DropPostOutcome,0,0
522,Aflibercept,OS,78,40.76568047337278,1,432.0,80.66666666666667,46,Type 2,PDR and/or prior scatter,4.0,1.0,73.0,0,7.8,0,1,1,15.0,6.398594934535208,Heidelberg Spectralis,0,0,0,0,1,0,0,White,1,150.66666666666666,0,0.0,1,67.0,-27.0,-94.0,1,1,14,9,21.0,4.0,Completed,1,1
524,Aflibercept,OD,55,35.69921875,0,546.0,84.66666666666667,17,Type 2,,5.0,0.0,39.0,1,9.6,0,1,1,22.0,6.994565802468719,Zeiss Cirrus,0,0,0,0,0,0,0,White,0,146.66666666666666,0,1.0,0,73.0,,,0,0,9,9,,,DropPreOutcome,0,0
525,Ranibizumab,OD,67,26.909818339100347,0,515.0,90.0,30,Type 2,Severe NPDR,4.0,1.0,90.0,0,6.1,0,0,0,16.0,3.110399348532117,Zeiss Cirrus,0,0,0,0,0,0,1,White,0,152.0,1,0.0,1,54.0,-141.0,-181.0,1,1,10,8,28.0,16.0,Completed,1,1
527,Aflibercept,OS,58,38.52483849409668,0,381.0,73.66666666666667,13,Type 2,Mild/moderate NPDR,5.0,1.0,72.0,1,8.3,0,1,1,14.0,1.864080130807681,Heidelberg Spectralis,0,0,0,0,0,0,1,White,0,102.66666666666667,0,0.0,0,78.0,-152.0,-138.0,0,0,18,11,11.0,10.0,Completed,1,1
528,Bevacizumab,OD,70,26.541836734693877,0,332.0,92.33333333333333,15,Type 2,Severe NPDR,6.0,1.0,73.0,0,8.0,0,1,1,12.0,5.194566665554109,Zeiss Cirrus,0,1,1,0,0,1,1,White,0,169.33333333333334,0,0.0,0,72.0,,-59.0,0,0,14,9,,6.0,DropPostOutcome,0,1
529,Ranibizumab,OS,56,31.92690311418685,0,421.0,95.0,16,Type 2,PDR and/or prior scatter,7.0,0.0,22.0,0,6.8,1,0,1,17.0,7.689586187373191,Zeiss Stratus,0,1,1,0,1,0,0,White,0,148.33333333333334,0,0.0,0,69.0,-192.0,-185.0,1,1,22,12,15.0,12.0,Completed,1,1
530,Aflibercept,OD,70,37.92584940312213,0,411.0,75.33333333333333,52,Uncertain,Severe NPDR,5.0,0.0,74.0,1,7.6,0,1,1,12.0,5.910552711852466,Zeiss Stratus,0,0,0,0,0,1,0,White,0,157.66666666666666,0,0.0,1,59.0,-107.0,-85.0,1,1,18,9,28.0,26.0,Completed,1,1
532,Bevacizumab,OS,67,34.66349480968858,0,708.0,87.33333333333333,2,Type 2,Mild/moderate NPDR,5.0,0.0,80.0,1,6.6,0,1,0,16.0,2.3233676321765744,Heidelberg Spectralis,0,0,0,0,0,0,0,White,0,146.33333333333334,0,1.0,1,61.0,-333.0,-245.0,1,1,23,11,10.0,6.0,Completed,1,1
533,Aflibercept,OD,50,29.28585598095616,0,578.0,81.0,18,Type 2,PDR and/or prior scatter,8.0,1.0,80.0,1,7.2,0,0,1,17.0,2.6939512767227085,Zeiss Cirrus,0,0,0,0,0,0,0,White,0,111.0,0,1.0,0,71.0,-349.0,-344.0,0,0,15,6,15.0,14.0,Completed,1,1
535,Aflibercept,OS,75,44.52333333333333,0,342.0,59.0,42,Type 2,Mild/moderate NPDR,4.0,0.0,75.0,0,8.0,0,1,1,11.0,3.804215052793841,Zeiss Cirrus,0,1,0,0,0,0,1,White,0,107.66666666666667,0,0.0,1,68.0,-52.0,-47.0,0,0,9,7,17.0,9.0,Completed,1,1
536,Ranibizumab,OS,37,29.118343195266274,0,315.0,85.33333333333333,21,Type 1,Mild/moderate NPDR,3.0,0.0,83.0,0,8.1,0,1,1,12.0,2.631888840136646,Zeiss Cirrus,0,1,1,0,0,0,0,White,0,126.66666666666667,0,0.0,0,76.0,-41.0,-31.0,0,0,6,4,6.0,1.0,Completed,1,1
538,Aflibercept,OD,29,35.70594787257741,0,351.0,98.66666666666667,16,Type 1,Severe NPDR,6.0,1.0,86.0,0,9.5,0,1,1,20.0,7.197734710482601,Heidelberg Spectralis,0,0,0,0,0,0,0,Black/African American,0,140.66666666666666,0,0.0,1,63.0,-80.0,-68.0,0,0,6,6,20.0,12.0,Completed,1,1
539,Bevacizumab,OD,67,43.35166666666667,0,657.0,77.66666666666667,24,Type 2,Severe NPDR,5.0,1.0,62.0,1,7.4,1,1,1,14.0,4.103799720992856,Heidelberg Spectralis,0,0,0,0,0,0,0,White,0,165.66666666666666,0,0.0,1,55.0,-300.0,-186.0,1,1,23,12,16.0,7.0,Completed,1,1
540,Bevacizumab,OS,62,37.865497076023395,0,893.0,98.66666666666667,37,Type 2,PDR and/or prior scatter,7.0,1.0,69.0,1,11.3,1,1,0,15.0,4.736549264044472,Heidelberg Spectralis,0,1,1,0,1,0,0,White,0,154.66666666666666,0,1.0,1,53.0,-520.0,-401.0,1,0,25,13,23.0,21.0,Completed,1,1
542,Ranibizumab,OS,63,28.749228395061728,0,467.0,101.66666666666667,19,Type 2,Mild/moderate NPDR,5.0,1.0,78.0,0,8.2,0,1,1,16.0,7.157229125542377,Zeiss Cirrus,0,0,0,0,0,0,0,White,0,167.0,0,0.0,0,74.0,-167.0,-176.0,0,0,7,7,6.0,2.0,Completed,1,1
543,Ranibizumab,OS,63,,0,476.0,87.0,15,Type 2,Severe NPDR,7.0,1.0,67.0,1,7.7,0,1,0,15.0,3.044522437723423,Zeiss Cirrus,0,0,0,0,0,0,0,Black/African American,0,130.0,0,0.0,0,72.0,-194.0,-210.0,1,1,12,10,13.0,15.0,Completed,1,1
545,Bevacizumab,OS,61,,0,320.0,69.0,30,Type 1,PDR and/or prior scatter,7.0,0.0,88.0,1,8.0,0,1,1,13.0,1.8578592709325787,Zeiss Cirrus,0,1,1,0,1,0,0,White,0,115.33333333333333,0,0.0,0,76.0,-46.0,-21.0,1,1,9,9,0.0,2.0,Completed,1,1
546,Bevacizumab,OS,65,35.0702947845805,0,511.0,84.66666666666667,12,Type 2,PDR and/or prior scatter,6.0,1.0,27.0,1,6.3,1,1,1,13.0,8.704535456667056,Heidelberg Spectralis,0,0,0,0,0,0,0,White,0,154.66666666666666,0,0.0,1,58.0,-162.0,-187.0,1,1,20,10,16.0,4.0,Completed,1,1
547,Aflibercept,OS,63,44.77586670249933,0,482.0,93.33333333333333,24,Type 2,Mild/moderate NPDR,3.0,0.0,58.0,1,7.3,0,1,1,11.0,7.866565124454941,Heidelberg Spectralis,0,1,1,0,0,0,0,Black/African American,0,130.0,0,0.0,0,76.0,-227.0,-276.0,0,0,17,12,-4.0,3.0,Completed,1,1
548,Bevacizumab,OS,74,43.63343425605537,0,508.0,80.33333333333333,39,Type 2,PDR and/or prior scatter,7.0,1.0,46.0,0,6.2,0,1,1,17.0,4.407085034014658,Zeiss Cirrus,0,1,1,0,1,0,1,White,0,162.33333333333334,0,0.0,1,66.0,-59.0,-126.0,1,1,19,11,3.0,10.0,Completed,1,1
549,Ranibizumab,OS,77,24.683792898234476,0,317.0,96.33333333333333,21,Type 2,Mild/moderate NPDR,3.0,0.0,78.0,0,12.1,0,1,0,14.0,5.254417724258018,Zeiss Cirrus,0,0,0,0,0,0,0,Black/African American,0,176.66666666666666,0,0.0,1,39.0,-103.0,-99.0,1,1,23,12,17.0,9.0,Completed,1,1
550,Aflibercept,OD,65,25.983241505968778,0,484.0,82.33333333333333,7,Type 2,Severe NPDR,5.0,1.0,39.0,0,7.2,0,1,0,14.0,7.504127207042679,Zeiss Cirrus,0,0,0,0,0,0,0,White,0,172.33333333333334,0,0.0,0,70.0,-270.0,-275.0,0,0,10,9,14.0,-24.0,Completed,1,1
551,Aflibercept,OS,63,,0,372.0,73.0,23,Type 2,PDR and/or prior scatter,8.0,1.0,82.0,1,10.0,0,1,1,13.0,2.75429745226753,Zeiss Cirrus,0,1,1,0,1,0,0,White,0,109.66666666666667,0,0.0,0,71.0,-72.0,-86.0,0,0,12,7,10.0,9.0,Completed,1,1
552,Bevacizumab,OS,53,38.39109430791851,1,514.0,84.66666666666667,12,Type 2,PDR and/or prior scatter,8.0,0.0,88.0,0,8.3,0,1,1,18.0,6.989178571670999,Zeiss Cirrus,1,1,0,0,1,0,0,White,0,130.66666666666666,1,0.0,1,50.0,-300.0,-228.0,1,0,18,11,41.0,25.0,Completed,1,1
553,Ranibizumab,OS,66,42.596569391846735,0,578.0,83.33333333333333,13,Type 2,Mild/moderate NPDR,6.0,1.0,60.0,1,8.2,0,1,1,18.0,3.998017198595007,Zeiss Cirrus,0,0,0,0,0,0,1,White,0,142.33333333333334,1,0.0,1,50.0,,,0,0,1,1,,,DropPreOutcome,0,0
554,Bevacizumab,OD,77,24.560601988712712,1,412.0,68.33333333333333,23,Type 2,Severe NPDR,6.0,1.0,51.0,1,6.3,0,1,1,14.0,7.601402334583733,Zeiss Cirrus,0,0,0,1,0,1,0,White,1,135.0,0,1.0,1,62.0,,-145.0,1,1,7,7,,10.0,DropPostOutcome,0,1
556,Aflibercept,OS,56,30.228433216877182,0,473.0,85.33333333333333,14,Type 2,Severe NPDR,5.0,1.0,64.0,1,7.7,0,1,1,12.0,6.637349770195581,Heidelberg Spectralis,0,1,1,0,0,0,1,White,0,118.0,0,1.0,1,64.0,-219.0,-203.0,0,0,19,9,21.0,21.0,Completed,1,1
557,Bevacizumab,OS,50,31.946982248520712,0,426.0,91.33333333333333,25,Type 2,PDR and/or prior scatter,10.0,1.0,56.0,0,9.4,1,1,0,16.0,6.4217198240233655,Heidelberg Spectralis,0,0,0,0,0,0,0,White,0,144.66666666666666,0,0.0,1,64.0,-161.0,-108.0,1,1,18,9,14.0,25.0,Completed,1,1
558,Bevacizumab,OS,60,37.10508875739645,0,394.0,92.66666666666667,35,Type 2,PDR and/or prior scatter,8.0,1.0,88.0,1,7.3,0,1,1,18.0,6.790738199906102,Zeiss Cirrus,0,1,1,0,1,0,0,Black/African American,0,177.66666666666666,0,0.0,0,77.0,-122.0,-61.0,1,1,17,9,1.0,2.0,Completed,1,1
559,Aflibercept,OD,43,34.078947368421055,0,544.0,83.33333333333333,1,Type 2,PDR and/or prior scatter,8.0,1.0,84.0,0,11.0,0,0,0,14.0,2.1065702090680887,Heidelberg Spectralis,0,0,0,0,0,0,0,White,0,118.0,0,1.0,1,57.0,-25.0,-22.0,1,1,12,9,5.0,4.0,Completed,1,1
560,Bevacizumab,OS,68,33.14142857142857,0,,86.33333333333333,43,Type 2,Mild/moderate NPDR,3.0,0.0,62.0,0,7.9,0,1,1,15.0,3.8979240810486444,Heidelberg Spectralis,0,1,1,0,0,0,0,White,0,163.33333333333334,0,0.0,1,28.0,,,1,1,26,13,41.0,39.0,Completed,1,1
561,Ranibizumab,OD,46,,0,324.0,78.66666666666667,25,Type 1,Mild/moderate NPDR,5.0,1.0,88.0,0,8.5,0,0,1,18.0,1.449269160281279,Zeiss Cirrus,0,1,1,0,0,0,0,White,0,115.33333333333333,0,0.0,0,73.0,-104.0,-107.0,1,1,10,10,7.0,7.0,Completed,1,1
563,Bevacizumab,OD,64,,0,668.0,73.66666666666667,19,Type 2,Severe NPDR,7.0,0.0,86.0,0,8.0,0,1,1,15.0,1.8870696490323797,Heidelberg Spectralis,0,0,0,0,0,0,0,White,0,139.0,0,1.0,0,69.0,,-159.0,1,1,6,6,,3.0,DropPostOutcome,0,1
564,Bevacizumab,OD,65,42.038966049382715,0,447.0,81.66666666666667,24,Type 2,PDR and/or prior scatter,7.0,0.0,79.0,0,8.8,0,1,1,14.0,5.45369586372755,Zeiss Stratus,0,1,1,0,1,0,0,White,0,141.33333333333334,0,0.0,0,71.0,-143.0,-107.0,1,1,19,12,7.0,8.0,Completed,1,1
565,Ranibizumab,OD,61,43.34313215400624,1,443.0,87.33333333333333,28,Type 2,Severe NPDR,6.0,1.0,46.0,1,8.2,0,1,1,14.0,7.798970224864369,Zeiss Cirrus,0,1,1,0,0,0,0,White,0,167.33333333333334,0,1.0,1,46.0,40.0,-2.0,0,0,20,10,3.0,22.0,Completed,1,1
566,Ranibizumab,OD,66,26.309645800846514,1,360.0,92.33333333333333,31,Type 2,Mild/moderate NPDR,5.0,1.0,72.0,1,8.5,0,1,1,15.0,3.9318256327243257,Heidelberg Spectralis,0,0,0,0,0,0,0,White,0,128.66666666666666,0,1.0,1,48.0,-133.0,-70.0,1,1,19,11,33.0,13.0,Completed,1,1
567,Ranibizumab,OD,62,32.078935986159166,0,566.0,87.33333333333333,1,Type 2,Severe NPDR,3.0,0.0,74.0,0,6.1,0,0,1,22.0,2.1826747963214883,Zeiss Cirrus,0,0,0,0,0,0,0,White,0,126.66666666666667,0,0.0,0,72.0,-265.0,-23.0,1,0,21,12,15.0,9.0,Completed,1,1
568,Aflibercept,OD,63,32.11337278106509,0,540.0,80.33333333333333,8,Type 2,Mild/moderate NPDR,5.0,1.0,47.0,1,6.9,0,1,1,12.0,4.110873864173311,Heidelberg Spectralis,0,0,0,0,0,0,0,Black/African American,0,125.33333333333333,0,0.0,1,67.0,,,0,0,4,4,,,DropPreOutcome,0,0
572,Ranibizumab,OS,60,40.442372545129935,0,362.0,81.0,20,Type 1,Mild/moderate NPDR,3.0,0.0,86.0,0,7.8,0,0,1,16.0,4.232365860119475,Heidelberg Spectralis,0,1,1,0,0,0,0,White,0,127.0,0,0.0,0,77.0,-115.0,-110.0,0,0,13,12,11.0,6.0,Completed,1,1
573,Bevacizumab,OD,73,38.73018005912389,0,369.0,66.33333333333333,28,Type 2,Mild/moderate NPDR,5.0,1.0,34.0,1,7.6,0,1,1,16.0,6.328097485101752,Zeiss Cirrus,0,0,0,0,0,0,1,White,0,180.0,0,0.0,0,73.0,-56.0,-42.0,1,1,21,12,1.0,-5.0,Completed,1,1
574,Bevacizumab,OS,60,28.0550304557866,0,395.0,85.0,23,Type 2,Severe NPDR,5.0,1.0,87.0,0,7.2,0,1,1,16.0,4.845682031463393,Zeiss Cirrus,0,1,1,0,0,0,0,White,0,140.0,0,0.0,0,75.0,-77.0,-120.0,1,1,12,12,-5.0,8.0,Completed,1,1
575,Bevacizumab,OD,45,,0,580.0,77.33333333333333,2,Type 2,Severe NPDR,5.0,0.0,68.0,0,7.7,0,0,0,19.0,1.8961194845522977,Heidelberg Spectralis,0,0,0,0,0,0,0,White,0,119.33333333333333,0,1.0,1,63.0,-47.0,-100.0,1,1,15,8,10.0,18.0,Completed,1,1
577,Bevacizumab,OD,63,41.04887543252595,0,497.0,89.66666666666667,12,Type 2,Severe NPDR,,0.0,20.0,1,6.8,0,1,1,17.0,4.51085950651685,Heidelberg Spectralis,0,1,1,0,0,0,0,White,0,166.0,0,0.0,0,69.0,,-131.0,1,1,7,7,,17.0,DropPostOutcome,0,1
578,Aflibercept,OS,54,,0,467.0,89.33333333333333,11,Type 2,Mild/moderate NPDR,4.0,1.0,86.0,0,7.2,0,1,1,17.0,7.860150334647113,Zeiss Cirrus,0,1,1,0,0,0,0,White,0,141.66666666666666,0,1.0,0,74.0,-80.0,-137.0,0,0,10,7,5.0,16.0,Completed,1,1
580,Bevacizumab,OD,56,29.225245653817083,0,536.0,91.0,10,Type 2,Severe NPDR,5.0,0.0,93.0,1,7.8,0,1,1,12.0,6.14607226533442,Heidelberg Spectralis,0,0,0,0,0,0,0,Black/African American,0,138.0,1,1.0,0,72.0,,,0,0,2,2,,,DropPostOutcome,0,0
581,Aflibercept,OD,51,27.835053480953274,0,409.0,75.0,0,Type 2,Mild/moderate NPDR,5.0,0.0,69.0,0,5.9,0,0,0,11.0,1.9572739077056285,Heidelberg Spectralis,0,0,0,0,0,0,0,White,0,135.0,0,0.0,1,59.0,-30.0,-67.0,0,0,10,7,30.0,30.0,Completed,1,1
582,Bevacizumab,OD,60,26.12217598097503,0,494.0,79.33333333333333,12,Type 2,Mild/moderate NPDR,4.0,0.0,71.0,1,8.9,1,1,1,21.0,3.9318256327243257,Zeiss Stratus,0,0,0,0,0,0,0,White,0,135.0,0,1.0,1,66.0,-155.0,-74.0,1,1,7,7,14.0,-2.0,Completed,1,1
583,Ranibizumab,OD,54,34.56477627471384,0,301.0,93.0,24,Type 2,Mild/moderate NPDR,3.0,0.0,79.0,1,7.7,0,1,1,14.0,6.506814918745389,Zeiss Cirrus,1,1,0,0,0,0,1,Black/African American,0,151.66666666666666,1,0.0,0,78.0,-60.0,-54.0,0,0,6,6,10.0,13.0,Completed,1,1
584,Aflibercept,OD,33,25.176308539944902,0,400.0,81.0,25,Type 1,Mild/moderate NPDR,3.0,0.0,84.0,1,8.4,0,0,1,15.0,1.9286186519452522,Zeiss Cirrus,0,0,0,0,0,0,0,White,0,114.66666666666667,0,0.0,0,78.0,-141.0,-110.0,1,1,8,8,8.0,2.0,Completed,1,1
585,Bevacizumab,OS,67,25.675675675675677,1,628.0,69.33333333333333,3,Type 2,Mild/moderate NPDR,5.0,1.0,78.0,0,7.8,0,1,0,14.0,2.5494451709255714,Heidelberg Spectralis,0,1,1,0,0,0,1,White,0,113.33333333333333,0,0.0,1,57.0,-229.0,-125.0,1,1,12,12,-16.0,-24.0,Completed,1,1
586,Aflibercept,OD,67,33.00194444444445,0,333.0,90.33333333333333,17,Type 2,Severe NPDR,4.0,0.0,32.0,1,6.5,1,0,1,14.0,3.5360196074696004,Heidelberg Spectralis,0,0,0,0,0,0,0,White,0,161.0,0,0.0,1,55.0,-26.0,-33.0,1,1,15,9,25.0,18.0,Completed,1,1
588,Ranibizumab,OS,61,33.90239197530864,0,443.0,97.66666666666667,14,Type 2,PDR and/or prior scatter,7.0,1.0,88.0,0,7.4,0,1,1,14.0,6.41040511861757,Zeiss Cirrus,1,1,1,0,1,0,1,White,0,176.0,0,0.0,0,71.0,-174.0,-186.0,1,1,13,10,2.0,4.0,Completed,1,1
589,Aflibercept,OD,76,37.11891643709826,1,330.0,90.33333333333333,30,Type 2,Mild/moderate NPDR,5.0,1.0,77.0,1,7.6,0,1,1,19.0,8.611562929143506,Heidelberg Spectralis,0,1,1,1,0,0,1,White,0,177.0,0,0.0,1,55.0,,,0,0,2,2,,,DropPreOutcome,0,0
590,Bevacizumab,OS,61,26.579475308641975,0,336.0,71.33333333333333,5,Type 2,Mild/moderate NPDR,3.0,1.0,93.0,0,7.3,0,1,0,15.0,3.3061538329752613,Zeiss Cirrus,0,1,1,0,0,0,0,Black/African American,0,121.33333333333333,0,0.0,1,68.0,-55.0,-43.0,0,0,15,9,15.0,11.0,Completed,1,1
591,Bevacizumab,OD,74,22.01292731973571,0,546.0,54.333333333333336,24,Type 2,Mild/moderate NPDR,2.0,1.0,88.0,1,6.4,0,0,1,15.0,1.7316555451583497,Zeiss Cirrus,0,0,0,0,0,0,0,White,0,127.66666666666667,0,0.0,0,73.0,-98.0,-167.0,1,1,22,12,14.0,8.0,Completed,1,1
593,Ranibizumab,OS,59,24.434630102040817,0,311.0,75.33333333333333,22,Type 2,PDR and/or prior scatter,5.0,1.0,16.0,1,7.4,1,1,1,11.0,6.35990253437907,Heidelberg Spectralis,0,0,0,0,0,0,0,White,0,131.66666666666666,0,0.0,1,29.0,-5.0,-66.0,1,0,18,12,35.0,36.0,Completed,1,1
594,Aflibercept,OD,63,,0,468.0,67.66666666666667,30,Type 2,Mild/moderate NPDR,5.0,1.0,86.0,1,10.8,1,0,1,17.0,3.0041963519661206,Heidelberg Spectralis,0,1,1,0,0,0,0,White,0,105.66666666666667,0,0.0,1,48.0,-1.0,-32.0,1,1,15,11,21.0,16.0,Completed,1,1
595,Bevacizumab,OS,68,28.37162162162162,1,410.0,74.33333333333333,39,Type 1,PDR and/or prior scatter,7.0,1.0,77.0,0,8.8,0,0,1,21.0,6.536865495513663,Zeiss Cirrus,0,1,1,0,1,0,1,Black/African American,0,137.0,0,0.0,0,77.0,7.0,-123.0,0,0,21,11,0.0,-2.0,Completed,1,1
596,Bevacizumab,OD,62,32.00385802469136,0,343.0,71.33333333333333,17,Type 2,PDR and/or prior scatter,7.0,0.0,80.0,0,8.2,0,1,0,22.0,2.8148097376737438,Heidelberg Spectralis,0,1,1,0,1,0,0,White,0,142.33333333333334,0,0.0,1,62.0,62.0,10.0,0,0,19,12,15.0,14.0,Completed,1,1
597,Aflibercept,OD,56,31.173595364071556,0,430.0,97.0,7,Type 2,Microaneurysms only,3.0,1.0,86.0,0,7.1,0,1,1,18.0,2.6939512767227085,Heidelberg Spectralis,1,1,1,0,0,0,0,More than one race,0,160.0,0,0.0,0,75.0,-95.0,-103.0,0,0,7,7,18.0,14.0,Completed,1,1
599,Aflibercept,OS,66,29.983138266217022,1,585.0,65.0,6,Type 2,PDR and/or prior scatter,7.0,1.0,9.0,0,5.9,0,1,0,16.0,1.5390154481375546,Zeiss Cirrus,0,1,1,0,1,0,1,White,0,128.66666666666666,0,0.0,1,46.0,-108.0,-75.0,0,0,23,12,13.0,19.0,Completed,1,1
600,Ranibizumab,OS,52,30.41551020408163,1,683.0,90.0,14,Type 2,Severe NPDR,6.0,1.0,22.0,0,6.6,0,1,1,14.0,4.21803603456465,Heidelberg Spectralis,0,0,0,1,0,0,0,White,0,170.66666666666666,0,1.0,1,39.0,-300.0,-275.0,1,1,21,11,18.0,22.0,Completed,1,1
603,Bevacizumab,OD,54,36.17576297616396,0,688.0,95.0,18,Type 2,PDR and/or prior scatter,,1.0,45.0,1,6.6,0,1,1,16.0,8.940181206047715,Zeiss Cirrus,0,1,1,0,1,0,0,White,0,165.33333333333334,0,0.0,1,24.0,-471.0,-475.0,0,0,15,13,29.0,25.0,Completed,1,1
604,Bevacizumab,OS,57,,1,313.0,97.33333333333333,10,Type 1,Mild/moderate NPDR,3.0,1.0,86.0,0,12.9,0,1,1,17.0,6.278183656059201,Zeiss Cirrus,0,1,1,1,0,0,0,White,0,156.0,0,0.0,1,67.0,,,0,0,7,7,,,DropPreOutcome,0,0
605,Bevacizumab,OS,64,37.58520828692359,0,332.0,87.33333333333333,2,Type 2,Mild/moderate NPDR,5.0,1.0,77.0,0,5.6,0,1,0,12.0,6.653327437628161,Zeiss Cirrus,0,0,0,0,0,0,0,White,1,129.0,0,0.0,0,74.0,-42.0,-44.0,1,1,8,8,16.0,14.0,Completed,1,1
607,Ranibizumab,OD,66,43.89177939646202,0,563.0,92.0,10,Type 2,Mild/moderate NPDR,5.0,1.0,0.0,1,7.7,0,1,1,20.0,3.942164162340133,Zeiss Cirrus,0,0,0,0,1,1,0,White,0,166.0,0,0.0,1,63.0,-303.0,-348.0,0,0,21,10,12.0,14.0,Completed,1,1
608,Aflibercept,OS,53,33.6108875739645,0,707.0,87.33333333333333,21,Type 2,Severe NPDR,5.0,1.0,85.0,1,9.2,1,1,1,12.0,2.7880929087757464,Heidelberg Spectralis,0,0,0,0,0,0,0,,0,132.66666666666666,0,1.0,1,67.0,,,0,0,2,2,,,DropPreOutcome,0,0
609,Aflibercept,OS,52,29.983138266217022,0,371.0,98.0,12,Type 2,Mild/moderate NPDR,4.0,1.0,51.0,0,9.6,0,1,1,15.0,6.841433836050345,Zeiss Cirrus,0,0,0,0,0,0,0,Black/African American,0,169.33333333333334,0,0.0,0,78.0,-75.0,-119.0,1,1,8,6,13.0,10.0,Completed,1,1
610,Bevacizumab,OD,64,23.562442607897154,0,405.0,74.33333333333333,0,Type 2,Mild/moderate NPDR,4.0,1.0,76.0,1,11.9,0,1,0,18.0,3.6506582412937387,Zeiss Cirrus,0,0,0,0,0,0,0,White,0,131.66666666666666,0,1.0,0,75.0,-70.0,-43.0,1,1,20,11,12.0,14.0,Completed,1,1
611,Aflibercept,OS,64,,0,426.0,107.33333333333333,10,Type 2,Mild/moderate NPDR,2.0,1.0,76.0,0,6.5,0,1,1,18.0,2.8207834710894493,Zeiss Cirrus,0,0,0,0,0,0,0,White,0,178.0,0,0.0,0,76.0,-179.0,-175.0,0,0,15,9,15.0,17.0,Completed,1,1
612,Bevacizumab,OD,52,31.37770283673874,0,489.0,73.33333333333333,7,Type 2,Mild/moderate NPDR,3.0,0.0,80.0,0,8.8,0,0,0,18.0,2.2793164660546914,Heidelberg Spectralis,0,1,1,0,0,0,0,White,1,119.33333333333333,0,0.0,0,78.0,-119.0,-140.0,1,1,6,6,7.0,6.0,Completed,1,1
613,Ranibizumab,OS,75,29.983138266217022,1,666.0,81.33333333333333,15,Type 2,Severe NPDR,6.0,1.0,56.0,0,8.5,0,1,1,16.0,8.239252847203526,Zeiss Cirrus,0,1,1,0,0,0,1,White,0,165.33333333333334,0,1.0,1,48.0,-449.0,-461.0,0,0,18,11,26.0,22.0,Completed,1,1
614,Ranibizumab,OD,43,20.639555643721483,0,328.0,79.66666666666667,32,Type 1,PDR and/or prior scatter,4.0,1.0,82.0,0,8.7,0,0,1,17.0,2.996232148595642,Zeiss Cirrus,0,0,0,0,0,0,0,White,0,119.0,1,0.0,0,71.0,-77.0,-80.0,0,0,10,7,7.0,10.0,Completed,1,1
615,Bevacizumab,OS,79,58.526123046875,0,365.0,64.0,19,Type 2,Mild/moderate NPDR,4.0,1.0,71.0,0,6.4,0,1,1,22.0,2.0412203288596382,Zeiss Cirrus,1,1,1,0,0,0,1,White,0,118.66666666666667,0,0.0,1,67.0,93.0,-49.0,1,1,18,10,-29.0,4.0,Completed,1,1
616,Bevacizumab,OS,39,,0,410.0,83.33333333333333,16,Type 2,PDR and/or prior scatter,9.0,0.0,85.0,1,6.9,1,1,1,13.0,5.198497031265826,Heidelberg Spectralis,0,0,0,0,0,0,0,White,0,124.66666666666667,0,0.0,0,75.0,-167.0,-125.0,0,0,12,6,16.0,15.0,Completed,1,1
618,Bevacizumab,OS,80,32.91883454734651,1,516.0,83.66666666666667,20,Type 2,Severe NPDR,5.0,1.0,84.0,1,7.9,0,1,1,16.0,5.937931905146945,Zeiss Cirrus,0,0,0,0,0,0,1,White,0,160.0,0,1.0,0,77.0,200.0,-137.0,1,1,8,7,-8.0,4.0,Completed,1,1
619,Aflibercept,OS,80,25.31631281913464,0,341.0,72.0,30,Type 2,Severe NPDR,3.0,1.0,75.0,1,7.0,0,1,1,16.0,6.569285047698251,Zeiss Cirrus,0,0,0,0,0,0,1,White,0,135.33333333333334,0,0.0,0,71.0,-83.0,-67.0,1,1,18,8,-4.0,-1.0,Completed,1,1
620,Ranibizumab,OS,64,28.346774193548388,0,836.0,77.66666666666667,1,Uncertain,Mild/moderate NPDR,5.0,1.0,69.0,0,6.1,0,1,1,17.0,3.018960399673198,Zeiss Cirrus,0,0,0,0,0,0,0,White,0,129.0,0,1.0,1,61.0,,-594.0,1,1,14,12,,7.0,DropPostOutcome,0,1
621,Ranibizumab,OS,46,28.170204324538783,0,457.0,85.33333333333333,12,Type 2,Mild/moderate NPDR,4.0,0.0,73.0,0,7.6,0,1,1,12.0,3.341801171705499,Zeiss Cirrus,0,1,1,0,0,0,0,White,0,110.66666666666667,1,1.0,0,72.0,,-103.0,0,0,7,7,,12.0,DropPostOutcome,0,1
622,Aflibercept,OS,64,49.07412272471383,0,325.0,101.0,18,Type 2,Mild/moderate NPDR,5.0,1.0,81.0,0,6.8,0,1,1,15.0,4.841664221670439,Heidelberg Spectralis,0,1,1,0,0,0,0,White,0,145.0,0,0.0,0,69.0,-6.0,-100.0,0,0,11,11,11.0,-31.0,Completed,1,1
623,Aflibercept,OD,70,31.517159293790915,1,359.0,95.33333333333333,25,Type 2,Mild/moderate NPDR,4.0,0.0,87.0,0,7.6,0,1,1,13.0,4.1588830833596715,Heidelberg Spectralis,0,1,1,1,0,0,1,Black/African American,0,140.33333333333334,0,0.0,1,50.0,-134.0,-132.0,0,0,13,8,36.0,30.0,Completed,1,1
625,Aflibercept,OD,78,28.342399691358025,0,424.0,74.33333333333333,28,Type 2,Mild/moderate NPDR,4.0,0.0,91.0,0,8.2,0,1,0,14.0,4.246063716857944,Zeiss Cirrus,1,1,1,0,0,0,0,White,1,144.33333333333334,0,0.0,1,67.0,-165.0,-173.0,0,0,14,11,18.0,18.0,Completed,1,1
627,Bevacizumab,OS,66,35.77396449704142,0,458.0,82.66666666666667,24,Type 2,Mild/moderate NPDR,3.0,1.0,79.0,1,7.9,0,1,1,15.0,1.308332819650179,Zeiss Cirrus,0,0,0,0,0,0,0,Black/African American,0,157.33333333333334,0,1.0,0,77.0,-248.0,-237.0,1,1,15,13,-6.0,-5.0,Completed,1,1
628,Ranibizumab,OS,78,34.95162590701425,0,397.0,79.0,23,Type 2,Mild/moderate NPDR,5.0,0.0,34.0,1,6.1,0,1,1,15.0,2.9258461460898246,Zeiss Cirrus,0,0,0,0,0,0,1,White,0,123.33333333333333,0,0.0,0,75.0,-133.0,-116.0,0,0,13,10,12.0,9.0,Completed,1,1
630,Ranibizumab,OS,73,,0,709.0,73.33333333333333,15,Type 2,Mild/moderate NPDR,1.0,1.0,71.0,1,8.7,0,1,1,13.0,5.019925341003349,Zeiss Cirrus,0,0,0,0,0,0,0,White,0,150.33333333333334,0,0.0,1,52.0,-154.0,-497.0,0,0,13,6,-2.0,0.0,Completed,1,1
631,Aflibercept,OD,62,20.665712799167533,0,362.0,58.333333333333336,12,Type 2,Severe NPDR,5.0,1.0,50.0,1,7.1,0,0,0,8.0,5.8652208205337315,Heidelberg Spectralis,0,0,0,0,0,0,0,Asian,0,86.0,0,0.0,1,47.0,-118.0,-73.0,0,0,14,7,28.0,22.0,Completed,1,1
632,Aflibercept,OS,72,31.173595364071556,1,387.0,71.0,27,Type 2,PDR and/or prior scatter,8.0,1.0,79.0,0,8.7,0,1,1,15.0,1.269760544863939,Zeiss Cirrus,0,1,1,0,1,0,0,Black/African American,0,123.0,0,1.0,0,72.0,-117.0,-115.0,0,0,9,9,3.0,2.0,Completed,1,1
633,Aflibercept,OD,57,25.505240526740124,0,331.0,93.66666666666667,20,Type 2,Mild/moderate NPDR,4.0,0.0,49.0,1,7.4,0,1,0,18.0,5.8223947959897755,Zeiss Cirrus,0,0,0,0,0,0,0,Black/African American,0,150.66666666666666,0,1.0,0,78.0,-41.0,-135.0,1,1,10,9,-15.0,-1.0,Completed,1,1
634,Aflibercept,OD,47,64.23542058586402,0,606.0,97.0,17,Type 2,Severe NPDR,5.0,1.0,81.0,1,9.2,0,1,1,14.0,8.602533840183073,Zeiss Cirrus,0,0,0,0,0,0,0,Black/African American,0,152.33333333333334,0,0.0,1,65.0,,,0,0,11,11,,,DropPreOutcome,0,0
635,Ranibizumab,OD,59,,0,719.0,60.0,1,Type 2,Severe NPDR,6.0,1.0,52.0,1,6.8,0,1,1,10.0,3.205993199037187,Heidelberg Spectralis,0,0,0,0,0,0,0,White,0,90.0,0,1.0,1,52.0,-439.0,-459.0,0,0,19,11,23.0,25.0,Completed,1,1
636,Ranibizumab,OS,64,31.89413988657845,1,515.0,81.33333333333333,25,Type 2,PDR and/or prior scatter,7.0,0.0,58.0,0,7.3,0,1,1,15.0,3.8823882002984553,Heidelberg Spectralis,1,1,1,0,1,0,1,White,0,139.33333333333334,0,0.0,1,48.0,-109.0,-232.0,1,1,26,13,9.0,2.0,Completed,1,1
637,Aflibercept,OD,40,49.09066358024691,0,500.0,100.33333333333333,12,Type 2,Severe NPDR,7.0,0.0,50.0,0,7.7,0,0,0,20.0,7.159843851980127,Zeiss Stratus,0,0,0,0,0,0,0,White,1,144.33333333333334,0,0.0,1,50.0,-205.0,-232.0,0,0,17,11,40.0,30.0,Completed,1,1
639,Aflibercept,OS,59,43.9375,0,482.0,68.66666666666667,1,Type 2,Mild/moderate NPDR,5.0,1.0,69.0,1,6.0,0,0,0,19.0,,Zeiss Cirrus,0,0,0,0,0,0,0,White,0,99.33333333333333,0,1.0,1,66.0,-243.0,-226.0,1,1,19,12,8.0,15.0,Completed,1,1
640,Bevacizumab,OD,78,,0,448.0,86.0,20,Type 2,Mild/moderate NPDR,4.0,1.0,75.0,1,5.5,0,1,0,11.0,5.6993392849588265,Zeiss Cirrus,0,0,0,0,0,0,0,White,0,176.66666666666666,0,1.0,1,66.0,-182.0,-173.0,1,1,17,8,12.0,-9.0,Completed,1,1
641,Ranibizumab,OD,47,28.56542699724518,0,563.0,78.33333333333333,14,Type 2,Severe NPDR,5.0,1.0,76.0,1,10.9,0,1,1,14.0,8.186906981815408,Zeiss Cirrus,0,0,0,0,0,0,0,Black/African American,0,105.33333333333333,0,0.0,1,33.0,-344.0,-103.0,1,1,22,11,40.0,24.0,Completed,1,1
642,Ranibizumab,OS,52,33.891184573002754,1,612.0,87.33333333333333,20,Type 2,PDR and/or prior scatter,9.0,1.0,53.0,1,9.2,0,1,1,16.0,9.066341817821666,Zeiss Cirrus,0,1,1,0,1,0,0,Black/African American,0,166.0,0,0.0,1,58.0,,,0,0,4,4,,,DropPreOutcome,0,0
644,Bevacizumab,OS,60,35.35595703125,1,339.0,109.33333333333333,15,Type 2,Mild/moderate NPDR,3.0,0.0,78.0,1,10.5,1,1,1,15.0,3.4193646856176043,Heidelberg Spectralis,0,0,0,0,0,0,1,White,0,153.0,0,0.0,1,66.0,,-33.0,0,0,16,9,,18.0,DropPostOutcome,0,1
645,Aflibercept,OD,52,31.92690311418685,0,324.0,81.33333333333333,6,Type 2,PDR and/or prior scatter,,1.0,69.0,0,6.6,0,1,0,15.0,4.737600973168581,Zeiss Cirrus,1,1,1,0,1,0,0,Black/African American,0,167.33333333333334,0,0.0,1,63.0,-21.0,48.0,1,1,20,9,14.0,3.0,Completed,1,1
647,Aflibercept,OS,68,28.0550304557866,0,301.0,72.33333333333333,21,Type 2,PDR and/or prior scatter,7.0,0.0,80.0,0,6.0,0,1,0,22.0,5.907185796727432,Zeiss Stratus,0,0,0,0,1,0,1,White,0,130.66666666666666,0,0.0,0,73.0,-20.0,-75.0,1,0,20,10,13.0,11.0,Completed,1,1
648,Ranibizumab,OD,62,33.891184573002754,0,336.0,81.33333333333333,6,Type 2,Severe NPDR,4.0,1.0,64.0,1,7.3,0,1,1,14.0,2.0719132752590443,Heidelberg Spectralis,0,0,0,0,0,0,0,White,0,129.66666666666666,0,0.0,0,77.0,-13.0,-14.0,1,1,11,7,4.0,7.0,Completed,1,1
649,Ranibizumab,OS,49,32.41068672839506,0,406.0,87.0,16,Type 2,Severe NPDR,5.0,0.0,85.0,0,,0,1,1,12.0,2.882563575448353,Heidelberg Spectralis,0,0,0,1,0,0,0,White,0,118.33333333333333,0,0.0,1,49.0,,,0,0,6,6,,,DropPreOutcome,0,0
650,Bevacizumab,OS,40,41.63213734567901,0,528.0,110.0,23,Type 2,Severe NPDR,5.0,0.0,71.0,0,13.0,0,1,1,16.0,5.582066715972105,Heidelberg Spectralis,0,1,1,0,0,1,0,Black/African American,0,139.33333333333334,0,0.0,1,54.0,,,1,1,8,8,,,DropPreOutcome,0,0
651,Ranibizumab,OS,61,25.31631281913464,0,404.0,87.33333333333333,1,Type 2,Mild/moderate NPDR,5.0,0.0,79.0,1,6.3,0,0,0,14.0,3.6643305811925235,Heidelberg Spectralis,0,1,1,0,0,0,0,White,0,138.33333333333334,0,0.0,1,68.0,-173.0,-163.0,0,0,6,6,20.0,22.0,Completed,1,1
652,Ranibizumab,OD,58,36.57648283038502,0,510.0,83.66666666666667,8,Type 2,Severe NPDR,5.0,1.0,78.0,1,8.8,0,0,1,14.0,3.9869449319454056,Heidelberg Spectralis,0,0,0,0,0,0,0,Black/African American,0,116.33333333333333,0,1.0,0,73.0,-332.0,-322.0,0,0,18,10,-6.0,-5.0,Completed,1,1
653,Ranibizumab,OS,71,31.56326530612245,0,382.0,86.0,60,Type 1,PDR and/or prior scatter,7.0,1.0,73.0,0,6.7,0,1,1,20.0,3.4081729953985804,Heidelberg Spectralis,0,1,1,0,1,0,0,White,0,160.33333333333334,0,0.0,1,54.0,-84.0,-49.0,1,1,18,12,22.0,16.0,Completed,1,1
654,Ranibizumab,OS,49,51.15955004591368,0,371.0,65.33333333333333,17,Type 2,PDR and/or prior scatter,7.0,1.0,91.0,1,8.4,0,1,1,19.0,1.4445632692438664,Zeiss Cirrus,0,0,0,0,1,0,0,Black/African American,0,93.0,0,0.0,0,78.0,48.0,34.0,1,1,19,9,2.0,0.0,Completed,1,1
655,Aflibercept,OS,56,21.92470483403876,0,460.0,73.33333333333333,1,Type 2,Severe NPDR,4.0,0.0,65.0,0,8.4,0,0,1,12.0,1.843719208158766,Heidelberg Spectralis,0,0,0,0,0,0,0,White,0,116.33333333333333,1,0.0,1,48.0,-174.0,-161.0,1,1,17,10,14.0,22.0,Completed,1,1
657,Bevacizumab,OS,32,25.24952741020794,0,374.0,87.66666666666667,22,Type 1,PDR and/or prior scatter,8.0,1.0,90.0,1,8.4,0,1,1,20.0,6.985947043948386,Heidelberg Spectralis,0,0,0,0,0,0,0,White,1,128.0,1,0.0,0,78.0,52.0,50.0,1,1,8,7,2.0,5.0,Completed,1,1
658,Aflibercept,OD,59,34.71604938271605,0,322.0,75.66666666666667,20,Type 2,Microaneurysms only,3.0,1.0,81.0,1,13.7,1,1,1,19.0,3.9150185144079446,Zeiss Cirrus,0,0,0,0,0,0,0,White,0,146.33333333333334,0,0.0,0,74.0,-5.0,-39.0,0,0,16,7,-2.0,1.0,Completed,1,1
659,Ranibizumab,OD,44,,0,683.0,88.66666666666667,12,Type 2,Severe NPDR,5.0,1.0,60.0,0,8.2,1,1,0,16.0,7.537323477899211,Heidelberg Spectralis,0,0,0,0,0,0,0,,0,117.0,0,1.0,0,71.0,-418.0,-423.0,0,0,20,12,20.0,21.0,Completed,1,1
660,Aflibercept,OS,62,24.853535353535353,0,446.0,91.66666666666667,10,Type 2,Severe NPDR,7.0,0.0,70.0,0,6.3,1,1,0,12.0,9.164507929432537,Heidelberg Spectralis,0,0,0,0,0,0,0,White,0,176.33333333333334,0,0.0,1,45.0,-173.0,-169.0,1,1,20,11,31.0,28.0,Completed,1,1
661,Bevacizumab,OD,69,,0,555.0,76.66666666666667,18,Type 2,Mild/moderate NPDR,5.0,1.0,83.0,0,7.6,0,1,0,17.0,7.530989522067056,Zeiss Cirrus,0,1,1,0,0,0,0,White,0,155.66666666666666,0,0.0,0,72.0,,,1,1,7,7,,,DropPreOutcome,0,0
662,Aflibercept,OS,64,51.20984629093339,0,498.0,79.0,29,Type 2,Mild/moderate NPDR,3.0,1.0,82.0,0,5.8,1,1,0,16.0,2.7997173896280336,Heidelberg Spectralis,0,0,0,0,0,0,0,White,0,126.33333333333333,0,0.0,0,71.0,-94.0,-142.0,0,0,19,12,10.0,8.0,Completed,1,1
663,Bevacizumab,OS,68,34.326171875,0,399.0,73.33333333333333,3,Type 2,Mild/moderate NPDR,7.0,1.0,76.0,1,6.9,0,1,0,12.0,3.466672963621067,Heidelberg Spectralis,1,1,1,0,0,0,0,White,0,121.66666666666667,0,0.0,1,68.0,-145.0,-127.0,1,1,7,7,15.0,7.0,Completed,1,1
664,Aflibercept,OD,47,36.57648283038502,0,428.0,104.33333333333333,13,Type 2,PDR and/or prior scatter,8.0,0.0,55.0,1,7.0,0,1,0,15.0,8.195479903710403,Heidelberg Spectralis,1,1,1,1,1,0,0,,0,173.33333333333334,1,0.0,1,68.0,-199.0,-146.0,0,0,16,9,15.0,8.0,Completed,1,1
668,Ranibizumab,OD,72,29.44406867845994,0,413.0,68.66666666666667,42,Type 2,PDR and/or prior scatter,7.0,0.0,82.0,1,5.9,0,1,1,17.0,2.758109400974947,Heidelberg Spectralis,0,1,1,0,1,0,1,White,0,123.66666666666667,0,0.0,0,70.0,-208.0,-179.0,0,0,19,10,11.0,11.0,Completed,1,1
669,Ranibizumab,OD,49,26.541836734693877,0,365.0,93.33333333333333,3,Type 1,PDR and/or prior scatter,7.0,1.0,84.0,0,6.3,0,1,1,14.0,5.909929059125464,Zeiss Cirrus,1,1,0,0,1,0,0,White,0,163.33333333333334,1,0.0,0,69.0,-69.0,41.0,1,1,20,8,2.0,4.0,Completed,1,1
670,Bevacizumab,OS,53,,0,581.0,85.33333333333333,4,Type 2,Severe NPDR,3.0,0.0,67.0,1,8.8,0,1,0,18.0,1.9629077254238845,Zeiss Cirrus,0,0,0,0,0,0,0,White,0,126.33333333333333,0,0.0,0,70.0,-158.0,49.0,1,1,10,10,-70.0,-7.0,Completed,1,1
671,Ranibizumab,OS,50,27.517949826989618,0,431.0,81.33333333333333,35,Type 1,Mild/moderate NPDR,3.0,0.0,68.0,1,6.6,0,0,1,12.0,2.7421295147550726,Zeiss Cirrus,0,0,0,0,0,0,0,White,0,135.66666666666666,0,1.0,0,72.0,-125.0,-122.0,0,0,15,8,22.0,17.0,Completed,1,1
673,Bevacizumab,OD,57,31.55092717011556,0,502.0,83.33333333333333,10,Type 2,Severe NPDR,3.0,0.0,84.0,1,10.1,0,1,1,18.0,4.715906227582757,Zeiss Cirrus,0,0,0,0,0,0,0,Black/African American,0,149.0,0,0.0,1,57.0,9.0,3.0,1,1,16,13,-12.0,-11.0,Completed,1,1
674,Aflibercept,OS,50,36.01081632653061,0,610.0,105.33333333333333,10,Type 2,Severe NPDR,5.0,1.0,95.0,0,7.5,0,1,1,16.0,3.2895206644375325,Zeiss Cirrus,0,0,0,0,0,0,0,White,0,168.66666666666666,0,1.0,0,74.0,-321.0,-319.0,1,1,17,10,20.0,20.0,Completed,1,1
675,Bevacizumab,OD,57,39.46238425925926,1,410.0,69.66666666666667,20,Type 2,Mild/moderate NPDR,3.0,0.0,63.0,0,8.2,0,1,1,12.0,5.001392712729324,Zeiss Stratus,0,0,0,1,0,0,0,White,0,105.0,1,0.0,0,70.0,85.0,-44.0,0,0,7,6,7.0,10.0,Completed,1,1
676,Bevacizumab,OS,70,26.087890625,0,340.0,97.33333333333333,30,Type 2,PDR and/or prior scatter,7.0,1.0,77.0,1,8.9,0,1,1,16.0,7.2924597010023255,Heidelberg Spectralis,0,1,1,0,1,0,0,White,0,177.33333333333334,0,0.0,1,64.0,-20.0,-32.0,0,0,14,13,24.0,17.0,Completed,1,1
677,Aflibercept,OS,64,31.706693478885377,0,509.0,89.33333333333333,14,Type 2,Mild/moderate NPDR,3.0,1.0,64.0,1,8.9,0,1,0,16.0,3.2939832973550063,Zeiss Cirrus,0,1,1,0,0,0,1,White,0,143.0,0,0.0,1,53.0,-261.0,-242.0,0,0,20,12,1.0,9.0,Completed,1,1
679,Ranibizumab,OS,62,49.917159763313606,0,502.0,70.33333333333333,24,Type 2,Mild/moderate NPDR,5.0,0.0,84.0,1,7.5,0,1,1,16.0,2.066862759472976,Heidelberg Spectralis,0,0,0,0,0,0,0,White,0,118.33333333333333,1,0.0,0,73.0,-147.0,-142.0,1,1,6,6,8.0,11.0,Completed,1,1
680,Ranibizumab,OD,51,41.31918367346939,0,468.0,87.0,11,Type 2,Mild/moderate NPDR,5.0,1.0,87.0,0,6.8,0,1,1,21.0,3.3163654461454577,Zeiss Cirrus,0,0,0,0,0,0,0,Black/African American,0,127.0,0,0.0,1,64.0,-127.0,-173.0,1,1,10,7,27.0,24.0,Completed,1,1
681,Ranibizumab,OD,68,26.62285586990421,0,429.0,99.66666666666667,27,Type 2,Mild/moderate NPDR,4.0,0.0,77.0,0,7.9,0,0,0,14.0,6.54615393452036,Heidelberg Spectralis,0,0,0,0,0,0,0,Black/African American,0,165.0,0,0.0,0,73.0,-159.0,-154.0,0,0,20,10,9.0,13.0,Completed,1,1
682,Aflibercept,OD,64,48.14139660493827,0,778.0,60.333333333333336,5,Type 2,PDR and/or prior scatter,7.0,1.0,27.0,0,6.3,0,1,1,15.0,3.4339872044851463,Heidelberg Spectralis,1,1,1,0,1,0,1,White,0,108.66666666666667,0,0.0,1,65.0,-478.0,-432.0,1,1,21,11,8.0,8.0,Completed,1,1
683,Ranibizumab,OS,54,,0,534.0,72.33333333333333,18,Type 2,Mild/moderate NPDR,5.0,1.0,83.0,1,10.2,0,1,1,8.0,4.76234486036009,Zeiss Cirrus,0,0,0,0,0,0,0,White,0,121.0,0,1.0,1,58.0,-1.0,-238.0,1,1,13,9,0.0,13.0,Completed,1,1
684,Aflibercept,OD,58,33.67008242370238,0,319.0,79.66666666666667,12,Type 2,Severe NPDR,5.0,1.0,76.0,1,12.2,1,1,1,18.0,4.679070993827626,Zeiss Cirrus,0,0,0,0,0,0,1,White,0,114.0,0,1.0,1,67.0,-68.0,-66.0,0,0,5,5,21.0,21.0,Completed,1,1
685,Bevacizumab,OS,67,33.52427463372594,0,691.0,73.66666666666667,17,Type 2,Mild/moderate NPDR,4.0,1.0,82.0,1,6.8,0,1,0,18.0,2.1186622548331173,Zeiss Cirrus,0,0,0,0,0,0,0,White,0,136.33333333333334,1,1.0,1,45.0,-116.0,-183.0,1,1,23,12,18.0,13.0,Completed,1,1
686,Ranibizumab,OD,63,34.55198487712666,1,269.0,95.66666666666667,33,Type 2,Mild/moderate NPDR,5.0,0.0,60.0,0,6.7,0,1,0,9.0,3.659965443949294,Heidelberg Spectralis,0,0,0,1,0,0,0,White,0,160.33333333333334,1,0.0,1,62.0,-21.0,8.0,0,0,12,7,25.0,26.0,Completed,1,1
687,Ranibizumab,OD,54,33.5921052631579,0,472.0,83.33333333333333,11,Type 2,Severe NPDR,4.0,0.0,81.0,0,10.6,0,1,1,16.0,2.727199019940971,Heidelberg Spectralis,0,1,1,0,0,0,0,White,0,131.0,0,1.0,0,76.0,-121.0,-143.0,0,0,11,8,15.0,9.0,Completed,1,1
688,Bevacizumab,OD,54,68.05372781065088,0,318.0,84.66666666666667,22,Type 2,Mild/moderate NPDR,5.0,0.0,82.0,1,9.1,0,1,1,18.0,5.521220889057638,Heidelberg Spectralis,0,0,0,1,0,0,0,Black/African American,0,120.33333333333333,0,0.0,1,54.0,,,0,0,7,7,,,DropPreOutcome,0,0
689,Bevacizumab,OD,34,35.56139654830391,0,452.0,85.33333333333333,3,Type 2,Mild/moderate NPDR,3.0,1.0,98.0,0,6.3,1,0,0,18.0,0.8796267475025636,Zeiss Cirrus,0,1,1,0,0,0,0,White,0,131.0,0,1.0,0,75.0,-135.0,-68.0,0,0,7,7,18.0,16.0,Completed,1,1
690,Ranibizumab,OS,58,35.95590828924162,0,317.0,98.0,14,Type 2,Severe NPDR,5.0,0.0,82.0,1,11.3,0,1,1,15.0,4.737600973168581,Heidelberg Spectralis,0,1,1,0,0,0,0,More than one race,0,133.0,0,0.0,0,74.0,-43.0,-6.0,0,0,10,10,8.0,15.0,Completed,1,1
691,Bevacizumab,OD,62,,1,686.0,87.33333333333333,12,Type 2,Mild/moderate NPDR,5.0,1.0,69.0,0,8.2,0,1,1,12.0,2.0693912058263346,Zeiss Cirrus,0,0,0,0,0,0,0,White,0,156.0,0,1.0,0,72.0,,,1,1,10,10,,,DropPreOutcome,0,0
692,Aflibercept,OD,60,42.06295525494277,0,398.0,86.33333333333333,5,Type 2,Severe NPDR,3.0,1.0,90.0,1,7.9,0,1,1,12.0,8.250251868178138,Zeiss Cirrus,0,0,0,0,0,0,1,White,1,162.33333333333334,0,1.0,1,59.0,-141.0,-192.0,1,1,13,8,27.0,21.0,Completed,1,1
693,Aflibercept,OD,59,27.78721893491124,0,454.0,68.33333333333333,41,Type 1,Mild/moderate NPDR,3.0,0.0,68.0,1,8.1,0,0,1,18.0,,Zeiss Cirrus,1,1,1,0,0,0,0,White,0,78.0,0,0.0,1,62.0,-237.0,-217.0,0,0,11,11,25.0,21.0,Completed,1,1
695,Bevacizumab,OD,35,47.770431588613405,0,438.0,67.0,12,Type 2,Mild/moderate NPDR,3.0,1.0,83.0,1,10.9,0,0,0,12.0,4.012592060349841,Zeiss Cirrus,0,0,0,0,0,0,0,White,0,106.33333333333333,0,1.0,0,69.0,-28.0,-131.0,0,0,9,7,20.0,20.0,Completed,1,1
696,Bevacizumab,OS,60,35.7828947368421,0,567.0,85.66666666666667,12,Type 2,Mild/moderate NPDR,3.0,1.0,75.0,0,5.9,0,1,1,11.0,3.6232736970159425,Heidelberg Spectralis,0,0,0,0,0,0,0,White,0,156.0,0,0.0,1,46.0,-181.0,-220.0,1,1,17,13,20.0,22.0,Completed,1,1
697,Aflibercept,OD,53,28.345511249721543,0,604.0,67.66666666666667,1,Type 2,Severe NPDR,5.0,1.0,54.0,1,5.9,0,1,0,11.0,3.2880286835565173,Zeiss Cirrus,0,0,0,0,0,1,0,White,0,92.66666666666667,0,1.0,1,54.0,-343.0,-367.0,1,0,16,9,21.0,24.0,Completed,1,1
699,Bevacizumab,OD,59,33.075404326822095,0,325.0,75.33333333333333,20,Type 2,Mild/moderate NPDR,3.0,1.0,77.0,1,6.0,0,0,1,14.0,2.423031246069913,Zeiss Cirrus,0,1,1,0,0,0,0,White,0,113.66666666666667,0,0.0,0,69.0,-68.0,-7.0,1,1,13,8,18.0,15.0,Completed,1,1
700,Ranibizumab,OD,55,37.28030303030303,0,560.0,88.66666666666667,0,Type 2,Mild/moderate NPDR,7.0,1.0,70.0,1,11.5,0,1,0,14.0,2.7606426512213806,Zeiss Cirrus,0,0,0,0,0,0,0,White,0,124.33333333333333,0,1.0,1,59.0,-297.0,-285.0,0,0,16,10,35.0,30.0,Completed,1,1
701,Bevacizumab,OS,47,31.008191556395715,0,512.0,109.33333333333333,8,Type 2,Severe NPDR,6.0,0.0,86.0,0,7.4,0,1,0,20.0,7.6495830939038205,Heidelberg Spectralis,0,0,0,0,0,0,0,White,0,180.0,0,1.0,0,72.0,,-214.0,0,0,14,11,,16.0,DropPostOutcome,0,1
702,Aflibercept,OD,63,33.22306238185255,0,322.0,91.33333333333333,24,Type 2,Mild/moderate NPDR,3.0,1.0,77.0,0,6.8,0,0,1,18.0,2.494031557565001,Zeiss Cirrus,0,0,0,0,0,0,0,White,0,165.66666666666666,0,0.0,1,62.0,-78.0,-69.0,0,0,11,10,14.0,19.0,Completed,1,1
703,Ranibizumab,OD,61,30.68042055147788,0,600.0,88.66666666666667,15,Type 2,Severe NPDR,6.0,1.0,69.0,0,6.8,0,1,1,16.0,8.072008605792524,Zeiss Cirrus,0,0,0,0,0,0,0,White,0,146.66666666666666,0,0.0,1,60.0,-95.0,-83.0,1,1,19,11,9.0,5.0,Completed,1,1
705,Ranibizumab,OD,80,34.130135018672796,0,398.0,72.33333333333333,12,Type 2,Mild/moderate NPDR,3.0,0.0,45.0,1,10.9,0,1,1,15.0,5.495814850878661,Heidelberg Spectralis,0,1,1,0,0,0,1,Black/African American,1,132.66666666666666,1,0.0,0,72.0,-91.0,-39.0,1,1,8,8,13.0,12.0,Completed,1,1
706,Aflibercept,OD,38,32.320322762244324,0,383.0,98.66666666666667,16,Type 2,Severe NPDR,4.0,0.0,62.0,0,,0,1,1,14.0,7.890571307048597,Heidelberg Spectralis,0,0,0,0,0,0,0,White,0,156.0,0,1.0,1,37.0,-123.0,-109.0,1,1,6,6,29.0,43.0,Completed,1,1
707,Aflibercept,OS,59,46.06931316950221,0,467.0,92.33333333333333,15,Type 2,Mild/moderate NPDR,3.0,0.0,83.0,0,7.5,0,1,0,16.0,6.882601560098597,Heidelberg Spectralis,0,1,1,0,0,0,0,White,0,164.0,0,0.0,0,74.0,-48.0,-91.0,1,1,14,11,4.0,5.0,Completed,1,1
708,Bevacizumab,OD,70,33.88791906367784,1,566.0,83.33333333333333,18,Type 2,Mild/moderate NPDR,5.0,1.0,68.0,0,7.4,1,1,1,10.0,6.458698719947111,Zeiss Cirrus,0,0,0,0,0,0,1,White,0,171.66666666666666,0,0.0,1,57.0,-397.0,-288.0,1,1,25,13,4.0,18.0,Completed,1,1
709,Ranibizumab,OD,80,30.85388888888889,1,433.0,61.333333333333336,11,Type 2,Microaneurysms only,4.0,0.0,49.0,1,8.2,0,1,0,14.0,8.213194727679495,Zeiss Cirrus,0,0,0,1,0,0,1,White,1,163.33333333333334,0,0.0,1,62.0,,-219.0,1,1,14,6,,5.0,DropPostOutcome,0,1
712,Ranibizumab,OD,61,31.751708984375,0,379.0,72.66666666666667,13,Type 2,Severe NPDR,8.0,1.0,82.0,1,12.8,0,1,1,14.0,3.564166209940295,Heidelberg Spectralis,0,1,1,0,0,0,0,White,0,112.0,0,0.0,1,61.0,-164.0,-162.0,0,0,18,10,-34.0,-7.0,Completed,1,1
714,Aflibercept,OS,53,62.01638311279143,0,554.0,62.0,15,Type 2,Mild/moderate NPDR,6.0,0.0,80.0,1,7.9,0,1,1,15.0,3.1276373444339294,Heidelberg Spectralis,0,0,0,0,0,0,0,White,0,105.33333333333333,0,1.0,1,64.0,,,0,0,1,1,,,DropPreOutcome,0,0
715,Bevacizumab,OD,87,30.68042055147788,1,305.0,68.33333333333333,29,Type 2,Mild/moderate NPDR,5.0,1.0,72.0,0,7.2,0,1,1,16.0,7.096100324753651,Zeiss Cirrus,0,0,0,1,0,0,1,White,1,132.66666666666666,0,0.0,1,58.0,,-68.0,0,0,7,6,,14.0,DropPostOutcome,0,1
716,Ranibizumab,OD,64,27.508180131556756,1,622.0,88.66666666666667,14,Type 2,Mild/moderate NPDR,5.0,1.0,76.0,0,7.4,0,1,1,17.0,3.1838702156693857,Zeiss Cirrus,0,0,0,0,0,0,0,White,0,140.0,0,1.0,0,69.0,-343.0,-91.0,1,1,25,13,10.0,10.0,Completed,1,1
718,Ranibizumab,OS,40,56.300456866433755,0,560.0,92.66666666666667,13,Type 2,Mild/moderate NPDR,7.0,0.0,87.0,1,8.1,1,1,1,15.0,6.184210744694603,Heidelberg Spectralis,0,1,1,0,0,0,0,Black/African American,1,148.66666666666666,0,1.0,1,68.0,-334.0,-281.0,1,1,14,10,6.0,5.0,Completed,1,1
719,Aflibercept,OD,55,33.90333044982699,1,587.0,74.0,8,Type 2,Mild/moderate NPDR,5.0,0.0,65.0,0,6.8,0,1,1,12.0,7.104144092987527,Heidelberg Spectralis,1,1,1,0,0,0,1,More than one race,0,137.66666666666666,0,1.0,1,59.0,-383.0,-228.0,0,0,17,11,24.0,30.0,Completed,1,1
721,Bevacizumab,OD,53,24.95216049382716,0,327.0,76.66666666666667,32,Type 1,PDR and/or prior scatter,7.0,1.0,63.0,0,7.6,0,1,1,16.0,1.8809906029559975,Heidelberg Spectralis,0,1,1,0,1,0,1,White,0,121.0,0,0.0,0,69.0,-30.0,-12.0,1,1,15,9,8.0,1.0,Completed,1,1
723,Ranibizumab,OD,26,22.955102040816328,0,376.0,73.0,24,Type 1,Severe NPDR,5.0,0.0,84.0,0,9.3,0,0,1,17.0,5.009568058135833,Heidelberg Spectralis,0,0,0,0,0,0,0,White,0,107.33333333333333,1,1.0,0,75.0,-89.0,-106.0,0,0,7,7,16.0,14.0,Completed,1,1
724,Aflibercept,OS,43,26.51585663351473,1,826.0,103.33333333333333,14,Type 2,Severe NPDR,6.0,1.0,50.0,0,6.4,0,1,0,13.0,8.379118924116009,Heidelberg Spectralis,0,0,0,0,0,0,0,White,1,157.66666666666666,0,1.0,1,47.0,-550.0,-562.0,1,1,13,10,26.0,25.0,Completed,1,1
726,Bevacizumab,OS,58,32.239766081871345,0,457.0,94.66666666666667,0,Type 2,Severe NPDR,5.0,0.0,67.0,1,7.6,0,1,0,15.0,4.2354100025007035,Zeiss Stratus,0,0,0,0,0,0,0,White,0,147.0,0,0.0,1,41.0,62.0,16.0,0,0,13,10,31.0,36.0,Completed,1,1
727,Aflibercept,OD,75,21.290702160493826,1,758.0,69.0,21,Type 2,Microaneurysms only,3.0,1.0,87.0,1,8.1,0,0,1,9.0,1.9035989509835904,Zeiss Cirrus,1,1,1,0,0,0,1,White,0,123.66666666666667,0,1.0,0,73.0,-545.0,-529.0,0,0,15,9,6.0,11.0,Completed,1,1
728,Bevacizumab,OS,66,24.900200490086878,0,508.0,85.33333333333333,1,Type 2,Severe NPDR,5.0,1.0,82.0,0,10.5,0,0,0,11.0,4.739701078945697,Zeiss Cirrus,0,0,0,0,0,0,0,White,0,138.0,0,1.0,1,58.0,-270.0,-159.0,1,1,22,12,22.0,9.0,Completed,1,1
729,Ranibizumab,OS,56,25.964912280701753,0,311.0,81.66666666666667,10,Type 2,Severe NPDR,6.0,1.0,82.0,1,7.9,1,1,1,19.0,3.2422016501716975,Heidelberg Spectralis,0,0,0,0,0,0,0,White,0,143.33333333333334,0,1.0,0,73.0,-40.0,-61.0,1,0,11,7,16.0,17.0,Completed,1,1
730,Bevacizumab,OS,59,27.974048442906575,0,325.0,91.0,14,Type 2,PDR and/or prior scatter,8.0,1.0,72.0,0,6.9,0,1,1,14.0,6.1905612772636385,Heidelberg Spectralis,0,0,0,0,0,0,0,Black/African American,0,154.66666666666666,0,0.0,0,71.0,-36.0,-80.0,0,0,12,8,11.0,9.0,Completed,1,1
731,Bevacizumab,OS,68,31.796072207895257,0,413.0,88.66666666666667,40,Type 2,PDR and/or prior scatter,7.0,1.0,73.0,0,7.6,0,1,1,20.0,3.8426729272933526,Heidelberg Spectralis,1,1,1,0,1,0,1,White,0,162.0,0,0.0,1,66.0,-109.0,-46.0,0,0,14,9,17.0,6.0,Completed,1,1
732,Ranibizumab,OD,54,29.049586776859503,0,611.0,93.66666666666667,5,Type 2,Mild/moderate NPDR,5.0,1.0,83.0,0,11.0,0,0,1,17.0,6.053288449499899,Zeiss Cirrus,0,0,0,0,0,0,0,White,0,146.33333333333334,0,1.0,0,69.0,,-272.0,1,1,18,12,1.0,17.0,Completed,1,1
734,Aflibercept,OD,66,51.20707596253902,0,338.0,83.33333333333333,20,Type 2,Mild/moderate NPDR,3.0,0.0,71.0,1,6.5,0,1,1,16.0,4.2146429502441345,Heidelberg Spectralis,0,0,0,0,0,0,1,Black/African American,0,139.66666666666666,0,0.0,1,48.0,-98.0,-100.0,0,0,23,12,31.0,28.0,Completed,1,1
735,Bevacizumab,OD,59,40.83080808080808,0,590.0,64.33333333333333,11,Type 2,Mild/moderate NPDR,6.0,1.0,76.0,1,5.8,0,1,1,14.0,6.563023022127508,Heidelberg Spectralis,0,0,0,0,0,0,1,White,1,121.33333333333333,0,1.0,1,56.0,-112.0,57.0,1,1,26,11,14.0,12.0,Completed,1,1
736,Ranibizumab,OD,33,18.792604143461794,0,406.0,103.66666666666667,15,Type 1,PDR and/or prior scatter,7.0,1.0,72.0,0,11.8,0,0,1,13.0,8.30542964155828,Zeiss Cirrus,1,1,1,0,1,0,0,White,0,138.33333333333334,1,0.0,1,55.0,,,0,0,5,5,,,DropPreOutcome,0,0
740,Aflibercept,OS,67,,0,358.0,79.66666666666667,2,Type 2,Mild/moderate NPDR,3.0,0.0,88.0,0,7.6,1,0,1,18.0,1.4011829736136412,Zeiss Cirrus,0,0,0,0,0,0,0,More than one race,0,132.66666666666666,0,0.0,0,74.0,-37.0,-60.0,1,1,13,10,17.0,18.0,Completed,1,1
741,Aflibercept,OD,36,32.73595213319459,0,456.0,105.0,19,Uncertain,PDR and/or prior scatter,7.0,1.0,85.0,1,12.1,0,1,1,11.0,7.207696895189605,Zeiss Cirrus,0,1,1,0,1,0,0,Black/African American,0,140.0,0,0.0,1,66.0,-250.0,-242.0,0,0,16,13,13.0,12.0,Completed,1,1
742,Ranibizumab,OS,57,,1,591.0,95.33333333333333,3,Type 2,Mild/moderate NPDR,4.0,0.0,73.0,0,7.9,0,1,1,14.0,8.201950798427387,Zeiss Cirrus,0,0,0,1,0,0,0,Black/African American,1,171.66666666666666,0,1.0,0,78.0,,-96.0,1,1,12,10,,-1.0,DropPostOutcome,0,1
743,Aflibercept,OS,71,31.16673875432526,1,395.0,70.0,11,Type 2,Mild/moderate NPDR,5.0,1.0,81.0,0,,0,1,0,14.0,1.4469189829363254,Zeiss Cirrus,1,1,1,0,0,0,1,White,0,119.66666666666667,0,0.0,1,63.0,-123.0,-165.0,1,1,13,11,16.0,13.0,Completed,1,1
745,Bevacizumab,OD,60,37.55211937716263,0,361.0,83.66666666666667,10,Type 2,Severe NPDR,6.0,0.0,65.0,0,7.2,0,1,1,17.0,6.494086613523284,Heidelberg Spectralis,0,1,1,1,0,0,0,White,0,154.66666666666666,0,0.0,0,77.0,,,0,0,1,1,,,DropPreOutcome,0,0
746,Bevacizumab,OS,41,31.89413988657845,0,395.0,71.33333333333333,11,Type 2,Mild/moderate NPDR,3.0,1.0,73.0,0,9.7,0,0,1,13.0,2.6939512767227085,Heidelberg Spectralis,0,0,0,0,0,0,1,White,0,100.33333333333333,0,0.0,0,72.0,-48.0,-6.0,1,1,17,7,10.0,16.0,Completed,1,1
748,Aflibercept,OD,61,36.75553002010916,0,407.0,98.33333333333333,26,Type 2,Mild/moderate NPDR,4.0,0.0,68.0,1,7.3,1,1,0,17.0,3.781002742989742,Zeiss Cirrus,0,0,0,1,0,0,1,White,0,164.66666666666666,0,0.0,1,68.0,-137.0,-106.0,1,1,20,12,11.0,12.0,Completed,1,1
749,Aflibercept,OS,53,30.984144047299115,0,883.0,105.66666666666667,0,Type 2,Mild/moderate NPDR,6.0,1.0,57.0,1,7.6,0,1,0,14.0,4.017283516085639,Zeiss Cirrus,0,0,0,0,0,0,0,White,0,178.0,0,0.0,0,69.0,-675.0,-644.0,0,0,16,9,17.0,15.0,Completed,1,1
750,Aflibercept,OS,61,26.289704142011836,1,684.0,79.66666666666667,21,Type 2,Severe NPDR,7.0,1.0,68.0,1,7.7,0,0,1,18.0,8.280315760647385,Zeiss Cirrus,0,0,0,1,0,0,1,White,0,141.33333333333334,0,1.0,1,64.0,-122.0,-403.0,1,1,19,11,20.0,23.0,Completed,1,1
751,Aflibercept,OD,66,30.465104560342656,0,463.0,82.33333333333333,8,Type 2,Mild/moderate NPDR,4.0,1.0,78.0,1,10.8,0,1,1,15.0,2.7650604558189897,Zeiss Cirrus,0,0,0,0,0,0,0,White,0,123.33333333333333,0,1.0,1,68.0,-211.0,-217.0,1,0,16,9,-3.0,18.0,Completed,1,1
753,Aflibercept,OS,54,30.68042055147788,0,438.0,86.33333333333333,15,Type 2,Mild/moderate NPDR,5.0,0.0,48.0,0,7.8,0,1,1,18.0,4.349890764643811,Zeiss Stratus,0,1,1,0,0,0,0,White,0,136.0,1,0.0,0,77.0,-68.0,-80.0,1,1,16,10,3.0,8.0,Completed,1,1
754,Bevacizumab,OD,54,46.63501560874089,0,370.0,85.33333333333333,29,Type 2,PDR and/or prior scatter,7.0,1.0,49.0,1,10.8,0,1,1,21.0,4.976733742420574,Heidelberg Spectralis,1,1,1,0,1,0,0,White,0,161.66666666666666,0,0.0,1,44.0,-47.0,-9.0,0,0,17,11,31.0,22.0,Completed,1,1
756,Aflibercept,OD,44,38.880204081632655,0,735.0,86.33333333333333,5,Type 2,Mild/moderate NPDR,6.0,0.0,78.0,0,6.8,1,1,1,19.0,5.231375960794155,Heidelberg Spectralis,0,0,0,0,0,0,0,White,0,132.0,0,1.0,0,76.0,,,1,1,7,7,,,DropPreOutcome,0,0
757,Aflibercept,OS,73,44.280675233056186,0,376.0,91.0,20,Type 2,PDR and/or prior scatter,7.0,1.0,36.0,1,7.3,0,1,1,12.0,1.169381359556317,Zeiss Cirrus,0,1,1,0,1,0,1,Black/African American,0,157.0,0,0.0,0,76.0,-36.0,-38.0,0,0,12,7,2.0,-4.0,Completed,1,1
758,Bevacizumab,OD,56,46.406147644242886,0,324.0,98.0,4,Type 2,Mild/moderate NPDR,,1.0,25.0,1,7.7,0,1,1,11.0,5.002603122398992,Zeiss Cirrus,1,1,1,0,0,1,1,White,0,167.33333333333334,0,0.0,1,41.0,-4.0,76.0,0,0,25,13,24.0,16.0,Completed,1,1
759,Aflibercept,OD,53,,0,391.0,77.0,0,Type 2,PDR and/or prior scatter,8.0,1.0,76.0,1,10.0,0,0,1,10.0,,Zeiss Cirrus,0,0,0,0,1,0,1,Black/African American,0,96.0,0,1.0,1,62.0,-165.0,-178.0,0,0,13,8,14.0,9.0,Completed,1,1
761,Bevacizumab,OS,60,43.26444504165547,0,366.0,71.0,4,Type 2,Severe NPDR,5.0,1.0,87.0,1,7.8,0,1,1,20.0,3.1813816204406202,Heidelberg Spectralis,0,0,0,0,0,0,1,White,0,124.0,0,0.0,0,70.0,-82.0,-52.0,1,1,13,12,10.0,10.0,Completed,1,1
762,Ranibizumab,OD,62,29.28585598095616,0,419.0,93.33333333333333,11,Type 2,Mild/moderate NPDR,3.0,1.0,93.0,0,7.2,0,1,0,17.0,,Heidelberg Spectralis,0,1,1,0,0,0,0,Black/African American,0,144.66666666666666,0,0.0,0,75.0,-156.0,-177.0,0,0,14,9,9.0,10.0,Completed,1,1
763,Bevacizumab,OD,75,28.452781065088757,0,424.0,77.0,31,Type 2,Mild/moderate NPDR,3.0,0.0,80.0,1,6.6,0,1,1,13.0,1.5706970841176697,Heidelberg Spectralis,0,0,0,0,0,0,1,White,0,159.33333333333334,0,0.0,0,70.0,-168.0,-95.0,1,0,12,9,18.0,13.0,Completed,1,1
764,Ranibizumab,OS,61,23.341796875,0,372.0,79.66666666666667,20,Type 2,Mild/moderate NPDR,4.0,0.0,71.0,0,6.2,0,0,0,14.0,3.713572066704308,Zeiss Cirrus,0,0,0,0,0,0,0,White,0,134.0,0,0.0,0,70.0,,,0,0,7,7,,,DropPreOutcome,0,0
765,Bevacizumab,OD,61,33.599264705882355,0,320.0,74.0,11,Type 2,Mild/moderate NPDR,5.0,1.0,65.0,1,8.1,0,1,1,15.0,3.2164729402518906,Heidelberg Spectralis,0,0,0,0,0,0,0,White,0,108.0,0,0.0,0,69.0,187.0,57.0,1,1,18,9,-19.0,8.0,Completed,1,1
767,Ranibizumab,OS,49,33.538011695906434,0,865.0,80.66666666666667,14,Type 2,Mild/moderate NPDR,6.0,0.0,55.0,0,10.7,1,0,0,10.0,2.554121718809473,Zeiss Stratus,0,0,0,0,0,0,0,White,0,126.33333333333333,0,1.0,1,65.0,-567.0,-560.0,1,1,22,12,12.0,17.0,Completed,1,1
768,Ranibizumab,OS,51,39.27704263810124,0,565.0,109.66666666666667,13,Type 2,Severe NPDR,5.0,1.0,78.0,0,10.1,0,1,0,15.0,8.091832471688985,Heidelberg Spectralis,0,0,0,0,0,0,0,White,1,179.66666666666666,0,1.0,0,76.0,-296.0,-314.0,1,1,14,11,10.0,9.0,Completed,1,1
769,Aflibercept,OS,62,37.58520828692359,0,331.0,91.33333333333333,5,Type 2,Severe NPDR,3.0,1.0,81.0,0,7.7,0,1,0,19.0,4.854137417311759,Zeiss Cirrus,0,0,0,0,0,0,0,Black/African American,0,151.33333333333334,1,0.0,0,74.0,-45.0,-76.0,0,0,7,5,10.0,12.0,Completed,1,1
770,Bevacizumab,OD,56,24.80027777777778,0,375.0,81.0,20,Type 2,PDR and/or prior scatter,7.0,1.0,84.0,1,9.0,0,1,1,21.0,3.099190981922221,Zeiss Cirrus,0,1,1,0,1,0,0,Native Hawaiian/Other Pacific Islander,0,130.66666666666666,0,0.0,0,70.0,-18.0,-26.0,1,1,13,9,11.0,7.0,Completed,1,1
771,Aflibercept,OS,45,33.609006149573496,0,317.0,93.0,20,Type 2,Severe NPDR,5.0,1.0,89.0,0,7.6,1,1,1,14.0,2.8075938314384716,Zeiss Cirrus,0,0,0,0,0,0,0,White,0,151.33333333333334,0,1.0,0,77.0,-85.0,-60.0,0,0,15,7,4.0,10.0,Completed,1,1
772,Ranibizumab,OD,63,37.15702160493827,1,578.0,66.33333333333333,18,Type 2,PDR and/or prior scatter,7.0,1.0,77.0,0,8.1,0,1,1,18.0,2.9816333491744893,Heidelberg Spectralis,1,1,1,1,1,0,0,White,0,133.66666666666666,1,0.0,1,66.0,-63.0,-250.0,0,0,20,11,-4.0,13.0,Completed,1,1
773,Aflibercept,OS,64,,0,392.0,84.33333333333333,13,Type 2,Mild/moderate NPDR,5.0,1.0,86.0,1,7.1,0,1,1,20.0,2.917770732084279,Zeiss Cirrus,0,1,1,0,0,0,1,White,0,133.33333333333334,0,0.0,0,74.0,-159.0,-145.0,0,0,12,6,12.0,9.0,Completed,1,1
775,Ranibizumab,OD,64,,0,367.0,91.0,5,Type 2,Severe NPDR,4.0,1.0,89.0,0,10.0,0,1,0,16.0,3.7787201581137255,Zeiss Cirrus,0,0,0,0,0,0,0,White,0,149.66666666666666,0,0.0,1,60.0,-100.0,-86.0,1,1,6,6,27.0,12.0,Completed,1,1
776,Aflibercept,OD,78,26.149653979238753,0,419.0,82.0,28,Type 1,Microaneurysms only,3.0,1.0,75.0,0,8.7,0,1,1,15.0,2.8207834710894493,Heidelberg Spectralis,0,0,0,0,0,0,0,White,0,148.0,0,0.0,1,68.0,-118.0,-111.0,0,0,8,8,3.0,5.0,Completed,1,1
777,Aflibercept,OD,65,38.648726851851855,0,527.0,96.0,10,Type 2,PDR and/or prior scatter,8.0,1.0,65.0,0,7.5,0,1,1,18.0,5.8380510954612355,Zeiss Cirrus,0,0,0,0,0,0,0,Black/African American,0,154.0,0,1.0,1,65.0,-309.0,-255.0,0,0,20,11,13.0,21.0,Completed,1,1
778,Ranibizumab,OD,31,22.652897923875432,0,449.0,81.66666666666667,12,Type 1,PDR and/or prior scatter,6.0,1.0,60.0,1,7.0,0,0,1,10.0,4.026422545736642,Heidelberg Spectralis,0,0,0,0,0,0,1,White,0,118.33333333333333,0,1.0,1,64.0,-173.0,-189.0,0,0,13,7,20.0,19.0,Completed,1,1
779,Ranibizumab,OS,57,39.832612456747405,0,625.0,76.66666666666667,17,Type 2,Severe NPDR,5.0,1.0,53.0,0,11.1,0,1,1,19.0,8.396649097544326,Heidelberg Spectralis,0,0,0,1,0,0,1,Black/African American,0,129.33333333333334,1,0.0,1,41.0,,-243.0,0,0,20,12,,-20.0,DropPostOutcome,0,1
780,Bevacizumab,OD,63,31.614201183431952,0,698.0,78.66666666666667,2,Type 2,Severe NPDR,8.0,1.0,69.0,1,7.3,0,0,0,17.0,5.553966829418505,Heidelberg Spectralis,0,0,0,0,0,0,0,White,0,147.66666666666666,0,1.0,1,63.0,,-304.0,1,1,20,13,,0.0,DropPostOutcome,0,1
781,Ranibizumab,OD,73,33.19722222222222,0,474.0,79.66666666666667,28,Type 2,Mild/moderate NPDR,3.0,0.0,81.0,0,6.6,0,1,1,26.0,5.955656005869189,Heidelberg Spectralis,0,0,0,0,0,0,0,White,0,131.33333333333334,0,0.0,1,55.0,,-120.0,1,1,10,10,,3.0,DropPostOutcome,0,1
783,Bevacizumab,OS,51,35.23613276899086,1,409.0,87.66666666666667,7,Type 2,Mild/moderate NPDR,5.0,1.0,84.0,0,7.9,1,1,1,12.0,8.851849494513472,Zeiss Cirrus,0,0,0,1,0,0,0,White,1,137.0,1,1.0,0,69.0,,,0,0,6,6,,,DropPreOutcome,0,0
784,Ranibizumab,OS,71,31.451165721487083,1,374.0,89.0,17,Type 2,Mild/moderate NPDR,1.0,0.0,78.0,0,7.2,0,1,0,17.0,5.388980401445279,Heidelberg Spectralis,0,0,0,0,0,1,0,White,0,151.0,0,0.0,0,77.0,-66.0,-90.0,0,0,13,6,7.0,14.0,Completed,1,1
785,Aflibercept,OS,68,34.45310759634663,0,433.0,86.66666666666667,5,Type 2,Mild/moderate NPDR,4.0,0.0,62.0,0,6.8,0,0,0,14.0,3.6008675767907232,Zeiss Stratus,0,0,0,0,0,0,0,White,0,134.0,0,0.0,0,77.0,-158.0,-211.0,0,0,15,11,4.0,11.0,Completed,1,1
786,Bevacizumab,OS,74,35.184326171875,0,327.0,57.0,25,Type 2,Mild/moderate NPDR,3.0,1.0,53.0,1,7.6,0,1,1,15.0,3.436564525499447,Zeiss Cirrus,0,0,0,0,0,0,0,White,0,141.66666666666666,0,0.0,1,60.0,,,0,0,6,6,,,DropPreOutcome,0,0
787,Aflibercept,OD,54,41.331425598335066,0,414.0,90.0,1,Type 2,Severe NPDR,7.0,1.0,70.0,1,7.1,0,1,0,22.0,3.586015818654697,Zeiss Cirrus,0,0,0,0,0,0,0,White,0,158.0,0,0.0,1,51.0,-6.0,-126.0,1,0,17,11,-12.0,24.0,Completed,1,1
788,Bevacizumab,OS,53,42.96111111111111,1,483.0,95.33333333333333,22,Type 2,Mild/moderate NPDR,6.0,0.0,74.0,0,9.1,0,1,1,14.0,8.554968629893814,Zeiss Cirrus,0,0,0,0,0,0,0,White,0,175.33333333333334,0,1.0,0,75.0,-156.0,-2.0,1,1,21,11,15.0,12.0,Completed,1,1
789,Aflibercept,OD,58,34.5852013489387,0,395.0,79.66666666666667,26,Type 2,PDR and/or prior scatter,7.0,1.0,79.0,0,7.6,0,1,1,17.0,4.310530632968812,Heidelberg Spectralis,1,1,1,0,1,0,1,White,1,149.0,0,0.0,0,74.0,-55.0,-45.0,1,1,12,11,6.0,-10.0,Completed,1,1
790,Aflibercept,OD,62,30.819349962207106,0,640.0,88.0,9,Type 2,Severe NPDR,5.0,1.0,35.0,0,5.6,1,1,0,16.0,3.3246762437544124,Heidelberg Spectralis,0,0,0,0,0,0,0,White,0,168.0,0,1.0,0,72.0,-338.0,-345.0,0,0,15,12,12.0,13.0,Completed,1,1
791,Aflibercept,OD,61,34.16683197778219,0,426.0,85.66666666666667,4,Type 2,Mild/moderate NPDR,3.0,1.0,81.0,0,7.7,0,1,0,11.0,,Heidelberg Spectralis,0,1,1,0,0,1,0,White,0,143.66666666666666,0,0.0,1,68.0,-153.0,-164.0,0,0,14,11,15.0,9.0,Completed,1,1
792,Ranibizumab,OD,53,34.847300987187566,0,351.0,86.0,1,Type 2,Severe NPDR,5.0,1.0,78.0,0,6.8,0,1,1,16.0,2.1186622548331173,Zeiss Cirrus,0,0,0,0,0,0,0,White,0,139.0,0,0.0,1,64.0,-33.0,-52.0,0,0,10,8,10.0,17.0,Completed,1,1
793,Aflibercept,OD,60,50.065842515452836,0,335.0,69.33333333333333,15,Type 2,Mild/moderate NPDR,3.0,0.0,71.0,0,9.2,0,0,1,13.0,5.703782474656201,Zeiss Cirrus,0,0,0,0,0,0,0,White,0,144.66666666666666,0,0.0,0,70.0,-65.0,-33.0,1,1,7,7,13.0,11.0,Completed,1,1
794,Aflibercept,OD,74,28.319091796875,0,445.0,85.66666666666667,3,Type 2,Severe NPDR,6.0,1.0,57.0,0,10.6,0,1,0,16.0,4.299595660694722,Zeiss Cirrus,0,1,1,0,0,0,0,Black/African American,0,153.33333333333334,0,0.0,1,26.0,-151.0,-175.0,1,1,20,10,42.0,18.0,Completed,1,1
795,Aflibercept,OS,60,27.3659169550173,0,456.0,95.33333333333333,40,Type 2,Mild/moderate NPDR,3.0,1.0,92.0,0,7.8,0,1,1,10.0,8.016360801873482,Zeiss Cirrus,0,0,0,0,0,0,0,White,0,164.33333333333334,0,0.0,0,78.0,-191.0,-157.0,1,1,6,6,0.0,8.0,Completed,1,1
796,Aflibercept,OS,64,26.948333333333334,0,429.0,88.66666666666667,0,Type 2,Severe NPDR,5.0,1.0,74.0,1,11.3,1,1,0,23.0,5.050496827521386,Heidelberg Spectralis,0,0,0,0,0,0,0,White,0,149.0,0,1.0,1,65.0,-62.0,-95.0,1,0,13,9,1.0,10.0,Completed,1,1
799,Aflibercept,OD,71,21.25472411186697,0,,87.33333333333333,3,Type 2,Mild/moderate NPDR,5.0,1.0,70.0,1,5.8,0,0,0,10.0,3.9950765605634317,Heidelberg Spectralis,0,0,0,0,0,0,1,White,0,140.33333333333334,0,0.0,1,44.0,,,0,0,1,1,,,DropPreOutcome,0,0
800,Bevacizumab,OD,70,41.33783783783784,0,617.0,79.66666666666667,27,Type 2,Microaneurysms only,4.0,1.0,86.0,0,9.8,0,1,1,20.0,8.06234454312591,Zeiss Cirrus,0,0,0,0,0,0,0,White,0,170.0,0,1.0,1,67.0,-209.0,-202.0,0,0,21,12,19.0,15.0,Completed,1,1
802,Ranibizumab,OS,80,31.281420118343195,1,357.0,107.33333333333333,30,Type 2,Severe NPDR,3.0,1.0,63.0,0,8.4,0,1,0,18.0,6.983910439928481,Heidelberg Spectralis,0,0,0,0,0,0,1,White,0,171.33333333333334,0,0.0,1,57.0,-87.0,-82.0,0,0,21,10,21.0,26.0,Completed,1,1
804,Bevacizumab,OS,57,35.29630593132154,0,609.0,84.0,20,Type 1,Mild/moderate NPDR,6.0,1.0,84.0,1,8.3,0,0,1,14.0,3.3130945001071823,Heidelberg Spectralis,0,0,0,0,0,0,0,White,0,122.66666666666667,0,1.0,1,55.0,-250.0,-373.0,1,1,21,12,17.0,23.0,Completed,1,1
806,Bevacizumab,OS,50,45.30444444444444,0,352.0,100.33333333333333,17,Type 2,Mild/moderate NPDR,5.0,0.0,70.0,1,8.8,0,1,1,24.0,7.829833232537895,Zeiss Stratus,0,0,0,0,0,0,0,Black/African American,0,170.66666666666666,0,0.0,1,60.0,-97.0,-103.0,1,0,18,11,-11.0,12.0,Completed,1,1
807,Ranibizumab,OD,57,42.392822265625,0,323.0,83.33333333333333,27,Type 2,Mild/moderate NPDR,4.0,0.0,81.0,1,7.4,0,1,1,18.0,6.85751406254539,Zeiss Cirrus,0,0,0,0,0,0,0,White,0,156.66666666666666,0,0.0,0,72.0,-30.0,-36.0,0,0,8,7,13.0,13.0,Completed,1,1
808,Aflibercept,OD,60,35.84495317377731,0,581.0,87.33333333333333,11,Type 2,Severe NPDR,4.0,1.0,67.0,1,,0,1,1,18.0,3.713572066704308,Zeiss Cirrus,0,1,1,0,0,0,0,White,0,155.33333333333334,0,1.0,0,74.0,-308.0,-312.0,0,0,8,8,5.0,13.0,Completed,1,1
809,Aflibercept,OS,59,23.625288804872927,0,616.0,80.66666666666667,10,Type 2,Mild/moderate NPDR,5.0,1.0,79.0,0,8.0,0,1,0,16.0,5.251592568041801,Zeiss Cirrus,0,0,0,0,0,0,0,American Indian/Alaskan Native,0,137.0,0,0.0,0,71.0,-322.0,-240.0,1,1,13,10,16.0,11.0,Completed,1,1
810,Bevacizumab,OD,62,28.0550304557866,0,381.0,67.33333333333333,22,Type 2,Severe NPDR,7.0,0.0,68.0,0,7.3,0,0,1,16.0,2.0769384114617173,Heidelberg Spectralis,0,1,1,0,1,0,0,White,0,112.33333333333333,0,0.0,0,70.0,-62.0,-33.0,1,1,8,6,11.0,8.0,Completed,1,1
811,Ranibizumab,OD,67,32.27507716049383,1,521.0,60.0,1,Type 2,Mild/moderate NPDR,3.0,0.0,63.0,0,5.4,0,1,1,17.0,3.7534960971999087,Heidelberg Spectralis,0,0,0,0,0,0,0,White,0,137.0,0,1.0,1,46.0,-214.0,-188.0,1,1,16,11,33.0,32.0,Completed,1,1
812,Bevacizumab,OS,56,40.5048828125,0,671.0,70.66666666666667,26,Type 2,Severe NPDR,7.0,0.0,94.0,1,7.9,0,1,1,19.0,4.298645025734831,Zeiss Cirrus,0,0,0,0,0,0,1,White,0,125.33333333333333,0,1.0,0,70.0,-348.0,-6.0,1,0,15,9,25.0,2.0,Completed,1,1
814,Ranibizumab,OD,55,35.24741748551272,0,445.0,74.0,25,Type 2,Severe NPDR,6.0,0.0,76.0,1,8.7,0,0,1,10.0,2.421256622711544,Heidelberg Spectralis,0,0,0,1,0,0,0,White,0,123.66666666666667,1,1.0,0,70.0,-206.0,-183.0,1,1,14,9,13.0,14.0,Completed,1,1
815,Bevacizumab,OS,68,32.730452216529294,1,377.0,59.0,13,Type 2,Mild/moderate NPDR,3.0,0.0,77.0,0,6.0,0,0,0,16.0,2.731115474033206,Zeiss Stratus,0,0,0,0,0,0,0,White,0,92.66666666666667,0,0.0,0,70.0,148.0,16.0,0,0,15,11,11.0,11.0,Completed,1,1
816,Ranibizumab,OD,73,22.96189349112426,0,363.0,73.66666666666667,38,Type 1,Microaneurysms only,5.0,1.0,70.0,1,8.7,0,1,1,17.0,5.580559670249453,Zeiss Cirrus,0,0,0,0,0,0,1,White,0,158.66666666666666,0,1.0,0,69.0,-109.0,-86.0,1,1,21,11,10.0,4.0,Completed,1,1
817,Ranibizumab,OD,58,26.98630401234568,1,368.0,77.33333333333333,18,Type 2,Mild/moderate NPDR,5.0,1.0,88.0,0,12.0,0,0,1,10.0,4.347046915777855,Zeiss Cirrus,0,0,0,0,0,0,0,White,0,140.66666666666666,0,0.0,0,78.0,-61.0,,0,0,12,7,6.0,9.0,Completed,1,1
818,Bevacizumab,OS,64,32.094970703125,0,545.0,74.0,24,Type 2,Mild/moderate NPDR,5.0,1.0,81.0,1,5.9,0,1,1,16.0,8.614900495820283,Zeiss Cirrus,0,0,0,0,0,0,1,Black/African American,0,154.66666666666666,0,0.0,0,72.0,-351.0,,0,0,8,5,8.0,-72.0,Completed,1,1
819,Aflibercept,OD,53,23.294674556213018,0,479.0,98.33333333333333,0,Type 2,Severe NPDR,3.0,1.0,89.0,0,7.2,0,1,0,16.0,4.320018243389936,Zeiss Cirrus,0,0,0,0,0,0,0,Asian,0,171.66666666666666,0,0.0,1,66.0,-246.0,-238.0,0,0,6,6,24.0,24.0,Completed,1,1
820,Aflibercept,OS,47,31.4944,1,487.0,108.0,26,Type 2,PDR and/or prior scatter,8.0,1.0,79.0,0,7.4,0,1,0,16.0,7.923348211930154,Zeiss Cirrus,0,0,0,1,0,0,0,White,0,170.66666666666666,0,1.0,0,72.0,-164.0,-213.0,0,0,12,9,-12.0,16.0,Completed,1,1
821,Ranibizumab,OS,69,32.337114051669815,0,357.0,105.33333333333333,15,Type 2,Mild/moderate NPDR,5.0,1.0,79.0,0,7.4,0,1,1,12.0,6.855703802510333,Heidelberg Spectralis,0,1,1,1,0,1,0,White,0,153.33333333333334,0,0.0,0,73.0,-66.0,20.0,0,0,18,11,7.0,12.0,Completed,1,1
824,Aflibercept,OD,62,30.34152749108651,0,508.0,66.33333333333333,24,Type 2,Mild/moderate NPDR,3.0,1.0,75.0,0,6.1,0,1,1,17.0,1.9387416595767009,Heidelberg Spectralis,0,1,1,0,0,0,0,White,0,116.0,1,0.0,0,75.0,-214.0,-171.0,1,1,9,8,4.0,10.0,Completed,1,1
827,Ranibizumab,OD,58,52.29617139456457,0,503.0,89.0,17,Type 2,Severe NPDR,5.0,1.0,85.0,0,7.0,0,1,1,15.0,3.7932394694381792,Heidelberg Spectralis,0,0,0,0,0,0,0,White,0,144.33333333333334,0,1.0,1,68.0,,-133.0,1,1,14,9,,11.0,DropPostOutcome,0,1
828,Aflibercept,OD,57,27.981009365244535,0,429.0,75.66666666666667,27,Type 1,Mild/moderate NPDR,4.0,1.0,78.0,1,9.9,0,0,1,18.0,5.982549929718408,Zeiss Cirrus,0,0,0,0,0,0,1,White,0,112.66666666666667,0,0.0,0,69.0,-105.0,-86.0,1,1,9,9,-6.0,-9.0,Completed,1,1
831,Aflibercept,OS,44,31.83783783783784,0,350.0,91.33333333333333,10,Type 2,,7.0,1.0,76.0,0,9.7,0,1,1,16.0,7.353081920515432,Zeiss Cirrus,1,1,0,0,1,0,0,White,0,147.66666666666666,0,0.0,1,68.0,,-38.0,1,0,9,5,,3.0,DropPostOutcome,0,1
832,Ranibizumab,OD,60,36.13303099017385,0,560.0,105.33333333333333,0,Type 2,Mild/moderate NPDR,5.0,1.0,25.0,1,6.1,0,1,0,11.0,8.125722700247742,Zeiss Cirrus,0,0,0,0,0,0,0,White,0,153.0,0,1.0,1,39.0,-306.0,-350.0,1,1,18,12,21.0,21.0,Completed,1,1
833,Ranibizumab,OD,36,41.8779296875,0,542.0,103.0,7,Type 2,PDR and/or prior scatter,9.0,1.0,80.0,0,8.8,1,1,1,18.0,8.459070312629459,Heidelberg Spectralis,0,1,1,0,0,0,0,,0,149.66666666666666,1,1.0,0,70.0,-296.0,-302.0,0,0,10,9,23.0,20.0,Completed,1,1
834,Aflibercept,OS,55,35.9936,0,443.0,76.0,15,Type 2,Mild/moderate NPDR,5.0,1.0,85.0,0,8.3,0,1,1,12.0,7.69233239364793,Zeiss Cirrus,0,1,1,0,0,0,0,White,1,118.66666666666667,0,0.0,1,65.0,-189.0,-186.0,0,0,10,9,13.0,14.0,Completed,1,1
836,Ranibizumab,OS,68,35.0126953125,0,308.0,75.0,23,Type 2,Mild/moderate NPDR,5.0,1.0,84.0,1,8.6,0,1,0,16.0,3.4307561839036995,Zeiss Cirrus,0,1,0,0,0,0,1,Black/African American,0,128.66666666666666,0,0.0,0,78.0,-54.0,-80.0,0,0,6,5,2.0,1.0,Completed,1,1
837,Aflibercept,OS,52,33.891184573002754,0,530.0,90.33333333333333,1,Type 2,Severe NPDR,4.0,1.0,78.0,0,7.3,0,1,0,12.0,,Zeiss Cirrus,0,0,0,0,0,0,0,Black/African American,0,154.33333333333334,0,1.0,1,68.0,,,0,0,8,8,,,DropPreOutcome,0,0
838,Bevacizumab,OD,49,37.61593341260404,0,404.0,90.33333333333333,13,Type 2,Mild/moderate NPDR,3.0,0.0,80.0,1,11.3,0,1,1,18.0,3.4735180432417816,Heidelberg Spectralis,0,0,0,0,0,0,0,Black/African American,0,139.33333333333334,0,1.0,0,73.0,-124.0,-39.0,1,1,19,13,8.0,10.0,Completed,1,1
839,Bevacizumab,OS,60,36.39813529061694,0,495.0,82.33333333333333,25,Type 2,PDR and/or prior scatter,4.0,0.0,1.0,0,8.9,0,1,1,18.0,4.06285389513073,Heidelberg Spectralis,1,1,0,0,1,0,0,Black/African American,0,142.66666666666666,0,1.0,0,70.0,-154.0,-89.0,0,0,20,11,3.0,5.0,Completed,1,1
840,Ranibizumab,OS,61,27.194009125173576,0,320.0,95.0,21,Type 2,Severe NPDR,3.0,0.0,63.0,0,10.4,1,1,1,10.0,7.645832803226877,Heidelberg Spectralis,0,1,1,0,0,0,0,White,0,161.0,0,0.0,1,56.0,,-20.0,1,1,6,6,,28.0,DropPostOutcome,0,1
841,Ranibizumab,OS,44,28.081267217630852,0,306.0,88.0,4,Type 2,Severe NPDR,3.0,0.0,71.0,0,11.5,0,1,0,14.0,6.162935784847522,Zeiss Cirrus,0,1,1,0,0,0,0,Black/African American,0,153.66666666666666,0,0.0,0,73.0,-11.0,-36.0,0,0,16,8,14.0,16.0,Completed,1,1
842,Ranibizumab,OD,50,18.24363819601915,0,434.0,75.66666666666667,0,Type 2,Severe NPDR,5.0,1.0,74.0,1,13.8,0,0,0,13.0,5.442417710521793,Heidelberg Spectralis,0,0,0,0,0,0,0,White,0,117.33333333333333,0,0.0,1,66.0,-213.0,-80.0,1,0,23,12,-1.0,-3.0,Completed,1,1
843,Ranibizumab,OD,68,32.35371466140697,0,520.0,84.0,19,Type 2,Mild/moderate NPDR,7.0,1.0,63.0,0,7.6,0,0,1,12.0,4.875197323201151,Heidelberg Spectralis,0,1,1,0,0,0,1,White,0,158.0,0,0.0,0,75.0,-282.0,-254.0,1,0,15,11,1.0,6.0,Completed,1,1
844,Ranibizumab,OD,51,38.83804856315438,0,562.0,74.66666666666667,4,Type 2,Mild/moderate NPDR,7.0,1.0,46.0,1,7.1,0,1,1,17.0,1.6882490928583902,Heidelberg Spectralis,0,0,0,0,0,0,0,White,0,110.0,0,1.0,0,76.0,,-246.0,0,0,10,10,,5.0,DropPostOutcome,0,1
846,Bevacizumab,OS,56,37.68861111111111,0,355.0,68.33333333333333,23,Type 2,Microaneurysms only,3.0,0.0,88.0,0,8.0,0,0,1,18.0,2.4159137783010487,Heidelberg Spectralis,0,0,0,0,0,0,0,White,0,114.66666666666667,0,0.0,1,68.0,-81.0,5.0,1,1,10,10,2.0,-5.0,Completed,1,1
847,Bevacizumab,OS,55,34.71604938271605,0,344.0,83.0,5,Type 2,Severe NPDR,4.0,1.0,85.0,1,11.4,0,1,1,18.0,3.0544727685765913,Zeiss Cirrus,1,1,1,0,0,0,0,White,1,120.66666666666667,0,0.0,1,64.0,-131.0,-128.0,0,0,17,13,-2.0,13.0,Completed,1,1
